region,rc,level,kind,kind_ru,election,district,contracts,seats,candidates,list_final,ballots,votes,marks,turnout_pct,names,margin_pp,place1,place1_votes,place1_pct,place2,place2_votes,place2_pct,place3,place3_votes,place3_pct
Алтайский край,22,FEDERAL,duma_sm,"Госдума, одномандатный округ",Выборы депутатов Государственной Думы Федерального Собрания Российской Федерации девятого созыва,Алтайский край – Барнаульский,27,1,8,76891,69501,68726,68726,90.39,True,36.33,БЕССАРАБОВ Даниил Владимирович,34112,49.63,ЧЕРНОБАЙ Андрей Борисович,9143,13.3,ПИСАНОВА Ольга Анатольевна,7136,10.38
Алтайский край,22,FEDERAL,duma_sm,"Госдума, одномандатный округ",Выборы депутатов Государственной Думы Федерального Собрания Российской Федерации девятого созыва,Алтайский край – Бийский,20,1,7,88575,80674,79637,79637,91.08,True,29.42,ЛООР Иван Иванович,35007,43.96,ГАЛИЦКАЯ Анна Владимировна,11581,14.54,АРЦИБАШЕВ Антон Игоревич,9860,12.38
Алтайский край,22,FEDERAL,duma_sm,"Госдума, одномандатный округ",Выборы депутатов Государственной Думы Федерального Собрания Российской Федерации девятого созыва,Алтайский край – Славгородский,28,1,8,84037,77196,76385,76385,91.86,True,39.95,ГОЛОБОРОДЬКО Денис Александрович,37501,49.09,СТРАНЦОВ Игорь Алексеевич,6985,9.14,БУЛАЕВ Сергей Сергеевич,6867,8.99
Алтайский край,22,FEDERAL,duma_pl,"Госдума, партсписок",Выборы депутатов Государственной Думы Федерального Собрания Российской Федерации девятого созыва,,75,1,10,249503,227371,226170,226170,91.13,True,37.87,Единая Россия,118416,52.36,Новые люди,32759,14.48,КПРФ,27684,12.24
Алтайский край,22,MUNICIPAL,mun_sm,"Муниципальный совет, одномандатный округ",Выборы депутатов Алейского городского Собрания депутатов Алтайского края девятого созыва,Одномандатный избирательный округ №1,1,1,3,199,180,175,175,90.45,True,32.57,ШЛЕЕ Сергей Владимирович,101,57.71,ТИТОВ Сергей Вячеславович,44,25.14,МОСКВИНА Юлия Геннадьевна,30,17.14
Алтайский край,22,MUNICIPAL,mun_sm,"Муниципальный совет, одномандатный округ",Выборы депутатов Алейского городского Собрания депутатов Алтайского края девятого созыва,Одномандатный избирательный округ №10,1,1,3,188,163,161,161,86.7,True,19.25,ЗАХАРОВ Вячеслав Юрьевич,85,52.8,НЕЧАЕВ Иван Юрьевич,54,33.54,ПОЛИКАРПОВА Елизавета Евгеньевна,22,13.66
Алтайский край,22,MUNICIPAL,mun_sm,"Муниципальный совет, одномандатный округ",Выборы депутатов Алейского городского Собрания депутатов Алтайского края девятого созыва,Одномандатный избирательный округ №11,1,1,3,211,191,189,189,90.52,True,34.39,РОВЕЙН Яков Яковлевич,107,56.61,ВАГНЕР Андрей Владимирович,42,22.22,"АРДАШОВА Виктория Романовна

(Прежняя фамилия: Бондарева)",40,21.16
Алтайский край,22,MUNICIPAL,mun_sm,"Муниципальный совет, одномандатный округ",Выборы депутатов Алейского городского Собрания депутатов Алтайского края девятого созыва,Одномандатный избирательный округ №12,1,1,2,215,203,202,202,94.42,True,57.43,БИТЮЦКИХ Елена Геннадьевна,159,78.71,"МАНТРАШЕВА Софья Артемовна

(Прежняя фамилия: Дейкун)",43,21.29,,,
Алтайский край,22,MUNICIPAL,mun_sm,"Муниципальный совет, одномандатный округ",Выборы депутатов Алейского городского Собрания депутатов Алтайского края девятого созыва,Одномандатный избирательный округ №13,1,1,3,220,203,197,197,92.27,True,44.67,НОСИВЕЦ Юлия Александровна,131,66.5,ГАЛЫШЕВА Юлия Владимировна,43,21.83,АРДАШОВ Евгений Алексеевич,23,11.68
Алтайский край,22,MUNICIPAL,mun_sm,"Муниципальный совет, одномандатный округ",Выборы депутатов Алейского городского Собрания депутатов Алтайского края девятого созыва,Одномандатный избирательный округ №14,1,1,2,196,176,173,173,89.8,True,39.88,БАШИРОВА Дарья Валерьевна,121,69.94,АНИСЬКОВА Светлана Ивановна,52,30.06,,,
Алтайский край,22,MUNICIPAL,mun_sm,"Муниципальный совет, одномандатный округ",Выборы депутатов Алейского городского Собрания депутатов Алтайского края девятого созыва,Одномандатный избирательный округ №15,1,1,2,220,205,202,202,93.18,True,42.57,КРУЧ Ольга Ивановна,144,71.29,КРАКОВЕЦКИЙ Денис Валерьевич,58,28.71,,,
Алтайский край,22,MUNICIPAL,mun_sm,"Муниципальный совет, одномандатный округ",Выборы депутатов Алейского городского Собрания депутатов Алтайского края девятого созыва,Одномандатный избирательный округ №2,1,1,3,188,167,165,165,88.83,True,27.27,АЛИСТРАТОВА Марина Ивановна,94,56.97,НАГОВИЦИН Александр Александрович,49,29.7,ИНЮШОВА Евгения Анатольевна,22,13.33
Алтайский край,22,MUNICIPAL,mun_sm,"Муниципальный совет, одномандатный округ",Выборы депутатов Алейского городского Собрания депутатов Алтайского края девятого созыва,Одномандатный избирательный округ №3,1,1,2,173,147,142,142,84.97,True,39.44,АСТАХОВА Ольга Николаевна,99,69.72,МОСКВИН Егор Артемович,43,30.28,,,
Алтайский край,22,MUNICIPAL,mun_sm,"Муниципальный совет, одномандатный округ",Выборы депутатов Алейского городского Собрания депутатов Алтайского края девятого созыва,Одномандатный избирательный округ №4,1,1,4,190,166,164,164,87.37,True,18.29,МИРОНОВА Оксана Владимировна,76,46.34,ЛУНИН Данил Игоревич,46,28.05,ПОРТНЯГИН Роман Александрович,29,17.68
Алтайский край,22,MUNICIPAL,mun_sm,"Муниципальный совет, одномандатный округ",Выборы депутатов Алейского городского Собрания депутатов Алтайского края девятого созыва,Одномандатный избирательный округ №5,1,1,4,194,172,167,167,88.66,True,37.13,ЗАЛОГИНА Надежда Петровна,100,59.88,НИКИФОРОВ Владимир Борисович,38,22.75,ГИЛЕВ Алексей Анатольевич,15,8.98
Алтайский край,22,MUNICIPAL,mun_sm,"Муниципальный совет, одномандатный округ",Выборы депутатов Алейского городского Собрания депутатов Алтайского края девятого созыва,Одномандатный избирательный округ №6,1,1,5,244,215,211,211,88.11,True,25.12,САМОЙЛОВ Александр Александрович,97,45.97,ЖИЛЕНКОВА Людмила Александровна,44,20.85,КРИВЕНКО Юлия Николаевна,33,15.64
Алтайский край,22,MUNICIPAL,mun_sm,"Муниципальный совет, одномандатный округ",Выборы депутатов Алейского городского Собрания депутатов Алтайского края девятого созыва,Одномандатный избирательный округ №7,1,1,4,182,158,155,155,86.81,True,30.97,ПОНОМАРЕВ Алексей Юрьевич,79,50.97,ГАВРИЛОВА Анна Андреевна,31,20.0,КОРОЛЕВА Виктория Валерьевна,24,15.48
Алтайский край,22,MUNICIPAL,mun_sm,"Муниципальный совет, одномандатный округ",Выборы депутатов Алейского городского Собрания депутатов Алтайского края девятого созыва,Одномандатный избирательный округ №8,1,1,3,240,216,214,214,90.0,True,32.24,СТАРОВОЙТОВА Алла Петровна,125,58.41,ТЕСАК Виктория Игоревна,56,26.17,РЫБКО Кристина Игоревна,33,15.42
Алтайский край,22,MUNICIPAL,mun_sm,"Муниципальный совет, одномандатный округ",Выборы депутатов Алейского городского Собрания депутатов Алтайского края девятого созыва,Одномандатный избирательный округ №9,1,1,3,241,226,223,223,93.78,True,15.25,СОБОЛЕВ Алексей Александрович,114,51.12,ЛУНИН Игорь Данилович,80,35.87,ТЕРЕХОВ Роман Андреевич,29,13.0
Алтайский край,22,MUNICIPAL,mun_sm,"Муниципальный совет, одномандатный округ",Выборы депутатов Белокурихинского городского Совета депутатов Алтайского края девятого созыва,Одномандатный избирательный округ № 1,1,1,4,106,96,95,95,90.57,True,2.11,МАМОНТОВ Эдуард Александрович,34,35.79,ДУШАКОВ Виктор Петрович,32,33.68,БЛАГОВА Олеся Николаевна,17,17.89
Алтайский край,22,MUNICIPAL,mun_sm,"Муниципальный совет, одномандатный округ",Выборы депутатов Белокурихинского городского Совета депутатов Алтайского края девятого созыва,Одномандатный избирательный округ № 10,1,1,3,105,100,99,99,95.24,True,55.56,АКИМОВ Олег Сергеевич,71,71.72,ЛАЗАРЕНКО Анастасия Александровна,16,16.16,ПОПОЛЗИНА Екатерина Алексеевна,12,12.12
Алтайский край,22,MUNICIPAL,mun_sm,"Муниципальный совет, одномандатный округ",Выборы депутатов Белокурихинского городского Совета депутатов Алтайского края девятого созыва,Одномандатный избирательный округ № 11,1,1,4,115,106,104,104,92.17,True,5.77,ФОРМАЗОНОВ Степан Николаевич,43,41.35,ЕЖОВ Александр Петрович,37,35.58,ГОНЧАРОВ Александр Николаевич,14,13.46
Алтайский край,22,MUNICIPAL,mun_sm,"Муниципальный совет, одномандатный округ",Выборы депутатов Белокурихинского городского Совета депутатов Алтайского края девятого созыва,Одномандатный избирательный округ № 12,1,1,4,96,86,86,86,89.58,True,25.58,РОМАНЕНКО Александр Васильевич,42,48.84,АГАРКОВ Александр Анатольевич,20,23.26,ХРОМОВ Михаил Геннадьевич,17,19.77
Алтайский край,22,MUNICIPAL,mun_sm,"Муниципальный совет, одномандатный округ",Выборы депутатов Белокурихинского городского Совета депутатов Алтайского края девятого созыва,Одномандатный избирательный округ № 13,1,1,4,102,93,91,91,91.18,True,36.26,ВЕТРОВ Александр Евгеньевич,53,58.24,ФОМИН Роман Владимирович,20,21.98,ГОЛОМАЗОВА Виктория Андреевна,10,10.99
Алтайский край,22,MUNICIPAL,mun_sm,"Муниципальный совет, одномандатный округ",Выборы депутатов Белокурихинского городского Совета депутатов Алтайского края девятого созыва,Одномандатный избирательный округ № 14,1,1,4,131,119,119,119,90.84,True,42.02,ЯЗЫКОВ Виталий Вячеславович,74,62.18,БЕЛОУСОВ Георгий Константинович,24,20.17,КАЗАНЦЕВ Александр Сергеевич,17,14.29
Алтайский край,22,MUNICIPAL,mun_sm,"Муниципальный совет, одномандатный округ",Выборы депутатов Белокурихинского городского Совета депутатов Алтайского края девятого созыва,Одномандатный избирательный округ № 15,1,1,3,103,90,88,88,87.38,True,26.14,ДЯБДЕНКО Дмитрий Анатольевич,50,56.82,ФЕОФАНОВ Олег Викторович,27,30.68,БАРАНОВА Елена Владимировна,11,12.5
Алтайский край,22,MUNICIPAL,mun_sm,"Муниципальный совет, одномандатный округ",Выборы депутатов Белокурихинского городского Совета депутатов Алтайского края девятого созыва,Одномандатный избирательный округ № 2,1,1,6,112,107,106,106,95.54,True,5.66,ЭНГЕЛЬГАРДТ Елена Артушевна,40,37.74,ТЕРСКИХ Вера Алексеевна,34,32.08,НЕКРАСОВА Оксана Николаевна,18,16.98
Алтайский край,22,MUNICIPAL,mun_sm,"Муниципальный совет, одномандатный округ",Выборы депутатов Белокурихинского городского Совета депутатов Алтайского края девятого созыва,Одномандатный избирательный округ № 3,1,1,5,120,112,112,112,93.33,True,8.04,САЛТЫКОВА Елена Николаевна,38,33.93,ПЧЕЛЬНИКОВА Елена Александровна,29,25.89,БОНДАРЕВ Евгений Николаевич,22,19.64
Алтайский край,22,MUNICIPAL,mun_sm,"Муниципальный совет, одномандатный округ",Выборы депутатов Белокурихинского городского Совета депутатов Алтайского края девятого созыва,Одномандатный избирательный округ № 4,1,1,4,135,129,125,125,95.56,True,23.2,ВЕПРИКОВ Александр Владимирович,69,55.2,ПАНОВ Александр Викторович,40,32.0,ЛАЗАРЕВ Михаил Иванович,8,6.4
Алтайский край,22,MUNICIPAL,mun_sm,"Муниципальный совет, одномандатный округ",Выборы депутатов Белокурихинского городского Совета депутатов Алтайского края девятого созыва,Одномандатный избирательный округ № 5,1,1,3,129,121,119,119,93.8,True,40.34,ЕРОХИНА Татьяна Сергеевна,77,64.71,ФОМИЧЕВ Максим Вадимович,29,24.37,ЛУКАШЕНКО Александр Дмитриевич,13,10.92
Алтайский край,22,MUNICIPAL,mun_sm,"Муниципальный совет, одномандатный округ",Выборы депутатов Белокурихинского городского Совета депутатов Алтайского края девятого созыва,Одномандатный избирательный округ № 6,1,1,5,148,133,129,129,89.86,True,24.03,КАЗАНЦЕВ Евгений Евгеньевич,62,48.06,ГРЕБЕНКИН Юрий Валерьевич,31,24.03,УШАКОВА Ирина Анатольевна,24,18.6
Алтайский край,22,MUNICIPAL,mun_sm,"Муниципальный совет, одномандатный округ",Выборы депутатов Белокурихинского городского Совета депутатов Алтайского края девятого созыва,Одномандатный избирательный округ № 7,1,1,5,109,99,98,98,90.83,True,16.33,ГРЕБЕННИКОВА Алена Владимировна,36,36.73,ВАЛЫНКИН Максим Леонидович,20,20.41,КУЧИНАШ Дарья Николаевна,19,19.39
Алтайский край,22,MUNICIPAL,mun_sm,"Муниципальный совет, одномандатный округ",Выборы депутатов Белокурихинского городского Совета депутатов Алтайского края девятого созыва,Одномандатный избирательный округ № 8,1,1,4,118,111,111,111,94.07,True,61.26,ЯСИНСКАЯ Марина Васильевна,84,75.68,СОКОЛОВ Максим Юрьевич,16,14.41,ЧЕРНОБАЙ Кристина Владимировна,7,6.31
Алтайский край,22,MUNICIPAL,mun_sm,"Муниципальный совет, одномандатный округ",Выборы депутатов Белокурихинского городского Совета депутатов Алтайского края девятого созыва,Одномандатный избирательный округ № 9,1,1,4,109,101,99,99,92.66,True,3.03,ГНЕЗДИЛОВ Илья Николаевич,32,32.32,ДЬЯКОНУ Елена Владимировна,29,29.29,МИХЕЕВ Евгений Васильевич,24,24.24
Алтайский край,22,MUNICIPAL,mun_mm,"Муниципальный совет, многомандатный округ",Выборы депутатов Совета депутатов Залесовского муниципального округа Алтайского края второго созыва,Трёхмандатный избирательный округ №1,1,3,6,234,213,209,384,91.03,True,3.12,ЛЕПШИНА Светлана Петровна,114,29.69,РООТ Петр Павлович,84,21.88,МЕЛЬСИТОВ Валерий Николаевич,71,18.49
Алтайский край,22,MUNICIPAL,mun_mm,"Муниципальный совет, многомандатный округ",Выборы депутатов Совета депутатов Залесовского муниципального округа Алтайского края второго созыва,Трёхмандатный избирательный округ №2,1,3,7,223,197,197,433,88.34,True,6.24,БОЙКОВА Вера Анатольевна,98,22.63,ПЛАСТЕЕВ Александр Валерьевич,94,21.71,ПАХОРУКОВА Оксана Владимировна,87,20.09
Алтайский край,22,MUNICIPAL,mun_mm,"Муниципальный совет, многомандатный округ",Выборы депутатов Совета депутатов Залесовского муниципального округа Алтайского края второго созыва,Трёхмандатный избирательный округ №3,1,3,6,255,241,238,476,94.51,True,1.47,ДИТЕ Александр Гельмутович,100,21.01,КЕЧАЙКИН Игорь Викторович,98,20.59,ВЯТКИНА Елена Сергеевна,97,20.38
Алтайский край,22,MUNICIPAL,mun_mm,"Муниципальный совет, многомандатный округ",Выборы депутатов Совета депутатов Залесовского муниципального округа Алтайского края второго созыва,Трёхмандатный избирательный округ №4,1,3,9,276,248,247,549,89.86,True,4.92,ЛИПОВЦЕВ Евгений Иванович,126,22.95,ВТОРЫХ Вера Анатольевна,106,19.31,ЭДОКОВА Мария Валерьевна,77,14.03
Алтайский край,22,MUNICIPAL,mun_mm,"Муниципальный совет, многомандатный округ",Выборы депутатов Совета депутатов Залесовского муниципального округа Алтайского края второго созыва,Трёхмандатный избирательный округ №5,1,3,6,237,218,215,425,91.98,True,0.24,НИКОЛАЕНКО Татьяна Николаевна,96,22.59,БАТИСКИНА Надежда Михайловна,88,20.71,ДОРОВСКИХ Виктор Николаевич,84,19.76
Алтайский край,22,REGIONAL,reg_pl,"Заксобрание, партсписок",Выборы депутатов Алтайского краевого Законодательного Собрания девятого созыва,,34,1,7,249503,227371,224552,224552,91.13,True,36.87,Единая Россия,115564,51.46,Новые люди,32775,14.6,КПРФ,29125,12.97
Алтайский край,22,REGIONAL,reg_sm,"Заксобрание, одномандатный округ",Выборы депутатов Алтайского краевого Законодательного Собрания девятого созыва,одномандатный избирательный округ № 1,1,1,6,6606,6052,5977,5977,91.61,True,29.61,ВИХЛЯНОВ Игорь Владиславович,2797,46.8,АЛЬШАНСКИЙ Игорь Михайлович,1027,17.18,ЧУВАШЕВА Елизавета Владимировна,666,11.14
Алтайский край,22,REGIONAL,reg_sm,"Заксобрание, одномандатный округ",Выборы депутатов Алтайского краевого Законодательного Собрания девятого созыва,одномандатный избирательный округ № 10,1,1,6,6031,5522,5456,5456,91.56,True,35.08,РОМАНЕНКО Александр Алексеевич,2730,50.04,ЧИЧИКИН Петр Викторович,816,14.96,ПЕШЕХАНОВ Иван Сергеевич,682,12.5
Алтайский край,22,REGIONAL,reg_sm,"Заксобрание, одномандатный округ",Выборы депутатов Алтайского краевого Законодательного Собрания девятого созыва,одномандатный избирательный округ № 11,1,1,6,5303,4826,4750,4750,91.01,True,26.97,КОЧЕВ Максим Александрович,2070,43.58,СЕРГЕЕВ Евгений Сергеевич,789,16.61,БУРЦЕВ Евгений Анатольевич,654,13.77
Алтайский край,22,REGIONAL,reg_sm,"Заксобрание, одномандатный округ",Выборы депутатов Алтайского краевого Законодательного Собрания девятого созыва,одномандатный избирательный округ № 12,1,1,6,6879,6226,6119,6119,90.51,True,30.22,ПЕЛЕГАНЧУК Владимир Алексеевич,2914,47.62,ВОСТРИКОВА Виктория Викторовна,1065,17.4,РОМАНИХИН Иван Сергеевич,752,12.29
Алтайский край,22,REGIONAL,reg_sm,"Заксобрание, одномандатный округ",Выборы депутатов Алтайского краевого Законодательного Собрания девятого созыва,одномандатный избирательный округ № 13,1,1,5,6540,5965,5888,5888,91.21,True,39.61,ЕЖОВ Константин Петрович,3451,58.61,УШАКОВА Ирина Анатольевна,1119,19.0,ЛЫКОВ Анатолий Васильевич,631,10.72
Алтайский край,22,REGIONAL,reg_sm,"Заксобрание, одномандатный округ",Выборы депутатов Алтайского краевого Законодательного Собрания девятого созыва,одномандатный избирательный округ № 14,1,1,5,7487,6939,6835,6835,92.68,True,33.2,ИЛЬЮЧЕНКО Татьяна Викторовна,3441,50.34,БАШКАТОВ Михаил Юрьевич,1172,17.15,БОРИСОВ Алексей Николаевич,1164,17.03
Алтайский край,22,REGIONAL,reg_sm,"Заксобрание, одномандатный округ",Выборы депутатов Алтайского краевого Законодательного Собрания девятого созыва,одномандатный избирательный округ № 15,1,1,6,6754,6193,6119,6119,91.69,True,59.93,СМАГИН Вадим Петрович,4192,68.51,РЕТТИХ Владислав Сергеевич,525,8.58,СУРНИН Алексей Евгеньевич,503,8.22
Алтайский край,22,REGIONAL,reg_sm,"Заксобрание, одномандатный округ",Выборы депутатов Алтайского краевого Законодательного Собрания девятого созыва,одномандатный избирательный округ № 16,1,1,5,7830,7126,7056,7056,91.01,True,45.73,ПАНАРИН Игорь Ильич,4332,61.39,САФРОНОВ Владимир Николаевич,1105,15.66,БАРЫБИН Евгений Александрович,666,9.44
Алтайский край,22,REGIONAL,reg_sm,"Заксобрание, одномандатный округ",Выборы депутатов Алтайского краевого Законодательного Собрания девятого созыва,одномандатный избирательный округ № 17,1,1,5,4595,3951,3892,3892,85.98,True,19.24,БОЧАРОВ Сергей Николаевич,1482,38.08,БЕЛКИН Олег Вячеславович,733,18.83,ПАВЛОВА Светлана Владимировна,608,15.62
Алтайский край,22,REGIONAL,reg_sm,"Заксобрание, одномандатный округ",Выборы депутатов Алтайского краевого Законодательного Собрания девятого созыва,одномандатный избирательный округ № 18,1,1,6,7082,6362,6265,6265,89.83,True,26.69,САФОНОВ Александр Юрьевич,2770,44.21,ИГНАТЬЕВА Марина Геннадьевна,1098,17.53,ЖДАНОВ Владимир Алексеевич,911,14.54
Алтайский край,22,REGIONAL,reg_sm,"Заксобрание, одномандатный округ",Выборы депутатов Алтайского краевого Законодательного Собрания девятого созыва,одномандатный избирательный округ № 19,1,1,7,8455,7734,7627,7627,91.47,True,19.82,РАЗЛИВИНСКИЙ Михаил Александрович,3101,40.66,КАРЕЛИН Алексей Сергеевич,1589,20.83,КЛЮШНИКОВА Людмила Викторовна,1030,13.5
Алтайский край,22,REGIONAL,reg_sm,"Заксобрание, одномандатный округ",Выборы депутатов Алтайского краевого Законодательного Собрания девятого созыва,одномандатный избирательный округ № 2,1,1,6,7179,6632,6545,6545,92.38,True,34.94,КОЖАНОВ Никита Андреевич,3323,50.77,ГОНЧАРОВ Александр Николаевич,1036,15.83,ЛИХАЧЕВА Татьяна Ивановна,849,12.97
Алтайский край,22,REGIONAL,reg_sm,"Заксобрание, одномандатный округ",Выборы депутатов Алтайского краевого Законодательного Собрания девятого созыва,одномандатный избирательный округ № 20,1,1,5,8406,7661,7548,7548,91.14,True,18.49,ЛОКТЕВ Александр Сергеевич,3475,46.04,ГОРКОВЕНКО Юлия Николаевна,2079,27.54,ПОЧАТОВ Вячеслав Юрьевич,965,12.78
Алтайский край,22,REGIONAL,reg_sm,"Заксобрание, одномандатный округ",Выборы депутатов Алтайского краевого Законодательного Собрания девятого созыва,одномандатный избирательный округ № 21,1,1,6,8583,7904,7798,7798,92.09,True,28.76,ЛАЗАРЕНКО Ирина Рудольфовна,3628,46.52,СТРАНЦОВ Игорь Алексеевич,1385,17.76,АДОДИН Станислав Игоревич,767,9.84
Алтайский край,22,REGIONAL,reg_sm,"Заксобрание, одномандатный округ",Выборы депутатов Алтайского краевого Законодательного Собрания девятого созыва,одномандатный избирательный округ № 22,1,1,6,7722,6989,6884,6884,90.51,True,35.87,ДЕНИСОВ Дмитрий Борисович,3512,51.02,КИЛЬМЯШКИН Артем Валерьевич,1043,15.15,СТРЕМИЛОВ Сергей Игоревич,849,12.33
Алтайский край,22,REGIONAL,reg_sm,"Заксобрание, одномандатный округ",Выборы депутатов Алтайского краевого Законодательного Собрания девятого созыва,одномандатный избирательный округ № 23,1,1,6,7801,7132,7020,7020,91.42,True,53.49,ПИСАРЕВ Сергей Викторович,4404,62.74,ГАРИБОВА Гульшан Имрановна,649,9.25,МЖЕЛЬСКИЙ Владимир Александрович,616,8.77
Алтайский край,22,REGIONAL,reg_sm,"Заксобрание, одномандатный округ",Выборы депутатов Алтайского краевого Законодательного Собрания девятого созыва,одномандатный избирательный округ № 24,1,1,7,9017,8252,8109,8109,91.52,True,26.23,АГАНОВ Дмитрий Петрович,3340,41.19,КОНОВОД Павел Владимирович,1213,14.96,ПИЛЮГИН Сергей Михайлович,1014,12.5
Алтайский край,22,REGIONAL,reg_sm,"Заксобрание, одномандатный округ",Выборы депутатов Алтайского краевого Законодательного Собрания девятого созыва,одномандатный избирательный округ № 25,1,1,7,7294,6644,6526,6526,91.09,True,33.77,ОГНЕВ Иван Владимирович,3160,48.42,АРЮТКИНА Татьяна Анатольевна,956,14.65,МЯКИШЕВ Владимир Анатольевич,745,11.42
Алтайский край,22,REGIONAL,reg_sm,"Заксобрание, одномандатный округ",Выборы депутатов Алтайского краевого Законодательного Собрания девятого созыва,одномандатный избирательный округ № 26,1,1,6,8008,7266,7145,7145,90.73,True,30.48,ЛИСИЦЫН Александр Викторович,3393,47.49,ПИСАНОВА Ольга Анатольевна,1215,17.0,НИКОЛАЙЧИК Александр Александрович,900,12.6
Алтайский край,22,REGIONAL,reg_sm,"Заксобрание, одномандатный округ",Выборы депутатов Алтайского краевого Законодательного Собрания девятого созыва,одномандатный избирательный округ № 27,1,1,6,7992,7300,7175,7175,91.34,True,26.23,ВАКАЕВ Владислав Александрович,3266,45.52,КАЛАШНИКОВ Дмитрий Сергеевич,1384,19.29,МОЛОДЫХ Оксана Евгеньевна,904,12.6
Алтайский край,22,REGIONAL,reg_sm,"Заксобрание, одномандатный округ",Выборы депутатов Алтайского краевого Законодательного Собрания девятого созыва,одномандатный избирательный округ № 28,1,1,6,8239,7407,7278,7278,89.9,True,31.66,ПЕРЕРЯДОВ Вячеслав Владимирович,3536,48.58,КОНОНОВ Илья Андреевич,1232,16.93,НАГОВИЦИН Александр Александрович,870,11.95
Алтайский край,22,REGIONAL,reg_sm,"Заксобрание, одномандатный округ",Выборы депутатов Алтайского краевого Законодательного Собрания девятого созыва,одномандатный избирательный округ № 29,1,1,6,8375,7722,7600,7600,92.2,True,23.83,НОСЕНКО Евгений Николаевич,3168,41.68,ТРУБНИКОВ Вячеслав Евгеньевич,1357,17.86,МОЛОТОВ Александр Владимирович,1054,13.87
Алтайский край,22,REGIONAL,reg_sm,"Заксобрание, одномандатный округ",Выборы депутатов Алтайского краевого Законодательного Собрания девятого созыва,одномандатный избирательный округ № 3,1,1,6,6581,6130,6059,6059,93.15,True,44.56,БООС Петр Рогустович,3480,57.44,АЛЯБЬЕВА Дарья Алексеевна,780,12.87,ТЕРНОВОЙ Андрей Васильевич,512,8.45
Алтайский край,22,REGIONAL,reg_sm,"Заксобрание, одномандатный округ",Выборы депутатов Алтайского краевого Законодательного Собрания девятого созыва,одномандатный избирательный округ № 30,1,1,7,8552,7864,7720,7720,91.96,True,29.74,АБРАМОВ Андрей Александрович,3667,47.5,КОВАЛЕВ Константин Евгеньевич,1371,17.76,ЗЫРЯНОВ Андрей Александрович,933,12.09
Алтайский край,22,REGIONAL,reg_sm,"Заксобрание, одномандатный округ",Выборы депутатов Алтайского краевого Законодательного Собрания девятого созыва,одномандатный избирательный округ № 31,1,1,7,8921,8184,8034,8034,91.74,True,33.43,ЛАРЕЙКИН Сергей Владимирович,3943,49.08,НЕСТЕРОВ Дмитрий Сергеевич,1257,15.65,БРЫКСИН Станислав Николаевич,901,11.21
Алтайский край,22,REGIONAL,reg_sm,"Заксобрание, одномандатный округ",Выборы депутатов Алтайского краевого Законодательного Собрания девятого созыва,одномандатный избирательный округ № 32,1,1,7,7619,6982,6861,6861,91.64,True,25.8,БАХТИН Григорий Юрьевич,2862,41.71,ГАЛИЦКАЯ Анна Владимировна,1092,15.92,КАЗАНЦЕВ Александр Сергеевич,805,11.73
Алтайский край,22,REGIONAL,reg_sm,"Заксобрание, одномандатный округ",Выборы депутатов Алтайского краевого Законодательного Собрания девятого созыва,одномандатный избирательный округ № 33,1,1,5,6682,5975,5886,5886,89.42,True,16.46,ЧЕРНОИВАНОВ Сергей Павлович,2626,44.61,ЧЕРНОБАЙ Андрей Борисович,1657,28.15,ШУДРА Ирина Павловна,925,15.72
Алтайский край,22,REGIONAL,reg_sm,"Заксобрание, одномандатный округ",Выборы депутатов Алтайского краевого Законодательного Собрания девятого созыва,одномандатный избирательный округ № 34,1,1,5,6064,5327,5230,5230,87.85,True,31.78,ЗОБНЕВ Виктор Викторович,2651,50.69,МУХОРТОВА Людмила Васильевна,989,18.91,ДАВЫДОВ Сергей Николаевич,715,13.67
Алтайский край,22,REGIONAL,reg_sm,"Заксобрание, одномандатный округ",Выборы депутатов Алтайского краевого Законодательного Собрания девятого созыва,одномандатный избирательный округ № 4,1,1,5,6842,6360,6274,6274,92.96,True,39.21,КРИВЕНКО Алексей Николаевич,3490,55.63,ХАЙДУКОВ Вячеслав Николаевич,1030,16.42,ТУКАЛО Ксения Вячеславовна,809,12.89
Алтайский край,22,REGIONAL,reg_sm,"Заксобрание, одномандатный округ",Выборы депутатов Алтайского краевого Законодательного Собрания девятого созыва,одномандатный избирательный округ № 5,1,1,7,7257,6719,6635,6635,92.59,True,45.44,КУЗЬМЕНКО Александр Валерьевич,3702,55.8,ОРЕШКОВ Сергей Павлович,687,10.35,БОРОВИКОВА Евгения Анатольевна,681,10.26
Алтайский край,22,REGIONAL,reg_sm,"Заксобрание, одномандатный округ",Выборы депутатов Алтайского краевого Законодательного Собрания девятого созыва,одномандатный избирательный округ № 6,1,1,6,7334,6778,6687,6687,92.42,True,23.91,СЕРОВ Сергей Николаевич,2914,43.58,СЕЛИВАНОВ Михаил Иванович,1315,19.67,СПИРИН Михаил Георгиевич,853,12.76
Алтайский край,22,REGIONAL,reg_sm,"Заксобрание, одномандатный округ",Выборы депутатов Алтайского краевого Законодательного Собрания девятого созыва,одномандатный избирательный округ № 7,1,1,6,5516,4915,4845,4845,89.1,True,33.46,СОЛНЦЕВА Ирина Валентиновна,2441,50.38,ДЕМЧЕНКО Анна Андреевна,820,16.92,ЗИМИНА Наталья Александровна,673,13.89
Алтайский край,22,REGIONAL,reg_sm,"Заксобрание, одномандатный округ",Выборы депутатов Алтайского краевого Законодательного Собрания девятого созыва,одномандатный избирательный округ № 8,1,1,6,7441,6582,6480,6480,88.46,True,23.32,МАТВЕЙКО Юрий Витальевич,2662,41.08,НЕЧАЕВ Иван Юрьевич,1151,17.76,МЕХИН Сергей Юрьевич,959,14.8
Алтайский край,22,REGIONAL,reg_sm,"Заксобрание, одномандатный округ",Выборы депутатов Алтайского краевого Законодательного Собрания девятого созыва,одномандатный избирательный округ № 9,1,1,5,8516,7750,7663,7663,91.01,True,39.32,ПОПОВ Владимир Александрович,4329,56.49,ОРЛОВ Иван Аркадьевич,1316,17.17,АЛЫРЧИКОВ Иван Николаевич,1226,16.0
Архангельская область,29,FEDERAL,duma_sm,"Госдума, одномандатный округ",Выборы депутатов Государственной Думы Федерального Собрания Российской Федерации девятого созыва,Архангельская область – Архангельский,11,1,9,43880,40292,39836,39836,91.82,True,34.02,АРСЕНТЬЕВ Игорь Валентинович,18131,45.51,ГРЕВЦОВ Александр Викторович,4577,11.49,АЛЕСКЕРОВ Кирилл Гамидович,4520,11.35
Архангельская область,29,FEDERAL,duma_sm,"Госдума, одномандатный округ",Выборы депутатов Государственной Думы Федерального Собрания Российской Федерации девятого созыва,Архангельская область – Котласский,21,1,7,42111,38684,38215,38215,91.86,True,12.91,ХАРЧЕНКО Мария Борисовна,11728,30.69,ЧЕРНЕНКО Олег Витальевич,6795,17.78,КИСЛОВ Владимир Александрович,6567,17.18
Архангельская область,29,FEDERAL,duma_pl,"Госдума, партсписок",Выборы депутатов Государственной Думы Федерального Собрания Российской Федерации девятого созыва,,32,1,10,85991,78976,78676,78676,91.84,True,27.61,Единая Россия,33721,42.86,Новые люди,11997,15.25,ЛДПР,11772,14.96
Архангельская область,29,MUNICIPAL,mun_mm,"Муниципальный совет, многомандатный округ",Выборы депутатов Собрания депутатов Верхнетоемского муниципального округа Архангельской области второго созыва,Трехмандатный избирательный округ Афанасьевский,1,3,5,140,129,127,208,92.14,True,2.4,РЯБОВА Наталья Михайловна,51,24.52,ЧЕШКОВА Татьяна Александровна,51,24.52,БАРАЧЕВСКИЙ Михаил Александрович,40,19.23
Архангельская область,29,MUNICIPAL,mun_mm,"Муниципальный совет, многомандатный округ",Выборы депутатов Собрания депутатов Верхнетоемского муниципального округа Архангельской области второго созыва,Трехмандатный избирательный округ Верхнетоемский (ДК),1,3,8,199,179,175,319,89.95,True,3.45,ДОЛИНИН Сергей Владимирович,68,21.32,ВЕРЕВКИН Сергей Александрович,61,19.12,МОЛЧАНОВА Татьяна Михайловна,53,16.61
Архангельская область,29,MUNICIPAL,mun_mm,"Муниципальный совет, многомандатный округ",Выборы депутатов Собрания депутатов Верхнетоемского муниципального округа Архангельской области второго созыва,Трехмандатный избирательный округ Верхнетоемский (школа),1,3,5,153,139,134,199,90.85,True,5.03,БУРДЫКО Семён Петрович,75,37.69,КАЛИНИН Сергей Николаевич,42,21.11,КОМАРОВА Ольга Вячеславовна,35,17.59
Архангельская область,29,MUNICIPAL,mun_mm,"Муниципальный совет, многомандатный округ",Выборы депутатов Собрания депутатов Верхнетоемского муниципального округа Архангельской области второго созыва,Трехмандатный избирательный округ Горковский,1,3,4,148,125,124,172,84.46,True,2.33,ШЕХУРДИН Евгений Сергеевич,56,32.56,БЕЧИН Егор Николаевич,54,31.4,РОГОТНЕВА Татьяна Николаевна,33,19.19
Архангельская область,29,MUNICIPAL,mun_mm,"Муниципальный совет, многомандатный округ",Выборы депутатов Собрания депутатов Верхнетоемского муниципального округа Архангельской области второго созыва,Трехмандатный избирательный округ Двинской,1,3,5,133,117,114,165,87.97,True,3.03,СЕМИЧАЕВСКИЙ Сергей Васильевич,50,30.3,БАЙКОВА Светлана Владимировна,33,20.0,ПОЛУПАНОВ Сергей Николаевич,32,19.39
Архангельская область,29,MUNICIPAL,mun_mm,"Муниципальный совет, многомандатный округ",Выборы депутатов Собрания депутатов Верхнетоемского муниципального округа Архангельской области второго созыва,Трехмандатный избирательный округ Федьковский,1,3,4,122,106,105,132,86.89,True,5.3,ОБУХОВА Ольга Ивановна,46,34.85,КОПТЕВА Ирина Геннадьевна,33,25.0,ЖУРАВЛЕВ Андрей Николаевич,30,22.73
Архангельская область,29,MUNICIPAL,mun_mm,"Муниципальный совет, многомандатный округ",Выборы депутатов Собрания депутатов Коношского муниципального округа Архангельской области первого созыва,трехмандатный избирательный округ №1,1,3,8,312,286,282,508,91.67,True,0.39,ИГНАТОВ Сергей Леонидович,72,14.17,ЩЕМЕЛЕВ Владимир Андреевич,71,13.98,КИНОЗЕРОВА Ирина Сергеевна,70,13.78
Архангельская область,29,MUNICIPAL,mun_mm,"Муниципальный совет, многомандатный округ",Выборы депутатов Собрания депутатов Коношского муниципального округа Архангельской области первого созыва,трехмандатный избирательный округ №2,1,3,6,350,328,325,573,93.71,True,2.79,ЖЕЛЕЗОВА Наталья Андреевна,126,21.99,СТАРЦЕВ Илья Иванович,122,21.29,ЕГОШИН Валерий Валерьевич,109,19.02
Архангельская область,29,MUNICIPAL,mun_mm,"Муниципальный совет, многомандатный округ",Выборы депутатов Собрания депутатов Коношского муниципального округа Архангельской области первого созыва,трехмандатный избирательный округ №3,1,3,6,295,276,274,531,93.56,True,2.26,ЗАБРОДИН Александр Николаевич,111,20.9,ТИХОНОВА Руслана Игоревна,99,18.64,САВИНА Ольга Сергеевна,98,18.46
Архангельская область,29,MUNICIPAL,mun_mm,"Муниципальный совет, многомандатный округ",Выборы депутатов Собрания депутатов Коношского муниципального округа Архангельской области первого созыва,трехмандатный избирательный округ №4,1,3,6,221,200,198,352,90.5,True,1.99,РОМАНОВ Николай Владиславович,77,21.88,МЕТРЕВЕЛИ Ирина Владимировна,66,18.75,БУЗЬКО Татьяна Владимировна,61,17.33
Архангельская область,29,MUNICIPAL,mun_mm,"Муниципальный совет, многомандатный округ",Выборы депутатов Собрания депутатов Коношского муниципального округа Архангельской области первого созыва,трехмандатный избирательный округ №5,1,3,8,357,332,328,634,93.0,True,0.95,ЛОВЫРЕВА Елена Витальевна,133,20.98,НИКИТИН Антон Игоревич,110,17.35,БОВА Андрей Геннадьевич,108,17.03
Архангельская область,29,MUNICIPAL,mun_mm,"Муниципальный совет, многомандатный округ",Выборы депутатов Собрания депутатов Ленского муниципального округа Архангельской области первого созыва,Трехмандатный избирательный округ №1,1,3,6,162,146,145,278,90.12,True,7.91,ИВАНОВ Денис Владимирович,81,29.14,КОРЖАКОВ Сергей Валентинович,64,23.02,КОЧАНОВ Николай Николаевич,53,19.06
Архангельская область,29,MUNICIPAL,mun_mm,"Муниципальный совет, многомандатный округ",Выборы депутатов Собрания депутатов Ленского муниципального округа Архангельской области первого созыва,Трехмандатный избирательный округ №2,1,3,5,181,162,162,309,89.5,True,1.29,ЧЕРЕПАНОВА Екатерина Александровна,84,27.18,ТАРАТИНА Ольга Николаевна,72,23.3,АЖГИБКОВА Марина Анатольевна,61,19.74
Архангельская область,29,MUNICIPAL,mun_mm,"Муниципальный совет, многомандатный округ",Выборы депутатов Собрания депутатов Ленского муниципального округа Архангельской области первого созыва,Трехмандатный избирательный округ №3,1,3,4,111,95,94,133,85.59,True,1.5,СУЗДАЛЕВА Мария Яковлевна,38,28.57,ЕШКИЛЕВ Дмитрий Николаевич,35,26.32,КОВАЛЕНКО Татьяна Павловна,31,23.31
Архангельская область,29,MUNICIPAL,mun_mm,"Муниципальный совет, многомандатный округ",Выборы депутатов Собрания депутатов Ленского муниципального округа Архангельской области первого созыва,Трехмандатный избирательный округ №4,1,3,4,215,204,201,322,94.88,True,4.66,СТЕНИН Вадим Григорьевич,102,31.68,НЕЧАЙ Юлия Вячеславовна,89,27.64,МЕДВЕДЕВ Александр Сергеевич,73,22.67
Архангельская область,29,MUNICIPAL,mun_mm,"Муниципальный совет, многомандатный округ",Выборы депутатов Собрания депутатов Ленского муниципального округа Архангельской области первого созыва,Трехмандатный избирательный округ №5,1,3,4,138,131,128,181,94.93,True,4.42,БОРОНЕНКОВА Елена Евгеньевна,67,37.02,МЕДВЕДКОВ Алексей Владимирович,44,24.31,ГУСЕВСКОЙ Евгений Геннадьевич,39,21.55
Архангельская область,29,MUNICIPAL,mun_mm,"Муниципальный совет, многомандатный округ",Выборы депутатов Собрания депутатов Плесецкого муниципального округа Архангельской области второго созыва,трехмандатный избирательный округ № 1,1,3,5,285,248,244,377,87.02,True,6.9,ВОЛЫХИН Виктор Михайлович,99,26.26,ДЬЯКОВА Елена Николаевна,94,24.93,КУПЛИН Сергей Александрович,89,23.61
Архангельская область,29,MUNICIPAL,mun_mm,"Муниципальный совет, многомандатный округ",Выборы депутатов Собрания депутатов Плесецкого муниципального округа Архангельской области второго созыва,трехмандатный избирательный округ № 2,1,3,7,370,337,334,607,91.08,True,5.44,ЛАПИНА Алена Викторовна,171,28.17,БОНДАРЬ Виталий Васильевич,115,18.95,ДРАГАНЧУК Ольга Александровна,102,16.8
Архангельская область,29,MUNICIPAL,mun_mm,"Муниципальный совет, многомандатный округ",Выборы депутатов Собрания депутатов Плесецкого муниципального округа Архангельской области второго созыва,трехмандатный избирательный округ № 3,1,3,11,429,405,400,719,94.41,True,2.36,ВИРКОВСКИЙ Николай Петрович,127,17.66,РЯБЕНЮК Елена Юрьевна,116,16.13,ТАНЦЮРА Анатолий Петрович,93,12.93
Архангельская область,29,MUNICIPAL,mun_mm,"Муниципальный совет, многомандатный округ",Выборы депутатов Собрания депутатов Плесецкого муниципального округа Архангельской области второго созыва,трехмандатный избирательный округ № 4,1,3,6,437,408,399,662,93.36,True,2.57,БУТОРИН Сергей Сергеевич,132,19.94,ГОЛЕВА Любовь Михайловна,131,19.79,КОВКОВА Ольга Николаевна,120,18.13
Архангельская область,29,MUNICIPAL,mun_mm,"Муниципальный совет, многомандатный округ",Выборы депутатов Собрания депутатов Плесецкого муниципального округа Архангельской области второго созыва,трехмандатный избирательный округ № 5,1,3,8,442,408,399,721,92.31,True,5.41,ДЕМЕНТЬЕВА Наталья Александровна,140,19.42,КУЧИНА Анна Владимировна,133,18.45,БОГДАНОВ Виктор Станиславович,128,17.75
Архангельская область,29,MUNICIPAL,mun_mm,"Муниципальный совет, многомандатный округ",Выборы депутатов Собрания депутатов Плесецкого муниципального округа Архангельской области второго созыва,трехмандатный избирательный округ № 6,1,3,11,439,404,399,755,92.03,True,2.91,ДУДИН Владимир Владимирович,132,17.48,БОРОДИНА Ирина Юрьевна,120,15.89,ПОНИКАРОВА Юлия Олеговна,94,12.45
Архангельская область,29,MUNICIPAL,mun_mm,"Муниципальный совет, многомандатный округ",Выборы депутатов Собрания депутатов Плесецкого муниципального округа Архангельской области второго созыва,трехмандатный избирательный округ № 7,1,3,11,325,288,280,503,88.62,True,0.8,ФОКИН Федор Васильевич,76,15.11,КОСТИН Андрей Анатольевич,67,13.32,ВЛАДЫКИН Алексей Владимирович,65,12.92
Архангельская область,29,MUNICIPAL,mun_mm,"Муниципальный совет, многомандатный округ",Выборы депутатов муниципального Собрания Виноградовского муниципального округа Архангельской области второго созыва,Четырехмандатный избирательный округ № 1,1,4,7,215,193,189,319,89.77,True,1.88,ФЕДОСЕЕВА Светлана Валерьевна,89,27.9,ТУФАНОВА Елена Николаевна,52,16.3,ПОПОВА Ольга Ивановна,45,14.11
Архангельская область,29,MUNICIPAL,mun_mm,"Муниципальный совет, многомандатный округ",Выборы депутатов муниципального Собрания Виноградовского муниципального округа Архангельской области второго созыва,Четырехмандатный избирательный округ № 2,1,4,7,229,203,200,334,88.65,True,0.0,МАРДЯШОВА Галина Павловна,67,20.06,ХОТЯН Андрей Александрович,63,18.86,ГОРБАЧЕВА Наталья Анатольевна,49,14.67
Архангельская область,29,MUNICIPAL,mun_mm,"Муниципальный совет, многомандатный округ",Выборы депутатов муниципального Собрания Виноградовского муниципального округа Архангельской области второго созыва,Четырехмандатный избирательный округ № 3,1,4,10,402,381,375,768,94.78,True,1.17,ГАГАРИН Андрей Юрьевич,140,18.23,ТИМОШЕНКО Наталия Александровна,114,14.84,ПАХТУСОВА Ирина Александровна,107,13.93
Архангельская область,29,MUNICIPAL,mun_mm,"Муниципальный совет, многомандатный округ",Выборы депутатов муниципального Собрания Виноградовского муниципального округа Архангельской области второго созыва,Четырехмандатный избирательный округ № 4,1,4,7,336,311,306,546,92.56,True,0.18,ВАШКЕВИЧ Олеся Дмитриевна,164,30.04,ВОЛКОВ Алексей Юрьевич,88,16.12,ШУБИНА Елена Васильевна,81,14.84
Архангельская область,29,REGIONAL,reg_sm,"Заксобрание, одномандатный округ","Дополнительные выборы депутатов Архангельского областного Собрания депутатов восьмого созыва по одномандатным избирательным округам № 8, 19",Одномандатный избирательный округ №19,1,1,5,3199,2940,2905,2905,91.9,True,4.65,СЕРГЕЕВ Никита Евгеньевич,925,31.84,ЛЕБЕДЕВА Ольга Анатольевна,790,27.19,КОЛМОГОРЦЕВ Артем Сергеевич,601,20.69
Архангельская область,29,REGIONAL,reg_sm,"Заксобрание, одномандатный округ","Дополнительные выборы депутатов Архангельского областного Собрания депутатов восьмого созыва по одномандатным избирательным округам № 8, 19",Одномандатный избирательный округ №8,1,1,6,3508,3214,3169,3169,91.62,True,11.45,ПИВКОВ Сергей Анатольевич,1076,33.95,ШИШОВ Михаил Леонидович,713,22.5,БЛОХИН Михаил Анатольевич,692,21.84
Белгородская область,31,FEDERAL,duma_sm,"Госдума, одномандатный округ",Выборы депутатов Государственной Думы Федерального Собрания Российской Федерации девятого созыва,Белгородская область – Белгородский,10,1,6,66631,60695,60235,60235,91.09,True,13.21,РУМЯНЦЕВ Никита Геннадьевич,19274,32.0,ГУКОВА Ирина Николаевна,11314,18.78,ХАРЫБИН Александр Владимирович,10423,17.3
Белгородская область,31,FEDERAL,duma_sm,"Госдума, одномандатный округ",Выборы депутатов Государственной Думы Федерального Собрания Российской Федерации девятого созыва,Белгородская область – Старооскольский,12,1,6,61284,54983,54623,54623,89.72,True,48.78,СКОЧ Андрей Владимирович,32794,60.04,ХАТУНЦЕВ Антон Алексеевич,6147,11.25,ЧЕРВИНСКИЙ Богдан Александрович,5357,9.81
Белгородская область,31,FEDERAL,duma_pl,"Госдума, партсписок",Выборы депутатов Государственной Думы Федерального Собрания Российской Федерации девятого созыва,,22,1,10,127561,115678,115291,115291,90.68,True,30.19,Единая Россия,52323,45.38,Новые люди,17518,15.19,ЛДПР,14764,12.81
Белгородская область,31,MUNICIPAL,mun_sm,"Муниципальный совет, одномандатный округ",Дополнительные выборы депутата Белгородского городского Совета седьмого созыва по одномандатному избирательному округу № 10,Одномандатный избирательный округ № 10,1,1,5,1297,1211,1192,1192,93.37,True,2.27,МИХАЙЛЮК Евгений Васильевич,334,28.02,БОЧАРОВ Борислав Борисович,307,25.76,КОРТИКОВ Руслан Александрович,239,20.05
Белгородская область,31,MUNICIPAL,mun_sm,"Муниципальный совет, одномандатный округ",Дополнительные выборы депутата Совета депутатов Валуйского муниципального округа второго созыва по Валуйскому одномандатному избирательному округу №3,Валуйский,1,1,4,482,434,427,427,90.04,True,32.55,ДЕГТЯРЕВ Сергей Анатольевич,222,51.99,СУХОМЛИНОВ Андрей Павлович,83,19.44,ДМИТРИЕНКО Юлия Владимировна,72,16.86
Белгородская область,31,REGIONAL,head_region,Губернатор,Выборы Губернатора Белгородской области,,22,1,5,127561,115678,114649,114649,90.68,True,30.83,ШУВАЕВ Александр Михайлович,56135,48.96,ДРЕМОВ Евгений Александрович,20790,18.13,ШЕВЛЯКОВ Валерий Алексеевич,14520,12.66
Владимирская область,33,FEDERAL,duma_sm,"Госдума, одномандатный округ",Выборы депутатов Государственной Думы Федерального Собрания Российской Федерации девятого созыва,Владимирская область – Владимирский,11,1,7,41400,37620,37177,37177,90.87,True,37.25,ИГОШИН Игорь Николаевич,19200,51.64,КОРНИШОВ Сергей Викторович,5351,14.39,СЕРЕБРОВ Вадим Анатольевич,4968,13.36
Владимирская область,33,FEDERAL,duma_sm,"Госдума, одномандатный округ",Выборы депутатов Государственной Думы Федерального Собрания Российской Федерации девятого созыва,Владимирская область – Суздальский,11,1,8,38841,35175,34717,34717,90.56,True,39.38,АНИКЕЕВ Григорий Викторович,18515,53.33,РОСТОВЦЕВ Иван Александрович,4844,13.95,БУГАЕВ Александр Петрович,2991,8.62
Владимирская область,33,FEDERAL,duma_pl,"Госдума, партсписок",Выборы депутатов Государственной Думы Федерального Собрания Российской Федерации девятого созыва,,22,1,10,80241,72795,72471,72471,90.72,True,32.14,Единая Россия,34486,47.59,Новые люди,11192,15.44,КПРФ,9364,12.92
Владимирская область,33,MUNICIPAL,mun_sm,"Муниципальный совет, одномандатный округ",Выборы депутатов Совета народных депутатов Вязниковского муниципального округа Владимирской области первого созыва,Округ №1,1,1,4,223,208,204,204,93.27,True,4.41,РЫБКИН Андрей Владимирович,86,42.16,ВЕДЕНЕЕВА Ольга Юрьевна,77,37.75,САВЧУК Алла Николаевна,21,10.29
Владимирская область,33,MUNICIPAL,mun_sm,"Муниципальный совет, одномандатный округ",Выборы депутатов Совета народных депутатов Вязниковского муниципального округа Владимирской области первого созыва,Округ №10,1,1,3,242,213,208,208,88.02,True,11.54,БЕЛЯКОВА Татьяна Владимировна,103,49.52,МИХАЙЛОВ Александр Николаевич,79,37.98,СУХОВА Александра Сергеевна,26,12.5
Владимирская область,33,MUNICIPAL,mun_sm,"Муниципальный совет, одномандатный округ",Выборы депутатов Совета народных депутатов Вязниковского муниципального округа Владимирской области первого созыва,Округ №11,1,1,4,200,171,167,167,85.5,True,16.17,МИТРОФАНОВ Сергей Александрович,72,43.11,ФЕДОРОВ Егор Андреевич,45,26.95,КИРЕЕВА Ирина Владимировна,33,19.76
Владимирская область,33,MUNICIPAL,mun_sm,"Муниципальный совет, одномандатный округ",Выборы депутатов Совета народных депутатов Вязниковского муниципального округа Владимирской области первого созыва,Округ №12,1,1,3,194,175,174,174,90.21,True,19.54,АФОНИНА Любовь Юрьевна,88,50.57,САЗОНОВ Герман Александрович,54,31.03,ПАВЛОВА Елена Валерьевна,32,18.39
Владимирская область,33,MUNICIPAL,mun_sm,"Муниципальный совет, одномандатный округ",Выборы депутатов Совета народных депутатов Вязниковского муниципального округа Владимирской области первого созыва,Округ №13,1,1,3,142,128,125,125,90.14,True,12.0,КРАСНОВ Михаил Александрович,57,45.6,МЕЗЕНЦЕВА Ирина Алексеевна,42,33.6,МАКСИМОВ Борис Евгеньевич,26,20.8
Владимирская область,33,MUNICIPAL,mun_sm,"Муниципальный совет, одномандатный округ",Выборы депутатов Совета народных депутатов Вязниковского муниципального округа Владимирской области первого созыва,Округ №14,1,1,3,147,126,125,125,85.71,True,36.0,СУХОВ Сергей Николаевич,74,59.2,ГАВРИЛОВА Наталья Сергеевна,29,23.2,ИВАНКОВ Борис Евгеньевич,22,17.6
Владимирская область,33,MUNICIPAL,mun_sm,"Муниципальный совет, одномандатный округ",Выборы депутатов Совета народных депутатов Вязниковского муниципального округа Владимирской области первого созыва,Округ №15,1,1,2,94,82,80,80,87.23,True,17.5,БОКОВАЯ Валентина Сергеевна,47,58.75,ЧИЧВАРКИНА Елена Петровна,33,41.25,,,
Владимирская область,33,MUNICIPAL,mun_sm,"Муниципальный совет, одномандатный округ",Выборы депутатов Совета народных депутатов Вязниковского муниципального округа Владимирской области первого созыва,Округ №16,1,1,3,145,121,120,120,83.45,True,48.33,СИДОРОВА Наталья Юрьевна,83,69.17,КСЕНОФОНТОВ Павел Юрьевич,25,20.83,СОКОЛОВА Галина Николаевна,12,10.0
Владимирская область,33,MUNICIPAL,mun_sm,"Муниципальный совет, одномандатный округ",Выборы депутатов Совета народных депутатов Вязниковского муниципального округа Владимирской области первого созыва,Округ №17,1,1,3,105,91,89,89,86.67,True,26.97,КУКЛЕВА Ольга Николаевна,48,53.93,АЛЕКСЕЕВ Егор Игоревич,24,26.97,ЛАВРЕНТЬЕВА Валентина Валерьевна,17,19.1
Владимирская область,33,MUNICIPAL,mun_sm,"Муниципальный совет, одномандатный округ",Выборы депутатов Совета народных депутатов Вязниковского муниципального округа Владимирской области первого созыва,Округ №18,1,1,3,172,150,149,149,87.21,True,33.56,ВЕДЕНЕЕВ Сергей Викторович,93,62.42,АГАПОВ Александр Викторович,43,28.86,ШУМИЛОВА Анна Васильевна,13,8.72
Владимирская область,33,MUNICIPAL,mun_sm,"Муниципальный совет, одномандатный округ",Выборы депутатов Совета народных депутатов Вязниковского муниципального округа Владимирской области первого созыва,Округ №19,1,1,3,103,88,87,87,85.44,True,9.2,РУКАВИШНИКОВ Павел Владимирович,35,40.23,СЕМЕНОВ Иван Романович,27,31.03,КОЗЯЕВ Сергей Александрович,25,28.74
Владимирская область,33,MUNICIPAL,mun_sm,"Муниципальный совет, одномандатный округ",Выборы депутатов Совета народных депутатов Вязниковского муниципального округа Владимирской области первого созыва,Округ №2,1,1,5,262,239,234,234,91.22,True,39.32,АЛЕКСЕЕВА Любовь Борисовна,131,55.98,РОМАНОВ Альберт Сергеевич,39,16.67,БАЗАНОВА Евгения Владимировна,30,12.82
Владимирская область,33,MUNICIPAL,mun_sm,"Муниципальный совет, одномандатный округ",Выборы депутатов Совета народных депутатов Вязниковского муниципального округа Владимирской области первого созыва,Округ №20,1,1,3,124,107,105,105,86.29,True,13.33,ГРАЧЕВА Ирина Валентиновна,53,50.48,КУЛЫГИН Михаил Александрович,39,37.14,КАЛЕНОВА Ирина Юрьевна,13,12.38
Владимирская область,33,MUNICIPAL,mun_sm,"Муниципальный совет, одномандатный округ",Выборы депутатов Совета народных депутатов Вязниковского муниципального округа Владимирской области первого созыва,Округ №21,1,1,3,155,123,121,121,79.35,True,38.84,СЫСОЕВ Андрей Борисович,73,60.33,ЖИЛЬЦОВА Светлана Михайловна,26,21.49,ВУКОЛОВА Наталья Анатольевна,22,18.18
Владимирская область,33,MUNICIPAL,mun_sm,"Муниципальный совет, одномандатный округ",Выборы депутатов Совета народных депутатов Вязниковского муниципального округа Владимирской области первого созыва,Округ №3,1,1,4,120,102,100,100,85.0,True,33.0,СОКОЛОВА Светлана Владимировна,57,57.0,КОВЕЗИНА Екатерина Алексеевна,24,24.0,ЕМЕЛЬЯНОВА Ева Алексеевна,15,15.0
Владимирская область,33,MUNICIPAL,mun_sm,"Муниципальный совет, одномандатный округ",Выборы депутатов Совета народных депутатов Вязниковского муниципального округа Владимирской области первого созыва,Округ №4,1,1,3,275,245,240,240,89.09,True,23.75,ПРОСКУРИНА Наталья Георгиевна,123,51.25,КОТОВА Ирина Алексеевна,66,27.5,КОРОЛЕВ Николай Алексеевич,51,21.25
Владимирская область,33,MUNICIPAL,mun_sm,"Муниципальный совет, одномандатный округ",Выборы депутатов Совета народных депутатов Вязниковского муниципального округа Владимирской области первого созыва,Округ №5,1,1,4,232,208,204,204,89.66,True,21.08,ВАРАКИН Дмитрий Сергеевич,92,45.1,РОМАНОВА Елена Викторовна,49,24.02,БЕРСЕНЕВА Светлана Александровна,37,18.14
Владимирская область,33,MUNICIPAL,mun_sm,"Муниципальный совет, одномандатный округ",Выборы депутатов Совета народных депутатов Вязниковского муниципального округа Владимирской области первого созыва,Округ №6,1,1,3,190,164,161,161,86.32,True,28.57,ВЕДЕНЕЕВ Андрей Вадимович,87,54.04,ЕРМОЛАЕВА Марина Владимировна,41,25.47,НЕФЕДОВ Дмитрий Александрович,33,20.5
Владимирская область,33,MUNICIPAL,mun_sm,"Муниципальный совет, одномандатный округ",Выборы депутатов Совета народных депутатов Вязниковского муниципального округа Владимирской области первого созыва,Округ №7,1,1,3,247,219,211,211,88.66,True,32.7,СТАРОДУБОВА Галина Венальевна,117,55.45,ЮСОВА Анна Викторовна,48,22.75,САБЛИН Филипп Вадимович,46,21.8
Владимирская область,33,MUNICIPAL,mun_sm,"Муниципальный совет, одномандатный округ",Выборы депутатов Совета народных депутатов Вязниковского муниципального округа Владимирской области первого созыва,Округ №8,1,1,3,277,248,244,244,89.53,True,15.57,МАКСИМОВ Александр Иванович,111,45.49,МИНЕЕВ Антон Александрович,73,29.92,БАЛОВА Юлия Валерьевна,60,24.59
Владимирская область,33,MUNICIPAL,mun_sm,"Муниципальный совет, одномандатный округ",Выборы депутатов Совета народных депутатов Вязниковского муниципального округа Владимирской области первого созыва,Округ №9,1,1,2,255,236,233,233,92.55,True,9.01,ЮСОВА Светлана Сергеевна,127,54.51,КОВАЛЕВА Надежда Александровна,106,45.49,,,
Владимирская область,33,MUNICIPAL,mun_sm,"Муниципальный совет, одномандатный округ",Дополнительные выборы депутата Совета народных депутатов Александровского муниципального округа Владимирской области первого созыва по одномандатному избирательному округу №1,Округ №1,1,1,4,226,206,202,202,91.15,True,8.91,ЗАХАРЧЕНКО Илья Иванович,83,41.09,ВИРВИЧАС Роман Николаевич,65,32.18,ЗАЦЕПИНА Екатерина Алексеевна,39,19.31
Владимирская область,33,MUNICIPAL,mun_sm,"Муниципальный совет, одномандатный округ",Дополнительные выборы депутата Совета народных депутатов Меленковского муниципального округа Владимирской области первого созыва по одномандатному избирательному округу №15,Пятнадцатый,1,1,2,118,114,111,111,96.61,True,42.34,БЕЛЬЧИХИН Иван Николаевич,79,71.17,ЛИХАЧЕВА Наталья Григорьевна,32,28.83,,,
Владимирская область,33,MUNICIPAL,mun_sm,"Муниципальный совет, одномандатный округ",Дополнительные выборы депутата Совета народных депутатов Петушинского муниципального округа Владимирской области первого созыва по одномандатному избирательному округу № 4,Четвертый,1,1,4,88,76,76,76,86.36,True,17.11,МАХНЕВ Алексей Владимирович,32,42.11,КУЗЬМЕНКО Глеб Сергеевич,19,25.0,БАЕВ Алексей Сергеевич,16,21.05
Владимирская область,33,MUNICIPAL,mun_sm,"Муниципальный совет, одномандатный округ",Дополнительные выборы депутата Совета народных депутатов Юрьев-Польского муниципального округа Владимирской области первого созыва по одномандатному избирательному округу № 10,Десятый,1,1,3,88,80,80,80,90.91,True,31.25,КУЗНЕЦОВА Светлана Николаевна,45,56.25,ГАЛЯМШИНА Наталья Александровна,20,25.0,КРАСНОЩЕКОВ Александр Михайлович,15,18.75
Владимирская область,33,MUNICIPAL,mun_sm,"Муниципальный совет, одномандатный округ",Дополнительные выборы депутата Совета народных депутатов муниципального образования город Гусь-Хрустальный Владимирской области восьмого созыва по одномандатному избирательному округу № 5,Пятый,1,1,3,128,115,112,112,89.84,True,30.36,ТИТЕНИН Дмитрий Сергеевич,66,58.93,ОБРЫВАЛИН Вадим Александрович,32,28.57,СОЧНЕВА Елена Геннадьевна,14,12.5
Владимирская область,33,MUNICIPAL,mun_sm,"Муниципальный совет, одномандатный округ","Дополнительные выборы депутатов Совета народных депутатов Собинского муниципального округа Владимирской области первого созыва по одномандатным избирательным округам №4, №9, №14 и №24",Двадцать четвертый,1,1,6,91,84,83,83,92.31,True,15.66,АВДЕЕНКО Светлана Витальевна,34,40.96,БОЙКОВ Андрей Вячеславович,21,25.3,ЩИТКОВСКАЯ Анна Витальевна,21,25.3
Владимирская область,33,MUNICIPAL,mun_sm,"Муниципальный совет, одномандатный округ","Дополнительные выборы депутатов Совета народных депутатов Собинского муниципального округа Владимирской области первого созыва по одномандатным избирательным округам №4, №9, №14 и №24",Девятый,1,1,6,105,94,93,93,89.52,True,31.18,СМОРЖАНЮК Владимир Игоревич,42,45.16,ЗОЛОТОВА Ирина Юрьевна,13,13.98,ШАМИЛОВСКИЙ Александр Михайлович,13,13.98
Владимирская область,33,MUNICIPAL,mun_sm,"Муниципальный совет, одномандатный округ","Дополнительные выборы депутатов Совета народных депутатов Собинского муниципального округа Владимирской области первого созыва по одномандатным избирательным округам №4, №9, №14 и №24",Четвертый,1,1,6,130,112,110,110,86.15,True,9.09,ЧЕРНОВ Сергей Александрович,33,30.0,ГАВРИЛОВА Юлия Константиновна,23,20.91,САВЕЛЬЕВА Светлана Евгеньевна,19,17.27
Владимирская область,33,MUNICIPAL,mun_sm,"Муниципальный совет, одномандатный округ","Дополнительные выборы депутатов Совета народных депутатов Собинского муниципального округа Владимирской области первого созыва по одномандатным избирательным округам №4, №9, №14 и №24",Четырнадцатый,1,1,6,101,84,83,83,83.17,True,31.33,ЗАЙЦЕВА Ирина Михайловна,44,53.01,НИКИТИН Дмитрий Владимирович,18,21.69,ЗАИНЧКОВСКИЙ Михаил Русланович,10,12.05
Владимирская область,33,REGIONAL,reg_sm,"Заксобрание, одномандатный округ",Дополнительные выборы депутата Законодательного Собрания Владимирской области восьмого созыва по одномандатному избирательному округу № 24,Одномандатный избирательный округ №24,1,1,2,3176,2819,2782,2782,88.76,True,8.27,МИНЕЕВ Антон Александрович,1506,54.13,МАМЕЕВ Сергей Станиславович,1276,45.87,,,
Вологодская область,35,FEDERAL,duma_sm,"Госдума, одномандатный округ",Выборы депутатов Государственной Думы Федерального Собрания Российской Федерации девятого созыва,Вологодская область – Вологодский,14,1,10,28259,25466,25222,25222,90.12,True,12.37,СЕЛЯНИН Сергей Леонидович,7468,29.61,ЕРШОВ Олег Александрович,4349,17.24,БОРИСОВ Александр Игоревич,3828,15.18
Вологодская область,35,FEDERAL,duma_sm,"Госдума, одномандатный округ",Выборы депутатов Государственной Думы Федерального Собрания Российской Федерации девятого созыва,Вологодская область – Череповецкий,14,1,9,27528,24854,24608,24608,90.29,True,3.16,ГРАЧЕВА Светлана Анатольевна,5960,24.22,МОРОЗОВ Александр Николаевич,5182,21.06,МОЗАЛЕВСКАЯ Ирина Валерьевна,3100,12.6
Вологодская область,35,FEDERAL,duma_pl,"Госдума, партсписок",Выборы депутатов Государственной Думы Федерального Собрания Российской Федерации девятого созыва,,28,1,10,55787,50320,50107,50107,90.2,True,11.39,Единая Россия,16086,32.1,КПРФ,10379,20.71,Новые люди,8865,17.69
Вологодская область,35,MUNICIPAL,mun_sm,"Муниципальный совет, одномандатный округ","Дополнительные выборы депутатов Вологодской городской Думы по одномандатным избирательным округам №№ 4, 11, 13, 16",одномандатный избирательный округ № 11,1,1,5,554,504,495,495,90.97,True,21.62,ГОТФРИД Наталья Германовна,193,38.99,ОЖИГИН Димитрий Сергеевич,86,17.37,СИНЯЕВ Игорь Михайлович,83,16.77
Вологодская область,35,MUNICIPAL,mun_sm,"Муниципальный совет, одномандатный округ","Дополнительные выборы депутатов Вологодской городской Думы по одномандатным избирательным округам №№ 4, 11, 13, 16",одномандатный избирательный округ № 13,1,1,4,598,549,548,548,91.81,True,10.22,ШИРОКОВА Светлана Александровна,220,40.15,КОМАРНИЦКАЯ Марина Витальевна,164,29.93,НОВИНСКИЙ Никита Алексеевич,106,19.34
Вологодская область,35,MUNICIPAL,mun_sm,"Муниципальный совет, одномандатный округ","Дополнительные выборы депутатов Вологодской городской Думы по одномандатным избирательным округам №№ 4, 11, 13, 16",одномандатный избирательный округ № 16,1,1,5,543,488,487,487,89.87,True,1.44,ИГНАТЬЕВ Михаил Владимирович,141,28.95,ШЕЛГИНСКИХ Ростислав Сергеевич,134,27.52,АФРИКАНОВ Александр Михайлович,95,19.51
Вологодская область,35,MUNICIPAL,mun_sm,"Муниципальный совет, одномандатный округ","Дополнительные выборы депутатов Вологодской городской Думы по одномандатным избирательным округам №№ 4, 11, 13, 16",одномандатный избирательный округ № 4,1,1,5,520,466,461,461,89.62,True,0.87,ЕРШОВ Олег Александрович,148,32.1,ЗАЙЦЕВ Александр Борисович,144,31.24,ТИХОВ Андрей Евгеньевич,91,19.74
Вологодская область,35,REGIONAL,reg_pl,"Заксобрание, партсписок",Выборы депутатов Законодательного Собрания Вологодской области,,17,1,7,55787,50320,49758,49758,90.2,True,9.51,Единая Россия,15384,30.92,КПРФ,10653,21.41,Новые люди,8913,17.91
Вологодская область,35,REGIONAL,reg_sm,"Заксобрание, одномандатный округ",Выборы депутатов Законодательного Собрания Вологодской области,Бабаевский,1,1,7,2887,2629,2591,2591,91.06,True,4.59,НИКОНОВ Артем Викторович,800,30.88,КОСЁНКОВ Александр Владимирович,681,26.28,ГОРБУНОВ Дмитрий Юрьевич,344,13.28
Вологодская область,35,REGIONAL,reg_sm,"Заксобрание, одномандатный округ",Выборы депутатов Законодательного Собрания Вологодской области,Великоустюгский,1,1,6,2802,2546,2509,2509,90.86,True,9.29,ДОЛГИНА Наталья Николаевна,837,33.36,СЕЛЯКОВ Владимир Сергеевич,604,24.07,ТАРАБУКИН Гинтарас Николаевич,389,15.5
Вологодская область,35,REGIONAL,reg_sm,"Заксобрание, одномандатный округ",Выборы депутатов Законодательного Собрания Вологодской области,Вологодский (сельский),1,1,6,2731,2457,2410,2410,89.97,True,8.38,ТРУФАНОВА Галина Прокопьевна,685,28.42,ЧИГОНИН Дмитрий Сергеевич,483,20.04,ЖИГАНОВА Светлана Павловна,426,17.68
Вологодская область,35,REGIONAL,reg_sm,"Заксобрание, одномандатный округ",Выборы депутатов Законодательного Собрания Вологодской области,Восточный,1,1,6,2829,2550,2517,2517,90.14,True,8.26,ТИХОМИРОВ Михаил Станиславович,741,29.44,ПЛОТНИКОВ Николай Юрьевич,533,21.18,ШЕЛГИНСКИХ Ростислав Сергеевич,527,20.94
Вологодская область,35,REGIONAL,reg_sm,"Заксобрание, одномандатный округ",Выборы депутатов Законодательного Собрания Вологодской области,Вытегорский,1,1,6,2715,2442,2413,2413,89.94,True,9.37,ГОЛИК Алексей Юрьевич,793,32.86,МЕЛЬНИКОВ Александр Сергеевич,567,23.5,УГЛОВА Елизавета Валерьевна,408,16.91
Вологодская область,35,REGIONAL,reg_sm,"Заксобрание, одномандатный округ",Выборы депутатов Законодательного Собрания Вологодской области,Грязовецкий,1,1,6,2945,2628,2590,2590,89.24,True,18.92,МАСЛОВ Алексей Сергеевич,997,38.49,КОПНИЧЕВА Евгения Михайловна,507,19.58,ПОЛЯКОВ Кирилл Максимович,458,17.68
Вологодская область,35,REGIONAL,reg_sm,"Заксобрание, одномандатный округ",Выборы депутатов Законодательного Собрания Вологодской области,Западный,1,1,6,2753,2480,2438,2438,90.08,True,31.79,ХОЛОДОВ Антон Юрьевич,1148,47.09,ОСЕКИНА Софья Дмитриевна,373,15.3,ПОТАПОВ Андрей Михайлович,258,10.58
Вологодская область,35,REGIONAL,reg_sm,"Заксобрание, одномандатный округ",Выборы депутатов Законодательного Собрания Вологодской области,Заречный,1,1,6,4080,3706,3665,3665,90.83,True,0.44,КУДРЯВЦЕВА Елена Леонидовна,843,23.0,БОРИСОВ Александр Игоревич,827,22.56,ЧЕКИНА Ольга Васильевна,708,19.32
Вологодская область,35,REGIONAL,reg_sm,"Заксобрание, одномандатный округ",Выборы депутатов Законодательного Собрания Вологодской области,Индустриальный,1,1,7,3708,3311,3254,3254,89.29,True,10.17,ПУЛИН Андрей Геннадьевич,899,27.63,МОЗАЛЕВСКАЯ Ирина Валерьевна,568,17.46,СИДОРОВ Алексей Вячеславович,552,16.96
Вологодская область,35,REGIONAL,reg_sm,"Заксобрание, одномандатный округ",Выборы депутатов Законодательного Собрания Вологодской области,Никольский,1,1,5,2663,2373,2336,2336,89.11,True,6.04,ГРОМОВ Михаил Сергеевич,751,32.15,ШИЛОВ Валерий Анатольевич,610,26.11,БЕЛОЗЕРОВ Андрей Сергеевич,451,19.31
Вологодская область,35,REGIONAL,reg_sm,"Заксобрание, одномандатный округ",Выборы депутатов Законодательного Собрания Вологодской области,Первомайский,1,1,7,3875,3510,3469,3469,90.58,True,3.69,ДАНИЛИЧЕВ Дмитрий Владимирович,893,25.74,ВАРНАВСКИЙ Николай Алексеевич,765,22.05,АКИМЫШЕВ Сергей Евгеньевич,631,18.19
Вологодская область,35,REGIONAL,reg_sm,"Заксобрание, одномандатный округ",Выборы депутатов Законодательного Собрания Вологодской области,Северо-западный,1,1,7,3583,3212,3165,3165,89.65,True,6.82,БЫКОВА Елена Олеговна,947,29.92,ВАСИЛЕВСКИЙ Владимир Владимирович,731,23.1,ГЕРАСИМОВ Дмитрий Алексеевич,477,15.07
Вологодская область,35,REGIONAL,reg_sm,"Заксобрание, одномандатный округ",Выборы депутатов Законодательного Собрания Вологодской области,Сокольский,1,1,5,2935,2586,2539,2539,88.11,True,10.52,ДИАНОВ Анатолий Александрович,921,36.27,МАСЛОВ Александр Валентинович,654,25.76,АФРИКАНОВА Александра Григорьевна,436,17.17
Вологодская область,35,REGIONAL,reg_sm,"Заксобрание, одномандатный округ",Выборы депутатов Законодательного Собрания Вологодской области,Центральный,1,1,6,2910,2633,2600,2600,90.48,True,5.92,САПОЖНИКОВ Юрий Владимирович,840,32.31,ЕРШОВ Олег Александрович,686,26.38,СТЕПАНОВ Андрей Васильевич,427,16.42
Вологодская область,35,REGIONAL,reg_sm,"Заксобрание, одномандатный округ",Выборы депутатов Законодательного Собрания Вологодской области,Череповецкий (сельский),1,1,6,3957,3579,3521,3521,90.45,True,3.46,АНАНЬИН Михаил Анатольевич,967,27.46,ПОПОВА Алена Сергеевна,845,24.0,КОЩЕЕВ Алексей Валерьевич,785,22.29
Вологодская область,35,REGIONAL,reg_sm,"Заксобрание, одномандатный округ",Выборы депутатов Законодательного Собрания Вологодской области,Юго-восточный,1,1,7,5250,4806,4743,4743,91.54,True,1.75,ТЯПАЙКИНА Татьяна Александровна,1156,24.37,МОРОЗОВ Александр Николаевич,1073,22.62,ЯБЛОКОВ Юрий Васильевич,1045,22.03
Вологодская область,35,REGIONAL,reg_sm,"Заксобрание, одномандатный округ",Выборы депутатов Законодательного Собрания Вологодской области,Южный,1,1,5,3164,2872,2833,2833,90.77,True,16.59,ЗАВАРИН Роман Юрьевич,1128,39.82,МОРГАЧЕВ Владимир Владимирович,658,23.23,ТУРКИН Алексей Сергеевич,648,22.87
Калининградская область,39,FEDERAL,duma_sm,"Госдума, одномандатный округ",Выборы депутатов Государственной Думы Федерального Собрания Российской Федерации девятого созыва,Калининградская область – Калининградский,13,1,7,35441,31886,31557,31557,89.97,True,20.7,КОЗЛОВ Андрей Владимирович,12989,41.16,БУЛАНОВ Максим Васильевич,6457,20.46,СИДОРОВ Виктор Владимирович,3755,11.9
Калининградская область,39,FEDERAL,duma_sm,"Госдума, одномандатный округ",Выборы депутатов Государственной Думы Федерального Собрания Российской Федерации девятого созыва,Калининградская область – Центральный,12,1,10,35642,32180,31841,31841,90.29,True,30.62,ОРГЕЕВА Марина Эдуардовна,14027,44.05,МИШИН Евгений Викторович,4276,13.43,АЛЕШКИН Андрей Владимирович,2848,8.94
Калининградская область,39,FEDERAL,duma_pl,"Госдума, партсписок",Выборы депутатов Государственной Думы Федерального Собрания Российской Федерации девятого созыва,,25,1,10,71083,64066,63796,63796,90.13,True,38.72,Единая Россия,34142,53.52,Новые люди,9438,14.79,ЛДПР,6863,10.76
Калининградская область,39,MUNICIPAL,mun_sm,"Муниципальный совет, одномандатный округ",Выборы депутатов Гурьевского окружного Совета депутатов Калининградской области седьмого созыва,Одномандатный избирательный округ № 1,1,1,3,212,192,186,186,90.57,False,1.61,№3,82,44.09,№1,79,42.47,№2,25,13.44
Калининградская область,39,MUNICIPAL,mun_sm,"Муниципальный совет, одномандатный округ",Выборы депутатов Гурьевского окружного Совета депутатов Калининградской области седьмого созыва,Одномандатный избирательный округ № 10,1,1,3,272,250,247,247,91.91,False,65.18,№1,192,77.73,№2,31,12.55,№3,24,9.72
Калининградская область,39,MUNICIPAL,mun_sm,"Муниципальный совет, одномандатный округ",Выборы депутатов Гурьевского окружного Совета депутатов Калининградской области седьмого созыва,Одномандатный избирательный округ № 11,1,1,2,246,221,219,219,89.84,False,5.94,№2,116,52.97,№1,103,47.03,,,
Калининградская область,39,MUNICIPAL,mun_sm,"Муниципальный совет, одномандатный округ",Выборы депутатов Гурьевского окружного Совета депутатов Калининградской области седьмого созыва,Одномандатный избирательный округ № 12,1,1,2,252,220,218,218,87.3,False,21.1,№1,132,60.55,№2,86,39.45,,,
Калининградская область,39,MUNICIPAL,mun_sm,"Муниципальный совет, одномандатный округ",Выборы депутатов Гурьевского окружного Совета депутатов Калининградской области седьмого созыва,Одномандатный избирательный округ № 13,1,1,2,282,238,229,229,84.4,False,4.8,№2,120,52.4,№1,109,47.6,,,
Калининградская область,39,MUNICIPAL,mun_sm,"Муниципальный совет, одномандатный округ",Выборы депутатов Гурьевского окружного Совета депутатов Калининградской области седьмого созыва,Одномандатный избирательный округ № 14,1,1,2,294,259,253,253,88.1,False,40.71,№1,178,70.36,№2,75,29.64,,,
Калининградская область,39,MUNICIPAL,mun_sm,"Муниципальный совет, одномандатный округ",Выборы депутатов Гурьевского окружного Совета депутатов Калининградской области седьмого созыва,Одномандатный избирательный округ № 15,1,1,4,301,270,263,263,89.7,False,18.25,№1,112,42.59,№2,64,24.33,№4,53,20.15
Калининградская область,39,MUNICIPAL,mun_sm,"Муниципальный совет, одномандатный округ",Выборы депутатов Гурьевского окружного Совета депутатов Калининградской области седьмого созыва,Одномандатный избирательный округ № 16,1,1,3,362,321,315,315,88.67,False,33.65,№1,197,62.54,№3,91,28.89,№2,27,8.57
Калининградская область,39,MUNICIPAL,mun_sm,"Муниципальный совет, одномандатный округ",Выборы депутатов Гурьевского окружного Совета депутатов Калининградской области седьмого созыва,Одномандатный избирательный округ № 17,1,1,2,296,272,262,262,91.89,False,19.85,№1,157,59.92,№2,105,40.08,,,
Калининградская область,39,MUNICIPAL,mun_sm,"Муниципальный совет, одномандатный округ",Выборы депутатов Гурьевского окружного Совета депутатов Калининградской области седьмого созыва,Одномандатный избирательный округ № 18,1,1,2,260,240,235,235,92.31,False,48.09,№1,174,74.04,№2,61,25.96,,,
Калининградская область,39,MUNICIPAL,mun_sm,"Муниципальный совет, одномандатный округ",Выборы депутатов Гурьевского окружного Совета депутатов Калининградской области седьмого созыва,Одномандатный избирательный округ № 19,1,1,2,308,268,263,263,87.01,False,30.04,№2,171,65.02,№1,92,34.98,,,
Калининградская область,39,MUNICIPAL,mun_sm,"Муниципальный совет, одномандатный округ",Выборы депутатов Гурьевского окружного Совета депутатов Калининградской области седьмого созыва,Одномандатный избирательный округ № 2,1,1,2,234,195,189,189,83.33,False,5.82,№1,100,52.91,№2,89,47.09,,,
Калининградская область,39,MUNICIPAL,mun_sm,"Муниципальный совет, одномандатный округ",Выборы депутатов Гурьевского окружного Совета депутатов Калининградской области седьмого созыва,Одномандатный избирательный округ № 20,1,1,2,293,272,266,266,92.83,False,15.79,№2,154,57.89,№1,112,42.11,,,
Калининградская область,39,MUNICIPAL,mun_sm,"Муниципальный совет, одномандатный округ",Выборы депутатов Гурьевского окружного Совета депутатов Калининградской области седьмого созыва,Одномандатный избирательный округ № 21,1,1,3,261,226,225,225,86.59,False,39.56,№1,136,60.44,№3,47,20.89,№2,42,18.67
Калининградская область,39,MUNICIPAL,mun_sm,"Муниципальный совет, одномандатный округ",Выборы депутатов Гурьевского окружного Совета депутатов Калининградской области седьмого созыва,Одномандатный избирательный округ № 22,1,1,2,261,227,226,226,86.97,False,35.4,№2,153,67.7,№1,73,32.3,,,
Калининградская область,39,MUNICIPAL,mun_sm,"Муниципальный совет, одномандатный округ",Выборы депутатов Гурьевского окружного Совета депутатов Калининградской области седьмого созыва,Одномандатный избирательный округ № 23,1,1,2,230,207,202,202,90.0,False,1.98,№1,103,50.99,№2,99,49.01,,,
Калининградская область,39,MUNICIPAL,mun_sm,"Муниципальный совет, одномандатный округ",Выборы депутатов Гурьевского окружного Совета депутатов Калининградской области седьмого созыва,Одномандатный избирательный округ № 24,1,1,2,287,241,234,234,83.97,False,17.95,№2,138,58.97,№1,96,41.03,,,
Калининградская область,39,MUNICIPAL,mun_sm,"Муниципальный совет, одномандатный округ",Выборы депутатов Гурьевского окружного Совета депутатов Калининградской области седьмого созыва,Одномандатный избирательный округ № 25,1,1,2,277,245,238,238,88.45,False,20.17,№1,143,60.08,№2,95,39.92,,,
Калининградская область,39,MUNICIPAL,mun_sm,"Муниципальный совет, одномандатный округ",Выборы депутатов Гурьевского окружного Совета депутатов Калининградской области седьмого созыва,Одномандатный избирательный округ № 3,1,1,3,286,254,251,251,88.81,False,26.69,№2,131,52.19,№3,64,25.5,№1,56,22.31
Калининградская область,39,MUNICIPAL,mun_sm,"Муниципальный совет, одномандатный округ",Выборы депутатов Гурьевского окружного Совета депутатов Калининградской области седьмого созыва,Одномандатный избирательный округ № 4,1,1,2,236,198,192,192,83.9,False,25.0,№1,120,62.5,№2,72,37.5,,,
Калининградская область,39,MUNICIPAL,mun_sm,"Муниципальный совет, одномандатный округ",Выборы депутатов Гурьевского окружного Совета депутатов Калининградской области седьмого созыва,Одномандатный избирательный округ № 5,1,1,2,195,167,164,164,85.64,False,28.05,№1,105,64.02,№2,59,35.98,,,
Калининградская область,39,MUNICIPAL,mun_sm,"Муниципальный совет, одномандатный округ",Выборы депутатов Гурьевского окружного Совета депутатов Калининградской области седьмого созыва,Одномандатный избирательный округ № 6,1,1,2,237,219,214,214,92.41,False,34.58,№1,144,67.29,№2,70,32.71,,,
Калининградская область,39,MUNICIPAL,mun_sm,"Муниципальный совет, одномандатный округ",Выборы депутатов Гурьевского окружного Совета депутатов Калининградской области седьмого созыва,Одномандатный избирательный округ № 7,1,1,3,280,260,256,256,92.86,False,44.14,№1,161,62.89,№2,48,18.75,№3,47,18.36
Калининградская область,39,MUNICIPAL,mun_sm,"Муниципальный совет, одномандатный округ",Выборы депутатов Гурьевского окружного Совета депутатов Калининградской области седьмого созыва,Одномандатный избирательный округ № 8,1,1,3,293,254,250,250,86.69,False,11.2,№3,114,45.6,№1,86,34.4,№2,50,20.0
Калининградская область,39,MUNICIPAL,mun_sm,"Муниципальный совет, одномандатный округ",Выборы депутатов Гурьевского окружного Совета депутатов Калининградской области седьмого созыва,Одномандатный избирательный округ № 9,1,1,2,341,300,295,295,87.98,False,31.53,№1,194,65.76,№2,101,34.24,,,
Калининградская область,39,MUNICIPAL,mun_sm,"Муниципальный совет, одномандатный округ",Выборы депутатов городского Совета депутатов Калининграда восьмого созыва,Одномандатный избирательный округ № 1,1,1,6,1063,963,947,947,90.59,False,29.88,№1,444,46.88,№4,161,17.0,№2,145,15.31
Калининградская область,39,MUNICIPAL,mun_sm,"Муниципальный совет, одномандатный округ",Выборы депутатов городского Совета депутатов Калининграда восьмого созыва,Одномандатный избирательный округ № 10,1,1,5,1078,985,966,966,91.37,False,6.73,№2,376,38.92,№3,311,32.19,№1,152,15.73
Калининградская область,39,MUNICIPAL,mun_sm,"Муниципальный совет, одномандатный округ",Выборы депутатов городского Совета депутатов Калининграда восьмого созыва,Одномандатный избирательный округ № 11,1,1,5,1263,1153,1133,1133,91.29,False,27.8,№2,524,46.25,№1,209,18.45,№4,198,17.48
Калининградская область,39,MUNICIPAL,mun_sm,"Муниципальный совет, одномандатный округ",Выборы депутатов городского Совета депутатов Калининграда восьмого созыва,Одномандатный избирательный округ № 12,1,1,5,1268,1158,1137,1137,91.32,False,17.77,№3,441,38.79,№5,239,21.02,№1,232,20.4
Калининградская область,39,MUNICIPAL,mun_sm,"Муниципальный совет, одномандатный округ",Выборы депутатов городского Совета депутатов Калининграда восьмого созыва,Одномандатный избирательный округ № 13,1,1,5,1109,1013,992,992,91.34,False,33.57,№2,502,50.6,№4,169,17.04,№3,138,13.91
Калининградская область,39,MUNICIPAL,mun_sm,"Муниципальный совет, одномандатный округ",Выборы депутатов городского Совета депутатов Калининграда восьмого созыва,Одномандатный избирательный округ № 14,1,1,6,1054,946,930,930,89.75,False,26.34,№5,416,44.73,№3,171,18.39,№1,163,17.53
Калининградская область,39,MUNICIPAL,mun_sm,"Муниципальный совет, одномандатный округ",Выборы депутатов городского Совета депутатов Калининграда восьмого созыва,Одномандатный избирательный округ № 15,1,1,5,1135,1024,1010,1010,90.22,False,23.66,№4,465,46.04,№1,226,22.38,№5,142,14.06
Калининградская область,39,MUNICIPAL,mun_sm,"Муниципальный совет, одномандатный округ",Выборы депутатов городского Совета депутатов Калининграда восьмого созыва,Одномандатный избирательный округ № 16,1,1,6,1454,1314,1293,1293,90.37,False,27.84,№1,641,49.57,№6,281,21.73,№4,143,11.06
Калининградская область,39,MUNICIPAL,mun_sm,"Муниципальный совет, одномандатный округ",Выборы депутатов городского Совета депутатов Калининграда восьмого созыва,Одномандатный избирательный округ № 17,1,1,5,1145,1036,1021,1021,90.48,False,21.65,№3,450,44.07,№4,229,22.43,№2,148,14.5
Калининградская область,39,MUNICIPAL,mun_sm,"Муниципальный совет, одномандатный округ",Выборы депутатов городского Совета депутатов Калининграда восьмого созыва,Одномандатный избирательный округ № 18,1,1,5,1426,1285,1273,1273,90.11,False,22.78,№4,569,44.7,№2,279,21.92,№1,175,13.75
Калининградская область,39,MUNICIPAL,mun_sm,"Муниципальный совет, одномандатный округ",Выборы депутатов городского Совета депутатов Калининграда восьмого созыва,Одномандатный избирательный округ № 19,1,1,5,1138,1033,1016,1016,90.77,False,28.94,№4,481,47.34,№5,187,18.41,№2,132,12.99
Калининградская область,39,MUNICIPAL,mun_sm,"Муниципальный совет, одномандатный округ",Выборы депутатов городского Совета депутатов Калининграда восьмого созыва,Одномандатный избирательный округ № 2,1,1,5,1377,1257,1236,1236,91.29,False,39.24,№1,702,56.8,№3,217,17.56,№4,149,12.06
Калининградская область,39,MUNICIPAL,mun_sm,"Муниципальный совет, одномандатный округ",Выборы депутатов городского Совета депутатов Калининграда восьмого созыва,Одномандатный избирательный округ № 20,1,1,4,1079,961,946,946,89.06,False,17.97,№1,412,43.55,№2,242,25.58,№3,147,15.54
Калининградская область,39,MUNICIPAL,mun_sm,"Муниципальный совет, одномандатный округ",Выборы депутатов городского Совета депутатов Калининграда восьмого созыва,Одномандатный избирательный округ № 21,1,1,5,1476,1351,1329,1329,91.53,False,24.68,№4,613,46.12,№1,285,21.44,№5,212,15.95
Калининградская область,39,MUNICIPAL,mun_sm,"Муниципальный совет, одномандатный округ",Выборы депутатов городского Совета депутатов Калининграда восьмого созыва,Одномандатный избирательный округ № 22,1,1,5,1536,1413,1392,1392,91.99,False,19.47,№3,558,40.09,№1,287,20.62,№2,282,20.26
Калининградская область,39,MUNICIPAL,mun_sm,"Муниципальный совет, одномандатный округ",Выборы депутатов городского Совета депутатов Калининграда восьмого созыва,Одномандатный избирательный округ № 23,1,1,5,1333,1204,1193,1193,90.32,False,31.94,№5,574,48.11,№1,193,16.18,№4,165,13.83
Калининградская область,39,MUNICIPAL,mun_sm,"Муниципальный совет, одномандатный округ",Выборы депутатов городского Совета депутатов Калининграда восьмого созыва,Одномандатный избирательный округ № 24,1,1,5,1617,1477,1458,1458,91.34,False,28.26,№4,671,46.02,№5,259,17.76,№2,253,17.35
Калининградская область,39,MUNICIPAL,mun_sm,"Муниципальный совет, одномандатный округ",Выборы депутатов городского Совета депутатов Калининграда восьмого созыва,Одномандатный избирательный округ № 25,1,1,5,1318,1194,1177,1177,90.59,False,19.54,№1,474,40.27,№2,244,20.73,№5,203,17.25
Калининградская область,39,MUNICIPAL,mun_sm,"Муниципальный совет, одномандатный округ",Выборы депутатов городского Совета депутатов Калининграда восьмого созыва,Одномандатный избирательный округ № 26,1,1,6,1217,1114,1091,1091,91.54,False,28.78,№3,466,42.71,№2,152,13.93,№5,146,13.38
Калининградская область,39,MUNICIPAL,mun_sm,"Муниципальный совет, одномандатный округ",Выборы депутатов городского Совета депутатов Калининграда восьмого созыва,Одномандатный избирательный округ № 27,1,1,6,1240,1140,1123,1123,91.94,False,19.32,№3,455,40.52,№6,238,21.19,№4,145,12.91
Калининградская область,39,MUNICIPAL,mun_sm,"Муниципальный совет, одномандатный округ",Выборы депутатов городского Совета депутатов Калининграда восьмого созыва,Одномандатный избирательный округ № 28,1,1,6,1216,1076,1051,1051,88.49,False,26.55,№1,462,43.96,№3,183,17.41,№5,161,15.32
Калининградская область,39,MUNICIPAL,mun_sm,"Муниципальный совет, одномандатный округ",Выборы депутатов городского Совета депутатов Калининграда восьмого созыва,Одномандатный избирательный округ № 29,1,1,6,1216,1080,1059,1059,88.82,False,19.36,№5,445,42.02,№1,240,22.66,№3,144,13.6
Калининградская область,39,MUNICIPAL,mun_sm,"Муниципальный совет, одномандатный округ",Выборы депутатов городского Совета депутатов Калининграда восьмого созыва,Одномандатный избирательный округ № 3,1,1,5,1185,1062,1052,1052,89.62,False,29.56,№2,490,46.58,№3,179,17.02,№4,162,15.4
Калининградская область,39,MUNICIPAL,mun_sm,"Муниципальный совет, одномандатный округ",Выборы депутатов городского Совета депутатов Калининграда восьмого созыва,Одномандатный избирательный округ № 30,1,1,5,1261,1122,1096,1096,88.98,False,25.09,№4,510,46.53,№2,235,21.44,№3,179,16.33
Калининградская область,39,MUNICIPAL,mun_sm,"Муниципальный совет, одномандатный округ",Выборы депутатов городского Совета депутатов Калининграда восьмого созыва,Одномандатный избирательный округ № 4,1,1,5,1533,1412,1390,1390,92.11,False,30.65,№2,728,52.37,№4,302,21.73,№1,133,9.57
Калининградская область,39,MUNICIPAL,mun_sm,"Муниципальный совет, одномандатный округ",Выборы депутатов городского Совета депутатов Калининграда восьмого созыва,Одномандатный избирательный округ № 5,1,1,5,1325,1199,1179,1179,90.49,False,20.1,№4,491,41.65,№3,254,21.54,№5,168,14.25
Калининградская область,39,MUNICIPAL,mun_sm,"Муниципальный совет, одномандатный округ",Выборы депутатов городского Совета депутатов Калининграда восьмого созыва,Одномандатный избирательный округ № 6,1,1,5,1253,1136,1122,1122,90.66,False,42.16,№4,628,55.97,№5,155,13.81,№2,149,13.28
Калининградская область,39,MUNICIPAL,mun_sm,"Муниципальный совет, одномандатный округ",Выборы депутатов городского Совета депутатов Калининграда восьмого созыва,Одномандатный избирательный округ № 7,1,1,6,1440,1297,1282,1282,90.07,False,27.3,№2,569,44.38,№3,219,17.08,№1,149,11.62
Калининградская область,39,MUNICIPAL,mun_sm,"Муниципальный совет, одномандатный округ",Выборы депутатов городского Совета депутатов Калининграда восьмого созыва,Одномандатный избирательный округ № 8,1,1,5,1328,1185,1155,1155,89.23,False,30.56,№1,559,48.4,№4,206,17.84,№5,170,14.72
Калининградская область,39,MUNICIPAL,mun_sm,"Муниципальный совет, одномандатный округ",Выборы депутатов городского Совета депутатов Калининграда восьмого созыва,Одномандатный избирательный округ № 9,1,1,4,1181,1076,1056,1056,91.11,False,11.55,№4,451,42.71,№1,329,31.16,№2,138,13.07
Калининградская область,39,MUNICIPAL,mun_sm,"Муниципальный совет, одномандатный округ","Выборы депутатов окружного Совета депутатов муниципального образования ""Неманский муниципальный округ Калининградской области"" пятого созыва",Одномандатный избирательный округ  № 10,1,1,3,68,64,64,64,94.12,False,53.12,№3,44,68.75,№1,10,15.62,№2,10,15.62
Калининградская область,39,MUNICIPAL,mun_sm,"Муниципальный совет, одномандатный округ","Выборы депутатов окружного Совета депутатов муниципального образования ""Неманский муниципальный округ Калининградской области"" пятого созыва",Одномандатный избирательный округ  № 11,1,1,2,44,39,39,39,88.64,False,38.46,№2,27,69.23,№1,12,30.77,,,
Калининградская область,39,MUNICIPAL,mun_sm,"Муниципальный совет, одномандатный округ","Выборы депутатов окружного Совета депутатов муниципального образования ""Неманский муниципальный округ Калининградской области"" пятого созыва",Одномандатный избирательный округ  № 12,1,1,2,79,69,67,67,87.34,False,58.21,№1,53,79.1,№2,14,20.9,,,
Калининградская область,39,MUNICIPAL,mun_sm,"Муниципальный совет, одномандатный округ","Выборы депутатов окружного Совета депутатов муниципального образования ""Неманский муниципальный округ Калининградской области"" пятого созыва",Одномандатный избирательный округ  № 13,1,1,3,54,46,45,45,85.19,False,82.22,№3,40,88.89,№1,3,6.67,№2,2,4.44
Калининградская область,39,MUNICIPAL,mun_sm,"Муниципальный совет, одномандатный округ","Выборы депутатов окружного Совета депутатов муниципального образования ""Неманский муниципальный округ Калининградской области"" пятого созыва",Одномандатный избирательный округ  № 14,1,1,2,44,35,34,34,79.55,False,29.41,№1,22,64.71,№2,12,35.29,,,
Калининградская область,39,MUNICIPAL,mun_sm,"Муниципальный совет, одномандатный округ","Выборы депутатов окружного Совета депутатов муниципального образования ""Неманский муниципальный округ Калининградской области"" пятого созыва",Одномандатный избирательный округ  № 15,1,1,3,60,49,49,49,81.67,False,38.78,№2,30,61.22,№1,11,22.45,№3,8,16.33
Калининградская область,39,MUNICIPAL,mun_sm,"Муниципальный совет, одномандатный округ","Выборы депутатов окружного Совета депутатов муниципального образования ""Неманский муниципальный округ Калининградской области"" пятого созыва",Одномандатный избирательный округ  № 4,1,1,4,90,83,83,83,92.22,False,24.1,№4,42,50.6,№2,22,26.51,№3,12,14.46
Калининградская область,39,MUNICIPAL,mun_sm,"Муниципальный совет, одномандатный округ","Выборы депутатов окружного Совета депутатов муниципального образования ""Неманский муниципальный округ Калининградской области"" пятого созыва",Одномандатный избирательный округ  № 6,1,1,2,94,86,85,85,91.49,False,36.47,№2,58,68.24,№1,27,31.76,,,
Калининградская область,39,MUNICIPAL,mun_sm,"Муниципальный совет, одномандатный округ","Выборы депутатов окружного Совета депутатов муниципального образования ""Неманский муниципальный округ Калининградской области"" пятого созыва",Одномандатный избирательный округ  № 7,1,1,4,100,95,95,95,95.0,False,33.68,№2,49,51.58,№4,17,17.89,№1,15,15.79
Калининградская область,39,MUNICIPAL,mun_sm,"Муниципальный совет, одномандатный округ","Выборы депутатов окружного Совета депутатов муниципального образования ""Неманский муниципальный округ Калининградской области"" пятого созыва",Одномандатный избирательный округ  № 8,1,1,3,103,86,83,83,83.5,False,28.92,№1,48,57.83,№3,24,28.92,№2,11,13.25
Калининградская область,39,MUNICIPAL,mun_sm,"Муниципальный совет, одномандатный округ","Выборы депутатов окружного Совета депутатов муниципального образования ""Неманский муниципальный округ Калининградской области"" пятого созыва",Одномандатный избирательный округ  № 9,1,1,2,84,72,72,72,85.71,False,36.11,№2,49,68.06,№1,23,31.94,,,
Калининградская область,39,MUNICIPAL,mun_sm,"Муниципальный совет, одномандатный округ","Выборы депутатов окружного Совета депутатов муниципального образования ""Неманский муниципальный округ Калининградской области"" пятого созыва",Одномандатный избирательный округ № 1,1,1,5,100,90,89,89,90.0,False,14.61,№5,40,44.94,№1,27,30.34,№4,12,13.48
Калининградская область,39,MUNICIPAL,mun_sm,"Муниципальный совет, одномандатный округ","Выборы депутатов окружного Совета депутатов муниципального образования ""Неманский муниципальный округ Калининградской области"" пятого созыва",Одномандатный избирательный округ № 2,1,1,4,97,89,87,87,91.75,False,47.13,№4,57,65.52,№3,16,18.39,№2,10,11.49
Калининградская область,39,MUNICIPAL,mun_sm,"Муниципальный совет, одномандатный округ","Выборы депутатов окружного Совета депутатов муниципального образования ""Неманский муниципальный округ Калининградской области"" пятого созыва",Одномандатный избирательный округ № 3,1,1,4,90,85,84,84,94.44,False,34.52,№4,49,58.33,№3,20,23.81,№1,9,10.71
Калининградская область,39,MUNICIPAL,mun_sm,"Муниципальный совет, одномандатный округ","Выборы депутатов окружного Совета депутатов муниципального образования ""Неманский муниципальный округ Калининградской области"" пятого созыва",Одномандатный избирательный округ № 5,1,1,4,107,95,92,92,88.79,False,35.87,№4,55,59.78,№3,22,23.91,№2,11,11.96
Калининградская область,39,MUNICIPAL,mun_sm,"Муниципальный совет, одномандатный округ",Выборы депутатов окружного Совета депутатов муниципального образования «Багратионовский муниципальный округ Калининградской области» седьмого созыва,Одномандатный избирательный округ № 1,1,1,4,65,58,56,56,89.23,False,14.29,№1,26,46.43,№4,18,32.14,№2,10,17.86
Калининградская область,39,MUNICIPAL,mun_sm,"Муниципальный совет, одномандатный округ",Выборы депутатов окружного Совета депутатов муниципального образования «Багратионовский муниципальный округ Калининградской области» седьмого созыва,Одномандатный избирательный округ № 10,1,1,2,111,102,101,101,91.89,False,10.89,№1,56,55.45,№2,45,44.55,,,
Калининградская область,39,MUNICIPAL,mun_sm,"Муниципальный совет, одномандатный округ",Выборы депутатов окружного Совета депутатов муниципального образования «Багратионовский муниципальный округ Калининградской области» седьмого созыва,Одномандатный избирательный округ № 11,1,1,3,92,85,85,85,92.39,False,9.41,№3,35,41.18,№1,27,31.76,№2,23,27.06
Калининградская область,39,MUNICIPAL,mun_sm,"Муниципальный совет, одномандатный округ",Выборы депутатов окружного Совета депутатов муниципального образования «Багратионовский муниципальный округ Калининградской области» седьмого созыва,Одномандатный избирательный округ № 12,1,1,3,59,50,49,49,84.75,False,2.04,№3,17,34.69,№1,16,32.65,№2,16,32.65
Калининградская область,39,MUNICIPAL,mun_sm,"Муниципальный совет, одномандатный округ",Выборы депутатов окружного Совета депутатов муниципального образования «Багратионовский муниципальный округ Калининградской области» седьмого созыва,Одномандатный избирательный округ № 13,1,1,2,51,42,42,42,82.35,False,4.76,№1,22,52.38,№2,20,47.62,,,
Калининградская область,39,MUNICIPAL,mun_sm,"Муниципальный совет, одномандатный округ",Выборы депутатов окружного Совета депутатов муниципального образования «Багратионовский муниципальный округ Калининградской области» седьмого созыва,Одномандатный избирательный округ № 14,1,1,2,94,87,87,87,92.55,False,40.23,№1,61,70.11,№2,26,29.89,,,
Калининградская область,39,MUNICIPAL,mun_sm,"Муниципальный совет, одномандатный округ",Выборы депутатов окружного Совета депутатов муниципального образования «Багратионовский муниципальный округ Калининградской области» седьмого созыва,Одномандатный избирательный округ № 15,1,1,2,58,53,51,51,91.38,False,13.73,№1,29,56.86,№2,22,43.14,,,
Калининградская область,39,MUNICIPAL,mun_sm,"Муниципальный совет, одномандатный округ",Выборы депутатов окружного Совета депутатов муниципального образования «Багратионовский муниципальный округ Калининградской области» седьмого созыва,Одномандатный избирательный округ № 16,1,1,2,92,83,80,80,90.22,False,15.0,№1,46,57.5,№2,34,42.5,,,
Калининградская область,39,MUNICIPAL,mun_sm,"Муниципальный совет, одномандатный округ",Выборы депутатов окружного Совета депутатов муниципального образования «Багратионовский муниципальный округ Калининградской области» седьмого созыва,Одномандатный избирательный округ № 17,1,1,3,72,60,59,59,83.33,False,27.12,№1,33,55.93,№3,17,28.81,№2,9,15.25
Калининградская область,39,MUNICIPAL,mun_sm,"Муниципальный совет, одномандатный округ",Выборы депутатов окружного Совета депутатов муниципального образования «Багратионовский муниципальный округ Калининградской области» седьмого созыва,Одномандатный избирательный округ № 18,1,1,2,69,64,61,61,92.75,False,14.75,№1,35,57.38,№2,26,42.62,,,
Калининградская область,39,MUNICIPAL,mun_sm,"Муниципальный совет, одномандатный округ",Выборы депутатов окружного Совета депутатов муниципального образования «Багратионовский муниципальный округ Калининградской области» седьмого созыва,Одномандатный избирательный округ № 19,1,1,2,65,57,55,55,87.69,False,9.09,№1,30,54.55,№2,25,45.45,,,
Калининградская область,39,MUNICIPAL,mun_sm,"Муниципальный совет, одномандатный округ",Выборы депутатов окружного Совета депутатов муниципального образования «Багратионовский муниципальный округ Калининградской области» седьмого созыва,Одномандатный избирательный округ № 2,1,1,3,60,52,51,51,86.67,False,21.57,№3,28,54.9,№2,17,33.33,№1,6,11.76
Калининградская область,39,MUNICIPAL,mun_sm,"Муниципальный совет, одномандатный округ",Выборы депутатов окружного Совета депутатов муниципального образования «Багратионовский муниципальный округ Калининградской области» седьмого созыва,Одномандатный избирательный округ № 20,1,1,2,61,54,53,53,88.52,False,13.21,№2,30,56.6,№1,23,43.4,,,
Калининградская область,39,MUNICIPAL,mun_sm,"Муниципальный совет, одномандатный округ",Выборы депутатов окружного Совета депутатов муниципального образования «Багратионовский муниципальный округ Калининградской области» седьмого созыва,Одномандатный избирательный округ № 3,1,1,2,47,38,38,38,80.85,False,5.26,№1,20,52.63,№2,18,47.37,,,
Калининградская область,39,MUNICIPAL,mun_sm,"Муниципальный совет, одномандатный округ",Выборы депутатов окружного Совета депутатов муниципального образования «Багратионовский муниципальный округ Калининградской области» седьмого созыва,Одномандатный избирательный округ № 4,1,1,3,47,38,38,38,80.85,False,55.26,№1,28,73.68,№3,7,18.42,№2,3,7.89
Калининградская область,39,MUNICIPAL,mun_sm,"Муниципальный совет, одномандатный округ",Выборы депутатов окружного Совета депутатов муниципального образования «Багратионовский муниципальный округ Калининградской области» седьмого созыва,Одномандатный избирательный округ № 5,1,1,2,45,36,35,35,80.0,False,20.0,№2,21,60.0,№1,14,40.0,,,
Калининградская область,39,MUNICIPAL,mun_sm,"Муниципальный совет, одномандатный округ",Выборы депутатов окружного Совета депутатов муниципального образования «Багратионовский муниципальный округ Калининградской области» седьмого созыва,Одномандатный избирательный округ № 6,1,1,2,59,52,49,49,88.14,False,22.45,№2,30,61.22,№1,19,38.78,,,
Калининградская область,39,MUNICIPAL,mun_sm,"Муниципальный совет, одномандатный округ",Выборы депутатов окружного Совета депутатов муниципального образования «Багратионовский муниципальный округ Калининградской области» седьмого созыва,Одномандатный избирательный округ № 7,1,1,2,63,52,52,52,82.54,False,26.92,№1,33,63.46,№2,19,36.54,,,
Калининградская область,39,MUNICIPAL,mun_sm,"Муниципальный совет, одномандатный округ",Выборы депутатов окружного Совета депутатов муниципального образования «Багратионовский муниципальный округ Калининградской области» седьмого созыва,Одномандатный избирательный округ № 8,1,1,2,106,101,100,100,95.28,False,66.0,№1,83,83.0,№2,17,17.0,,,
Калининградская область,39,MUNICIPAL,mun_sm,"Муниципальный совет, одномандатный округ",Выборы депутатов окружного Совета депутатов муниципального образования «Багратионовский муниципальный округ Калининградской области» седьмого созыва,Одномандатный избирательный округ № 9,1,1,4,123,115,114,114,93.5,False,1.75,№1,47,41.23,№4,45,39.47,№2,12,10.53
Калининградская область,39,MUNICIPAL,mun_sm,"Муниципальный совет, одномандатный округ",Выборы депутатов окружного Совета депутатов муниципального образования «Краснознаменский муниципальный округ Калининградской области» восьмого созыва,Одномандатный избирательный округ № 1,1,1,3,41,39,38,38,95.12,False,28.95,№3,21,55.26,№1,10,26.32,№2,7,18.42
Калининградская область,39,MUNICIPAL,mun_sm,"Муниципальный совет, одномандатный округ",Выборы депутатов окружного Совета депутатов муниципального образования «Краснознаменский муниципальный округ Калининградской области» восьмого созыва,Одномандатный избирательный округ № 10,1,1,2,20,15,15,15,75.0,False,73.33,№1,13,86.67,№2,2,13.33,,,
Калининградская область,39,MUNICIPAL,mun_sm,"Муниципальный совет, одномандатный округ",Выборы депутатов окружного Совета депутатов муниципального образования «Краснознаменский муниципальный округ Калининградской области» восьмого созыва,Одномандатный избирательный округ № 11,1,1,2,26,22,21,21,84.62,False,4.76,№2,11,52.38,№1,10,47.62,,,
Калининградская область,39,MUNICIPAL,mun_sm,"Муниципальный совет, одномандатный округ",Выборы депутатов окружного Совета депутатов муниципального образования «Краснознаменский муниципальный округ Калининградской области» восьмого созыва,Одномандатный избирательный округ № 12,1,1,2,35,28,26,26,80.0,False,53.85,№2,20,76.92,№1,6,23.08,,,
Калининградская область,39,MUNICIPAL,mun_sm,"Муниципальный совет, одномандатный округ",Выборы депутатов окружного Совета депутатов муниципального образования «Краснознаменский муниципальный округ Калининградской области» восьмого созыва,Одномандатный избирательный округ № 13,1,1,2,35,30,29,29,85.71,False,31.03,№1,19,65.52,№2,10,34.48,,,
Калининградская область,39,MUNICIPAL,mun_sm,"Муниципальный совет, одномандатный округ",Выборы депутатов окружного Совета депутатов муниципального образования «Краснознаменский муниципальный округ Калининградской области» восьмого созыва,Одномандатный избирательный округ № 14,1,1,2,26,23,22,22,88.46,False,9.09,№1,12,54.55,№2,10,45.45,,,
Калининградская область,39,MUNICIPAL,mun_sm,"Муниципальный совет, одномандатный округ",Выборы депутатов окружного Совета депутатов муниципального образования «Краснознаменский муниципальный округ Калининградской области» восьмого созыва,Одномандатный избирательный округ № 15,1,1,2,29,26,26,26,89.66,False,30.77,№1,17,65.38,№2,9,34.62,,,
Калининградская область,39,MUNICIPAL,mun_sm,"Муниципальный совет, одномандатный округ",Выборы депутатов окружного Совета депутатов муниципального образования «Краснознаменский муниципальный округ Калининградской области» восьмого созыва,Одномандатный избирательный округ № 2,1,1,4,54,48,48,48,88.89,False,0.0,№1,15,31.25,№2,15,31.25,№3,14,29.17
Калининградская область,39,MUNICIPAL,mun_sm,"Муниципальный совет, одномандатный округ",Выборы депутатов окружного Совета депутатов муниципального образования «Краснознаменский муниципальный округ Калининградской области» восьмого созыва,Одномандатный избирательный округ № 3,1,1,4,42,37,37,37,88.1,False,10.81,№1,18,48.65,№2,14,37.84,№4,3,8.11
Калининградская область,39,MUNICIPAL,mun_sm,"Муниципальный совет, одномандатный округ",Выборы депутатов окружного Совета депутатов муниципального образования «Краснознаменский муниципальный округ Калининградской области» восьмого созыва,Одномандатный избирательный округ № 4,1,1,3,53,51,51,51,96.23,False,1.96,№1,21,41.18,№3,20,39.22,№2,10,19.61
Калининградская область,39,MUNICIPAL,mun_sm,"Муниципальный совет, одномандатный округ",Выборы депутатов окружного Совета депутатов муниципального образования «Краснознаменский муниципальный округ Калининградской области» восьмого созыва,Одномандатный избирательный округ № 5,1,1,4,48,41,40,40,85.42,False,12.5,№1,17,42.5,№4,12,30.0,№3,6,15.0
Калининградская область,39,MUNICIPAL,mun_sm,"Муниципальный совет, одномандатный округ",Выборы депутатов окружного Совета депутатов муниципального образования «Краснознаменский муниципальный округ Калининградской области» восьмого созыва,Одномандатный избирательный округ № 6,1,1,2,28,21,20,20,75.0,False,30.0,№2,13,65.0,№1,7,35.0,,,
Калининградская область,39,MUNICIPAL,mun_sm,"Муниципальный совет, одномандатный округ",Выборы депутатов окружного Совета депутатов муниципального образования «Краснознаменский муниципальный округ Калининградской области» восьмого созыва,Одномандатный избирательный округ № 7,1,1,4,41,35,34,34,85.37,False,38.24,№3,19,55.88,№4,6,17.65,№2,5,14.71
Калининградская область,39,MUNICIPAL,mun_sm,"Муниципальный совет, одномандатный округ",Выборы депутатов окружного Совета депутатов муниципального образования «Краснознаменский муниципальный округ Калининградской области» восьмого созыва,Одномандатный избирательный округ № 8,1,1,2,25,20,20,20,80.0,False,0.0,№1,10,50.0,№2,10,50.0,,,
Калининградская область,39,MUNICIPAL,mun_sm,"Муниципальный совет, одномандатный округ",Выборы депутатов окружного Совета депутатов муниципального образования «Краснознаменский муниципальный округ Калининградской области» восьмого созыва,Одномандатный избирательный округ № 9,1,1,3,29,24,24,24,82.76,False,12.5,№2,12,50.0,№1,9,37.5,№3,3,12.5
Калининградская область,39,MUNICIPAL,mun_sm,"Муниципальный совет, одномандатный округ",Выборы депутатов окружного Совета депутатов муниципального образования «Мамоновский городской округ» Калининградской области шестого созыва,Одномандатный избирательный округ № 1,1,1,3,49,40,40,40,81.63,False,0.0,№1,16,40.0,№3,16,40.0,№2,8,20.0
Калининградская область,39,MUNICIPAL,mun_sm,"Муниципальный совет, одномандатный округ",Выборы депутатов окружного Совета депутатов муниципального образования «Мамоновский городской округ» Калининградской области шестого созыва,Одномандатный избирательный округ № 10,1,1,2,35,33,33,33,94.29,False,15.15,№1,19,57.58,№2,14,42.42,,,
Калининградская область,39,MUNICIPAL,mun_sm,"Муниципальный совет, одномандатный округ",Выборы депутатов окружного Совета депутатов муниципального образования «Мамоновский городской округ» Калининградской области шестого созыва,Одномандатный избирательный округ № 11,1,1,2,30,24,24,24,80.0,False,8.33,№2,13,54.17,№1,11,45.83,,,
Калининградская область,39,MUNICIPAL,mun_sm,"Муниципальный совет, одномандатный округ",Выборы депутатов окружного Совета депутатов муниципального образования «Мамоновский городской округ» Калининградской области шестого созыва,Одномандатный избирательный округ № 2,1,1,4,38,35,35,35,92.11,False,17.14,№2,15,42.86,№4,9,25.71,№3,8,22.86
Калининградская область,39,MUNICIPAL,mun_sm,"Муниципальный совет, одномандатный округ",Выборы депутатов окружного Совета депутатов муниципального образования «Мамоновский городской округ» Калининградской области шестого созыва,Одномандатный избирательный округ № 3,1,1,2,29,27,27,27,93.1,False,3.7,№1,14,51.85,№2,13,48.15,,,
Калининградская область,39,MUNICIPAL,mun_sm,"Муниципальный совет, одномандатный округ",Выборы депутатов окружного Совета депутатов муниципального образования «Мамоновский городской округ» Калининградской области шестого созыва,Одномандатный избирательный округ № 4,1,1,5,28,24,23,23,85.71,False,8.7,№1,9,39.13,№3,7,30.43,№5,3,13.04
Калининградская область,39,MUNICIPAL,mun_sm,"Муниципальный совет, одномандатный округ",Выборы депутатов окружного Совета депутатов муниципального образования «Мамоновский городской округ» Калининградской области шестого созыва,Одномандатный избирательный округ № 5,1,1,3,29,27,26,26,93.1,False,23.08,№1,13,50.0,№3,7,26.92,№2,6,23.08
Калининградская область,39,MUNICIPAL,mun_sm,"Муниципальный совет, одномандатный округ",Выборы депутатов окружного Совета депутатов муниципального образования «Мамоновский городской округ» Калининградской области шестого созыва,Одномандатный избирательный округ № 6,1,1,3,49,41,39,39,83.67,False,12.82,№1,17,43.59,№2,12,30.77,№3,10,25.64
Калининградская область,39,MUNICIPAL,mun_sm,"Муниципальный совет, одномандатный округ",Выборы депутатов окружного Совета депутатов муниципального образования «Мамоновский городской округ» Калининградской области шестого созыва,Одномандатный избирательный округ № 7,1,1,3,22,19,18,18,86.36,False,22.22,№3,10,55.56,№1,6,33.33,№2,2,11.11
Калининградская область,39,MUNICIPAL,mun_sm,"Муниципальный совет, одномандатный округ",Выборы депутатов окружного Совета депутатов муниципального образования «Мамоновский городской округ» Калининградской области шестого созыва,Одномандатный избирательный округ № 8,1,1,2,25,23,23,23,92.0,False,4.35,№2,12,52.17,№1,11,47.83,,,
Калининградская область,39,MUNICIPAL,mun_sm,"Муниципальный совет, одномандатный округ",Выборы депутатов окружного Совета депутатов муниципального образования «Мамоновский городской округ» Калининградской области шестого созыва,Одномандатный избирательный округ № 9,1,1,3,39,34,34,34,87.18,False,8.82,№1,15,44.12,№2,12,35.29,№3,7,20.59
Калининградская область,39,MUNICIPAL,mun_sm,"Муниципальный совет, одномандатный округ",Выборы депутатов окружного Совета депутатов муниципального образования «Правдинский муниципальный округ Калининградской области» третьего созыва,Одномандатный избирательный округ № 1,1,1,2,53,46,43,43,86.79,False,44.19,№2,31,72.09,№1,12,27.91,,,
Калининградская область,39,MUNICIPAL,mun_sm,"Муниципальный совет, одномандатный округ",Выборы депутатов окружного Совета депутатов муниципального образования «Правдинский муниципальный округ Калининградской области» третьего созыва,Одномандатный избирательный округ № 10,1,1,2,59,48,47,47,81.36,False,14.89,№1,27,57.45,№2,20,42.55,,,
Калининградская область,39,MUNICIPAL,mun_sm,"Муниципальный совет, одномандатный округ",Выборы депутатов окружного Совета депутатов муниципального образования «Правдинский муниципальный округ Калининградской области» третьего созыва,Одномандатный избирательный округ № 11,1,1,2,59,52,52,52,88.14,False,61.54,№1,42,80.77,№2,10,19.23,,,
Калининградская область,39,MUNICIPAL,mun_sm,"Муниципальный совет, одномандатный округ",Выборы депутатов окружного Совета депутатов муниципального образования «Правдинский муниципальный округ Калининградской области» третьего созыва,Одномандатный избирательный округ № 12,1,1,2,40,33,32,32,82.5,False,12.5,№1,18,56.25,№2,14,43.75,,,
Калининградская область,39,MUNICIPAL,mun_sm,"Муниципальный совет, одномандатный округ",Выборы депутатов окружного Совета депутатов муниципального образования «Правдинский муниципальный округ Калининградской области» третьего созыва,Одномандатный избирательный округ № 13,1,1,2,78,66,63,63,84.62,False,49.21,№2,47,74.6,№1,16,25.4,,,
Калининградская область,39,MUNICIPAL,mun_sm,"Муниципальный совет, одномандатный округ",Выборы депутатов окружного Совета депутатов муниципального образования «Правдинский муниципальный округ Калининградской области» третьего созыва,Одномандатный избирательный округ № 14,1,1,2,66,57,57,57,86.36,False,29.82,№2,37,64.91,№1,20,35.09,,,
Калининградская область,39,MUNICIPAL,mun_sm,"Муниципальный совет, одномандатный округ",Выборы депутатов окружного Совета депутатов муниципального образования «Правдинский муниципальный округ Калининградской области» третьего созыва,Одномандатный избирательный округ № 15,1,1,2,44,36,35,35,81.82,False,20.0,№1,21,60.0,№2,14,40.0,,,
Калининградская область,39,MUNICIPAL,mun_sm,"Муниципальный совет, одномандатный округ",Выборы депутатов окружного Совета депутатов муниципального образования «Правдинский муниципальный округ Калининградской области» третьего созыва,Одномандатный избирательный округ № 2,1,1,2,52,41,40,40,78.85,False,30.0,№2,26,65.0,№1,14,35.0,,,
Калининградская область,39,MUNICIPAL,mun_sm,"Муниципальный совет, одномандатный округ",Выборы депутатов окружного Совета депутатов муниципального образования «Правдинский муниципальный округ Калининградской области» третьего созыва,Одномандатный избирательный округ № 3,1,1,2,69,63,63,63,91.3,False,52.38,№1,48,76.19,№2,15,23.81,,,
Калининградская область,39,MUNICIPAL,mun_sm,"Муниципальный совет, одномандатный округ",Выборы депутатов окружного Совета депутатов муниципального образования «Правдинский муниципальный округ Калининградской области» третьего созыва,Одномандатный избирательный округ № 4,1,1,2,110,105,104,104,95.45,False,40.38,№2,73,70.19,№1,31,29.81,,,
Калининградская область,39,MUNICIPAL,mun_sm,"Муниципальный совет, одномандатный округ",Выборы депутатов окружного Совета депутатов муниципального образования «Правдинский муниципальный округ Калининградской области» третьего созыва,Одномандатный избирательный округ № 5,1,1,3,74,66,64,64,89.19,False,23.44,№2,33,51.56,№1,18,28.12,№3,13,20.31
Калининградская область,39,MUNICIPAL,mun_sm,"Муниципальный совет, одномандатный округ",Выборы депутатов окружного Совета депутатов муниципального образования «Правдинский муниципальный округ Калининградской области» третьего созыва,Одномандатный избирательный округ № 6,1,1,2,53,48,48,48,90.57,False,33.33,№2,32,66.67,№1,16,33.33,,,
Калининградская область,39,MUNICIPAL,mun_sm,"Муниципальный совет, одномандатный округ",Выборы депутатов окружного Совета депутатов муниципального образования «Правдинский муниципальный округ Калининградской области» третьего созыва,Одномандатный избирательный округ № 7,1,1,3,72,67,67,67,93.06,False,47.76,№1,44,65.67,№3,12,17.91,№2,11,16.42
Калининградская область,39,MUNICIPAL,mun_sm,"Муниципальный совет, одномандатный округ",Выборы депутатов окружного Совета депутатов муниципального образования «Правдинский муниципальный округ Калининградской области» третьего созыва,Одномандатный избирательный округ № 8,1,1,2,69,65,65,65,94.2,False,16.92,№1,38,58.46,№2,27,41.54,,,
Калининградская область,39,MUNICIPAL,mun_sm,"Муниципальный совет, одномандатный округ",Выборы депутатов окружного Совета депутатов муниципального образования «Правдинский муниципальный округ Калининградской области» третьего созыва,Одномандатный избирательный округ № 9,1,1,3,66,59,59,59,89.39,False,47.46,№2,39,66.1,№1,11,18.64,№3,9,15.25
Калининградская область,39,MUNICIPAL,mun_sm,"Муниципальный совет, одномандатный округ",Дополнительные выборы депутата окружного Совета депутатов муниципального образования «Озерский муниципальный округ Калининградской области» по одномандатному избирательному округу №2,Озерский второй,1,1,2,29,26,26,26,89.66,False,69.23,№1,22,84.62,№2,4,15.38,,,
Калининградская область,39,MUNICIPAL,mun_sm,"Муниципальный совет, одномандатный округ",Дополнительные выборы депутата окружного Совета депутатов муниципального образования «Славский муниципальный округ Калининградской области» по одномандатному избирательному округу №6,Одномандатный избирательный округ № 6,1,1,2,73,72,72,72,98.63,False,30.56,№1,47,65.28,№2,25,34.72,,,
Калининградская область,39,MUNICIPAL,mun_sm,"Муниципальный совет, одномандатный округ",Дополнительные выборы депутатов окружного Совета депутатов муниципального образования «Янтарный городской округ» по одномандатным избирательным округам №№ 4-5,Янтарный пятый,1,1,2,38,33,32,32,86.84,False,6.25,№2,17,53.12,№1,15,46.88,,,
Калининградская область,39,MUNICIPAL,mun_sm,"Муниципальный совет, одномандатный округ",Дополнительные выборы депутатов окружного Совета депутатов муниципального образования «Янтарный городской округ» по одномандатным избирательным округам №№ 4-5,Янтарный четвертый,1,1,2,37,33,33,33,89.19,False,75.76,№2,29,87.88,№1,4,12.12,,,
Калининградская область,39,MUNICIPAL,mun_sm,"Муниципальный совет, одномандатный округ",Повторные выборы депутата окружного Совета депутатов муниципального образования «Зеленоградский муниципальный округ Калининградской области» по одномандатному избирательному округу №2,Зеленоградский одномандатный избирательный округ №2,1,1,3,110,93,92,92,84.55,False,1.09,№3,34,36.96,№1,33,35.87,№2,25,27.17
Калининградская область,39,REGIONAL,reg_pl,"Заксобрание, партсписок",Выборы депутатов Законодательного Собрания Калининградской области восьмого созыва,,20,1,7,71083,64066,63362,63362,90.13,False,36.53,№1,32943,51.99,№2,9795,15.46,№3,7557,11.93
Калининградская область,39,REGIONAL,reg_sm,"Заксобрание, одномандатный округ",Выборы депутатов Законодательного Собрания Калининградской области восьмого созыва,Калининградский областной одномандатный избирательный округ № 1,1,1,6,3693,3278,3211,3211,88.76,False,26.44,№3,1442,44.91,№1,593,18.47,№4,438,13.64
Калининградская область,39,REGIONAL,reg_sm,"Заксобрание, одномандатный округ",Выборы депутатов Законодательного Собрания Калининградской области восьмого созыва,Калининградский областной одномандатный избирательный округ № 10,1,1,5,3625,3282,3239,3239,90.54,False,40.14,№2,1843,56.9,№4,543,16.76,№1,503,15.53
Калининградская область,39,REGIONAL,reg_sm,"Заксобрание, одномандатный округ",Выборы депутатов Законодательного Собрания Калининградской области восьмого созыва,Калининградский областной одномандатный избирательный округ № 11,1,1,5,2895,2576,2544,2544,88.98,False,19.89,№4,1086,42.69,№2,580,22.8,№1,386,15.17
Калининградская область,39,REGIONAL,reg_sm,"Заксобрание, одномандатный округ",Выборы депутатов Законодательного Собрания Калининградской области восьмого созыва,Калининградский областной одномандатный избирательный округ № 12,1,1,4,3837,3485,3441,3441,90.83,False,31.04,№3,1746,50.74,№1,678,19.7,№4,595,17.29
Калининградская область,39,REGIONAL,reg_sm,"Заксобрание, одномандатный округ",Выборы депутатов Законодательного Собрания Калининградской области восьмого созыва,Калининградский областной одномандатный избирательный округ № 13,1,1,5,3266,2900,2853,2853,88.79,False,37.64,№4,1539,53.94,№5,465,16.3,№1,407,14.27
Калининградская область,39,REGIONAL,reg_sm,"Заксобрание, одномандатный округ",Выборы депутатов Законодательного Собрания Калининградской области восьмого созыва,Калининградский областной одномандатный избирательный округ № 14,1,1,4,4007,3580,3517,3517,89.34,False,23.8,№2,1723,48.99,№1,886,25.19,№3,462,13.14
Калининградская область,39,REGIONAL,reg_sm,"Заксобрание, одномандатный округ",Выборы депутатов Законодательного Собрания Калининградской области восьмого созыва,Калининградский областной одномандатный избирательный округ № 15,1,1,6,3409,3097,3059,3059,90.85,False,38.93,№3,1658,54.2,№6,467,15.27,№1,414,13.53
Калининградская область,39,REGIONAL,reg_sm,"Заксобрание, одномандатный округ",Выборы депутатов Законодательного Собрания Калининградской области восьмого созыва,Калининградский областной одномандатный избирательный округ № 16,1,1,5,3184,2821,2785,2785,88.6,False,21.22,№1,1240,44.52,№4,649,23.3,№3,473,16.98
Калининградская область,39,REGIONAL,reg_sm,"Заксобрание, одномандатный округ",Выборы депутатов Законодательного Собрания Калининградской области восьмого созыва,Калининградский областной одномандатный избирательный округ № 17,1,1,4,3030,2671,2623,2623,88.15,False,27.18,№3,1268,48.34,№1,555,21.16,№2,488,18.6
Калининградская область,39,REGIONAL,reg_sm,"Заксобрание, одномандатный округ",Выборы депутатов Законодательного Собрания Калининградской области восьмого созыва,Калининградский областной одномандатный избирательный округ № 18,1,1,6,3640,3351,3313,3313,92.06,False,36.16,№4,1692,51.07,№5,494,14.91,№2,362,10.93
Калининградская область,39,REGIONAL,reg_sm,"Заксобрание, одномандатный округ",Выборы депутатов Законодательного Собрания Калининградской области восьмого созыва,Калининградский областной одномандатный избирательный округ № 19,1,1,2,2744,2448,2413,2413,89.21,False,41.98,№2,1713,70.99,№1,700,29.01,,,
Калининградская область,39,REGIONAL,reg_sm,"Заксобрание, одномандатный округ",Выборы депутатов Законодательного Собрания Калининградской области восьмого созыва,Калининградский областной одномандатный избирательный округ № 2,1,1,7,3775,3448,3402,3402,91.34,False,34.16,№4,1560,45.86,№7,398,11.7,№1,392,11.52
Калининградская область,39,REGIONAL,reg_sm,"Заксобрание, одномандатный округ",Выборы депутатов Законодательного Собрания Калининградской области восьмого созыва,Калининградский областной одномандатный избирательный округ № 20,1,1,6,2807,2471,2418,2418,88.03,False,22.37,№6,979,40.49,№2,438,18.11,№1,429,17.74
Калининградская область,39,REGIONAL,reg_sm,"Заксобрание, одномандатный округ",Выборы депутатов Законодательного Собрания Калининградской области восьмого созыва,Калининградский областной одномандатный избирательный округ № 3,1,1,4,4486,4094,4046,4046,91.26,False,38.7,№1,2228,55.07,№2,662,16.36,№4,638,15.77
Калининградская область,39,REGIONAL,reg_sm,"Заксобрание, одномандатный округ",Выборы депутатов Законодательного Собрания Калининградской области восьмого созыва,Калининградский областной одномандатный избирательный округ № 4,1,1,6,3693,3345,3292,3292,90.58,False,27.16,№1,1395,42.38,№4,501,15.22,№2,392,11.91
Калининградская область,39,REGIONAL,reg_sm,"Заксобрание, одномандатный округ",Выборы депутатов Законодательного Собрания Калининградской области восьмого созыва,Калининградский областной одномандатный избирательный округ № 5,1,1,6,4025,3635,3594,3594,90.31,False,29.74,№4,1616,44.96,№1,547,15.22,№2,501,13.94
Калининградская область,39,REGIONAL,reg_sm,"Заксобрание, одномандатный округ",Выборы депутатов Законодательного Собрания Калининградской области восьмого созыва,Калининградский областной одномандатный избирательный округ № 6,1,1,6,3298,2983,2942,2942,90.45,False,25.9,№5,1308,44.46,№2,546,18.56,№4,432,14.68
Калининградская область,39,REGIONAL,reg_sm,"Заксобрание, одномандатный округ",Выборы депутатов Законодательного Собрания Калининградской области восьмого созыва,Калининградский областной одномандатный избирательный округ № 7,1,1,6,3609,3296,3245,3245,91.33,False,23.73,№4,1373,42.31,№3,603,18.58,№5,469,14.45
Калининградская область,39,REGIONAL,reg_sm,"Заксобрание, одномандатный округ",Выборы депутатов Законодательного Собрания Калининградской области восьмого созыва,Калининградский областной одномандатный избирательный округ № 8,1,1,4,3949,3558,3500,3500,90.1,False,27.46,№1,1705,48.71,№2,744,21.26,№4,660,18.86
Калининградская область,39,REGIONAL,reg_sm,"Заксобрание, одномандатный округ",Выборы депутатов Законодательного Собрания Калининградской области восьмого созыва,Калининградский областной одномандатный избирательный округ № 9,1,1,6,4111,3747,3701,3701,91.15,False,33.13,№3,1823,49.26,№5,597,16.13,№4,459,12.4
Калужская область,40,FEDERAL,duma_sm,"Госдума, одномандатный округ",Выборы депутатов Государственной Думы Федерального Собрания Российской Федерации девятого созыва,Калужская область – Калужский,28,1,7,77446,70704,70035,70035,91.29,True,24.15,СКЛЯР Геннадий Иванович,27612,39.43,БУРЛЯЙ Анастасия Алексеевна,10696,15.27,ЯШКИН Николай Иванович,10042,14.34
Калужская область,40,FEDERAL,duma_pl,"Госдума, партсписок",Выборы депутатов Государственной Думы Федерального Собрания Российской Федерации девятого созыва,,28,1,10,77446,70704,70498,70498,91.29,True,33.6,Единая Россия,34804,49.37,Новые люди,11117,15.77,КПРФ,7635,10.83
Костромская область,44,FEDERAL,duma_sm,"Госдума, одномандатный округ",Выборы депутатов Государственной Думы Федерального Собрания Российской Федерации девятого созыва,Костромская область – Костромской,30,1,7,35639,33072,32836,32836,92.8,True,37.73,АНОХИН Алексей Алексеевич,16480,50.19,ИЖИЦКИЙ Валерий Петрович,4090,12.46,ЗАЙФИДИ Павел Кириллович,3921,11.94
Костромская область,44,FEDERAL,duma_pl,"Госдума, партсписок",Выборы депутатов Государственной Думы Федерального Собрания Российской Федерации девятого созыва,,30,1,10,35639,33072,32974,32974,92.8,True,30.76,Единая Россия,15874,48.14,Новые люди,5731,17.38,КПРФ,4146,12.57
Костромская область,44,MUNICIPAL,mun_mm,"Муниципальный совет, многомандатный округ",Выборы депутатов Думы Кологривского муниципального округа Костромской области второго созыва,Пятимандатный избирательный округ № 2,1,5,7,107,96,96,203,89.72,True,0.49,ВОДОВА Светлана Анатольевна,37,18.23,КУДЕЛЬНИКОВ Александр Сергеевич,31,15.27,ЗУЙКОВА Екатерина Александровна,30,14.78
Костромская область,44,MUNICIPAL,mun_mm,"Муниципальный совет, многомандатный округ",Выборы депутатов Думы Кологривского муниципального округа Костромской области второго созыва,Пятимандатный избирательный округ №1,1,5,7,130,117,113,257,90.0,True,1.56,МИЛЮТИН Роман Валентинович,57,22.18,РАЗУМОВА Галина Анатольевна,45,17.51,ГОЛУБЕВА Наталья Викторовна,42,16.34
Костромская область,44,MUNICIPAL,mun_mm,"Муниципальный совет, многомандатный округ",Выборы депутатов Думы Костромского муниципального округа Костромской области первого созыва,Пятимандатный избирательный округ,6,5,56,2265,2082,2060,4086,91.92,True,0.0,БАСАРОВА Марина Германовна,143,3.5,СИТНИКОВ Алексей Владимирович,136,3.33,БЕЛОВ Виктор Васильевич,124,3.03
Костромская область,44,MUNICIPAL,mun_mm,"Муниципальный совет, многомандатный округ",Выборы депутатов Думы Межевского муниципального округа Костромской области второго созыва,Пятимандатный избирательный округ № 1,1,5,6,69,63,62,136,91.3,True,2.94,БУШУЕВ Леонид Александрович,33,24.26,СМИРНОВА Елена Николаевна,25,18.38,ПИВИЦЫНА Татьяна Михайловна,23,16.91
Костромская область,44,MUNICIPAL,mun_mm,"Муниципальный совет, многомандатный округ",Выборы депутатов Думы Межевского муниципального округа Костромской области второго созыва,Пятимандатный избирательный округ № 2,1,5,7,48,45,45,82,93.75,True,1.22,БАХВАЛОВА Татьяна Вячеславовна,16,19.51,ВАРДАЯ Наталья Николаевна,16,19.51,КУЗНЕЦОВА Виолетта Видасовна,13,15.85
Костромская область,44,MUNICIPAL,mun_mm,"Муниципальный совет, многомандатный округ",Выборы депутатов Думы Нейского муниципального округа Костромской области второго созыва,Пятимандатный избирательный округ № 1,1,5,6,206,192,188,307,93.2,True,0.33,ВЕСЕЛОВ Игорь Борисович,78,25.41,АЛФЕРЬЕВА Татьяна Сергеевна,73,23.78,СИЗОВ Александр Николаевич,50,16.29
Костромская область,44,MUNICIPAL,mun_mm,"Муниципальный совет, многомандатный округ",Выборы депутатов Думы Нейского муниципального округа Костромской области второго созыва,Пятимандатный избирательный округ № 2,1,5,6,196,167,166,259,85.2,True,1.16,СУСЛОВА Ольга Владимировна,62,23.94,САМАРИН Александр Александрович,52,20.08,СОКОЛОВА Татьяна Сергеевна,47,18.15
Костромская область,44,MUNICIPAL,mun_mm,"Муниципальный совет, многомандатный округ",Выборы депутатов Думы Нерехтского муниципального округа Костромской области первого созыва,Четырехмандатный избирательный округ,5,4,28,1299,1159,1138,1959,89.22,True,0.0,БОЛЬШАКОВА Марина Александровна,131,6.69,КУДРЯШОВ Сергей Николаевич,101,5.16,БРЮХАНОВ Вадим Константинович,100,5.1
Костромская область,44,MUNICIPAL,mun_mm,"Муниципальный совет, многомандатный округ",Выборы депутатов Думы Парфеньевского муниципального округа Костромской области второго созыва,Пятимандатный избирательный округ,3,5,19,200,181,179,375,90.5,True,0.0,БАРОНОВА Людмила Александровна,39,10.4,КОЛЬЦОВ Павел Александрович,34,9.07,УТКИН Сергей Александрович,25,6.67
Костромская область,44,MUNICIPAL,mun_mm,"Муниципальный совет, многомандатный округ",Дополнительные выборы депутатов Думы Судиславского муниципального округа Костромской области первого созыва по пятимандатному избирательному округу № 1,Пятимандатный избирательный округ №1,1,2,7,226,208,208,308,92.04,True,6.17,ЛЕБЕДЕВА Лариса Геннадьевна,82,26.62,СТРАТОНОВА Людмила Валерьевна,63,20.45,ХРИСТИНИН Михаил Евгеньевич,44,14.29
Костромская область,44,MUNICIPAL,mun_sm,"Муниципальный совет, одномандатный округ","Дополнительные выборы депутатов Думы городского округа город Шарья Костромской области восьмого созыва по двухмандатным избирательным округам № 2, № 8",Двухмандатный избирательный округ № 2,1,1,4,172,152,149,149,88.37,True,9.4,КНУТОВА Екатерина Александровна,53,35.57,СТАРУШКИН Михаил Иванович,39,26.17,ШВЕЦ Александр Сергеевич,30,20.13
Костромская область,44,MUNICIPAL,mun_sm,"Муниципальный совет, одномандатный округ","Дополнительные выборы депутатов Думы городского округа город Шарья Костромской области восьмого созыва по двухмандатным избирательным округам № 2, № 8",Двухмандатный избирательный округ № 8,1,1,3,121,112,109,109,92.56,True,3.67,КАМБУЛОВА Юлия Равильевна,41,37.61,БАРАНОВА Анна Владимировна,37,33.94,СОЛОВЬЕВ Александр Александрович,31,28.44
Костромская область,44,MUNICIPAL,mun_sm,"Муниципальный совет, одномандатный округ",Повторые выборы депутата Думы городского округа город Буй Костромской области восьмого созыва по пятимандатному избирательному округу №1,Пятимандатный избирательный округ № 1,1,1,3,266,246,242,242,92.48,True,10.74,ФЕДОРОВ Сергей Анатольевич,108,44.63,ПЕТРОВА Юлия Сергеевна,82,33.88,ПИВЕНЬ Игорь Александрович,52,21.49
Курганская область,45,FEDERAL,duma_sm,"Госдума, одномандатный округ",Выборы депутатов Государственной Думы Федерального Собрания Российской Федерации девятого созыва,Курганская область – Курганский,27,1,7,34748,31010,30709,30709,89.24,True,19.91,ИЛЬТЯКОВ Александр Владимирович,11603,37.78,ТРОПИНА Ксения Владимировна,5489,17.87,ВАГИН Павел Юрьевич,4785,15.58
Курганская область,45,FEDERAL,duma_pl,"Госдума, партсписок",Выборы депутатов Государственной Думы Федерального Собрания Российской Федерации девятого созыва,,27,1,10,34748,31010,30908,30908,89.24,True,22.76,Единая Россия,13131,42.48,Новые люди,6097,19.73,ЛДПР,4416,14.29
Курганская область,45,MUNICIPAL,mun_mm,"Муниципальный совет, многомандатный округ",Выборы депутатов Думы Альменевского муниципального округа Курганской области второго созыва,Пятимандатный избирательный округ № 1,1,5,10,127,116,115,235,91.34,True,0.85,ШАРАФУТДИНОВ Риналь Фанисович,70,29.79,БАБИКОВА Александра Ивановна,38,16.17,КАРИМОВ Рустам Рафкатович,23,9.79
Курганская область,45,MUNICIPAL,mun_mm,"Муниципальный совет, многомандатный округ",Выборы депутатов Думы Альменевского муниципального округа Курганской области второго созыва,Пятимандатный избирательный округ № 2,1,5,6,74,61,60,96,82.43,True,1.04,ОМЕГОВ Сергей Васильевич,28,29.17,ШАРАПОВА Юлия Александровна,19,19.79,КЛЕПИНИНА Ирина Александровна,16,16.67
Курганская область,45,MUNICIPAL,mun_mm,"Муниципальный совет, многомандатный округ",Выборы депутатов Думы Альменевского муниципального округа Курганской области второго созыва,Пятимандатный избирательный округ № 3,1,5,7,65,54,52,70,83.08,True,2.86,ИБРАЕВА Рина Вакильевна,20,28.57,КАЛУГИНА Ольга Павловна,13,18.57,АГЛИУЛЛИН Марс Кадыргалеевич,9,12.86
Курганская область,45,MUNICIPAL,mun_mm,"Муниципальный совет, многомандатный округ",Выборы депутатов Думы Куртамышского муниципального округа Курганской области второго созыва,Трехмандатный избирательный округ № 1,1,3,8,165,153,152,277,92.73,True,4.33,АЛЕКСИНА Вера Леонидовна,60,21.66,ГЛУХОВ Игорь Александрович,59,21.3,МЕДВЕДЕВ Сергей Владимирович,41,14.8
Курганская область,45,MUNICIPAL,mun_mm,"Муниципальный совет, многомандатный округ",Выборы депутатов Думы Куртамышского муниципального округа Курганской области второго созыва,Трехмандатный избирательный округ № 2,1,3,5,201,187,185,294,93.03,True,5.1,КУЧИН Николай Григорьевич,91,30.95,ВЕТРОВА Наталья Юрьевна,70,23.81,ВИХОРЕВ Павел Владимирович,59,20.07
Курганская область,45,MUNICIPAL,mun_mm,"Муниципальный совет, многомандатный округ",Выборы депутатов Думы Куртамышского муниципального округа Курганской области второго созыва,Трехмандатный избирательный округ № 3,1,3,8,155,142,141,283,91.61,True,1.41,АРХИПОВА Алёна Вадимовна,73,25.8,МАРТЕМЬЯНОВ Валерий Владиславович,61,21.55,КОКОРЕВА Анна Владимировна,43,15.19
Курганская область,45,MUNICIPAL,mun_mm,"Муниципальный совет, многомандатный округ",Выборы депутатов Думы Куртамышского муниципального округа Курганской области второго созыва,Трехмандатный избирательный округ № 4,1,3,7,75,65,65,108,86.67,True,0.93,ЧАДАЕВА Наталья Сергеевна,25,23.15,ТИМОФЕЕВ Николай Сергеевич,23,21.3,ЧАДАЕВ Леонид Николаевич,16,14.81
Курганская область,45,MUNICIPAL,mun_mm,"Муниципальный совет, многомандатный округ",Выборы депутатов Думы Куртамышского муниципального округа Курганской области второго созыва,Трехмандатный избирательный округ № 5,1,3,7,73,67,64,120,91.78,True,1.67,ПЛЮСНИНА Алёна Викторовна,33,27.5,БАТУРИНА Елена Леонидовна,23,19.17,МИХАЛЕНКО Александр Олегович,18,15.0
Курганская область,45,MUNICIPAL,mun_mm,"Муниципальный совет, многомандатный округ",Выборы депутатов Думы Лебяжьевского муниципального округа Курганской области второго созыва,Лебяжьевский,1,5,9,196,170,168,351,86.73,True,3.7,ЖОСАН Сергей Александрович,63,17.95,КУДИНОВ Александр Васильевич,59,16.81,УСТИНОВА Галина Алексеевна,58,16.52
Курганская область,45,MUNICIPAL,mun_mm,"Муниципальный совет, многомандатный округ",Выборы депутатов Думы Лебяжьевского муниципального округа Курганской области второго созыва,Лопатинский,1,5,11,119,102,101,193,85.71,True,0.52,ТЮТНЕВ Олег Юрьевич,30,15.54,САФРОНОВА Елена Александровна,30,15.54,ИГНАТЬЕВА Светлана Николаевна,30,15.54
Курганская область,45,MUNICIPAL,mun_mm,"Муниципальный совет, многомандатный округ",Выборы депутатов Думы Лебяжьевского муниципального округа Курганской области второго созыва,Центральный,1,5,9,150,134,132,254,89.33,True,1.97,ГУБРЕНКО Ольга Юрьевна,54,21.26,НИКОЛАЕНКОВА Оксана Юрьевна,46,18.11,ТОЧИЛКИНА Лариса Петровна,37,14.57
Курганская область,45,MUNICIPAL,mun_mm,"Муниципальный совет, многомандатный округ",Выборы депутатов Думы Петуховского муниципального округа Курганской области второго созыва,Второй,1,3,7,145,135,134,210,93.1,True,8.1,САФРОНОВА Ирина Александровна,56,26.67,НИКОЛАЕНКО Елена Фёдоровна,51,24.29,КУЗНЕЦОВА Светлана Григорьевна,51,24.29
Курганская область,45,MUNICIPAL,mun_mm,"Муниципальный совет, многомандатный округ",Выборы депутатов Думы Петуховского муниципального округа Курганской области второго созыва,Первый,1,3,8,140,138,136,251,98.57,True,4.38,СЫЧЕВСКАЯ Лариса Владимировна,64,25.5,КРАМОРОВА Светлана Васильевна,50,19.92,КРАЙНИХ Любовь Александровна,40,15.94
Курганская область,45,MUNICIPAL,mun_mm,"Муниципальный совет, многомандатный округ",Выборы депутатов Думы Петуховского муниципального округа Курганской области второго созыва,Пятый,1,3,4,87,79,79,94,90.8,True,9.57,ОСИПОВА Раиса Николаевна,46,48.94,ЖУЧКОВ Анатолий Павлович,23,24.47,ЕЛОВСКИЙ Андрей Александрович,17,18.09
Курганская область,45,MUNICIPAL,mun_mm,"Муниципальный совет, многомандатный округ",Выборы депутатов Думы Петуховского муниципального округа Курганской области второго созыва,Третий,1,3,8,82,70,69,106,85.37,True,0.0,КРАЙНИХ Наталья Игоревна,20,18.87,ЗАВЬЯЛОВ Александр Викторович,18,16.98,ГРИГОРОВА Наталья Александровна,17,16.04
Курганская область,45,MUNICIPAL,mun_mm,"Муниципальный совет, многомандатный округ",Выборы депутатов Думы Петуховского муниципального округа Курганской области второго созыва,Четвёртый,1,3,4,96,84,84,106,87.5,True,8.49,ЖУРАВЛЁВ Максим Петрович,31,29.25,КАЗЫМОВ Сергей Владимирович,28,26.42,МАЛЫХИНА Наталья Викторовна,28,26.42
Курганская область,45,MUNICIPAL,mun_mm,"Муниципальный совет, многомандатный округ",Выборы депутатов Думы Целинного муниципального округа Курганской области второго созыва,Второй,1,5,6,101,81,79,115,80.2,True,6.96,САФИНА Ангелина Эдуардовна,25,21.74,КУЗЬМИНЫХ Александр Геннадьевич,21,18.26,НИЗАМУТДИНОВ Хамит Равхатович,21,18.26
Курганская область,45,MUNICIPAL,mun_mm,"Муниципальный совет, многомандатный округ",Выборы депутатов Думы Целинного муниципального округа Курганской области второго созыва,Первый,1,5,8,192,169,167,351,88.02,True,1.71,ОБЛАСОВ Вячеслав Юрьевич,80,22.79,БАРИНОВ Иван Алексеевич,52,14.81,НИКУЛЬЧА Татьяна Геннадьевна,49,13.96
Курганская область,45,MUNICIPAL,mun_mm,"Муниципальный совет, многомандатный округ",Выборы депутатов Думы Целинного муниципального округа Курганской области второго созыва,Третий,1,5,6,97,81,78,106,83.51,True,0.94,ГРИГОРЬЕВА Ольга Александровна,23,21.7,БЕССОНОВА Татьяна Викторовна,19,17.92,ГАРИПОВ Хафиз Мавлютович,18,16.98
Курганская область,45,MUNICIPAL,mun_mm,"Муниципальный совет, многомандатный округ",Выборы депутатов Думы Шатровского муниципального округа Курганской области второго созыва,Бариновский,1,5,9,203,156,154,277,76.85,True,2.53,КУДЕЛЬКИН Виктор Николаевич,58,20.94,ГАЛАНИНА Татьяна Петровна,36,13.0,АФОНАСЬЕВ Антон Эдуардович,33,11.91
Курганская область,45,MUNICIPAL,mun_mm,"Муниципальный совет, многомандатный округ",Выборы депутатов Думы Шатровского муниципального округа Курганской области второго созыва,Мехонский,1,5,10,113,94,92,166,83.19,True,1.2,ШУРКО Ольга Александровна,36,21.69,КОНОВАЛОВА Алита Хаматшагиевна,23,13.86,АБРАШИТОВ Ибрагим Нажибович,19,11.45
Курганская область,45,MUNICIPAL,mun_mm,"Муниципальный совет, многомандатный округ",Выборы депутатов Думы Шатровского муниципального округа Курганской области второго созыва,Шатровский,1,5,9,228,197,197,449,86.4,True,1.34,НЕСТЕРОВ Владимир Николаевич,81,18.04,АРЕФЬЕВ Алексей Петрович,73,16.26,БЛАГИНИН Павел Александрович,58,12.92
Курганская область,45,MUNICIPAL,mun_sm,"Муниципальный совет, одномандатный округ",Дополнительные выборы депутата Курганской городской Думы восьмого созыва по одномандатному избирательному округу № 12,Избирательный округ № 12,1,1,5,1004,889,874,874,88.55,True,18.76,МАЛЬЦЕВ Андрей Александрович,353,40.39,КОРОТКОВ Сергей Леонидович,189,21.62,БАРЫШЕВ Антон Владимирович,174,19.91
Курганская область,45,REGIONAL,reg_sm,"Заксобрание, одномандатный округ",Дополнительные выборы депутата Курганской областной Думы восьмого созыва по одномандатному избирательному округу № 1 ? Восточный,Восточный,1,1,5,2223,2036,2004,2004,91.59,True,19.86,ВАСИЛЬЕВА Елена Алексеевна,810,40.42,НАЛИМОВА Ирина Сергеевна,412,20.56,РУДАКОВ Антон Викторович,367,18.31
Липецкая область,48,FEDERAL,duma_sm,"Госдума, одномандатный округ",Выборы депутатов Государственной Думы Федерального Собрания Российской Федерации девятого созыва,Липецкая область – Левобережный,14,1,10,40522,37147,36749,36749,91.67,True,22.73,ДЬЯКОНОВА Татьяна Ивановна,13952,37.97,БЫКОВСКИХ Николай Иванович,5600,15.24,ГРИШАЕВ Денис Алексеевич,4146,11.28
Липецкая область,48,FEDERAL,duma_sm,"Госдума, одномандатный округ",Выборы депутатов Государственной Думы Федерального Собрания Российской Федерации девятого созыва,Липецкая область – Липецкий,10,1,10,47622,44099,43710,43710,92.6,True,19.81,КУРБАТОВ Сергей Михайлович,15509,35.48,ТОКАРЕВ Сергей Владимирович,6852,15.68,ИСАЕВ Евгений Николаевич,5229,11.96
Липецкая область,48,FEDERAL,duma_pl,"Госдума, партсписок",Выборы депутатов Государственной Думы Федерального Собрания Российской Федерации девятого созыва,,24,1,10,88144,81246,80907,80907,92.17,True,33.96,Единая Россия,39582,48.92,Новые люди,12105,14.96,КПРФ,11373,14.06
Липецкая область,48,REGIONAL,reg_pl,"Заксобрание, партсписок",Выборы депутатов Липецкого областного Совета депутатов восьмого созыва,,27,1,7,88144,81246,80368,80368,92.17,True,32.25,Единая Россия,38384,47.76,КПРФ,12464,15.51,Новые люди,11849,14.74
Липецкая область,48,REGIONAL,reg_sm,"Заксобрание, одномандатный округ",Выборы депутатов Липецкого областного Совета депутатов восьмого созыва,Одномандатный избирательный округ №1,1,1,7,3539,3222,3180,3180,91.04,True,29.75,ВЛАСОВА Елена Леонидовна,1400,44.03,ЛЯПИН Александр Сергеевич,454,14.28,ГОЛОВИН Андрей Павлович,434,13.65
Липецкая область,48,REGIONAL,reg_sm,"Заксобрание, одномандатный округ",Выборы депутатов Липецкого областного Совета депутатов восьмого созыва,Одномандатный избирательный округ №10,1,1,7,5554,5202,5127,5127,93.66,True,40.22,ПОГОРЕЛОВ Дмитрий Николаевич,2854,55.67,ШКАТОВ Анатолий Павлович,792,15.45,ПОПОВ Александр Витальевич,506,9.87
Липецкая область,48,REGIONAL,reg_sm,"Заксобрание, одномандатный округ",Выборы депутатов Липецкого областного Совета депутатов восьмого созыва,Одномандатный избирательный округ №11,1,1,7,4479,4174,4108,4108,93.19,True,17.72,КУДАЕВА Лариса Викторовна,1630,39.68,БЕЗРУКОВ Сергей Сергеевич,902,21.96,БОРИСЁНОК Фёдор Юрьевич,587,14.29
Липецкая область,48,REGIONAL,reg_sm,"Заксобрание, одномандатный округ",Выборы депутатов Липецкого областного Совета депутатов восьмого созыва,Одномандатный избирательный округ №12,1,1,7,4114,3813,3759,3759,92.68,True,20.59,БЕЛЯНСКАЯ Елена Сергеевна,1610,42.83,ПОЧЕРЕВИН Дмитрий Юрьевич,836,22.24,БЕССОНОВ Михаил Сергеевич,572,15.22
Липецкая область,48,REGIONAL,reg_sm,"Заксобрание, одномандатный округ",Выборы депутатов Липецкого областного Совета депутатов восьмого созыва,Одномандатный избирательный округ №13,1,1,6,2957,2690,2658,2658,90.97,True,24.64,ПРОСКУРЯКОВ Александр Анатольевич,1155,43.45,ВОСТРИКОВА Алина Владимировна,500,18.81,ГРИГОРЯН Анастасия Владимировна,380,14.3
Липецкая область,48,REGIONAL,reg_sm,"Заксобрание, одномандатный округ",Выборы депутатов Липецкого областного Совета депутатов восьмого созыва,Одномандатный избирательный округ №14,1,1,6,2065,1822,1793,1793,88.23,True,8.59,ДРОШНОВА Наталия Владимировна,599,33.41,ПАВЛОВ Алексей Евгеньевич,445,24.82,ЧАУКИН Алексей Иванович,290,16.17
Липецкая область,48,REGIONAL,reg_sm,"Заксобрание, одномандатный округ",Выборы депутатов Липецкого областного Совета депутатов восьмого созыва,Одномандатный избирательный округ №15,1,1,5,1775,1566,1547,1547,88.23,True,25.6,ПАВЛОВ Дмитрий Валерьевич,667,43.12,ЧЕКУЛДАЕВА Ирина Валентиновна,271,17.52,АКСЕНОВ Олег Сергеевич,267,17.26
Липецкая область,48,REGIONAL,reg_sm,"Заксобрание, одномандатный округ",Выборы депутатов Липецкого областного Совета депутатов восьмого созыва,Одномандатный избирательный округ №16,1,1,6,1584,1374,1349,1349,86.74,True,26.09,КРУТСКИХ Геннадий Николаевич,603,44.7,ПУТИЛИН Александр Павлович,251,18.61,ШУКЛОВ Геннадий Валентинович,193,14.31
Липецкая область,48,REGIONAL,reg_sm,"Заксобрание, одномандатный округ",Выборы депутатов Липецкого областного Совета депутатов восьмого созыва,Одномандатный избирательный округ №17,1,1,6,1895,1707,1677,1677,90.08,True,23.02,ЩЕРБАК Анна Ивановна,664,39.59,ЗАЕВА Анна Леонидовна,278,16.58,ПЕТРУХИН Юрий Владимирович,277,16.52
Липецкая область,48,REGIONAL,reg_sm,"Заксобрание, одномандатный округ",Выборы депутатов Липецкого областного Совета депутатов восьмого созыва,Одномандатный избирательный округ №18,1,1,5,2198,1952,1918,1918,88.81,True,17.57,ТАГИНЦЕВ Николай Федорович,763,39.78,ПОЖИДАЕВ Алексей Геннадьевич,426,22.21,ПИДОПРЫГОРА Юлия Романовна,332,17.31
Липецкая область,48,REGIONAL,reg_sm,"Заксобрание, одномандатный округ",Выборы депутатов Липецкого областного Совета депутатов восьмого созыва,Одномандатный избирательный округ №19,1,1,6,1923,1723,1697,1697,89.6,True,20.92,АНОСОВ Сергей Владимирович,686,40.42,УЛЬШИН Геннадий Николаевич,331,19.51,МАРЕЕВ Анатолий Алексеевич,253,14.91
Липецкая область,48,REGIONAL,reg_sm,"Заксобрание, одномандатный округ",Выборы депутатов Липецкого областного Совета депутатов восьмого созыва,Одномандатный избирательный округ №2,1,1,6,3696,3426,3368,3368,92.69,True,42.1,МИТРОХИНА Ольга Николаевна,1949,57.87,ЧЕБОТАРЕВ Никита Александрович,531,15.77,КНЯЗЕВ Андрей Владимирович,511,15.17
Липецкая область,48,REGIONAL,reg_sm,"Заксобрание, одномандатный округ",Выборы депутатов Липецкого областного Совета депутатов восьмого созыва,Одномандатный избирательный округ №20,1,1,6,3549,3351,3315,3315,94.42,True,27.36,ТОЛСТОПЯТОВ Максим Владимирович,1399,42.2,ПЕКШЕВ Илья Владиславович,492,14.84,КЛЕЙМЕНОВ Станислав Анатольевич,431,13.0
Липецкая область,48,REGIONAL,reg_sm,"Заксобрание, одномандатный округ",Выборы депутатов Липецкого областного Совета депутатов восьмого созыва,Одномандатный избирательный округ №21,1,1,5,3524,3329,3300,3300,94.47,True,35.76,СЕРИКОВ Владимир Витальевич,1733,52.52,УСТИНОВ Андрей Николаевич,553,16.76,МЕРКУЛОВ Сергей Алексеевич,426,12.91
Липецкая область,48,REGIONAL,reg_sm,"Заксобрание, одномандатный округ",Выборы депутатов Липецкого областного Совета депутатов восьмого созыва,Одномандатный избирательный округ №22,1,1,4,2781,2550,2521,2521,91.69,True,27.49,ХРУСТАЛЕВА Екатерина Петровна,1199,47.56,АБРАМОВ Александр Сергеевич,506,20.07,ВЕТРОВ Олег Владимирович,476,18.88
Липецкая область,48,REGIONAL,reg_sm,"Заксобрание, одномандатный округ",Выборы депутатов Липецкого областного Совета депутатов восьмого созыва,Одномандатный избирательный округ №23,1,1,5,2266,2016,1994,1994,88.97,True,30.14,БОГАТИКОВ Борис Васильевич,900,45.14,МАЛЮТИНА Ольга Витальевна,299,14.99,ПОПОВ Алексей Геннадиевич,294,14.74
Липецкая область,48,REGIONAL,reg_sm,"Заксобрание, одномандатный округ",Выборы депутатов Липецкого областного Совета депутатов восьмого созыва,Одномандатный избирательный округ №24,1,1,6,1597,1399,1383,1383,87.6,True,36.8,БЛИНОВА Наталья Александровна,721,52.13,СИЛАНТЬЕВ Олег Геннадиевич,212,15.33,ШАЦКИЙ Сергей Владимирович,169,12.22
Липецкая область,48,REGIONAL,reg_sm,"Заксобрание, одномандатный округ",Выборы депутатов Липецкого областного Совета депутатов восьмого созыва,Одномандатный избирательный округ №25,1,1,6,1956,1755,1729,1729,89.72,True,20.82,СУХОРУКОВ Геннадий Николаевич,667,38.58,ПЛЮХИН Юрий Вячеславович,307,17.76,КРЮКОВА Мария Валерьевна,238,13.77
Липецкая область,48,REGIONAL,reg_sm,"Заксобрание, одномандатный округ",Выборы депутатов Липецкого областного Совета депутатов восьмого созыва,Одномандатный избирательный округ №26,1,1,7,3759,3469,3425,3425,92.29,True,48.23,ЕРЕМЕЕВ Дмитрий Николаевич,2078,60.67,САЛЬНИКОВ Денис Александрович,426,12.44,ПУПЫНИН Сергей Павлович,294,8.58
Липецкая область,48,REGIONAL,reg_sm,"Заксобрание, одномандатный округ",Выборы депутатов Липецкого областного Совета депутатов восьмого созыва,Одномандатный избирательный округ №27,1,1,6,2508,2273,2248,2248,90.63,True,16.15,НОСОВ Олег Валентинович,763,33.94,ЧЕРНЫХ Дарья Владимировна,400,17.79,ПЕСТРИКОВА Любовь Владимировна,354,15.75
Липецкая область,48,REGIONAL,reg_sm,"Заксобрание, одномандатный округ",Выборы депутатов Липецкого областного Совета депутатов восьмого созыва,Одномандатный избирательный округ №3,1,1,6,5244,4924,4849,4849,93.9,True,30.36,КОСИЛОВ Иван Александрович,2232,46.03,СИТНИКОВ Иван Александрович,760,15.67,КИСЕЛЕВА (Андросова) Людмила Владимировна,723,14.91
Липецкая область,48,REGIONAL,reg_sm,"Заксобрание, одномандатный округ",Выборы депутатов Липецкого областного Совета депутатов восьмого созыва,Одномандатный избирательный округ №4,1,1,6,4749,4472,4420,4420,94.17,True,24.8,МИНИНА Наталия Николаевна,1869,42.29,ГРИДНЕВ Сергей Евгеньевич,773,17.49,БАРЫШНИКОВА Ольга Сергеевна,664,15.02
Липецкая область,48,REGIONAL,reg_sm,"Заксобрание, одномандатный округ",Выборы депутатов Липецкого областного Совета депутатов восьмого созыва,Одномандатный избирательный округ №5,1,1,7,3889,3627,3587,3587,93.26,True,40.01,ПИНАЕВА Екатерина Алексеевна,1876,52.3,КОПЫЛОВА Татьяна Сергеевна,441,12.29,ЮРОВА Ольга Сергеевна,427,11.9
Липецкая область,48,REGIONAL,reg_sm,"Заксобрание, одномандатный округ",Выборы депутатов Липецкого областного Совета депутатов восьмого созыва,Одномандатный избирательный округ №6,1,1,7,4340,4040,3981,3981,93.09,True,24.44,КОРОТАЕВ Евгений Александрович,1683,42.28,БЫКОВСКИХ Николай Иванович,710,17.83,КРАСИЛЬНИКОВ Павел Тимофеевич,438,11.0
Липецкая область,48,REGIONAL,reg_sm,"Заксобрание, одномандатный округ",Выборы депутатов Липецкого областного Совета депутатов восьмого созыва,Одномандатный избирательный округ №7,1,1,6,4480,4234,4191,4191,94.51,True,27.77,БОГОМОЛОВА Елена Александровна,2030,48.44,СТЕБЛЕЦОВ Павел Евгеньевич,866,20.66,НОВИЧИХИН Алексей Николаевич,394,9.4
Липецкая область,48,REGIONAL,reg_sm,"Заксобрание, одномандатный округ",Выборы депутатов Липецкого областного Совета депутатов восьмого созыва,Одномандатный избирательный округ №8,1,1,7,4067,3755,3705,3705,92.33,True,23.1,МИЛОВАНОВ Леонид Петрович,1499,40.46,ТОНКИХ Дмитрий Андреевич,643,17.35,ПУТИЛИН Сергей Сергеевич,478,12.9
Липецкая область,48,REGIONAL,reg_sm,"Заксобрание, одномандатный округ",Выборы депутатов Липецкого областного Совета депутатов восьмого созыва,Одномандатный избирательный округ №9,1,1,5,3656,3381,3347,3347,92.48,True,30.03,ШАМАЕВА Анна Митрофановна,1600,47.8,АТАМАНЕНКО Александр Петрович,595,17.78,БЕРЕСТНЕВА Юлия Алексеевна,593,17.72
Магаданская область,49,FEDERAL,duma_sm,"Госдума, одномандатный округ",Выборы депутатов Государственной Думы Федерального Собрания Российской Федерации девятого созыва,Магаданская область – Магаданский,10,1,5,8110,7228,6956,6956,89.12,True,19.74,БУЛЫЧЁВ Богдан Юрьевич,2804,40.31,ГОНЧАРЕНКО Сергей Александрович,1431,20.57,ЭТТЕНКО Кирилл Геннадьевич,1090,15.67
Магаданская область,49,FEDERAL,duma_pl,"Госдума, партсписок",Выборы депутатов Государственной Думы Федерального Собрания Российской Федерации девятого созыва,,10,1,10,8110,7228,7003,7003,89.12,True,32.27,Единая Россия,3303,47.17,Новые люди,1043,14.89,КПРФ,923,13.18
Московская область,50,FEDERAL,duma_sm,"Госдума, одномандатный округ",Выборы депутатов Государственной Думы Федерального Собрания Российской Федерации девятого созыва,Московская область – Балашихинский,2,1,8,48384,43464,43055,43055,89.83,True,38.29,ЮРОВ Сергей Геннадиевич,22014,51.13,ХВАСТУНОВА Алла Сергеевна,5528,12.84,ЗВЕРЕВ Олег Михайлович,4845,11.25
Московская область,50,FEDERAL,duma_sm,"Госдума, одномандатный округ",Выборы депутатов Государственной Думы Федерального Собрания Российской Федерации девятого созыва,Московская область – Дмитровский,4,1,7,57603,52513,51914,51914,91.16,True,26.2,КРАВЧЕНКО Денис Борисович,21690,41.78,АНДРЕЕВА Ольга Владимировна,8087,15.58,ПОЦЕЛУЕВА Наталья Сергеевна,7755,14.94
Московская область,50,FEDERAL,duma_sm,"Госдума, одномандатный округ",Выборы депутатов Государственной Думы Федерального Собрания Российской Федерации девятого созыва,Московская область – Коломенский,7,1,6,44252,40511,40151,40151,91.55,True,19.68,ЧАПЛИН Никита Юрьевич,16076,40.04,ТИМКОВА Ирина Сергеевна,8173,20.36,СТРЕЛЬЦОВ Сергей Анатольевич,6342,15.8
Московская область,50,FEDERAL,duma_sm,"Госдума, одномандатный округ",Выборы депутатов Государственной Думы Федерального Собрания Российской Федерации девятого созыва,Московская область – Красногорский,8,1,7,64665,59459,58899,58899,91.95,True,33.19,КОЛУНОВ Сергей Владимирович,28529,48.44,СТЕПАНОВА Юлия Владимировна,8983,15.25,БОРОДИНОВ Егор Николаевич,7021,11.92
Московская область,50,FEDERAL,duma_sm,"Госдума, одномандатный округ",Выборы депутатов Государственной Думы Федерального Собрания Российской Федерации девятого созыва,Московская область – Люберецкий,3,1,7,67978,61438,60673,60673,90.38,True,26.57,ТЕРЮШКОВ Роман Игоревич,24884,41.01,КОМАРОВА Евгения Юрьевна,8764,14.44,ХРОМОВ Андрей Анатольевич,7793,12.84
Московская область,50,FEDERAL,duma_sm,"Госдума, одномандатный округ",Выборы депутатов Государственной Думы Федерального Собрания Российской Федерации девятого созыва,Московская область – Мытищинский,3,1,8,55861,50298,49713,49713,90.04,True,13.26,ЛЕГКОВ Александр Геннадьевич,17680,35.56,СИНИЦЫНА Наталья Сергеевна,11086,22.3,ВАСИЛЬЕВ Артем Николаевич,7286,14.66
Московская область,50,FEDERAL,duma_sm,"Госдума, одномандатный округ",Выборы депутатов Государственной Думы Федерального Собрания Российской Федерации девятого созыва,Московская область – Одинцовский,8,1,6,121474,111634,110592,110592,91.9,True,42.26,МАЙДАНОВ Денис Васильевич,60537,54.74,ЗУЕВ Михаил Анатольевич,13800,12.48,ЧМАРОВ Константин Васильевич,13541,12.24
Московская область,50,FEDERAL,duma_sm,"Госдума, одномандатный округ",Выборы депутатов Государственной Думы Федерального Собрания Российской Федерации девятого созыва,Московская область – Орехово-Зуевский,5,1,7,77334,72498,72001,72001,93.75,True,51.38,ПАНИН Геннадий Олегович,44215,61.41,КОВАЛЕВ Артем Алексеевич,7221,10.03,ФОНДАРИНОВ Владимир Евгеньевич,5751,7.99
Московская область,50,FEDERAL,duma_sm,"Госдума, одномандатный округ",Выборы депутатов Государственной Думы Федерального Собрания Российской Федерации девятого созыва,Московская область – Подольский,5,1,8,57555,53450,52929,52929,92.87,True,34.07,ФЕТИСОВ Вячеслав Александрович,24651,46.57,СОЛДАТОВ Юрий Владимирович,6619,12.51,ГЕРАСИМОВ Андрей Викторович,5500,10.39
Московская область,50,FEDERAL,duma_sm,"Госдума, одномандатный округ",Выборы депутатов Государственной Думы Федерального Собрания Российской Федерации девятого созыва,Московская область – Сергиево-Посадский,2,1,6,8279,7650,7567,7567,92.4,True,28.93,ПАХОМОВ Сергей Александрович,3321,43.89,САМСОНОВ Константин Владимирович,1132,14.96,АХРОМКИН Денис Александрович,1033,13.65
Московская область,50,FEDERAL,duma_sm,"Госдума, одномандатный округ",Выборы депутатов Государственной Думы Федерального Собрания Российской Федерации девятого созыва,Московская область – Серпуховский,5,1,7,53025,48661,48141,48140,91.77,True,25.07,КОГАН Александр Борисович,19183,39.85,ВАЛИКОВ Максим Александрович,7114,14.78,ХОМЯКОВ Олег Евгеньевич,5884,12.22
Московская область,50,FEDERAL,duma_sm,"Госдума, одномандатный округ",Выборы депутатов Государственной Думы Федерального Собрания Российской Федерации девятого созыва,Московская область – Щёлковский,7,1,9,70980,64754,64219,64219,91.23,True,41.5,БУЛГАКОВ Андрей Алексеевич,33573,52.28,МОКРИНСКАЯ Елена Федоровна,6925,10.78,ПИКСАЙКИНА Анна Владимировна,6404,9.97
Московская область,50,FEDERAL,duma_pl,"Госдума, партсписок",Выборы депутатов Государственной Думы Федерального Собрания Российской Федерации девятого созыва,,59,1,10,727390,666330,663595,663593,91.61,True,39.36,Единая Россия,354861,53.48,Новые люди,93685,14.12,КПРФ,72330,10.9
Московская область,50,MUNICIPAL,mun_mm,"Муниципальный совет, многомандатный округ",Выборы депутатов Совета депутатов Городского округа Коломна Московской области,Пятимандатный избирательный округ №1,1,5,12,3267,3013,2973,5836,92.23,True,1.51,ВАУЛИН Андрей Валерьевич,749,12.83,ШЕВЦОВ Олег Алексеевич,741,12.7,ИВАНОВ Сергей Юрьевич,657,11.26
Московская область,50,MUNICIPAL,mun_mm,"Муниципальный совет, многомандатный округ",Выборы депутатов Совета депутатов Городского округа Коломна Московской области,Пятимандатный избирательный округ №2,1,5,12,3401,3117,3065,6046,91.65,True,0.45,КИРИЧЕНКО Сергей Васильевич,821,13.58,ГРЕЧИЩЕВ Александр Владимирович,734,12.14,ИОНОВ Эдуард Владимирович,619,10.24
Московская область,50,MUNICIPAL,mun_mm,"Муниципальный совет, многомандатный округ",Выборы депутатов Совета депутатов Городского округа Коломна Московской области,Пятимандатный избирательный округ №3,1,5,14,3463,3182,3141,6610,91.89,True,0.06,ОРЛОВ Сергей Владимирович,802,12.13,ГЕДЗЬ Тимур Владимирович,615,9.3,МАКАРОВ Николай Владимирович,611,9.24
Московская область,50,MUNICIPAL,mun_mm,"Муниципальный совет, многомандатный округ",Выборы депутатов Совета депутатов Городского округа Коломна Московской области,Пятимандатный избирательный округ №4,1,5,15,3385,3145,3104,6690,92.91,True,0.19,ШУМОВ Сергей Вячеславович,695,10.39,ХАРИТОНОВ Алексей Александрович,693,10.36,АТЯКШЕВА Юлия Валерьевна,504,7.53
Московская область,50,MUNICIPAL,mun_mm,"Муниципальный совет, многомандатный округ",Выборы депутатов Совета депутатов Городского округа Коломна Московской области,Пятимандатный избирательный округ №5,1,5,12,2954,2690,2655,5129,91.06,True,1.87,БРАТУШКОВ Николай Владимирович,781,15.23,УШАКОВ Дмитрий Владимирович,758,14.78,КОРОЛЕВА Ирина Борисовна,560,10.92
Московская область,50,MUNICIPAL,mun_mm,"Муниципальный совет, многомандатный округ",Выборы депутатов Совета депутатов Городского округа Пушкинский Московской области,Пятимандатный избирательный округ №1,1,5,15,3962,3597,3548,10434,90.79,True,6.11,КУЛЬКОВ Дмитрий Евгеньевич,1895,18.16,АЛЕКСЕЕВА Ольга Викторовна,1669,16.0,БРЫНЦЕВ Александр Евгеньевич,1508,14.45
Московская область,50,MUNICIPAL,mun_mm,"Муниципальный совет, многомандатный округ",Выборы депутатов Совета депутатов Городского округа Пушкинский Московской области,Пятимандатный избирательный округ №2,1,5,17,4083,3678,3611,9871,90.08,True,5.66,ПОТЕМКИНА Екатерина Андреевна,1479,14.98,БАТИЩЕВ Сергей Алексеевич,1366,13.84,ЖДАН Михаил Александрович,1184,11.99
Московская область,50,MUNICIPAL,mun_mm,"Муниципальный совет, многомандатный округ",Выборы депутатов Совета депутатов Городского округа Пушкинский Московской области,Пятимандатный избирательный округ №3,1,5,20,4418,4053,3987,11762,91.74,True,3.57,БОГАЧЕВА Ирина Николаевна,1767,15.02,БЕЗНОСИК Роман Валентинович,1650,14.03,УШАКОВА Нина Бениковна,1405,11.95
Московская область,50,MUNICIPAL,mun_mm,"Муниципальный совет, многомандатный округ",Выборы депутатов Совета депутатов Городского округа Пушкинский Московской области,Пятимандатный избирательный округ №4,1,5,15,3938,3599,3540,9396,91.39,True,5.41,ЩУКИНА Ольга Ивановна,1300,13.84,ШАПОВАЛОВА Ольга Андреевна,1217,12.95,БУШЕВ Александр Александрович,1168,12.43
Московская область,50,MUNICIPAL,mun_mm,"Муниципальный совет, многомандатный округ",Выборы депутатов Совета депутатов Городского округа Пушкинский Московской области,Пятимандатный избирательный округ №5,1,5,18,4133,3767,3710,10753,91.14,True,4.75,ГАЛЬЦИНА Яна Геннадиевна,1500,13.95,РЫЖАКИН Михаил Степанович,1472,13.69,ДМИТРИЕВА Любовь Юрьевна,1341,12.47
Московская область,50,MUNICIPAL,mun_mm,"Муниципальный совет, многомандатный округ",Выборы депутатов Совета депутатов Городского округа Пушкинский Московской области,Пятимандатный избирательный округ №6,1,5,18,3982,3684,3634,10930,92.52,True,7.9,ДУНАЕВА Анна Николаевна,1709,15.64,ВОЛГИН Максим Владимирович,1601,14.65,САДУЛА Артем Степанович,1532,14.02
Московская область,50,MUNICIPAL,mun_mm,"Муниципальный совет, многомандатный округ",Выборы депутатов Совета депутатов городского округа Химки Московской области,Многомандатный избирательный округ №1,1,5,20,4813,4394,4326,12479,91.29,True,9.05,КЛИМАЧЁВА Олеся Валерьевна,1880,15.07,МАЛИНОВСКИЙ Сергей Константинович,1749,14.02,КРАСИЛЬНИКОВА Екатерина Николаевна,1653,13.25
Московская область,50,MUNICIPAL,mun_mm,"Муниципальный совет, многомандатный округ",Выборы депутатов Совета депутатов городского округа Химки Московской области,Многомандатный избирательный округ №2,1,5,17,3964,3564,3486,8678,89.91,True,0.85,СМИРНОВА Надежда Ивановна,1115,12.85,МАМАЙ Юлия Владимировна,1110,12.79,СТЕПУШИН Владислав Игоревич,1008,11.62
Московская область,50,MUNICIPAL,mun_mm,"Муниципальный совет, многомандатный округ",Выборы депутатов Совета депутатов городского округа Химки Московской области,Многомандатный избирательный округ №3,1,5,14,4210,3886,3819,9013,92.3,True,0.19,БОЛОТОВА Галина Александровна,1291,14.32,ВАСИЛЬЕВ Александр Владимирович,1167,12.95,ИШКОВА Юлия Сергеевна,1167,12.95
Московская область,50,MUNICIPAL,mun_mm,"Муниципальный совет, многомандатный округ",Выборы депутатов Совета депутатов городского округа Химки Московской области,Многомандатный избирательный округ №4,1,5,18,4586,4082,3985,9871,89.01,True,1.73,КАЛЮЖНАЯ Екатерина Анатольевна,1310,13.27,КАВТОРЕВА Татьяна Ивановна,1254,12.7,БЕЛЯЕВ Денис Евгеньевич,1122,11.37
Московская область,50,MUNICIPAL,mun_mm,"Муниципальный совет, многомандатный округ",Выборы депутатов Совета депутатов городского округа Химки Московской области,Многомандатный избирательный округ №5,1,5,16,3950,3532,3464,8443,89.42,True,2.18,СПИРИНА Ирина Алексеевна,1189,14.08,МОНАСТЫРСКАЯ Инна Валерьевна,1157,13.7,ГЕРАСИМОВ Валентин Алексеевич,918,10.87
Московская область,50,MUNICIPAL,mun_mm,"Муниципальный совет, многомандатный округ",Выборы депутатов Совета депутатов муниципального образования городской округ Лобня Московской области,Многомандатный избирательный округ № 1,1,4,13,1114,977,967,2219,87.7,True,2.48,БУКИНА Оксана Владимировна,363,16.36,ЛОПАСОВ Алексей Вячеславович,342,15.41,РАЗИН Олег Анатольевич,279,12.57
Московская область,50,MUNICIPAL,mun_mm,"Муниципальный совет, многомандатный округ",Выборы депутатов Совета депутатов муниципального образования городской округ Лобня Московской области,Многомандатный избирательный округ № 2,1,4,10,1161,1024,1004,1953,88.2,True,0.87,СТЕЛЬМАХ Михаил Алексеевич,387,19.82,КАЛАЧЕВА Мария Сергеевна,314,16.08,БАЛМАШНОВА Оксана Юрьевна,250,12.8
Московская область,50,MUNICIPAL,mun_mm,"Муниципальный совет, многомандатный округ",Выборы депутатов Совета депутатов муниципального образования городской округ Лобня Московской области,Многомандатный избирательный округ № 3,1,4,10,1189,1072,1055,2197,90.16,True,0.14,ДАВЫДОВА Светлана Николаевна,437,19.89,КУЗЬМИЧЕНКО Александр Евгеньевич,334,15.2,МОЧАЛОВ Алексей Николаевич,300,13.65
Московская область,50,MUNICIPAL,mun_mm,"Муниципальный совет, многомандатный округ",Выборы депутатов Совета депутатов муниципального образования городской округ Лобня Московской области,Многомандатный избирательный округ № 4,1,4,10,1260,1134,1114,2147,90.0,True,4.38,СОКОВ Алексей Вячеславович,335,15.6,КОШКИН Евгений Иванович,298,13.88,ЖИТКОВ Алексей Алексеевич,293,13.65
Московская область,50,MUNICIPAL,mun_mm,"Муниципальный совет, многомандатный округ",Выборы депутатов Совета депутатов муниципального образования городской округ Лобня Московской области,Многомандатный избирательный округ № 5,1,4,8,1198,1076,1064,2131,89.82,True,4.22,ДМИТРУК Татьяна Николаевна,393,18.44,ИВАНОВ Андрей Борисович,365,17.13,БУКИН Владимир Николаевич,328,15.39
Московская область,50,MUNICIPAL,mun_sm,"Муниципальный совет, одномандатный округ",Дополнительные выборы депутата Совета депутатов Можайского муниципального округа Московской области по многомандатному округу №4,Двухмандатный избирательный округ №4,1,1,4,1152,1063,1049,1049,92.27,True,45.66,АКИМЕНКО Александр Борисович,664,63.3,СТРИЖЕНКО Дарья Александровна,185,17.64,ШМАТКОВ Сергей Дмитриевич,147,14.01
Московская область,50,REGIONAL,reg_pl,"Заксобрание, партсписок",Выборы депутатов Московской областной Думы,,25,1,8,727390,666330,659194,659193,91.61,True,35.49,Единая Россия,327962,49.75,Новые люди,93990,14.26,ЛДПР,78516,11.91
Московская область,50,REGIONAL,reg_sm,"Заксобрание, одномандатный округ",Выборы депутатов Московской областной Думы,Балашихинский одномандатный избирательный округ,1,1,6,37325,33925,33491,33491,90.89,True,38.03,ШАПКИН Владимир Николаевич,17499,52.25,АБРАМОВ Михаил Юрьевич,4761,14.22,ЗВЕРЕВ Олег Михайлович,3847,11.49
Московская область,50,REGIONAL,reg_sm,"Заксобрание, одномандатный округ",Выборы депутатов Московской областной Думы,Воскресенский одномандатный избирательный округ,1,1,5,21787,19912,19669,19669,91.39,True,21.33,ЛОБЫШЕВА Екатерина Александровна,8277,42.08,СИНИЦЫНА Мария Николаевна,4081,20.75,МУСИН Константин Хусаинович,3304,16.8
Московская область,50,REGIONAL,reg_sm,"Заксобрание, одномандатный округ",Выборы депутатов Московской областной Думы,Дмитровский одномандатный избирательный округ,1,1,5,27315,24957,24637,24637,91.37,True,15.46,ОРЛОВ Александр Владимирович,10244,41.58,СТАРОДУБОВ Денис Олегович,6436,26.12,МОЙЛАНЕН Мария Владимировна,3424,13.9
Московская область,50,REGIONAL,reg_sm,"Заксобрание, одномандатный округ",Выборы депутатов Московской областной Думы,Домодедовский одномандатный избирательный округ,1,1,6,19533,17610,17312,17312,90.16,True,26.14,ПАШКОВ Александр Сергеевич,7428,42.91,ЛЕГОСТАЕВА Анна Анатольевна,2903,16.77,ЗЛОБИНА Марина Николаевна,2709,15.65
Московская область,50,REGIONAL,reg_sm,"Заксобрание, одномандатный округ",Выборы депутатов Московской областной Думы,Егорьевский одномандатный избирательный округ,1,1,5,21753,19934,19674,19674,91.64,True,4.78,БАРСУКОВ Владимир Николаевич,5774,29.35,БОНДАРЕВА Наталья Валерьевна,4834,24.57,АНИКИН Сергей Михайлович,4778,24.29
Московская область,50,REGIONAL,reg_sm,"Заксобрание, одномандатный округ",Выборы депутатов Московской областной Думы,Звенигородский одномандатный избирательный округ,1,1,5,35237,32545,32121,32121,92.36,True,33.62,ЕРМАКОВА Ольга Владимировна,15769,49.09,ТРУНОВ Станислав Сергеевич,4969,15.47,КРИСТАЛИНСКАЯ Марианна Николаевна,4242,13.21
Московская область,50,REGIONAL,reg_sm,"Заксобрание, одномандатный округ",Выборы депутатов Московской областной Думы,Истринский одномандатный избирательный округ,1,1,7,28020,25259,24896,24896,90.15,True,18.41,БАДРЕТДИНОВ Артур Эдуардович,9063,36.4,ПОЦЕЛУЕВА Наталья Сергеевна,4480,17.99,СТЕПАНОВА Юлия Владимировна,4234,17.01
Московская область,50,REGIONAL,reg_sm,"Заксобрание, одномандатный округ",Выборы депутатов Московской областной Думы,Клинский одномандатный избирательный округ,1,1,6,28396,26427,26097,26097,93.07,True,26.67,ЗАРУБИН Александр Павлович,11749,45.02,КУКУШКИН Вадим Александрович,4789,18.35,ТУМАНОВ Вардан Левонович,3675,14.08
Московская область,50,REGIONAL,reg_sm,"Заксобрание, одномандатный округ",Выборы депутатов Московской областной Думы,Королевский одномандатный избирательный округ,1,1,7,25071,22708,22366,22366,90.57,True,6.36,КЕРСЕЛЯН Сергей Айкович,7033,31.45,СИНИЦЫНА Наталья Сергеевна,5610,25.08,ЧУКАНИНА Анна Александровна,4013,17.94
Московская область,50,REGIONAL,reg_sm,"Заксобрание, одномандатный округ",Выборы депутатов Московской областной Думы,Ленинский одномандатный избирательный округ,1,1,4,33464,30113,29561,29561,89.99,True,2.02,АРБУЗОВ Сергей Владимирович,9846,33.31,КОЛЕСНИКОВ Андрей Евгеньевич,9250,31.29,БОГДАНОВ Александр Александрович,8004,27.08
Московская область,50,REGIONAL,reg_sm,"Заксобрание, одномандатный округ",Выборы депутатов Московской областной Думы,Люберецкий одномандатный избирательный округ,1,1,7,34514,31325,30796,30795,90.76,True,30.31,ДЕНИСКО Дмитрий Валентинович,13982,45.4,БЛИНОВ Алексей Валерьевич,4649,15.1,ПЕТРОВ Евгений Александрович,3695,12.0
Московская область,50,REGIONAL,reg_sm,"Заксобрание, одномандатный округ",Выборы депутатов Московской областной Думы,Мытищинский одномандатный избирательный округ,1,1,6,34364,31018,30535,30535,90.26,True,21.36,МУРЗАКОВ Михаил Николаевич,12167,39.85,КУДРЯШОВ Вадим Сергеевич,5644,18.48,ШЕВЦОВ Лев Фёдорович,4000,13.1
Московская область,50,REGIONAL,reg_sm,"Заксобрание, одномандатный округ",Выборы депутатов Московской областной Думы,Наро-Фоминский одномандатный избирательный округ,1,1,5,31357,29063,28715,28715,92.68,True,30.04,РОЖНОВ Олег Александрович,13766,47.94,СТАРКОВА Галина Сергеевна,5141,17.9,ВЫШКВАРЦЕВ Виталий Владиславович,3944,13.73
Московская область,50,REGIONAL,reg_sm,"Заксобрание, одномандатный округ",Выборы депутатов Московской областной Думы,Ногинский одномандатный избирательный округ,1,1,7,31386,28422,28047,28047,90.56,True,31.12,ПОПОВА Ольга Андреевна,12602,44.93,СЛОБОДЯНИК Лиана Юрьевна,3875,13.82,ИВАНОВ Сергей Викторович,3417,12.18
Московская область,50,REGIONAL,reg_sm,"Заксобрание, одномандатный округ",Выборы депутатов Московской областной Думы,Орехово-Зуевский одномандатный избирательный округ,1,1,6,41273,38744,38387,38387,93.87,True,50.13,ЖИВЦОВ Эдуард Николаевич,23509,61.24,БЕЛЯЕВ Михаил Петрович,4264,11.11,ГРОМАКОВ Артём Александрович,3989,10.39
Московская область,50,REGIONAL,reg_sm,"Заксобрание, одномандатный округ",Выборы депутатов Московской областной Думы,Подольский одномандатный избирательный округ,1,1,7,32280,30491,30115,30115,94.46,True,22.2,ЩУКИН Виктор Юрьевич,11993,39.82,СОЛДАТОВ Юрий Владимирович,5307,17.62,ЧЕРЕПЕННИКОВ Андрей Владимирович,4025,13.37
Московская область,50,REGIONAL,reg_sm,"Заксобрание, одномандатный округ",Выборы депутатов Московской областной Думы,Пушкинский одномандатный избирательный округ,1,1,6,35753,32611,32195,32195,91.21,True,40.67,ОРЛОВА Инна Александровна,18160,56.41,БРЫНЦЕВ Александр Евгеньевич,5067,15.74,ЛИФАНОВ Александр Сергеевич,4284,13.31
Московская область,50,REGIONAL,reg_sm,"Заксобрание, одномандатный округ",Выборы депутатов Московской областной Думы,Раменский одномандатный избирательный округ,1,1,6,25122,23052,22721,22721,91.76,True,16.77,ЧИСТЮХИН Игорь Васильевич,8568,37.71,ЕМЕЛЬЯНОВ Олег Владиславович,4757,20.94,ТЕЛЕНКОВА Анна Викторовна,3988,17.55
Московская область,50,REGIONAL,reg_sm,"Заксобрание, одномандатный округ",Выборы депутатов Московской областной Думы,Реутовский одномандатный избирательный округ,1,1,6,26177,23588,23291,23291,90.11,True,28.46,БРЫНЦАЛОВ Игорь Юрьевич,10902,46.81,ХВАСТУНОВА Алла Сергеевна,4273,18.35,КОНСТАНТИНОВСКИЙ Артем Владимирович,2862,12.29
Московская область,50,REGIONAL,reg_sm,"Заксобрание, одномандатный округ",Выборы депутатов Московской областной Думы,Рузский одномандатный избирательный округ,1,1,6,30041,27980,27684,27684,93.14,True,38.88,ВЛАСОВ Игорь Иванович,13819,49.92,СОРОКИН Андрей Валентинович,3056,11.04,БЕЛЯЕВА Тамара Николаевна,2997,10.83
Московская область,50,REGIONAL,reg_sm,"Заксобрание, одномандатный округ",Выборы депутатов Московской областной Думы,Сергиево-Посадский одномандатный избирательный округ,1,1,7,27617,25007,24671,24671,90.55,True,18.09,ЛАГУТИН Тимофей Александрович,9931,40.25,МАРДАСОВ Андрей Игоревич,5468,22.16,САМСОНОВ Константин Владимирович,3182,12.9
Московская область,50,REGIONAL,reg_sm,"Заксобрание, одномандатный округ",Выборы депутатов Московской областной Думы,Ступинский одномандатный избирательный округ,1,1,6,17407,15959,15751,15750,91.68,True,35.29,ГОЛУБЕВ Андрей Алексеевич,7879,50.03,ВОЛКОВ Рустам Партоевич,2321,14.74,ТЕРЕЩЕНКО Константин Вячеславович,2307,14.65
Московская область,50,REGIONAL,reg_sm,"Заксобрание, одномандатный округ",Выборы депутатов Московской областной Думы,Химкинский одномандатный избирательный округ,1,1,6,26890,24222,23800,23800,90.08,True,32.47,ТОМАШОВ Николай Александрович,12001,50.42,СТАСЮК Василий Николаевич,4274,17.96,СКВОРЦОВ Кирилл Игоревич,3545,14.89
Московская область,50,REGIONAL,reg_sm,"Заксобрание, одномандатный округ",Выборы депутатов Московской областной Думы,Чеховский одномандатный избирательный округ,1,1,7,22637,20947,20684,20684,92.53,True,14.93,БАТОГОВ Алексей Валерьевич,6903,33.37,КАСАТОВ Михаил Михайлович,3815,18.44,ШИБАЕВ Глеб Михайлович,3702,17.9
Московская область,50,REGIONAL,reg_sm,"Заксобрание, одномандатный округ",Выборы депутатов Московской областной Думы,Электростальский одномандатный избирательный округ,1,1,6,32671,30511,30201,30201,93.39,True,31.33,САМЕДИНОВА Линара Раимовна,15352,50.83,КОВАЛЕВ Артем Алексеевич,5889,19.5,СИВКО Алексей Леонидович,3409,11.29
Мурманская область,51,FEDERAL,duma_sm,"Госдума, одномандатный округ",Выборы депутатов Государственной Думы Федерального Собрания Российской Федерации девятого созыва,Мурманская область – Мурманский,17,1,7,46154,41520,41152,41152,89.96,True,16.6,КУСАЙКО Татьяна Алексеевна,14333,34.83,БЕЛОВ Максим Андреевич,7503,18.23,ВАТАЛИН Юрий Викторович,4611,11.2
Мурманская область,51,FEDERAL,duma_pl,"Госдума, партсписок",Выборы депутатов Государственной Думы Федерального Собрания Российской Федерации девятого созыва,,17,1,10,46154,41520,41336,41336,89.96,True,27.49,Единая Россия,18084,43.75,Новые люди,6721,16.26,ЛДПР,5584,13.51
Мурманская область,51,MUNICIPAL,mun_sm,"Муниципальный совет, одномандатный округ",Дополнительные выборы депутата Совета депутатов города Мончегорска седьмого созыва по одномандатному округу № 2,Одномандатный избирательный округ №2,1,1,5,195,173,172,172,88.72,True,22.67,ДЕВЯТКИН Павел Николаевич,75,43.6,ПОГОДИН Михаил Юрьевич,36,20.93,ЦВЕТКОВА Вероника Владимировна,28,16.28
Мурманская область,51,MUNICIPAL,mun_sm,"Муниципальный совет, одномандатный округ",Дополнительные выборы депутата Совета депутатов муниципального округа город Кировск с подведомственной территорией  Мурманской области седьмого созыва по одномандатному округу № 15,Округ №15,1,1,2,97,89,89,89,91.75,True,1.12,ВАХОВСКИЙ Владимир Александрович,45,50.56,ГУТИКОВА Полина Александровна,44,49.44,,,
Мурманская область,51,REGIONAL,reg_pl,"Заксобрание, партсписок",Выборы депутатов Мурманской областной Думы восьмого созыва,,18,1,6,46154,41520,41051,41051,89.96,True,22.53,Единая Россия,16362,39.86,Новые люди,7113,17.33,ЛДПР,6213,15.13
Мурманская область,51,REGIONAL,reg_sm,"Заксобрание, одномандатный округ",Выборы депутатов Мурманской областной Думы восьмого созыва,Александровский,1,1,6,2917,2580,2538,2538,88.45,True,6.82,ДУБОВОЙ Сергей Михайлович,743,29.28,БУДЬКО Максим Викторович,570,22.46,СОЛОГУБ Ирина Сергеевна,371,14.62
Мурманская область,51,REGIONAL,reg_sm,"Заксобрание, одномандатный округ",Выборы депутатов Мурманской областной Думы восьмого созыва,Апатитский,1,1,6,2307,2060,2023,2023,89.29,True,5.54,ГИЛЯРОВ Алексей Геннадьевич,579,28.62,ГЕРАСИМОВ Илья Сергеевич,467,23.08,ДЖАХАНГИРОВ Ниязи Низамиевич,450,22.24
Мурманская область,51,REGIONAL,reg_sm,"Заксобрание, одномандатный округ",Выборы депутатов Мурманской областной Думы восьмого созыва,Кандалакшский,1,1,6,2124,1888,1864,1864,88.89,True,27.74,ПРОСОЛЕНКО Ирина Викторовна,811,43.51,КЛЕМЕНТЬЕВ Александр Викторович,294,15.77,АКИШИН Сергей Григорьевич,250,13.41
Мурманская область,51,REGIONAL,reg_sm,"Заксобрание, одномандатный округ",Выборы депутатов Мурманской областной Думы восьмого созыва,Кировский,1,1,5,2298,2037,2003,2003,88.64,True,33.3,ТРУШЕНКО Антон Сергеевич,994,49.63,ПОПОВ Артур Александрович,327,16.33,СТРЕЛКОВА Анна Леонидовна,283,14.13
Мурманская область,51,REGIONAL,reg_sm,"Заксобрание, одномандатный округ",Выборы депутатов Мурманской областной Думы восьмого созыва,Кольский,1,1,4,2543,2289,2257,2257,90.01,True,17.28,КРУГЛОВА Лариса Николаевна,956,42.36,ПИСЬМАК Александр Александрович,566,25.08,ВЕРХОВЦЕВ Сергей Алексеевич,437,19.36
Мурманская область,51,REGIONAL,reg_sm,"Заксобрание, одномандатный округ",Выборы депутатов Мурманской областной Думы восьмого созыва,Мончегорский,1,1,5,2853,2617,2579,2579,91.73,True,29.66,ИВАНОВ Максим Анатольевич,1239,48.04,МОКРЫШЕВ Дмитрий Валерьевич,474,18.38,ПОГОДИН Михаил Юрьевич,409,15.86
Мурманская область,51,REGIONAL,reg_sm,"Заксобрание, одномандатный округ",Выборы депутатов Мурманской областной Думы восьмого созыва,Мурманский,7,1,39,18470,16689,16472,16472,90.36,True,0.34,ПОНОМАРЕВ Роман Сергеевич,1134,6.88,ТАРБАЕВ Евгений Юрьевич,1078,6.54,СУЛИМА Екатерина Игоревна,941,5.71
Мурманская область,51,REGIONAL,reg_sm,"Заксобрание, одномандатный округ",Выборы депутатов Мурманской областной Думы восьмого созыва,Оленегорский,1,1,5,2917,2634,2596,2596,90.3,True,25.23,ОРЛОВА Лариса Фёдоровна,1140,43.91,СЛЕПУХИН Артём Васильевич,485,18.68,ПОГОДИН Александр Александрович,386,14.87
Мурманская область,51,REGIONAL,reg_sm,"Заксобрание, одномандатный округ",Выборы депутатов Мурманской областной Думы восьмого созыва,Печенгский,1,1,6,2374,2134,2103,2103,89.89,True,14.41,ШМИДТ Эдуард Викторович,729,34.66,КРЫНИНА Светлана Андреевна,426,20.26,ЛАПАЙ Егор Сергеевич,347,16.5
Мурманская область,51,REGIONAL,reg_sm,"Заксобрание, одномандатный округ",Выборы депутатов Мурманской областной Думы восьмого созыва,Полярнозоринский,1,1,5,2621,2339,2308,2308,89.24,True,16.77,НИКОРА Евгений Викторович,890,38.56,КОРНЕЕНКО Ольга Владимировна,503,21.79,ПАВЛОВА Александра Алексеевна,400,17.33
Мурманская область,51,REGIONAL,reg_sm,"Заксобрание, одномандатный округ",Выборы депутатов Мурманской областной Думы восьмого созыва,Североморский,2,1,10,4730,4253,4182,4182,89.92,True,5.79,САМОРОДИН Евгений Александрович,959,22.93,ПАНАСЮК Александр Петрович,717,17.14,ЛОБЫНЦЕВ Данил Анатольевич,512,12.24
Ненецкий автономный округ,83,FEDERAL,duma_sm,"Госдума, одномандатный округ",Выборы депутатов Государственной Думы Федерального Собрания Российской Федерации девятого созыва,Ненецкий автономный округ – Ненецкий,2,1,4,5264,4881,4824,4824,92.72,True,34.43,КИСЛЯКОВ Михаил Леонидович,2625,54.42,РАЙН Михаил Викторович,964,19.98,ТАЙБАРЕЙ Людмила Валентиновна,838,17.37
Ненецкий автономный округ,83,FEDERAL,duma_pl,"Госдума, партсписок",Выборы депутатов Государственной Думы Федерального Собрания Российской Федерации девятого созыва,,2,1,10,5264,4881,4837,4837,92.72,True,36.08,Единая Россия,2551,52.74,КПРФ,806,16.66,ЛДПР,602,12.45
Ненецкий автономный округ,83,MUNICIPAL,head_local,Глава муниципального образования,"Выборы Главы Сельского поселения ""Малоземельский сельсовет"" Заполярного района Ненецкого автономного округа",,1,1,3,88,86,86,86,97.73,True,51.16,МАРЮЕВ Николай Васильевич,62,72.09,ТАЛЕЕВ Георгий Иванович,18,20.93,ЛЕВЧАКОВА Мария Сергеевна,6,6.98
Ненецкий автономный округ,83,MUNICIPAL,mun_mm,"Муниципальный совет, многомандатный округ","Выборы Совета депутатов  Сельского поселения ""Малоземельский сельсовет"" Заполярного района Ненецкого автономного округа 8 созыва",Нельмин-Ноский,1,7,12,88,86,86,387,97.73,True,2.07,ГОРБАЧЁВ Кирилл Эдуардович,53,13.7,МАРЮЕВА Эльза Витальевна,51,13.18,ПЫРЕРКО Елена Демьяновна,51,13.18
Нижегородская область,52,FEDERAL,duma_sm,"Госдума, одномандатный округ",Выборы депутатов Государственной Думы Федерального Собрания Российской Федерации девятого созыва,Нижегородская область – Автозаводский,11,1,7,31216,27365,26996,26996,87.66,True,22.19,ГРАЧЁВ Дмитрий Александрович,11311,41.9,РЫХТИК Михаил Иванович,5321,19.71,ГУСАРОВСКИЙ Олег Николаевич,4058,15.03
Нижегородская область,52,FEDERAL,duma_sm,"Госдума, одномандатный округ",Выборы депутатов Государственной Думы Федерального Собрания Российской Федерации девятого созыва,Нижегородская область – Борский,16,1,7,29812,26606,26258,26258,89.25,True,20.89,КАВИНОВ Артем Александрович,9903,37.71,АТМАХОВ Владислав Олегович,4417,16.82,ДЕВОНИН Андрей Викторович,4302,16.38
Нижегородская область,52,FEDERAL,duma_sm,"Госдума, одномандатный округ",Выборы депутатов Государственной Думы Федерального Собрания Российской Федерации девятого созыва,Нижегородская область – Канавинский,6,1,9,32267,28821,28481,28481,89.32,True,20.23,ГАРЕВСКАЯ Юлия Анатольевна,10854,38.11,ТЕРЕНТЬЕВ Александр Георгиевич,5091,17.88,ВАГАНОВ Кирилл Михайлович,3847,13.51
Нижегородская область,52,FEDERAL,duma_sm,"Госдума, одномандатный округ",Выборы депутатов Государственной Думы Федерального Собрания Российской Федерации девятого созыва,Нижегородская область – Нижегородский,15,1,8,34597,31084,30770,30770,89.85,True,21.74,СТАНКЕВИЧ Юрий Аркадьевич,11585,37.65,ДУШКИН Алексей Вадимович,4897,15.91,ЗАПОЕВ Алексей Геннадьевич,4286,13.93
Нижегородская область,52,FEDERAL,duma_sm,"Госдума, одномандатный округ",Выборы депутатов Государственной Думы Федерального Собрания Российской Федерации девятого созыва,Нижегородская область – Приокский,14,1,7,31415,28133,27740,27740,89.55,True,23.49,КОСТИН Евгений Николаевич,10542,38.0,КИРИЦА Олег Сергеевич,4026,14.51,САФОНОВ Евгений Сергеевич,3986,14.37
Нижегородская область,52,FEDERAL,duma_pl,"Госдума, партсписок",Выборы депутатов Государственной Думы Федерального Собрания Российской Федерации девятого созыва,,62,1,10,159307,142009,141357,141357,89.14,True,30.07,Единая Россия,65339,46.22,Новые люди,22836,16.15,КПРФ,19639,13.89
Нижегородская область,52,MUNICIPAL,mun_sm,"Муниципальный совет, одномандатный округ",Выборы депутатов Совета депутатов городского округа город Выкса Нижегородской области четвёртого созыва,Одномандатный избирательный округ №1,1,1,4,148,138,138,138,93.24,True,7.97,СКАЛКИН Кирилл Алексеевич,58,42.03,ЕРКИН Сергей Иванович,47,34.06,КУРАВИН Максим Юрьевич,23,16.67
Нижегородская область,52,MUNICIPAL,mun_sm,"Муниципальный совет, одномандатный округ",Выборы депутатов Совета депутатов городского округа город Выкса Нижегородской области четвёртого созыва,Одномандатный избирательный округ №10,1,1,4,225,206,202,202,91.56,True,28.71,АЛЕШИН Сергей Олегович,101,50.0,ВОЛКОВ Максим Сергеевич,43,21.29,АНДРИЯНОВА Наталья Андреевна,41,20.3
Нижегородская область,52,MUNICIPAL,mun_sm,"Муниципальный совет, одномандатный округ",Выборы депутатов Совета депутатов городского округа город Выкса Нижегородской области четвёртого созыва,Одномандатный избирательный округ №11,1,1,4,183,168,165,165,91.8,True,23.03,САПОГОВ Руслан Евгеньевич,75,45.45,КЛЫЧКОВ Александр Николаевич,37,22.42,ЛАРЮШКИНА Дарья Николаевна,34,20.61
Нижегородская область,52,MUNICIPAL,mun_sm,"Муниципальный совет, одномандатный округ",Выборы депутатов Совета депутатов городского округа город Выкса Нижегородской области четвёртого созыва,Одномандатный избирательный округ №12,1,1,3,176,163,159,159,92.61,True,3.14,ЦАРЕВ Дмитрий Валерьевич,66,41.51,КУНИЦЫН Василий Николаевич,61,38.36,БОРИСОВА Екатерина Александровна,32,20.13
Нижегородская область,52,MUNICIPAL,mun_sm,"Муниципальный совет, одномандатный округ",Выборы депутатов Совета депутатов городского округа город Выкса Нижегородской области четвёртого созыва,Одномандатный избирательный округ №13,1,1,3,190,169,169,169,88.95,True,28.4,АГАЛАКОВ Алексей Юрьевич,91,53.85,БОРОВКОВ Владимир Андреевич,43,25.44,БОБРОВА Елена Сергеевна,35,20.71
Нижегородская область,52,MUNICIPAL,mun_sm,"Муниципальный совет, одномандатный округ",Выборы депутатов Совета депутатов городского округа город Выкса Нижегородской области четвёртого созыва,Одномандатный избирательный округ №14,1,1,4,165,157,154,154,95.15,True,33.77,ЛЕБЕДЕВ Максим Владимирович,88,57.14,МИТРОФАНОВ Роман Александрович,36,23.38,АТМАХОВ Роман Владиславович,16,10.39
Нижегородская область,52,MUNICIPAL,mun_sm,"Муниципальный совет, одномандатный округ",Выборы депутатов Совета депутатов городского округа город Выкса Нижегородской области четвёртого созыва,Одномандатный избирательный округ №15,1,1,3,233,219,217,217,93.99,True,20.74,МЯЛКИН Игорь Васильевич,108,49.77,НОВИКОВ Денис Владимирович,63,29.03,ДЕНИСОВ Денис Владимирович,46,21.2
Нижегородская область,52,MUNICIPAL,mun_sm,"Муниципальный совет, одномандатный округ",Выборы депутатов Совета депутатов городского округа город Выкса Нижегородской области четвёртого созыва,Одномандатный избирательный округ №16,1,1,3,193,178,174,174,92.23,True,27.01,АБРАМОВА Ольга Александровна,93,53.45,СТЕПШИН Денис Алексеевич,46,26.44,АВДЕЕВА Елена Владимировна,35,20.11
Нижегородская область,52,MUNICIPAL,mun_sm,"Муниципальный совет, одномандатный округ",Выборы депутатов Совета депутатов городского округа город Выкса Нижегородской области четвёртого созыва,Одномандатный избирательный округ №17,1,1,3,234,209,207,207,89.32,True,20.77,БАРДИН Юрий Иванович,104,50.24,СЕЛЕЗНЕВ Александр Николаевич,61,29.47,ЗАХАРОВА Полина Михайловна,42,20.29
Нижегородская область,52,MUNICIPAL,mun_sm,"Муниципальный совет, одномандатный округ",Выборы депутатов Совета депутатов городского округа город Выкса Нижегородской области четвёртого созыва,Одномандатный избирательный округ №18,1,1,4,182,168,166,166,92.31,True,11.45,ТЕЛЕГИНА Галина Ивановна,72,43.37,МАРКЕЛОВ Егор Андреевич,53,31.93,ТРОФИМОВ Юрий Владимирович,25,15.06
Нижегородская область,52,MUNICIPAL,mun_sm,"Муниципальный совет, одномандатный округ",Выборы депутатов Совета депутатов городского округа город Выкса Нижегородской области четвёртого созыва,Одномандатный избирательный округ №19,1,1,3,196,176,175,175,89.8,True,40.57,ФРОЛОВ Роман Николаевич,107,61.14,ГУБАНИХИН Антон Викторович,36,20.57,МАНАКОВА Александра Сергеевна,32,18.29
Нижегородская область,52,MUNICIPAL,mun_sm,"Муниципальный совет, одномандатный округ",Выборы депутатов Совета депутатов городского округа город Выкса Нижегородской области четвёртого созыва,Одномандатный избирательный округ №2,1,1,5,170,158,156,156,92.94,True,2.56,ЗОЛЬНОВ Валерий Иванович,49,31.41,ИВАНОВ Николай Иванович,45,28.85,РЫНКИН Николай Викторович,41,26.28
Нижегородская область,52,MUNICIPAL,mun_sm,"Муниципальный совет, одномандатный округ",Выборы депутатов Совета депутатов городского округа город Выкса Нижегородской области четвёртого созыва,Одномандатный избирательный округ №20,1,1,3,225,202,200,200,89.78,True,31.0,ЕЛИСТРАТОВ Евгений Игоревич,120,60.0,ПОДКУСТОВ Андрей Сергеевич,58,29.0,КИСЕЛЕВ Евгений Романович,22,11.0
Нижегородская область,52,MUNICIPAL,mun_sm,"Муниципальный совет, одномандатный округ",Выборы депутатов Совета депутатов городского округа город Выкса Нижегородской области четвёртого созыва,Одномандатный избирательный округ №21,1,1,2,134,121,120,120,90.3,True,31.67,БАРАНОВ Евгений Владимирович,79,65.83,ВОЛКОВА Ольга Николаевна,41,34.17,,,
Нижегородская область,52,MUNICIPAL,mun_sm,"Муниципальный совет, одномандатный округ",Выборы депутатов Совета депутатов городского округа город Выкса Нижегородской области четвёртого созыва,Одномандатный избирательный округ №22,1,1,3,181,164,162,162,90.61,True,6.79,ОСТАШКИН Андрей Михайлович,78,48.15,ТАРАСОВА Мария Сергеевна,67,41.36,ПЫХТЕЕВ Никита Алексеевич,17,10.49
Нижегородская область,52,MUNICIPAL,mun_sm,"Муниципальный совет, одномандатный округ",Выборы депутатов Совета депутатов городского округа город Выкса Нижегородской области четвёртого созыва,Одномандатный избирательный округ №23,1,1,2,211,195,192,192,92.42,True,48.96,КОБЯКОВ Александр Валерьевич,143,74.48,КРЫНЕЦКАЯ Анастасия Алексеевна,49,25.52,,,
Нижегородская область,52,MUNICIPAL,mun_sm,"Муниципальный совет, одномандатный округ",Выборы депутатов Совета депутатов городского округа город Выкса Нижегородской области четвёртого созыва,Одномандатный избирательный округ №24,1,1,3,193,179,175,175,92.75,True,26.86,КАМОЦКИЙ Андрей Александрович,96,54.86,МОРОЗОВ Александр Борисович,49,28.0,СУХОВ Максим Сергеевич,30,17.14
Нижегородская область,52,MUNICIPAL,mun_sm,"Муниципальный совет, одномандатный округ",Выборы депутатов Совета депутатов городского округа город Выкса Нижегородской области четвёртого созыва,Одномандатный избирательный округ №25,1,1,3,210,196,195,195,93.33,True,29.74,МАХРОВ Дмитрий Вячеславович,112,57.44,ПЛОХОВА Марина Игоревна,54,27.69,РУБАШОВ Владимир Александрович,29,14.87
Нижегородская область,52,MUNICIPAL,mun_sm,"Муниципальный совет, одномандатный округ",Выборы депутатов Совета депутатов городского округа город Выкса Нижегородской области четвёртого созыва,Одномандатный избирательный округ №3,1,1,4,173,158,153,153,91.33,True,11.11,ЧАЙКА Евгений Михайлович,64,41.83,ОСИПОВ Алексей Владимирович,47,30.72,ШАРОНОВА Полина Александровна,36,23.53
Нижегородская область,52,MUNICIPAL,mun_sm,"Муниципальный совет, одномандатный округ",Выборы депутатов Совета депутатов городского округа город Выкса Нижегородской области четвёртого созыва,Одномандатный избирательный округ №4,1,1,5,174,166,164,164,95.4,True,20.12,УТКИН Алексей Денисович,65,39.63,ШИШИН Евгений Юрьевич,32,19.51,КАРЕВ Алексей Александрович,28,17.07
Нижегородская область,52,MUNICIPAL,mun_sm,"Муниципальный совет, одномандатный округ",Выборы депутатов Совета депутатов городского округа город Выкса Нижегородской области четвёртого созыва,Одномандатный избирательный округ №5,1,1,3,174,155,153,153,89.08,True,24.84,БЕСПАЛОВ Игорь Викторович,84,54.9,ЗЮЗИНА Алина Николаевна,46,30.07,ЗУБОВА Светлана Андреевна,23,15.03
Нижегородская область,52,MUNICIPAL,mun_sm,"Муниципальный совет, одномандатный округ",Выборы депутатов Совета депутатов городского округа город Выкса Нижегородской области четвёртого созыва,Одномандатный избирательный округ №6,1,1,4,184,170,169,169,92.39,True,5.92,ТРУХИНА Ирина Сергеевна,72,42.6,КОКЛЕЕВА Юлия Александровна,62,36.69,КОЧЕТКОВА Ольга Ильинична,26,15.38
Нижегородская область,52,MUNICIPAL,mun_sm,"Муниципальный совет, одномандатный округ",Выборы депутатов Совета депутатов городского округа город Выкса Нижегородской области четвёртого созыва,Одномандатный избирательный округ №7,1,1,3,181,160,159,159,88.4,True,30.19,ТОМАШОВ Роман Сергеевич,86,54.09,ФЕОКТИСТОВА Варвара Сергеевна,38,23.9,МОЛЬКОВА Ирина Юрьевна,35,22.01
Нижегородская область,52,MUNICIPAL,mun_sm,"Муниципальный совет, одномандатный округ",Выборы депутатов Совета депутатов городского округа город Выкса Нижегородской области четвёртого созыва,Одномандатный избирательный округ №8,1,1,4,162,149,148,148,91.98,True,3.38,ТОМАШОВ Дмитрий Владимирович,53,35.81,МОТМОСКОВА Екатерина Владимировна,48,32.43,КИРИЛИН Кирилл Сергеевич,41,27.7
Нижегородская область,52,MUNICIPAL,mun_sm,"Муниципальный совет, одномандатный округ",Выборы депутатов Совета депутатов городского округа город Выкса Нижегородской области четвёртого созыва,Одномандатный избирательный округ №9,1,1,3,187,169,166,166,90.37,True,14.46,МАРКУШИН Евгений Николаевич,84,50.6,ПАНКРАТОВ Александр Сергеевич,60,36.14,КОРНИЕНКО Иван Семенович,22,13.25
Нижегородская область,52,MUNICIPAL,mun_sm,"Муниципальный совет, одномандатный округ",Выборы депутатов Совета депутатов муниципального округа Семеновский Нижегородской области четвертого созыва,Одномандатный избирательный округ №1,1,1,2,76,66,63,63,86.84,True,39.68,НАПЫЛОВ Игорь Евгеньевич,44,69.84,ЕРШОВ Владимир Алексеевич,19,30.16,,,
Нижегородская область,52,MUNICIPAL,mun_sm,"Муниципальный совет, одномандатный округ",Выборы депутатов Совета депутатов муниципального округа Семеновский Нижегородской области четвертого созыва,Одномандатный избирательный округ №10,1,1,2,117,110,109,109,94.02,True,22.94,РЯБКОВ Вениамин Валерьевич,67,61.47,ГУЛЯЕВ Владимир Николаевич,42,38.53,,,
Нижегородская область,52,MUNICIPAL,mun_sm,"Муниципальный совет, одномандатный округ",Выборы депутатов Совета депутатов муниципального округа Семеновский Нижегородской области четвертого созыва,Одномандатный избирательный округ №11,1,1,3,90,83,81,81,92.22,True,32.1,САТУРОВА Александрина Юрьевна,45,55.56,МУРАВЬЁВ Даниил Александрович,19,23.46,КРАЕВ Никита Валерьевич,17,20.99
Нижегородская область,52,MUNICIPAL,mun_sm,"Муниципальный совет, одномандатный округ",Выборы депутатов Совета депутатов муниципального округа Семеновский Нижегородской области четвертого созыва,Одномандатный избирательный округ №12,1,1,2,128,114,113,113,89.06,True,27.43,БАРМИНА Екатерина Сергеевна,72,63.72,МУРЬЯНОВА Анжелика Вадимовна,41,36.28,,,
Нижегородская область,52,MUNICIPAL,mun_sm,"Муниципальный совет, одномандатный округ",Выборы депутатов Совета депутатов муниципального округа Семеновский Нижегородской области четвертого созыва,Одномандатный избирательный округ №13,1,1,3,100,92,91,91,92.0,True,62.64,ЦАРЕВА Любовь Александровна,70,76.92,БЫСТРОВА Юлия Владимировна,13,14.29,СЕМИЧЕВ Иван Евгеньевич,8,8.79
Нижегородская область,52,MUNICIPAL,mun_sm,"Муниципальный совет, одномандатный округ",Выборы депутатов Совета депутатов муниципального округа Семеновский Нижегородской области четвертого созыва,Одномандатный избирательный округ №14,1,1,3,87,81,79,79,93.1,True,56.96,ЯШИНА Анастасия Сергеевна,58,73.42,ШЕРСТНЯКОВ Константин Павлович,13,16.46,КАРПОВ Максим Игоревич,8,10.13
Нижегородская область,52,MUNICIPAL,mun_sm,"Муниципальный совет, одномандатный округ",Выборы депутатов Совета депутатов муниципального округа Семеновский Нижегородской области четвертого созыва,Одномандатный избирательный округ №15,1,1,2,62,54,53,53,87.1,True,32.08,РОСТОВЦЕВ Александр Александрович,35,66.04,ЗУЙКОВ Дмитрий Сергеевич,18,33.96,,,
Нижегородская область,52,MUNICIPAL,mun_sm,"Муниципальный совет, одномандатный округ",Выборы депутатов Совета депутатов муниципального округа Семеновский Нижегородской области четвертого созыва,Одномандатный избирательный округ №16,1,1,2,64,53,50,50,82.81,True,8.0,МЕТЕЛЕВА Марина Александровна,27,54.0,НЕНАШКИНА Ирина Александровна,23,46.0,,,
Нижегородская область,52,MUNICIPAL,mun_sm,"Муниципальный совет, одномандатный округ",Выборы депутатов Совета депутатов муниципального округа Семеновский Нижегородской области четвертого созыва,Одномандатный избирательный округ №17,1,1,2,46,42,42,42,91.3,True,19.05,САВЧЕНКО Татьяна Алексеевна,25,59.52,САВИН Владимир Александрович,17,40.48,,,
Нижегородская область,52,MUNICIPAL,mun_sm,"Муниципальный совет, одномандатный округ",Выборы депутатов Совета депутатов муниципального округа Семеновский Нижегородской области четвертого созыва,Одномандатный избирательный округ №18,1,1,2,89,82,81,81,92.13,True,8.64,КОЧЕТОВ Сергей Евгеньевич,44,54.32,БАКАЕВ Александр Михайлович,37,45.68,,,
Нижегородская область,52,MUNICIPAL,mun_sm,"Муниципальный совет, одномандатный округ",Выборы депутатов Совета депутатов муниципального округа Семеновский Нижегородской области четвертого созыва,Одномандатный избирательный округ №19,1,1,2,123,116,112,112,94.31,True,1.79,СИДЕЛЬНИКОВ Александр Владимирович,57,50.89,ЩЕПИНА Мария Михайловна,55,49.11,,,
Нижегородская область,52,MUNICIPAL,mun_sm,"Муниципальный совет, одномандатный округ",Выборы депутатов Совета депутатов муниципального округа Семеновский Нижегородской области четвертого созыва,Одномандатный избирательный округ №2,1,1,2,103,100,100,100,97.09,True,40.0,ПАРФЕНОВ Андрей Александрович,70,70.0,МАРКОВ Максим Евгеньевич,30,30.0,,,
Нижегородская область,52,MUNICIPAL,mun_sm,"Муниципальный совет, одномандатный округ",Выборы депутатов Совета депутатов муниципального округа Семеновский Нижегородской области четвертого созыва,Одномандатный избирательный округ №20,1,1,2,116,109,109,109,93.97,True,2.75,ТОЛКУШКИНА Ирина Сергеевна,56,51.38,КОРЗУНОВ Михаил Юрьевич,53,48.62,,,
Нижегородская область,52,MUNICIPAL,mun_sm,"Муниципальный совет, одномандатный округ",Выборы депутатов Совета депутатов муниципального округа Семеновский Нижегородской области четвертого созыва,Одномандатный избирательный округ №21,1,1,2,47,40,39,39,85.11,True,33.33,МЕЛЬНИКОВ Александр Иванович,26,66.67,МЯКИШЕВА Раиса Константиновна,13,33.33,,,
Нижегородская область,52,MUNICIPAL,mun_sm,"Муниципальный совет, одномандатный округ",Выборы депутатов Совета депутатов муниципального округа Семеновский Нижегородской области четвертого созыва,Одномандатный избирательный округ №22,1,1,2,87,73,73,73,83.91,True,6.85,ТУМАНОВА Ирина Федоровна,39,53.42,СВЕРДЛОВ Дмитрий Михайлович,34,46.58,,,
Нижегородская область,52,MUNICIPAL,mun_sm,"Муниципальный совет, одномандатный округ",Выборы депутатов Совета депутатов муниципального округа Семеновский Нижегородской области четвертого созыва,Одномандатный избирательный округ №23,1,1,2,60,52,51,51,86.67,True,13.73,ЦВЕТКОВА Елена Николаевна,29,56.86,БОЛЬШАКОВ Александр Владимирович,22,43.14,,,
Нижегородская область,52,MUNICIPAL,mun_sm,"Муниципальный совет, одномандатный округ",Выборы депутатов Совета депутатов муниципального округа Семеновский Нижегородской области четвертого созыва,Одномандатный избирательный округ №24,1,1,2,67,60,59,59,89.55,True,28.81,РЯБКОВА Елена Викторовна,38,64.41,САХАРОВ Даниил Сергеевич,21,35.59,,,
Нижегородская область,52,MUNICIPAL,mun_sm,"Муниципальный совет, одномандатный округ",Выборы депутатов Совета депутатов муниципального округа Семеновский Нижегородской области четвертого созыва,Одномандатный избирательный округ №25,1,1,2,97,85,84,84,87.63,True,28.57,ДАУТОВ Рафагать Семигуллович,54,64.29,СОРОКИН Сергей Сергеевич,30,35.71,,,
Нижегородская область,52,MUNICIPAL,mun_sm,"Муниципальный совет, одномандатный округ",Выборы депутатов Совета депутатов муниципального округа Семеновский Нижегородской области четвертого созыва,Одномандатный избирательный округ №3,1,1,2,100,94,93,93,94.0,True,33.33,ГАЛКИНА Елена Юрьевна,62,66.67,КАНАТЬЕВ Артём Дмитриевич,31,33.33,,,
Нижегородская область,52,MUNICIPAL,mun_sm,"Муниципальный совет, одномандатный округ",Выборы депутатов Совета депутатов муниципального округа Семеновский Нижегородской области четвертого созыва,Одномандатный избирательный округ №4,1,1,3,118,109,105,105,92.37,True,36.19,ЗАЙЦЕВА Ольга Владимировна,65,61.9,ОВЧИННИКОВ Владимир Алексеевич,27,25.71,СВИНАРСКАЯ Полина Олеговна,13,12.38
Нижегородская область,52,MUNICIPAL,mun_sm,"Муниципальный совет, одномандатный округ",Выборы депутатов Совета депутатов муниципального округа Семеновский Нижегородской области четвертого созыва,Одномандатный избирательный округ №5,1,1,2,131,124,120,120,94.66,True,25.0,АЗИКОВА Наталья Евгеньевна,75,62.5,ЕЖОВ Андрей Юрьевич,45,37.5,,,
Нижегородская область,52,MUNICIPAL,mun_sm,"Муниципальный совет, одномандатный округ",Выборы депутатов Совета депутатов муниципального округа Семеновский Нижегородской области четвертого созыва,Одномандатный избирательный округ №6,1,1,2,167,163,163,163,97.6,True,34.97,ТИХОНОВ Андрей Павлович,110,67.48,АБРАМОВ Вадим Валентинович,53,32.52,,,
Нижегородская область,52,MUNICIPAL,mun_sm,"Муниципальный совет, одномандатный округ",Выборы депутатов Совета депутатов муниципального округа Семеновский Нижегородской области четвертого созыва,Одномандатный избирательный округ №7,1,1,3,113,108,105,105,95.58,True,26.67,КАШЕВ Павел Александрович,54,51.43,БУШУЕВ Марк Петрович,26,24.76,ЖУКОВ Михаил Олегович,25,23.81
Нижегородская область,52,MUNICIPAL,mun_sm,"Муниципальный совет, одномандатный округ",Выборы депутатов Совета депутатов муниципального округа Семеновский Нижегородской области четвертого созыва,Одномандатный избирательный округ №8,1,1,3,122,112,109,109,91.8,True,50.46,ЗАМОРИН Сергей Васильевич,76,69.72,БУЙЛОВ Роман Константинович,21,19.27,ИЛЬИНСКИЙ Роман Олегович,12,11.01
Нижегородская область,52,MUNICIPAL,mun_sm,"Муниципальный совет, одномандатный округ",Выборы депутатов Совета депутатов муниципального округа Семеновский Нижегородской области четвертого созыва,Одномандатный избирательный округ №9,1,1,2,113,104,103,103,92.04,True,37.86,СУЛЮКОВ Дмитрий Александрович,71,68.93,ЛЕКСИНА Оксана Михайловна,32,31.07,,,
Нижегородская область,52,MUNICIPAL,mun_sm,"Муниципальный совет, одномандатный округ",Дополнительные выборы депутата Совета депутатов Балахнинского муниципального округа Нижегородской области второго созыва по одномандатному избирательному округу №19,Одномандатный избирательный округ №19,1,1,4,113,101,99,99,89.38,True,22.22,БУТЫЛКИН Александр Владимирович,47,47.47,РЯХИН Дмитрий Фёдорович,25,25.25,ЛЕШАН Анна Владимировна,15,15.15
Нижегородская область,52,MUNICIPAL,mun_sm,"Муниципальный совет, одномандатный округ",Дополнительные выборы депутата Совета депутатов Вадского муниципального округа Нижегородской области второго созыва,Одномандатный избирательный округ №5,1,1,2,62,59,58,58,95.16,True,34.48,УРАЕВ Иван Анатольевич,39,67.24,СЕМИКОВА Алина Дмитриевна,19,32.76,,,
Нижегородская область,52,MUNICIPAL,mun_sm,"Муниципальный совет, одномандатный округ",Дополнительные выборы депутата Совета депутатов муниципального округа город Бор Нижегородской области по одномандатному избирательному округу №14,Одномандатный избирательный округ №14,1,1,3,210,178,173,173,84.76,True,9.25,СМЕРДОВА Юлия Владимировна,75,43.35,ЦАРЕВ Алексей Дмитриевич,59,34.1,АЛЕШКИН Сергей Александрович,39,22.54
Нижегородская область,52,MUNICIPAL,mun_sm,"Муниципальный совет, одномандатный округ",Дополнительные выборы депутатов Совета депутатов муниципального округа Воротынский Нижегородской области второго созыва по одномандатным избирательным округам №9 и №12,Одномандатный избирательный округ №12,1,1,2,37,32,32,32,86.49,True,18.75,ГРИГОРЬЕВА Анастасия Геннадьевна,19,59.38,МАЛЫШЕВ Иван Владимирович,13,40.62,,,
Нижегородская область,52,MUNICIPAL,mun_sm,"Муниципальный совет, одномандатный округ",Дополнительные выборы депутатов Совета депутатов муниципального округа Воротынский Нижегородской области второго созыва по одномандатным избирательным округам №9 и №12,Одномандатный избирательный округ №9,1,1,2,45,38,38,38,84.44,True,26.32,БРАГИН Владимир Васильевич,24,63.16,МАЛЫШЕВА Надежда Владимировна,14,36.84,,,
Нижегородская область,52,REGIONAL,reg_pl,"Заксобрание, партсписок",Выборы депутатов Законодательного Собрания Нижегородской области восьмого созыва,,25,1,6,159307,142009,140142,140142,89.14,True,27.65,Единая Россия,62507,44.6,Новые люди,23752,16.95,КПРФ,21904,15.63
Нижегородская область,52,REGIONAL,reg_sm,"Заксобрание, одномандатный округ",Выборы депутатов Законодательного Собрания Нижегородской области восьмого созыва,Одномандатный избирательный округ №1,1,1,6,7887,6909,6780,6780,87.6,True,20.43,ЭПШТЕЙН Кирилл Константинович,2770,40.86,МАНАЕВ Евгений Александрович,1385,20.43,ГОЛУБЕВА Елена Сергеевна,1280,18.88
Нижегородская область,52,REGIONAL,reg_sm,"Заксобрание, одномандатный округ",Выборы депутатов Законодательного Собрания Нижегородской области восьмого созыва,Одномандатный избирательный округ №10,1,1,6,8006,7122,6999,6999,88.96,True,21.7,ГРЕБЕНЬ Антон Александрович,2837,40.53,МАЛЫШЕВА Ирина Николаевна,1318,18.83,ДЕВОНИН Андрей Викторович,1176,16.8
Нижегородская область,52,REGIONAL,reg_sm,"Заксобрание, одномандатный округ",Выборы депутатов Законодательного Собрания Нижегородской области восьмого созыва,Одномандатный избирательный округ №11,1,1,6,5447,4857,4758,4758,89.17,True,9.94,КУВАЕВ Андрей Валерьевич,1647,34.62,ВОРОНИНА Ирина Павловна,1174,24.67,МАНСУРОВ Артем Александрович,793,16.67
Нижегородская область,52,REGIONAL,reg_sm,"Заксобрание, одномандатный округ",Выборы депутатов Законодательного Собрания Нижегородской области восьмого созыва,Одномандатный избирательный округ №12,1,1,6,6106,5513,5439,5439,90.29,True,30.63,ЛЮЛИН Евгений Борисович,2462,45.27,БЕЛОВ Андрей Иванович,796,14.64,АРАНОВИЧ Нина Александровна,679,12.48
Нижегородская область,52,REGIONAL,reg_sm,"Заксобрание, одномандатный округ",Выборы депутатов Законодательного Собрания Нижегородской области восьмого созыва,Одномандатный избирательный округ №13,1,1,6,4358,3631,3536,3536,83.32,True,15.75,НОРЕНКОВ Игорь Николаевич,1213,34.3,КРЫЛОВА Елена Михайловна,656,18.55,НАУМОВА Наталия Александровна,572,16.18
Нижегородская область,52,REGIONAL,reg_sm,"Заксобрание, одномандатный округ",Выборы депутатов Законодательного Собрания Нижегородской области восьмого созыва,Одномандатный избирательный округ №14,1,1,6,5219,4541,4463,4463,87.01,True,18.26,ТЮРИН Игорь Александрович,1813,40.62,ЗАРУБИН Илья Андреевич,998,22.36,АНТЯШОВ Григорий Евгеньевич,649,14.54
Нижегородская область,52,REGIONAL,reg_sm,"Заксобрание, одномандатный округ",Выборы депутатов Законодательного Собрания Нижегородской области восьмого созыва,Одномандатный избирательный округ №15,1,1,6,6901,6265,6172,6172,90.78,True,30.28,БАРЫКОВ Александр Михайлович,2978,48.25,МИТРОФАНОВ Роман Александрович,1109,17.97,ХАМРАКУЛОВ Муносибжон Нематович,1047,16.96
Нижегородская область,52,REGIONAL,reg_sm,"Заксобрание, одномандатный округ",Выборы депутатов Законодательного Собрания Нижегородской области восьмого созыва,Одномандатный избирательный округ №16,1,1,6,5289,4807,4731,4731,90.89,True,21.56,ЯКИМОВ Юрий Минович,1861,39.34,АДАМОВ Владислав Валерьевич,841,17.78,ГОРЧАКОВА Татьяна Юрьевна,667,14.1
Нижегородская область,52,REGIONAL,reg_sm,"Заксобрание, одномандатный округ",Выборы депутатов Законодательного Собрания Нижегородской области восьмого созыва,Одномандатный избирательный округ №17,1,1,6,5223,4566,4460,4460,87.42,True,2.31,КРАСНОВ Дмитрий Германович,1363,30.56,ВДОВИН Сергей Алексеевич,1260,28.25,НОВИКОВА Кристина Алексеевна,826,18.52
Нижегородская область,52,REGIONAL,reg_sm,"Заксобрание, одномандатный округ",Выборы депутатов Законодательного Собрания Нижегородской области восьмого созыва,Одномандатный избирательный округ №18,1,1,6,5590,5004,4922,4922,89.52,True,19.34,ЛИТВИНЕНКО Леонид Дагобертович,1933,39.27,СИТНИКОВ Денис Сергеевич,981,19.93,КАТКОВ Алексей Валерьевич,746,15.16
Нижегородская область,52,REGIONAL,reg_sm,"Заксобрание, одномандатный округ",Выборы депутатов Законодательного Собрания Нижегородской области восьмого созыва,Одномандатный избирательный округ №19,1,1,5,4638,4160,4082,4082,89.69,True,17.93,ДОСАЕВ Рустам Абдулкадерович,1526,37.38,ЛАВРИНОВ Александр Константинович,794,19.45,ФЕДОРИЧЕВ Олег Анатольевич,619,15.16
Нижегородская область,52,REGIONAL,reg_sm,"Заксобрание, одномандатный округ",Выборы депутатов Законодательного Собрания Нижегородской области восьмого созыва,Одномандатный избирательный округ №2,1,1,6,7127,6265,6162,6162,87.91,True,23.17,ПИЧУГИН Вадим Владимирович,2582,41.9,ДОРОГИН Денис Николаевич,1154,18.73,ЛАРЬКИН Артём Маркович,883,14.33
Нижегородская область,52,REGIONAL,reg_sm,"Заксобрание, одномандатный округ",Выборы депутатов Законодательного Собрания Нижегородской области восьмого созыва,Одномандатный избирательный округ №20,1,1,5,4137,3723,3662,3662,89.99,True,26.57,АНТИПОВ Валерий Александрович,1641,44.81,САХАРОВ Евгений Федорович,668,18.24,ДОБРОВОЛЬЦЕВА Наталья Владимировна,518,14.15
Нижегородская область,52,REGIONAL,reg_sm,"Заксобрание, одномандатный округ",Выборы депутатов Законодательного Собрания Нижегородской области восьмого созыва,Одномандатный избирательный округ №21,1,1,6,5391,4682,4586,4586,86.85,True,12.47,ДЕЖУРНОВ Константин Михайлович,1391,30.33,ВАГАНОВ Кирилл Михайлович,819,17.86,КРЫЛОВ Андрей Петрович,699,15.24
Нижегородская область,52,REGIONAL,reg_sm,"Заксобрание, одномандатный округ",Выборы депутатов Законодательного Собрания Нижегородской области восьмого созыва,Одномандатный избирательный округ №22,1,1,6,5427,4863,4771,4771,89.61,True,16.24,БЕСПАЛОВ Владимир Викторович,1641,34.4,ДАНИЛОВА Татьяна Евгеньевна,866,18.15,АТМАХОВ Роман Владиславович,835,17.5
Нижегородская область,52,REGIONAL,reg_sm,"Заксобрание, одномандатный округ",Выборы депутатов Законодательного Собрания Нижегородской области восьмого созыва,Одномандатный избирательный округ №23,1,1,6,5623,4909,4819,4819,87.3,True,12.16,ШАРОНОВ Александр Георгиевич,1663,34.51,АБРАМОВА Кристина Александровна,1077,22.35,ГРАДОБОЕВ Виталий Сергеевич,820,17.02
Нижегородская область,52,REGIONAL,reg_sm,"Заксобрание, одномандатный округ",Выборы депутатов Законодательного Собрания Нижегородской области восьмого созыва,Одномандатный избирательный округ №24,1,1,6,5455,4991,4898,4898,91.49,True,18.5,СТЕПАНОВ Алексей Владимирович,1973,40.28,АЗИКОВА Наталья Евгеньевна,1067,21.78,СТРЯПШИН Сергей Александрович,714,14.58
Нижегородская область,52,REGIONAL,reg_sm,"Заксобрание, одномандатный округ",Выборы депутатов Законодательного Собрания Нижегородской области восьмого созыва,Одномандатный избирательный округ №25,1,1,6,5274,4725,4643,4643,89.59,True,15.16,ТАБАЧНИКОВ Александр Феликсович,1618,34.85,ЮМАКОВА Ольга Владимировна,914,19.69,ВТЮРИН Алексей Дмитриевич,812,17.49
Нижегородская область,52,REGIONAL,reg_sm,"Заксобрание, одномандатный округ",Выборы депутатов Законодательного Собрания Нижегородской области восьмого созыва,Одномандатный избирательный округ №3,1,1,6,7361,6617,6497,6497,89.89,True,14.45,МОСКАЛЕНКО Владимир Антонович,2089,32.15,ДОРОФЕЕВ Иван Сергеевич,1150,17.7,СТЕПАНОВ Евгений Алексеевич,1148,17.67
Нижегородская область,52,REGIONAL,reg_sm,"Заксобрание, одномандатный округ",Выборы депутатов Законодательного Собрания Нижегородской области восьмого созыва,Одномандатный избирательный округ №4,1,1,6,7487,6738,6631,6631,90.0,True,18.59,СУХАНОВ Василий Иванович,2456,37.04,ОСИПОВА Светлана Юрьевна,1223,18.44,ТЕЛЕНКОВ Игорь Николаевич,884,13.33
Нижегородская область,52,REGIONAL,reg_sm,"Заксобрание, одномандатный округ",Выборы депутатов Законодательного Собрания Нижегородской области восьмого созыва,Одномандатный избирательный округ №5,1,1,6,7298,6449,6325,6325,88.37,True,10.48,МОРОЗОВ Михаил Юрьевич,2142,33.87,ВАЛЕЕВ Евгений Александрович,1479,23.38,РОМАНОВ Эдуард Игоревич,1037,16.4
Нижегородская область,52,REGIONAL,reg_sm,"Заксобрание, одномандатный округ",Выборы депутатов Законодательного Собрания Нижегородской области восьмого созыва,Одномандатный избирательный округ №6,1,1,6,8571,7700,7585,7585,89.84,True,17.93,ХРАМОВ Илья Николаевич,2959,39.01,ЗАПЕВАЛОВА Елена Николаевна,1599,21.08,КОЗЛОВА Алла Петровна,1129,14.88
Нижегородская область,52,REGIONAL,reg_sm,"Заксобрание, одномандатный округ",Выборы депутатов Законодательного Собрания Нижегородской области восьмого созыва,Одномандатный избирательный округ №7,1,1,6,8664,7832,7721,7721,90.4,True,14.53,РЕБРОВ Максим Евгеньевич,2717,35.19,ГАРАНИН Михаил Юрьевич,1595,20.66,ШИПИЛОВ Геннадий Юрьевич,1528,19.79
Нижегородская область,52,REGIONAL,reg_sm,"Заксобрание, одномандатный округ",Выборы депутатов Законодательного Собрания Нижегородской области восьмого созыва,Одномандатный избирательный округ №8,1,1,6,9962,8961,8812,8812,89.95,True,21.33,БАЛАШОВ Юрий Павлович,3240,36.77,КОЖУХОВ Алексей Алексеевич,1360,15.43,ВАХОНИНА Юлия Михайловна,1237,14.04
Нижегородская область,52,REGIONAL,reg_sm,"Заксобрание, одномандатный округ",Выборы депутатов Законодательного Собрания Нижегородской области восьмого созыва,Одномандатный избирательный округ №9,1,1,6,6866,6179,6070,6070,89.99,True,23.28,СМОТРАКОВА Наталья Борисовна,2322,38.25,ТАРНАЕВ Анатолий Юрьевич,909,14.98,БАКАЕВА Татьяна Петровна,845,13.92
Новгородская область,53,FEDERAL,duma_sm,"Госдума, одномандатный округ",Выборы депутатов Государственной Думы Федерального Собрания Российской Федерации девятого созыва,Новгородская область – Новгородский,22,1,9,52583,49650,49328,49328,94.42,True,28.71,КИРЬЯНОВ Артем Юрьевич,20339,41.23,ЕФИМОВА Ольга Анатольевна,6179,12.53,ПРИХОДЬКО Илья Викторович,5758,11.67
Новгородская область,53,FEDERAL,duma_pl,"Госдума, партсписок",Выборы депутатов Государственной Думы Федерального Собрания Российской Федерации девятого созыва,,22,1,10,52583,49650,49513,49513,94.42,True,35.94,Единая Россия,25217,50.93,Новые люди,7420,14.99,КПРФ,5224,10.55
Новгородская область,53,REGIONAL,reg_pl,"Заксобрание, партсписок",Выборы депутатов Новгородской областной Думы восьмого созыва,,20,1,8,52583,49650,49296,49296,94.42,True,34.94,Единая Россия,23765,48.21,Новые люди,6542,13.27,ЛДПР,5448,11.05
Новгородская область,53,REGIONAL,reg_sm,"Заксобрание, одномандатный округ",Выборы депутатов Новгородской областной Думы восьмого созыва,Боровичский,1,1,8,1989,1865,1850,1850,93.77,True,35.3,Артемьева Лариса Ивановна,932,50.38,Семенов Андрей Алексеевич,279,15.08,Волкова Светлана Юрьевна,189,10.22
Новгородская область,53,REGIONAL,reg_sm,"Заксобрание, одномандатный округ",Выборы депутатов Новгородской областной Думы восьмого созыва,Боровичский городской,1,1,7,1990,1873,1855,1855,94.12,True,39.95,Стрыгин Олег Александрович,943,50.84,Волков Дмитрий Геннадьевич,202,10.89,Угленко Кристина Юрьевна,187,10.08
Новгородская область,53,REGIONAL,reg_sm,"Заксобрание, одномандатный округ",Выборы депутатов Новгородской областной Думы восьмого созыва,Валдайский,1,1,6,3048,2898,2871,2871,95.08,True,26.19,Королёв Владимир Евгеньевич,1306,45.49,Дорохов Степан Андреевич,554,19.3,Попадейкин Денис Алексеевич,345,12.02
Новгородская область,53,REGIONAL,reg_sm,"Заксобрание, одномандатный округ",Выборы депутатов Новгородской областной Думы восьмого созыва,Ермолинский,1,1,7,2733,2556,2532,2532,93.52,True,25.87,Сергухина Лариса Борисовна,1041,41.11,Зайцева Полина Юрьевна,386,15.24,Мошников Александр Александрович,308,12.16
Новгородская область,53,REGIONAL,reg_sm,"Заксобрание, одномандатный округ",Выборы депутатов Новгородской областной Думы восьмого созыва,Западный,1,1,8,2900,2758,2737,2737,95.1,True,33.61,Федотов Анатолий Александрович,1312,47.94,Васильев Виталий Иванович,392,14.32,Ивегеш Людмила Владимировна,257,9.39
Новгородская область,53,REGIONAL,reg_sm,"Заксобрание, одномандатный округ",Выборы депутатов Новгородской областной Думы восьмого созыва,Кочетовский,1,1,8,2899,2756,2731,2731,95.07,True,33.72,Мельников Станислав Геннадьевич,1268,46.43,Иванов Евгений Владимирович,347,12.71,Семёнов Александр Николаевич,233,8.53
Новгородская область,53,REGIONAL,reg_sm,"Заксобрание, одномандатный округ",Выборы депутатов Новгородской областной Думы восьмого созыва,Крестецкий,1,1,7,2195,2076,2062,2062,94.58,True,30.36,Галахов Михаил Борисович,923,44.76,Андреев Роман Сергеевич,297,14.4,Ефимова Ольга Анатольевна,267,12.95
Новгородская область,53,REGIONAL,reg_sm,"Заксобрание, одномандатный округ",Выборы депутатов Новгородской областной Думы восьмого созыва,Любытинский,1,1,8,2118,1992,1973,1973,94.05,True,40.45,Саламонов Юрий Александрович,1022,51.8,Шаповалова Наталья Георгиевна,224,11.35,Баглин Денис Валерьевич,199,10.09
Новгородская область,53,REGIONAL,reg_sm,"Заксобрание, одномандатный округ",Выборы депутатов Новгородской областной Думы восьмого созыва,Маловишерский,1,1,8,2966,2786,2766,2766,93.93,True,34.92,Иванов Сергей Васильевич,1367,49.42,Прокофьева Арина Дмитриевна,401,14.5,Карпов Николай Анатольевич,246,8.89
Новгородская область,53,REGIONAL,reg_sm,"Заксобрание, одномандатный округ",Выборы депутатов Новгородской областной Думы восьмого созыва,Московский,1,1,8,4129,3924,3879,3879,95.04,True,33.57,Александрова Екатерина Александровна,1823,47.0,Егошин Алексей Леонидович,521,13.43,Шруб Сергей Григорьевич,423,10.9
Новгородская область,53,REGIONAL,reg_sm,"Заксобрание, одномандатный округ",Выборы депутатов Новгородской областной Думы восьмого созыва,Окуловский,1,1,6,2037,1912,1893,1893,93.86,True,31.54,Бомбин Максим Евгеньевич,892,47.12,Антонов Сергей Владимирович,295,15.58,Исаева Марина Яковлевна,269,14.21
Новгородская область,53,REGIONAL,reg_sm,"Заксобрание, одномандатный округ",Выборы депутатов Новгородской областной Думы восьмого созыва,Панковский,1,1,8,2942,2790,2759,2759,94.83,True,33.53,Верига Николай Степанович,1286,46.61,Штро Ольга Викторовна,361,13.08,Бородай Лилия Владимировна,245,8.88
Новгородская область,53,REGIONAL,reg_sm,"Заксобрание, одномандатный округ",Выборы депутатов Новгородской областной Думы восьмого созыва,Парфинский,1,1,6,2239,2117,2095,2095,94.55,True,28.54,Борисова Ольга Анатольевна,1025,48.93,Худяков Иван Владимирович,427,20.38,Орлов Илья Владимирович,300,14.32
Новгородская область,53,REGIONAL,reg_sm,"Заксобрание, одномандатный округ",Выборы депутатов Новгородской областной Думы восьмого созыва,Пестовский,1,1,8,2629,2490,2463,2463,94.71,True,36.95,Федоровский Александр Владимирович,1300,52.78,Скобарев Игорь Анатольевич,390,15.83,Васильева Ольга Владимировна,233,9.46
Новгородская область,53,REGIONAL,reg_sm,"Заксобрание, одномандатный округ",Выборы депутатов Новгородской областной Думы восьмого созыва,Псковский,1,1,7,3346,3182,3155,3155,95.1,True,34.04,Караулов Михаил Олегович,1464,46.4,Старостин Алексей Владимирович,390,12.36,Соханчак Михаил Сергеевич,363,11.51
Новгородская область,53,REGIONAL,reg_sm,"Заксобрание, одномандатный округ",Выборы депутатов Новгородской областной Думы восьмого созыва,Санкт-Петербургский,1,1,8,2643,2505,2484,2484,94.78,True,21.22,Ефременков Андрей Борисович,959,38.61,Приходько Илья Викторович,432,17.39,Бурова Анжелика Александровна,325,13.08
Новгородская область,53,REGIONAL,reg_sm,"Заксобрание, одномандатный округ",Выборы депутатов Новгородской областной Думы восьмого созыва,Солецкий,1,1,7,2562,2404,2378,2378,93.83,True,41.97,Севостьянов Анатолий Николаевич,1315,55.3,Аббасова Екатерина Александровна,317,13.33,Вихрова Светлана Вячеславовна,247,10.39
Новгородская область,53,REGIONAL,reg_sm,"Заксобрание, одномандатный округ",Выборы депутатов Новгородской областной Думы восьмого созыва,Старорусский,1,1,7,2236,2078,2063,2063,92.93,True,45.27,Власов Роман Александрович,1175,56.96,Благодёров Дмитрий Юрьевич,241,11.68,Морозов Борис Петрович,211,10.23
Новгородская область,53,REGIONAL,reg_sm,"Заксобрание, одномандатный округ",Выборы депутатов Новгородской областной Думы восьмого созыва,Центральный,1,1,7,2796,2650,2625,2625,94.78,True,28.08,Вольнов Валерий Александрович,1169,44.53,Лукавецкая Евгения Александровна,432,16.46,Швабович Николай Александрович,302,11.5
Новгородская область,53,REGIONAL,reg_sm,"Заксобрание, одномандатный округ",Выборы депутатов Новгородской областной Думы восьмого созыва,Чудовский,1,1,7,2186,2038,2021,2021,93.23,True,36.22,Шишляникова Татьяна Петровна,1025,50.72,Кострикова Лилиана Ривнатовна,293,14.5,Михайлова Арина Васильевна,209,10.34
Новосибирская область,54,FEDERAL,duma_sm,"Госдума, одномандатный округ",Выборы депутатов Государственной Думы Федерального Собрания Российской Федерации девятого созыва,Новосибирская область – Барабинский,10,1,8,46538,41799,41331,41331,89.82,True,30.31,ИГНАТОВ Виктор Александрович,19361,46.84,ЯКОВЛЕВ Роман Борисович,6834,16.53,УСТИНОВ Сергей Анатольевич,4726,11.43
Новосибирская область,54,FEDERAL,duma_sm,"Госдума, одномандатный округ",Выборы депутатов Государственной Думы Федерального Собрания Российской Федерации девятого созыва,Новосибирская область – Искитимский,12,1,8,42910,38501,38122,38122,89.73,True,30.81,АКСЁНЕНКО Александр Сергеевич,17495,45.89,СЕЛЕЗНЕВ Дмитрий Александрович,5751,15.09,ГЛАДЫШЕВА Елена Владимировна,3838,10.07
Новосибирская область,54,FEDERAL,duma_sm,"Госдума, одномандатный округ",Выборы депутатов Государственной Думы Федерального Собрания Российской Федерации девятого созыва,Новосибирская область – Новосибирский,15,1,8,50830,45922,45439,45439,90.34,True,30.26,ИВАНИНСКИЙ Олег Иванович,19889,43.77,ЖИРНОВ Андрей Геннадьевич,6140,13.51,ЛЕВШЕНКОВ Сергей Владимирович,5938,13.07
Новосибирская область,54,FEDERAL,duma_sm,"Госдума, одномандатный округ",Выборы депутатов Государственной Думы Федерального Собрания Российской Федерации девятого созыва,Новосибирская область – Центральный,10,1,9,49626,44757,44239,44239,90.19,True,31.64,САВЕЛЬЕВ Дмитрий Иванович,20932,47.32,БРАШНИНА Оксана Александровна,6933,15.67,СУЛЕЙМАНОВ Ренат Исмаилович,4337,9.8
Новосибирская область,54,FEDERAL,duma_pl,"Госдума, партсписок",Выборы депутатов Государственной Думы Федерального Собрания Российской Федерации девятого созыва,,47,1,10,189904,170979,170328,170328,90.03,True,33.64,Единая Россия,84590,49.66,Новые люди,27290,16.02,КПРФ,20754,12.18
Новосибирская область,54,MUNICIPAL,mun_sm,"Муниципальный совет, одномандатный округ",Выборы депутатов Совета депутатов города Бердска шестого созыва,Одномандатный избирательный округ № 1,1,1,6,303,275,273,273,90.76,True,15.38,ЛАРГИН Евгений Дмитриевич,101,37.0,ШИМОЛИНА Наталья Александровна,59,21.61,КИРДЯНОВ Юрий Владимирович,32,11.72
Новосибирская область,54,MUNICIPAL,mun_sm,"Муниципальный совет, одномандатный округ",Выборы депутатов Совета депутатов города Бердска шестого созыва,Одномандатный избирательный округ № 10,1,1,6,313,280,278,278,89.46,True,31.65,БОРОЗДИНА Елена Викторовна,142,51.08,ХРАМУШКИН Владимир Александрович,54,19.42,АНДРИЯНОВ Виталий Витальевич,28,10.07
Новосибирская область,54,MUNICIPAL,mun_sm,"Муниципальный совет, одномандатный округ",Выборы депутатов Совета депутатов города Бердска шестого созыва,Одномандатный избирательный округ № 11,1,1,6,327,299,293,293,91.44,True,19.8,УВАРОВА Светлана Геннадьевна,116,39.59,ТРОЩЕЙ Юлия Олеговна,58,19.8,МЕРКУЛОВА Анастасия Александровна,50,17.06
Новосибирская область,54,MUNICIPAL,mun_sm,"Муниципальный совет, одномандатный округ",Выборы депутатов Совета депутатов города Бердска шестого созыва,Одномандатный избирательный округ № 12,1,1,4,398,365,360,360,91.71,True,38.06,БАУЭР Николай Николаевич,201,55.83,КОНТОРБАЕВ Павел Борисович,64,17.78,ГОРБУНОВА Ирина Павловна,56,15.56
Новосибирская область,54,MUNICIPAL,mun_sm,"Муниципальный совет, одномандатный округ",Выборы депутатов Совета депутатов города Бердска шестого созыва,Одномандатный избирательный округ № 13,1,1,3,388,353,349,349,90.98,True,10.6,АНДРИЕНКО Анна Владимировна,178,51.0,ОВЧИННИКОВ Виталий Анатольевич,141,40.4,ДОБРОДЕЕВ Степан Андреевич,30,8.6
Новосибирская область,54,MUNICIPAL,mun_sm,"Муниципальный совет, одномандатный округ",Выборы депутатов Совета депутатов города Бердска шестого созыва,Одномандатный избирательный округ № 14,1,1,5,341,307,304,304,90.03,True,33.88,ХАСАНОВ Фируз Панжиевич,163,53.62,ПОЛЯКОВ Михаил Сергеевич,60,19.74,МАКСИМОВ Максим Владимирович,34,11.18
Новосибирская область,54,MUNICIPAL,mun_sm,"Муниципальный совет, одномандатный округ",Выборы депутатов Совета депутатов города Бердска шестого созыва,Одномандатный избирательный округ № 15,1,1,5,393,363,360,360,92.37,True,7.22,АРУТЮНОВ Борис Павлович,138,38.33,АРТЁМОВ Сергей Владимирович,112,31.11,КОЧУЕВА Виктория Евгеньевна,53,14.72
Новосибирская область,54,MUNICIPAL,mun_sm,"Муниципальный совет, одномандатный округ",Выборы депутатов Совета депутатов города Бердска шестого созыва,Одномандатный избирательный округ № 16,1,1,5,360,319,316,316,88.61,True,12.34,ДЕГТЯРЕВ Евгений Валерьевич,114,36.08,БЕРСЕНЕВ Антон Аркадьевич,75,23.73,ШАЛДОВ Денис Сергеевич,57,18.04
Новосибирская область,54,MUNICIPAL,mun_sm,"Муниципальный совет, одномандатный округ",Выборы депутатов Совета депутатов города Бердска шестого созыва,Одномандатный избирательный округ № 17,1,1,4,287,261,258,258,90.94,True,48.45,КАРМА Денис Александрович,164,63.57,ИВАНОВА Алина Владиславовна,39,15.12,ДОБРИНСКИЙ Михаил Александрович,38,14.73
Новосибирская область,54,MUNICIPAL,mun_sm,"Муниципальный совет, одномандатный округ",Выборы депутатов Совета депутатов города Бердска шестого созыва,Одномандатный избирательный округ № 18,1,1,3,367,325,321,321,88.56,True,0.93,АЛЕКСАНДРОВ Андрей Сергеевич,146,45.48,ШАТАЛОВ Алексей Геннадьевич,143,44.55,ЛИХНИЦКАЯ Варвара Вячеславовна,32,9.97
Новосибирская область,54,MUNICIPAL,mun_sm,"Муниципальный совет, одномандатный округ",Выборы депутатов Совета депутатов города Бердска шестого созыва,Одномандатный избирательный округ № 19,1,1,4,387,343,339,339,88.63,True,26.25,ПОСТНИКОВ Владимир Александрович,166,48.97,ГАЛЧЕНКО Никита Алексеевич,77,22.71,ЧЕРДАНЦЕВА Татьяна Викторовна,55,16.22
Новосибирская область,54,MUNICIPAL,mun_sm,"Муниципальный совет, одномандатный округ",Выборы депутатов Совета депутатов города Бердска шестого созыва,Одномандатный избирательный округ № 2,1,1,6,317,289,285,285,91.17,True,13.33,ДРЕМИН Николай Андреевич,105,36.84,БУРОВА Екатерина Сергеевна,67,23.51,ХОЛОДОВ Вадим Олегович,54,18.95
Новосибирская область,54,MUNICIPAL,mun_sm,"Муниципальный совет, одномандатный округ",Выборы депутатов Совета депутатов города Бердска шестого созыва,Одномандатный избирательный округ № 20,1,1,3,357,332,329,329,93.0,True,63.83,БЕЛОВА Елена Викторовна,250,75.99,ТОВКУС Глеб Александрович,40,12.16,СУХАНОВ Илья Александрович,39,11.85
Новосибирская область,54,MUNICIPAL,mun_sm,"Муниципальный совет, одномандатный округ",Выборы депутатов Совета депутатов города Бердска шестого созыва,Одномандатный избирательный округ № 21,1,1,2,329,300,296,296,91.19,True,29.05,ОСИН Алексей Викторович,191,64.53,КРЕСТЬЯННИКОВ Евгений Александрович,105,35.47,,,
Новосибирская область,54,MUNICIPAL,mun_sm,"Муниципальный совет, одномандатный округ",Выборы депутатов Совета депутатов города Бердска шестого созыва,Одномандатный избирательный округ № 22,1,1,4,294,262,258,258,89.12,True,10.47,БОЛТРУКЕВИЧ Константин Владимирович,92,35.66,БАЛОБИН Василий Сергеевич,65,25.19,ДОЛГОПОЛОВ Алексей Сергеевич,63,24.42
Новосибирская область,54,MUNICIPAL,mun_sm,"Муниципальный совет, одномандатный округ",Выборы депутатов Совета депутатов города Бердска шестого созыва,Одномандатный избирательный округ № 23,1,1,5,348,320,315,315,91.95,True,8.89,СЕРГЕЕВ Степан Антонович,99,31.43,ПЕТРОВ Александр Сергеевич,71,22.54,РОГАЧЕВА Юлия Сергеевна,69,21.9
Новосибирская область,54,MUNICIPAL,mun_sm,"Муниципальный совет, одномандатный округ",Выборы депутатов Совета депутатов города Бердска шестого созыва,Одномандатный избирательный округ № 24,1,1,4,437,399,397,397,91.3,True,27.96,УТЕШЕВ Антон Сергеевич,227,57.18,МУКАСЕЕВ Александр Владимирович,116,29.22,ГЕРЧУК Анастасия Сергеевна,29,7.3
Новосибирская область,54,MUNICIPAL,mun_sm,"Муниципальный совет, одномандатный округ",Выборы депутатов Совета депутатов города Бердска шестого созыва,Одномандатный избирательный округ № 25,1,1,4,444,404,397,397,90.99,True,42.82,ПОСТНИКОВ Станислав Владимирович,236,59.45,ВОЛОДИН Кирилл Николаевич,66,16.62,ОСИПОВ Александр Кириллович,52,13.1
Новосибирская область,54,MUNICIPAL,mun_sm,"Муниципальный совет, одномандатный округ",Выборы депутатов Совета депутатов города Бердска шестого созыва,Одномандатный избирательный округ № 26,1,1,4,341,313,307,307,91.79,True,3.91,ГОЛУБЕВ Владимир Алексеевич,98,31.92,ВИШНИКИН Алексей Игоревич,86,28.01,КУЗОВКИНА Нина Борисовна,71,23.13
Новосибирская область,54,MUNICIPAL,mun_sm,"Муниципальный совет, одномандатный округ",Выборы депутатов Совета депутатов города Бердска шестого созыва,Одномандатный избирательный округ № 27,1,1,6,380,338,334,334,88.95,True,16.17,ЖИЛИН Назар Владимирович,118,35.33,ГУК Олег Андреевич,64,19.16,ПЕТРОВ Олег Васильевич,55,16.47
Новосибирская область,54,MUNICIPAL,mun_sm,"Муниципальный совет, одномандатный округ",Выборы депутатов Совета депутатов города Бердска шестого созыва,Одномандатный избирательный округ № 3,1,1,4,387,343,339,339,88.63,True,3.83,КНЯЗЕВ Дмитрий Сергеевич,134,39.53,ОСТАНИН Денис Владимирович,121,35.69,ЧЕРВОВ Александр Вячеславович,56,16.52
Новосибирская область,54,MUNICIPAL,mun_sm,"Муниципальный совет, одномандатный округ",Выборы депутатов Совета депутатов города Бердска шестого созыва,Одномандатный избирательный округ № 4,1,1,4,338,307,304,304,90.83,True,4.61,БОРИСОВА Юлия Николаевна,125,41.12,КОВАЛЬСКИЙ Андрей Геннадьевич,111,36.51,КОСИЦЫН Роман Геннадьевич,36,11.84
Новосибирская область,54,MUNICIPAL,mun_sm,"Муниципальный совет, одномандатный округ",Выборы депутатов Совета депутатов города Бердска шестого созыва,Одномандатный избирательный округ № 5,1,1,5,326,305,304,304,93.56,True,6.58,КОЛЕСНИКОВА Анна Павловна,118,38.82,ОНИЩЕНКО Сергей Александрович,98,32.24,КУЗНЕЦОВА Наталья Николаевна,42,13.82
Новосибирская область,54,MUNICIPAL,mun_sm,"Муниципальный совет, одномандатный округ",Выборы депутатов Совета депутатов города Бердска шестого созыва,Одномандатный избирательный округ № 6,1,1,6,322,290,290,290,90.06,True,42.41,ПЕРФИЛОВА Евгения Юрьевна,170,58.62,БАДЬИН Валерий Георгиевич,47,16.21,КОЗЛОВ Константин Юрьевич,23,7.93
Новосибирская область,54,MUNICIPAL,mun_sm,"Муниципальный совет, одномандатный округ",Выборы депутатов Совета депутатов города Бердска шестого созыва,Одномандатный избирательный округ № 7,1,1,6,270,252,249,249,93.33,True,23.29,КОВАЛЕВСКИЙ Денис Георгиевич,107,42.97,ПЕРЕГУДОВА Елена Геннадьевна,49,19.68,АБАЛЫМОВ Денис Владимирович,41,16.47
Новосибирская область,54,MUNICIPAL,mun_sm,"Муниципальный совет, одномандатный округ",Выборы депутатов Совета депутатов города Бердска шестого созыва,Одномандатный избирательный округ № 8,1,1,5,371,337,335,335,90.84,True,14.63,ПИЛЬКО Андрей Геннадьевич,124,37.01,ЧАПЛЫГИНА Инга Юрьевна,75,22.39,ПИСКУНОВ Александр Владимирович,63,18.81
Новосибирская область,54,MUNICIPAL,mun_sm,"Муниципальный совет, одномандатный округ",Выборы депутатов Совета депутатов города Бердска шестого созыва,Одномандатный избирательный округ № 9,1,1,6,298,267,264,264,89.6,True,21.21,КОЗИЦЫН Павел Сергеевич,106,40.15,ТИТОВ Дмитрий Сергеевич,50,18.94,БОЧКАРЁВ Виталий Александрович,36,13.64
Новосибирская область,54,MUNICIPAL,mun_sm,"Муниципальный совет, одномандатный округ",Выборы депутатов Совета депутатов города Искитима Новосибирской области шестого созыва,Одномандатный избирательный округ № 1,1,1,3,114,96,96,96,84.21,True,4.17,ФЕДОСКИН Анатолий Анатольевич,37,38.54,КАМНЕВ Павел Анатольевич,33,34.38,ВЕРХОВЫХ Наталья Александровна,26,27.08
Новосибирская область,54,MUNICIPAL,mun_sm,"Муниципальный совет, одномандатный округ",Выборы депутатов Совета депутатов города Искитима Новосибирской области шестого созыва,Одномандатный избирательный округ № 10,1,1,3,170,155,151,151,91.18,True,44.37,ФИЛИНОВ Денис Васильевич,97,64.24,ПОЛЯКОВ Денис Сергеевич,30,19.87,ФРОЛОВ Артем Владимирович,24,15.89
Новосибирская область,54,MUNICIPAL,mun_sm,"Муниципальный совет, одномандатный округ",Выборы депутатов Совета депутатов города Искитима Новосибирской области шестого созыва,Одномандатный избирательный округ № 11,1,1,3,169,152,150,150,89.94,True,16.67,БОНДАРЕНКО Александр Игоревич,74,49.33,ПЕРЕШИТОВ Григорий Сергеевич,49,32.67,ПАВЛУЦКАЯ Вероника Ивановна,27,18.0
Новосибирская область,54,MUNICIPAL,mun_sm,"Муниципальный совет, одномандатный округ",Выборы депутатов Совета депутатов города Искитима Новосибирской области шестого созыва,Одномандатный избирательный округ № 12,1,1,3,162,150,150,150,92.59,True,19.33,КАРПЕНКО Лидия Викторовна,77,51.33,ШУЙСКАЯ Елена Сергеевна,48,32.0,ЗЕЛЕНИН Максим Викторович,25,16.67
Новосибирская область,54,MUNICIPAL,mun_sm,"Муниципальный совет, одномандатный округ",Выборы депутатов Совета депутатов города Искитима Новосибирской области шестого созыва,Одномандатный избирательный округ № 13,1,1,5,174,161,161,161,92.53,True,24.84,АДОВ Владислав Игоревич,72,44.72,ЦВЯХИНА Алена Александровна,32,19.88,СУВОРОВА Анастасия Анатольевна,26,16.15
Новосибирская область,54,MUNICIPAL,mun_sm,"Муниципальный совет, одномандатный округ",Выборы депутатов Совета депутатов города Искитима Новосибирской области шестого созыва,Одномандатный избирательный округ № 14,1,1,3,201,185,181,181,92.04,True,9.39,ГУЛЕВИЧ (Асанова) Юлия Владимировна,81,44.75,КРЫЛОВИЧ Артем Андреевич,64,35.36,ГОРБУНОВА Светлана Владимировна,36,19.89
Новосибирская область,54,MUNICIPAL,mun_sm,"Муниципальный совет, одномандатный округ",Выборы депутатов Совета депутатов города Искитима Новосибирской области шестого созыва,Одномандатный избирательный округ № 15,1,1,4,172,164,160,160,95.35,True,34.38,КОТЕЛЬНИКОВ Петр Петрович,94,58.75,ФЕДОРОВА Оксана Сергеевна,39,24.38,ПЕРЕГУДОВ Данил Антонович,19,11.88
Новосибирская область,54,MUNICIPAL,mun_sm,"Муниципальный совет, одномандатный округ",Выборы депутатов Совета депутатов города Искитима Новосибирской области шестого созыва,Одномандатный избирательный округ № 16,1,1,4,170,156,153,153,91.76,True,23.53,СОБОЛЕВ Сергей Максимович,69,45.1,КУЗЬМИН Олег Михайлович,33,21.57,ЧЕРНЫХ Лариса Викторовна,26,16.99
Новосибирская область,54,MUNICIPAL,mun_sm,"Муниципальный совет, одномандатный округ",Выборы депутатов Совета депутатов города Искитима Новосибирской области шестого созыва,Одномандатный избирательный округ № 17,1,1,4,181,165,162,162,91.16,True,22.22,ЗАПРЕГАЕВА (КРАМАРЕНКО) Ольга Владимировна,73,45.06,ДАРГИЛЬ Алексей Николаевич,37,22.84,КРУГЛЯКОВА Марина Александровна,28,17.28
Новосибирская область,54,MUNICIPAL,mun_sm,"Муниципальный совет, одномандатный округ",Выборы депутатов Совета депутатов города Искитима Новосибирской области шестого созыва,Одномандатный избирательный округ № 18,1,1,5,199,174,169,169,87.44,True,24.85,НИКУЛИН Алексей Михайлович,73,43.2,ШИРЯЕВ Артем Вячеславович,31,18.34,КОКОУЛИН Игорь Сергеевич,24,14.2
Новосибирская область,54,MUNICIPAL,mun_sm,"Муниципальный совет, одномандатный округ",Выборы депутатов Совета депутатов города Искитима Новосибирской области шестого созыва,Одномандатный избирательный округ № 19,1,1,3,195,182,178,178,93.33,True,35.96,СТАРЧЕНКО Денис Борисович,105,58.99,ТКАЛЕНКО Никита Андреевич,41,23.03,КОВАЛЁВА Дана Валерьевна,32,17.98
Новосибирская область,54,MUNICIPAL,mun_sm,"Муниципальный совет, одномандатный округ",Выборы депутатов Совета депутатов города Искитима Новосибирской области шестого созыва,Одномандатный избирательный округ № 2,1,1,2,112,99,98,98,88.39,True,2.04,СИДОРОВ Леонид Иванович,50,51.02,ПЕНКИН Артем Владимирович,48,48.98,,,
Новосибирская область,54,MUNICIPAL,mun_sm,"Муниципальный совет, одномандатный округ",Выборы депутатов Совета депутатов города Искитима Новосибирской области шестого созыва,Одномандатный избирательный округ № 20,1,1,3,154,138,137,137,89.61,True,37.96,КОЗАЧЕНКО Александр Александрович,81,59.12,КЕЛЛЕР Александра Леонидовна,29,21.17,ФАХРЕТДИНОВ Данил Анварович,27,19.71
Новосибирская область,54,MUNICIPAL,mun_sm,"Муниципальный совет, одномандатный округ",Выборы депутатов Совета депутатов города Искитима Новосибирской области шестого созыва,Одномандатный избирательный округ № 21,1,1,3,175,153,150,150,87.43,True,34.67,НИКИФОРОВ Иван Александрович,87,58.0,МАТВЕЙКО Ольга Николаевна,35,23.33,ВИДМЕР Андрей Александрович,28,18.67
Новосибирская область,54,MUNICIPAL,mun_sm,"Муниципальный совет, одномандатный округ",Выборы депутатов Совета депутатов города Искитима Новосибирской области шестого созыва,Одномандатный избирательный округ № 22,1,1,3,116,94,94,94,81.03,True,10.64,АЛЕКСАНДРОВ Алексей Андреевич,39,41.49,ЗАЙЧИКОВ Петр Викторович,29,30.85,РАСТЯЖЕНКО Андрей Геннадьевич,26,27.66
Новосибирская область,54,MUNICIPAL,mun_sm,"Муниципальный совет, одномандатный округ",Выборы депутатов Совета депутатов города Искитима Новосибирской области шестого созыва,Одномандатный избирательный округ № 23,1,1,4,166,139,139,139,83.73,True,38.13,АВЕРЧЕНКОВ Сергей Станиславович,82,58.99,БОНДАРЕВ Игорь Александрович,29,20.86,КАРПОВ Данил Александрович,16,11.51
Новосибирская область,54,MUNICIPAL,mun_sm,"Муниципальный совет, одномандатный округ",Выборы депутатов Совета депутатов города Искитима Новосибирской области шестого созыва,Одномандатный избирательный округ № 24,1,1,5,130,116,116,116,89.23,True,7.76,ЭЙРИХ Елена Олеговна,38,32.76,ОДЕЯНКО Вячеслав Борисович,29,25.0,ПИСКУНОВ Артем Игоревич,17,14.66
Новосибирская область,54,MUNICIPAL,mun_sm,"Муниципальный совет, одномандатный округ",Выборы депутатов Совета депутатов города Искитима Новосибирской области шестого созыва,Одномандатный избирательный округ № 25,1,1,3,154,138,137,137,89.61,True,45.99,ДАНИЛОВА Алёна Александровна,88,64.23,ОРАЧЁВ Александр Иванович,25,18.25,ЭРБЕС Варвара Юрьевна,24,17.52
Новосибирская область,54,MUNICIPAL,mun_sm,"Муниципальный совет, одномандатный округ",Выборы депутатов Совета депутатов города Искитима Новосибирской области шестого созыва,Одномандатный избирательный округ № 3,1,1,5,149,132,131,131,88.59,True,17.56,ВИТМАН Татьяна Петровна,50,38.17,КАЛАЧЁВА Анна Сергеевна,27,20.61,КАШНИКОВ Сергей Сергеевич,26,19.85
Новосибирская область,54,MUNICIPAL,mun_sm,"Муниципальный совет, одномандатный округ",Выборы депутатов Совета депутатов города Искитима Новосибирской области шестого созыва,Одномандатный избирательный округ № 4,1,1,4,134,113,113,113,84.33,True,10.62,ВЬЮНЕНКО Светлана Сергеевна,45,39.82,ЖУРАВЛЕВА Светлана Геннадьевна,33,29.2,ШИРОКОВ Егор Владимирович,19,16.81
Новосибирская область,54,MUNICIPAL,mun_sm,"Муниципальный совет, одномандатный округ",Выборы депутатов Совета депутатов города Искитима Новосибирской области шестого созыва,Одномандатный избирательный округ № 5,1,1,3,170,160,158,158,94.12,True,3.8,ШИЛОВ Дмитрий Вадимович,69,43.67,ЛЕБЕДЕВА Светлана Николаевна,63,39.87,ПОПОВ Денис Евгеньевич,26,16.46
Новосибирская область,54,MUNICIPAL,mun_sm,"Муниципальный совет, одномандатный округ",Выборы депутатов Совета депутатов города Искитима Новосибирской области шестого созыва,Одномандатный избирательный округ № 6,1,1,3,187,171,166,166,91.44,True,27.71,БРАТУЩЕНКО Наталья Николаевна,88,53.01,БОЛЬШАКОВА Мария Андреевна,42,25.3,ГРЯЗНЕВ Алексей Владимирович,36,21.69
Новосибирская область,54,MUNICIPAL,mun_sm,"Муниципальный совет, одномандатный округ",Выборы депутатов Совета депутатов города Искитима Новосибирской области шестого созыва,Одномандатный избирательный округ № 7,1,1,4,170,151,147,147,88.82,True,21.77,КУЛЕШОВ Максим Валерьевич,71,48.3,СЮТКИН Владимир Александрович,39,26.53,ВОРОНЦОВ Дмитрий Александрович,21,14.29
Новосибирская область,54,MUNICIPAL,mun_sm,"Муниципальный совет, одномандатный округ",Выборы депутатов Совета депутатов города Искитима Новосибирской области шестого созыва,Одномандатный избирательный округ № 8,1,1,2,175,158,153,153,90.29,True,21.57,ПРОКОПЕНКО Дмитрий Анатольевич,93,60.78,БЕЗСОЛИЦИНА Дарья Алексеевна,60,39.22,,,
Новосибирская область,54,MUNICIPAL,mun_sm,"Муниципальный совет, одномандатный округ",Выборы депутатов Совета депутатов города Искитима Новосибирской области шестого созыва,Одномандатный избирательный округ № 9,1,1,3,183,175,175,175,95.63,True,39.43,КАЗАКОВА Оксана Анатольевна,108,61.71,АНТРОПОВ Михаил Леонидович,39,22.29,ФЕДОСЕЕВА Лада Владимировна,28,16.0
Новосибирская область,54,MUNICIPAL,mun_sm,"Муниципальный совет, одномандатный округ",Выборы депутатов Совета депутатов города Оби Новосибирской области шестого созыва,Одномандатный избирательный округ № 1,1,1,5,59,56,56,56,94.92,True,33.93,КИСЕЛЕВА Ольга Николаевна,30,53.57,ФЕДОРЧУК Сергей Владимирович,11,19.64,МОРДИКОВ Евгений Анатольевич,7,12.5
Новосибирская область,54,MUNICIPAL,mun_sm,"Муниципальный совет, одномандатный округ",Выборы депутатов Совета депутатов города Оби Новосибирской области шестого созыва,Одномандатный избирательный округ № 10,1,1,4,68,63,61,61,92.65,True,37.7,ГОЛЬДШТЕЙН Михаил Львович,35,57.38,КУНГУРЦЕВА Елена Сергеевна,12,19.67,ЖУРАВСКАЯ Виктория Владимировна,8,13.11
Новосибирская область,54,MUNICIPAL,mun_sm,"Муниципальный совет, одномандатный округ",Выборы депутатов Совета депутатов города Оби Новосибирской области шестого созыва,Одномандатный избирательный округ № 11,1,1,3,44,41,41,41,93.18,True,24.39,АНТОННИКОВ Андрей Алексеевич,22,53.66,ВАРАВКИНА Анна Витальевна,12,29.27,ЧЕПИЛЯН Семён Игоревич,7,17.07
Новосибирская область,54,MUNICIPAL,mun_sm,"Муниципальный совет, одномандатный округ",Выборы депутатов Совета депутатов города Оби Новосибирской области шестого созыва,Одномандатный избирательный округ № 12,1,1,4,78,69,69,69,88.46,True,0.0,ВЕРХОВЫХ Наталья Александровна,23,33.33,ЛОСКУТОВ Анатолий Олегович,23,33.33,ЗАЙЦЕВ Андрей Юрьевич,16,23.19
Новосибирская область,54,MUNICIPAL,mun_sm,"Муниципальный совет, одномандатный округ",Выборы депутатов Совета депутатов города Оби Новосибирской области шестого созыва,Одномандатный избирательный округ № 13,1,1,3,71,59,59,59,83.1,True,27.12,НАСЕКИНА Олеся Алексеевна,33,55.93,ШИШКО Анатолий Валентинович,17,28.81,АФОНИН Максим Алексеевич,9,15.25
Новосибирская область,54,MUNICIPAL,mun_sm,"Муниципальный совет, одномандатный округ",Выборы депутатов Совета депутатов города Оби Новосибирской области шестого созыва,Одномандатный избирательный округ № 14,1,1,5,71,67,66,66,94.37,True,45.45,ПАРЛЮК Дмитрий Константинович,40,60.61,ФЕДОРЕЕВ Александр Юрьевич,10,15.15,САФОНОВ Иван Викторович,8,12.12
Новосибирская область,54,MUNICIPAL,mun_sm,"Муниципальный совет, одномандатный округ",Выборы депутатов Совета депутатов города Оби Новосибирской области шестого созыва,Одномандатный избирательный округ № 15,1,1,4,50,47,46,46,94.0,True,30.43,ПЕСТРЯКОВ Сергей Александрович,24,52.17,БЕЗСОЛИЦИНА Дарья Алексеевна,10,21.74,ГРОХОТОВ Павел Маратович,8,17.39
Новосибирская область,54,MUNICIPAL,mun_sm,"Муниципальный совет, одномандатный округ",Выборы депутатов Совета депутатов города Оби Новосибирской области шестого созыва,Одномандатный избирательный округ № 16,1,1,5,49,46,46,46,93.88,True,23.91,ФОЛОМЕЕВ Владимир Николаевич,22,47.83,НАУМОЧКИН Данила Александрович,11,23.91,ОПАРИНА Марина Андреевна,6,13.04
Новосибирская область,54,MUNICIPAL,mun_sm,"Муниципальный совет, одномандатный округ",Выборы депутатов Совета депутатов города Оби Новосибирской области шестого созыва,Одномандатный избирательный округ № 17,1,1,3,59,56,56,56,94.92,True,32.14,РАНЗЕБОВА Наталья Юрьевна,31,55.36,ЩУСЬ Алексей Сергеевич,13,23.21,ГАМБУРГ Софья Павловна,12,21.43
Новосибирская область,54,MUNICIPAL,mun_sm,"Муниципальный совет, одномандатный округ",Выборы депутатов Совета депутатов города Оби Новосибирской области шестого созыва,Одномандатный избирательный округ № 18,1,1,6,110,105,105,105,95.45,True,52.38,ШУЛЬГА Константин Сергеевич,68,64.76,НИФОНТОВ Владислав Александрович,13,12.38,ГОМЕНЮК Максим Юрьевич,11,10.48
Новосибирская область,54,MUNICIPAL,mun_sm,"Муниципальный совет, одномандатный округ",Выборы депутатов Совета депутатов города Оби Новосибирской области шестого созыва,Одномандатный избирательный округ № 19,1,1,5,261,239,237,237,91.57,True,31.22,КУЗНЕЦОВ Максим Владимирович,121,51.05,БУМАРСКОВ Дмитрий Александрович,47,19.83,ЛУНКИНА Елизавета Александровна,32,13.5
Новосибирская область,54,MUNICIPAL,mun_sm,"Муниципальный совет, одномандатный округ",Выборы депутатов Совета депутатов города Оби Новосибирской области шестого созыва,Одномандатный избирательный округ № 2,1,1,6,49,43,43,43,87.76,True,13.95,ВЕРГУНОВ Игорь Владимирович,17,39.53,ЦИРЮЛЬНИКОВ Вячеслав Валентинович,11,25.58,ГОСИН Дмитрий Викторович,6,13.95
Новосибирская область,54,MUNICIPAL,mun_sm,"Муниципальный совет, одномандатный округ",Выборы депутатов Совета депутатов города Оби Новосибирской области шестого созыва,Одномандатный избирательный округ № 20,1,1,6,98,93,91,91,94.9,True,9.89,МАТВЕЕВ Александр Анатольевич,31,34.07,СКИРНЕВСКАЯ Раиса Николаевна,22,24.18,СОКОЛОВА Екатерина Андреевна,22,24.18
Новосибирская область,54,MUNICIPAL,mun_sm,"Муниципальный совет, одномандатный округ",Выборы депутатов Совета депутатов города Оби Новосибирской области шестого созыва,Одномандатный избирательный округ № 21,1,1,6,68,62,61,61,91.18,True,1.64,АЛЕКСЕЕНКО Константин Игоревич,20,32.79,КАШКАН Алексей Сергеевич,19,31.15,ДАРВИН Александр Андреевич,8,13.11
Новосибирская область,54,MUNICIPAL,mun_sm,"Муниципальный совет, одномандатный округ",Выборы депутатов Совета депутатов города Оби Новосибирской области шестого созыва,Одномандатный избирательный округ № 22,1,1,5,88,82,82,82,93.18,True,9.76,КОРЯКИНА Оксана Александровна,31,37.8,ДУГАНОВ Дмитрий Игоревич,23,28.05,ГРАНИЦА Данил Олегович,18,21.95
Новосибирская область,54,MUNICIPAL,mun_sm,"Муниципальный совет, одномандатный округ",Выборы депутатов Совета депутатов города Оби Новосибирской области шестого созыва,Одномандатный избирательный округ № 23,1,1,4,99,89,88,88,89.9,True,5.68,МУШИН Юрий Владимирович,34,38.64,БИХЕ Владимир Владимирович,29,32.95,ВЯЛКОВ Егор Владимирович,18,20.45
Новосибирская область,54,MUNICIPAL,mun_sm,"Муниципальный совет, одномандатный округ",Выборы депутатов Совета депутатов города Оби Новосибирской области шестого созыва,Одномандатный избирательный округ № 24,1,1,4,37,30,30,30,81.08,True,20.0,КОЗОДОЕНКО Михаил Викторович,13,43.33,АБРАМОВ Кирилл Александрович,7,23.33,ГААК Денис Андреевич,6,20.0
Новосибирская область,54,MUNICIPAL,mun_sm,"Муниципальный совет, одномандатный округ",Выборы депутатов Совета депутатов города Оби Новосибирской области шестого созыва,Одномандатный избирательный округ № 25,1,1,5,70,59,59,59,84.29,True,3.39,СЕЛИЦКИЙ Александр Сергеевич,27,45.76,КУЗНЕЦОВ Матвей Александрович,25,42.37,СИНИЦЫН Кондрат Михайлович,4,6.78
Новосибирская область,54,MUNICIPAL,mun_sm,"Муниципальный совет, одномандатный округ",Выборы депутатов Совета депутатов города Оби Новосибирской области шестого созыва,Одномандатный избирательный округ № 26,1,1,4,115,104,103,103,90.43,True,46.6,АВДЕЙЧИК Павел Петрович,70,67.96,ЛАРЬКИН Александр Викторович,22,21.36,ЧОТУЕВ Жакшылык Орозаалиевич,9,8.74
Новосибирская область,54,MUNICIPAL,mun_sm,"Муниципальный совет, одномандатный округ",Выборы депутатов Совета депутатов города Оби Новосибирской области шестого созыва,Одномандатный избирательный округ № 27,1,1,6,52,48,48,48,92.31,True,6.25,ДУДКИН Иван Антонович,15,31.25,КИСЕЛЕВ Антон Анатольевич,12,25.0,КАЛЛИСТРАТОВА Юлия Олеговна,6,12.5
Новосибирская область,54,MUNICIPAL,mun_sm,"Муниципальный совет, одномандатный округ",Выборы депутатов Совета депутатов города Оби Новосибирской области шестого созыва,Одномандатный избирательный округ № 3,1,1,3,58,52,51,51,89.66,True,52.94,ГРИГОРЕНКО Олег Олегович,35,68.63,НЕДОСЕКИН Александр Николаевич,8,15.69,ПИНЕГИН Владислав Дмитриевич,8,15.69
Новосибирская область,54,MUNICIPAL,mun_sm,"Муниципальный совет, одномандатный округ",Выборы депутатов Совета депутатов города Оби Новосибирской области шестого созыва,Одномандатный избирательный округ № 4,1,1,2,55,52,52,52,94.55,True,30.77,ФЕДОРОВ Роман Александрович,34,65.38,СТАРОВОЙТОВ Кирилл Александрович,18,34.62,,,
Новосибирская область,54,MUNICIPAL,mun_sm,"Муниципальный совет, одномандатный округ",Выборы депутатов Совета депутатов города Оби Новосибирской области шестого созыва,Одномандатный избирательный округ № 5,1,1,6,53,45,45,45,84.91,True,15.56,ТВИЛИНЁВ Николай Вадимович,18,40.0,УРНТАЕВ Антон Амангельдыевич,11,24.44,ИПАТОВ Николай Владимирович,7,15.56
Новосибирская область,54,MUNICIPAL,mun_sm,"Муниципальный совет, одномандатный округ",Выборы депутатов Совета депутатов города Оби Новосибирской области шестого созыва,Одномандатный избирательный округ № 6,1,1,4,66,58,56,56,87.88,True,23.21,САПОН Артём Сергеевич,28,50.0,ПОГОРЕЛОВ Владислав Михайлович,15,26.79,КАЗАНЦЕВА Светлана Леонидовна,9,16.07
Новосибирская область,54,MUNICIPAL,mun_sm,"Муниципальный совет, одномандатный округ",Выборы депутатов Совета депутатов города Оби Новосибирской области шестого созыва,Одномандатный избирательный округ № 7,1,1,5,74,67,65,65,90.54,True,43.08,УСТИНОВ Сергей Анатольевич,40,61.54,ГОЛОЩАПОВ Станислав Владимирович,12,18.46,АНДРУШОНОК Анастасия Алексеевна,9,13.85
Новосибирская область,54,MUNICIPAL,mun_sm,"Муниципальный совет, одномандатный округ",Выборы депутатов Совета депутатов города Оби Новосибирской области шестого созыва,Одномандатный избирательный округ № 8,1,1,5,78,71,70,70,91.03,True,27.14,ДОРОШЕНКО Сергей Владимирович,31,44.29,ЛАГУТКИН Кирилл Дмитриевич,12,17.14,ЯКУНИНА Евгения Викторовна,12,17.14
Новосибирская область,54,MUNICIPAL,mun_sm,"Муниципальный совет, одномандатный округ",Выборы депутатов Совета депутатов города Оби Новосибирской области шестого созыва,Одномандатный избирательный округ № 9,1,1,5,52,49,49,49,94.23,True,36.73,СОСНИНА Екатерина Александровна,27,55.1,РЫЖКОВ Владислав Сергеевич,9,18.37,КАЗАНЦЕВ Антон Рафаилович,9,18.37
Новосибирская область,54,MUNICIPAL,mun_sm,"Муниципальный совет, одномандатный округ",Дополнительные выборы депутата Совета депутатов Доволенского муниципального округа Новосибирской области первого созыва по одномандатному избирательному округу №1,Одномандатный избирательный округ №1,1,1,2,61,59,58,58,96.72,True,10.34,КОСТИН Константин Иванович,32,55.17,РУСАКОВ Юрий Владимирович,26,44.83,,,
Новосибирская область,54,MUNICIPAL,mun_sm,"Муниципальный совет, одномандатный округ",Дополнительные выборы депутата Совета депутатов Мичуринского сельсовета Искитимского района Новосибирской области седьмого созыва по одномандатному избирательному округу №3,Одномандатный избирательный округ №3,1,1,3,16,14,14,14,87.5,True,7.14,САФИУЛЛИН Мансур Яфарович,6,42.86,МОЗГОВАЯ Алёна Игоревна,5,35.71,САФИУЛЛИНА Алия Анверовна,3,21.43
Новосибирская область,54,MUNICIPAL,mun_sm,"Муниципальный совет, одномандатный округ",Дополнительные выборы депутата Совета депутатов Чистоозерного района Новосибирской области пятого созыва по одномандатному избирательному округу № 8,Одномандатный избирательный округ № 8,1,1,3,74,60,59,59,81.08,True,10.17,ЛУКАШОВА Ольга Александровна,29,49.15,АЛЕКСЕЕНКО Виталий Анатольевич,23,38.98,ЛЫСЕНКО Елена Дмитриевна,7,11.86
Новосибирская область,54,MUNICIPAL,mun_sm,"Муниципальный совет, одномандатный округ",Дополнительные выборы депутата Совета депутатов рабочего поселка Кольцово седьмого созыва по одномандатному избирательному округу № 9,Одномандатный избирательный округ № 9,1,1,3,73,66,66,66,90.41,True,69.7,ТАЙЛАКОВА Инна Викторовна,54,81.82,ВОЛКОВ Александр Владимирович,8,12.12,ГОЛОВИН Иван Михайлович,4,6.06
Новосибирская область,54,MUNICIPAL,mun_sm,"Муниципальный совет, одномандатный округ",Дополнительные выборы депутатов Совета депутатов Варламовского сельсовета Болотнинского района Новосибирской области седьмого созыва по многомандатному избирательному округу № 1,Многомандатный избирательный округ,1,1,5,34,32,32,32,94.12,True,0.0,БАРИНОВА Анна Анатольевна,10,31.25,КОВАЛЕНКО Борис Иванович,10,31.25,ВАСИЛЬЕВА Валентина Алексеевна,9,28.12
Новосибирская область,54,MUNICIPAL,mun_sm,"Муниципальный совет, одномандатный округ",Дополнительные выборы депутатов Совета депутатов Петровского сельсовета Ордынского района Новосибирской области седьмого созыва по многомандатному избирательному округу № 1,Многомандатный избирательный округ №1,1,1,4,67,52,52,52,77.61,True,7.69,СКАБЕЛКИН Анатолий Владимирович,17,32.69,ГОЛОВИНА Татьяна Николаевна,13,25.0,ЧЕРНОУСОВ Леонид Петрович,12,23.08
Новосибирская область,54,MUNICIPAL,mun_sm,"Муниципальный совет, одномандатный округ","Дополнительные выборы депутатов Совета депутатов города Барабинска Барабинского района Новосибирской области пятого созыва по одномандатным избирательным округам № 8, № 12, № 15, № 22",Одномандатный избирательный округ №12,1,1,3,110,105,103,103,95.45,True,12.62,ВОЛОГОДСКИЙ Роман Алексеевич,50,48.54,БОЗНЯКОВ Владимир Станиславович,37,35.92,ГАХРАМАНОВА Гульнара Алибабаевна,16,15.53
Новосибирская область,54,MUNICIPAL,mun_sm,"Муниципальный совет, одномандатный округ","Дополнительные выборы депутатов Совета депутатов города Барабинска Барабинского района Новосибирской области пятого созыва по одномандатным избирательным округам № 8, № 12, № 15, № 22",Одномандатный избирательный округ №15,1,1,3,102,97,96,96,95.1,True,51.04,ДАМЗИН Андрей Евгеньевич,65,67.71,БАДАЖКОВ Анатолий Анатольевич,16,16.67,ОВЧИННИКОВА Алена Евгеньевна,15,15.62
Новосибирская область,54,MUNICIPAL,mun_sm,"Муниципальный совет, одномандатный округ","Дополнительные выборы депутатов Совета депутатов города Барабинска Барабинского района Новосибирской области пятого созыва по одномандатным избирательным округам № 8, № 12, № 15, № 22",Одномандатный избирательный округ №22,1,1,3,94,91,89,89,96.81,True,37.08,КУРКИНА Олеся Александровна,55,61.8,БОРОВСКИХ Татьяна Николаевна,22,24.72,ИВАНОВ Алексей Николаевич,12,13.48
Новосибирская область,54,MUNICIPAL,mun_sm,"Муниципальный совет, одномандатный округ","Дополнительные выборы депутатов Совета депутатов города Барабинска Барабинского района Новосибирской области пятого созыва по одномандатным избирательным округам № 8, № 12, № 15, № 22",Одномандатный избирательный округ №8,1,1,3,118,110,108,108,93.22,True,37.04,ФОМИЧЕВА Анна Петровна,64,59.26,ТУПИКИН Станислав Юрьевич,24,22.22,БАДАЖКОВ Юрий Анатольевич,20,18.52
Новосибирская область,54,MUNICIPAL,mun_sm,"Муниципальный совет, одномандатный округ","Дополнительные выборы депутатов Совета депутатов города Куйбышева Куйбышевского района Новосибирской области пятого созыва  по одномандатным избирательным округам № 1, № 3, № 18",Одномандатный избирательный округ № 1,1,1,4,209,193,188,188,92.34,True,37.23,РОДИЧЕВА Мария Васильевна,109,57.98,МИЛЛЕР Алексей Владимирович,39,20.74,БОРИСОВА Наталья Геннадьевна,22,11.7
Новосибирская область,54,MUNICIPAL,mun_sm,"Муниципальный совет, одномандатный округ","Дополнительные выборы депутатов Совета депутатов города Куйбышева Куйбышевского района Новосибирской области пятого созыва  по одномандатным избирательным округам № 1, № 3, № 18",Одномандатный избирательный округ № 18,1,1,4,254,242,240,240,95.28,True,21.67,ЭРИХ Сергей Иванович,107,44.58,ЗАРЕМБО Константин Сергеевич,55,22.92,ЩЕРБАКОВ Сергей Викторович,44,18.33
Новосибирская область,54,MUNICIPAL,mun_sm,"Муниципальный совет, одномандатный округ","Дополнительные выборы депутатов Совета депутатов города Куйбышева Куйбышевского района Новосибирской области пятого созыва  по одномандатным избирательным округам № 1, № 3, № 18",Одномандатный избирательный округ № 3,1,1,4,244,231,231,231,94.67,True,38.96,БУРДЫКО Анна Александровна,134,58.01,КУПЦОВ Геннадий Александрович,44,19.05,ЧИЧЕНИНА Любовь Владимировна,35,15.15
Новосибирская область,54,MUNICIPAL,mun_sm,"Муниципальный совет, одномандатный округ","Дополнительные выборы депутатов Совета депутатов рабочего поселка Краснозерское  Краснозерского района Новосибирской области седьмого созыва по многомандатным избирательным округам №1, №2",Многомандатный избирательный округ №1,1,1,3,365,335,331,331,91.78,True,14.2,ПОДЛЕНКО Олег Николаевич,158,47.73,БЕРЕЖНАЯ Галина Сергеевна,111,33.53,ИЛЬЕНКО Олег Павлович,62,18.73
Новосибирская область,54,MUNICIPAL,mun_sm,"Муниципальный совет, одномандатный округ","Дополнительные выборы депутатов Совета депутатов рабочего поселка Краснозерское  Краснозерского района Новосибирской области седьмого созыва по многомандатным избирательным округам №1, №2",Многомандатный избирательный округ №2,1,1,4,312,288,286,286,92.31,True,13.64,УРЖЕНКО Иван Юрьевич,128,44.76,ОВСИЕНКО Алифтина Андреевна,89,31.12,ЯРМЕТОВА Юлия Владимировна,38,13.29
Новосибирская область,54,MUNICIPAL,mun_sm,"Муниципальный совет, одномандатный округ",Дополнительные выборы депутатов Совета депутатов рабочего поселка Чистоозерное Чистоозерного района Новосибирской области седьмого созыва по многомандатному избирательному округу № 1,Многомандатный избирательный округ № 1,1,1,5,271,245,242,242,90.41,True,0.83,КВАШНИНА Наталья Сергеевна,67,27.69,ТОМИЛОВА Елена Александровна,65,26.86,РЕГУЛА Анна Николаевна,52,21.49
Новосибирская область,54,MUNICIPAL,mun_sm,"Муниципальный совет, одномандатный округ",Повторные выборы депутата Совета депутатов Березовского сельсовета Новосибирского района Новосибирской области седьмого созыва по многомандатному избирательному округу №1,Многомандатный избирательный округ №1,1,1,4,178,159,154,154,89.33,True,18.83,БЕДРИН Андрей Витальевич,65,42.21,АНДРИАНОВА Дарья Алексеевна,36,23.38,ЛЕОНЧИКОВ Андрей Анатольевич,28,18.18
Новосибирская область,54,MUNICIPAL,mun_sm,"Муниципальный совет, одномандатный округ",Повторные выборы депутата Совета депутатов Большереченского сельсовета Кыштовского района Новосибирской области седьмого созыва по многомандатному избирательному округу № 1,Многомандатный избирательный округ № 1,1,1,3,13,13,12,12,100.0,True,8.33,МАКСИМОВ Максим Васильевич,5,41.67,ЛОПУХИН Анатолий Юрьевич,4,33.33,БОЛОТЕНКО Марина Александровна,3,25.0
Новосибирская область,54,MUNICIPAL,mun_sm,"Муниципальный совет, одномандатный округ",Повторные выборы депутата Совета депутатов Веснянского сельсовета Куйбышевского района Новосибирской области седьмого созыва по многомандатному избирательному округу № 1,Многомандатный избирательный округ № 1,1,1,3,24,24,24,24,100.0,True,29.17,ЧИЖЕВСКАЯ Татьяна Николаевна,15,62.5,БУРДЫКО Владимир Николаевич,8,33.33,РЫЛЬСКИЙ Сергей Васильевич,1,4.17
Новосибирская область,54,MUNICIPAL,mun_sm,"Муниципальный совет, одномандатный округ",Повторные выборы депутата Совета депутатов Криводановского сельсовета Новосибирского района Новосибирской области седьмого созыва по многомандатному избирательному округу №1,Многомандатный избирательный округ №1,1,1,2,754,658,643,643,87.27,True,14.15,АНДРИЯНЕЦ Елена Викторовна,367,57.08,ТАРАСЕНКО Оксана Николаевна,276,42.92,,,
Новосибирская область,54,MUNICIPAL,mun_sm,"Муниципальный совет, одномандатный округ",Повторные выборы депутата Совета депутатов Новолуговского сельсовета Новосибирского района Новосибирской области седьмого созыва по многомандатному избирательному округу №1,Многомандатный избирательный округ №1,1,1,3,640,585,575,575,91.41,True,18.96,КАЗАНЦЕВА Анна Владимировна,288,50.09,ПАНТЕЛЕЕВА Ольга Александровна,179,31.13,РУДЫЙ Станислав Георгиевич,108,18.78
Новосибирская область,54,MUNICIPAL,mun_sm,"Муниципальный совет, одномандатный округ",Повторные выборы депутата Совета депутатов Новоцелинного сельсовета Кочковского района Новосибирской области седьмого созыва по многомандатному избирательному округу №1,Многомандатный избирательный округ №1,1,1,3,53,48,48,48,90.57,True,8.33,МАХНАЕВ Евгений Борисович,20,41.67,ЕРМОЛАЕВА Маргарита Сергеевна,16,33.33,ФИЛИППОВА Елена Алексеевна,12,25.0
Новосибирская область,54,MUNICIPAL,mun_sm,"Муниципальный совет, одномандатный округ",Повторные выборы депутата Совета депутатов Полойского сельсовета Краснозерского района Новосибирской области седьмого созыва по многомандатному избирательному округу №1,Многомандатный избирательный округ №1,1,1,3,43,34,33,33,79.07,True,12.12,КРАМАРЕНКО Олег Александрович,16,48.48,АБРАМОВА Дарья Игоревна,12,36.36,МЕЦЛЕР Юрий Павлович,5,15.15
Новосибирская область,54,MUNICIPAL,mun_sm,"Муниципальный совет, одномандатный округ",Повторные выборы депутата Совета депутатов Романовского сельсовета Чистоозерного района Новосибирской области седьмого созыва по многомандатному избирательному округу № 1,Многомандатный избирательный округ № 1,1,1,2,43,34,34,34,79.07,True,29.41,ВОРОНИНА Альбина Александровна,22,64.71,ЗАЙЦЕВА Галина Александровна,12,35.29,,,
Новосибирская область,54,MUNICIPAL,mun_sm,"Муниципальный совет, одномандатный округ",Повторные выборы депутата Совета депутатов Скалинского сельсовета Колыванского района Новосибирской области седьмого созыва по многомандатному избирательному округу № 1,Многомандатный избирательный округ № 1,1,1,2,102,95,93,93,93.14,True,50.54,ПРОКОПЕНКО Алексей Андреевич,70,75.27,СТИБИКИН Дмитрий Андреевич,23,24.73,,,
Новосибирская область,54,MUNICIPAL,mun_sm,"Муниципальный совет, одномандатный округ",Повторные выборы депутата Совета депутатов Станционного сельсовета Новосибирского района Новосибирской области седьмого созыва по многомандатному избирательному округу №1,Многомандатный избирательный округ №1,1,1,5,1288,1142,1126,1126,88.66,True,2.66,МЫЛЬНИКОВА Тамара Степановна,266,23.62,ЯКУНИНА Евгения Викторовна,236,20.96,ГАВРИЛЕНКО Петр Александрович,235,20.87
Новосибирская область,54,MUNICIPAL,mun_sm,"Муниципальный совет, одномандатный округ",Повторные выборы депутата Совета депутатов Тальменского сельсовета Искитимского района Новосибирской области седьмого созыва по многомандатному избирательному округу №1,Многомандатный,1,1,3,143,131,130,130,91.61,True,23.08,СВИЯГИН Данил Александрович,64,49.23,ХАЗЫКОВА Карина Владимировна,34,26.15,СИБИРЦЕВ Александр Николаевич,32,24.62
Новосибирская область,54,MUNICIPAL,mun_sm,"Муниципальный совет, одномандатный округ",Повторные выборы депутата Совета депутатов Целинного сельсовета Коченевского района Новосибирской области седьмого созыва по многомандатному избирательному округу № 1,Многомандатный избирательный округ № 1,1,1,2,43,37,36,36,86.05,True,11.11,ФОМИНА Яна Юрьевна,20,55.56,КОСИНОВА Татьяна Владиславовна,16,44.44,,,
Новосибирская область,54,MUNICIPAL,mun_sm,"Муниципальный совет, одномандатный округ",Повторные выборы депутата Совета депутатов города Болотное Болотнинского района Новосибирской области восьмого созыва по одномандатному избирательному округу № 7,Одномандатный избирательный округ №7,1,1,3,96,89,89,89,92.71,True,10.11,ФЕДОТОВ Александр Алексеевич,39,43.82,КИРИЧЕНКО Артём Владимирович,30,33.71,ОГАНЕСЯН Анастасия Владимировна,20,22.47
Новосибирская область,54,MUNICIPAL,mun_sm,"Муниципальный совет, одномандатный округ",Повторные выборы депутата Совета депутатов рабочего поселка Колывань Колыванского района Новосибирской области седьмого созыва по многомандатному избирательному округу № 1,Многомандатный избирательный округ № 1,1,1,3,248,220,218,218,88.71,True,13.76,МАЛЕЕВА Ирина Петровна,105,48.17,ШАЛИМОВА Галина Леонидовна,75,34.4,СТЕПАНОВА Елизавета Дмитриевна,38,17.43
Новосибирская область,54,MUNICIPAL,mun_sm,"Муниципальный совет, одномандатный округ",Повторные выборы депутата Совета депутатов рабочего поселка Коченево Коченевского района Новосибирской области седьмого созыва по многомандатному избирательному округу № 1,Многомандатный избирательный округ № 1,1,1,2,149,130,129,129,87.25,True,6.98,ГОРДЕЕВ Николай Юрьевич,69,53.49,САПЕЛКИН Юрий Викторович,60,46.51,,,
Новосибирская область,54,MUNICIPAL,mun_sm,"Муниципальный совет, одномандатный округ","Повторные выборы депутатов Совета депутатов рабочего поселка Горный Тогучинского района Новосибирской области восьмого созыва по многомандатным избирательным округам № 1, № 2, № 3",Многомандатный избирательный округ №1,1,1,4,95,80,80,80,84.21,True,13.75,БЕЛОУСОВ Антон Юрьевич,36,45.0,ТИХОНЧИК Юрий Евгеньевич,25,31.25,МАТРАШОВА Юлия Ивановна,15,18.75
Новосибирская область,54,MUNICIPAL,mun_sm,"Муниципальный совет, одномандатный округ","Повторные выборы депутатов Совета депутатов рабочего поселка Горный Тогучинского района Новосибирской области восьмого созыва по многомандатным избирательным округам № 1, № 2, № 3",Многомандатный избирательный округ №2,1,1,3,119,103,102,102,86.55,True,0.0,НЕПОМНЯЩИХ Роман Алексеевич,43,42.16,НОВИКОВА Евгения Викторовна,43,42.16,ПИЩАСКИН Сергей Николаевич,16,15.69
Новосибирская область,54,MUNICIPAL,mun_sm,"Муниципальный совет, одномандатный округ","Повторные выборы депутатов Совета депутатов рабочего поселка Горный Тогучинского района Новосибирской области восьмого созыва по многомандатным избирательным округам № 1, № 2, № 3",Многомандатный избирательный округ №3,1,1,3,83,73,71,71,87.95,True,42.25,ЩЕРБАКОВА Анастасия Васильевна,47,66.2,БРИЧКО Владимир Валерьевич,17,23.94,ВАЛИГУНДА Юрий Дмитриевич,7,9.86
Пермский край,90,FEDERAL,duma_sm,"Госдума, одномандатный округ",Выборы депутатов Государственной Думы Федерального Собрания Российской Федерации девятого созыва,Пермский край – Кудымкарский,16,1,7,33435,29382,28930,28930,87.88,True,10.14,КАЛИНСКИЙ Олег Игоревич,8457,29.23,УТОЧКИН Юрий Анатольевич,5523,19.09,ПОСТНИКОВ Олег Сергеевич,4536,15.68
Пермский край,90,FEDERAL,duma_sm,"Госдума, одномандатный округ",Выборы депутатов Государственной Думы Федерального Собрания Российской Федерации девятого созыва,Пермский край – Кунгурский,11,1,8,40401,35481,34966,34966,87.82,True,9.75,ИВЕНСКИХ Ирина Валентиновна,10758,30.77,ОВЧИННИКОВ Алексей Александрович,7348,21.01,БАЛЫКИНА Екатерина Михайловна,4440,12.7
Пермский край,90,FEDERAL,duma_sm,"Госдума, одномандатный округ",Выборы депутатов Государственной Думы Федерального Собрания Российской Федерации девятого созыва,Пермский край – Пермский,14,1,8,41323,36301,35831,35831,87.85,True,14.52,НЕМКИН Антон Игоревич,10835,30.24,БОГДАНОВ Николай Михайлович,5634,15.72,БЕЖАНЯН Армен Вруйрович,5312,14.83
Пермский край,90,FEDERAL,duma_sm,"Госдума, одномандатный округ",Выборы депутатов Государственной Думы Федерального Собрания Российской Федерации девятого созыва,Пермский край – Чусовской,11,1,8,37968,33305,32830,32830,87.72,True,17.38,ВОДЯНОВ Роман Михайлович,11217,34.17,АЙТАКОВА Ксения Алексеевна,5510,16.78,ИСАЕВ Сергей Юрьевич,4047,12.33
Пермский край,90,FEDERAL,duma_pl,"Госдума, партсписок",Выборы депутатов Государственной Думы Федерального Собрания Российской Федерации девятого созыва,,52,1,10,153127,134469,133662,133662,87.82,True,19.06,Единая Россия,50976,38.14,Новые люди,25505,19.08,КПРФ,20038,14.99
Пермский край,90,MUNICIPAL,mun_sm,"Муниципальный совет, одномандатный округ",Выборы депутатов Думы Большесосновского муниципального округа Пермского края второго созыва,Одномандатный избирательный округ №3,1,1,4,35,28,28,28,80.0,True,42.86,ГУЩИН Александр Владимирович,17,60.71,ЯСНОВ Вадим Павлович,5,17.86,БЕЛОНОГОВ Алексей Викторович,3,10.71
Пермский край,90,MUNICIPAL,mun_sm,"Муниципальный совет, одномандатный округ",Выборы депутатов Думы Большесосновского муниципального округа Пермского края второго созыва,Одномандатный избирательный округ №5,1,1,4,52,46,46,46,88.46,True,2.17,КИЧИГИН Андрей Федорович,13,28.26,ПИСАРЕВ Виталий Вячеславович,12,26.09,КУЦИН Алевтина Михайловна,11,23.91
Пермский край,90,MUNICIPAL,mun_sm,"Муниципальный совет, одномандатный округ",Выборы депутатов Думы Большесосновского муниципального округа Пермского края второго созыва,Пятимандатный избирательный округ №1,1,1,15,334,297,295,295,88.92,True,7.12,БУРДИН Андрей Михайлович,58,19.66,БИКЕЕВ Алексей Ильич,37,12.54,КОРЕПАНОВ Андрей Павлович,32,10.85
Пермский край,90,MUNICIPAL,mun_sm,"Муниципальный совет, одномандатный округ",Выборы депутатов Думы Большесосновского муниципального округа Пермского края второго созыва,Четырехмандатный избирательный округ №2,1,1,10,176,146,143,143,82.95,True,2.1,ШИЛОВА Наталья Ивановна,26,18.18,ЛОГИНОВ Дмитрий Александрович,23,16.08,ПЕНЯГИН Илья Михайлович,19,13.29
Пермский край,90,MUNICIPAL,mun_sm,"Муниципальный совет, одномандатный округ",Выборы депутатов Думы Большесосновского муниципального округа Пермского края второго созыва,Четырехмандатный избирательный округ №4,1,1,8,224,178,175,175,79.46,True,4.0,ВЬЮЖАНИН Никита Николаевич,37,21.14,ТРЕСКОВ Алексей Викторович,30,17.14,БЫКОВ Алексей Михайлович,29,16.57
Пермский край,90,MUNICIPAL,mun_mm,"Муниципальный совет, многомандатный округ",Выборы депутатов Думы Кунгурского муниципального округа Пермского края второго созыва,Двухмандатный избирательный округ № 5,1,2,6,425,384,376,539,90.35,True,4.45,ЕЛТЫШЕВ Андрей Геннадьевич,141,26.16,РАЗЕПИН Владимир Викторович,124,23.01,СТУЖУК Наталья Евгеньевна,100,18.55
Пермский край,90,MUNICIPAL,mun_mm,"Муниципальный совет, многомандатный округ",Выборы депутатов Думы Кунгурского муниципального округа Пермского края второго созыва,Двухмандатный избирательный округ № 6,1,2,7,419,379,373,564,90.45,True,6.03,ЕЛТЫШЕВА Дарья Андреевна,177,31.38,ОРЛОВ Павел Григорьевич,116,20.57,ПОПОВ Андрей Борисович,82,14.54
Пермский край,90,MUNICIPAL,mun_mm,"Муниципальный совет, многомандатный округ",Выборы депутатов Думы Кунгурского муниципального округа Пермского края второго созыва,Двухмандатный избирательный округ № 7,1,2,6,401,364,361,503,90.77,True,1.59,НОВОКРЕЩЕННЫХ Дмитрий Александрович,143,28.43,ШВАЙГЕРТ Антон Владимирович,90,17.89,ВЛАСОВА Мария Юрьевна,82,16.3
Пермский край,90,MUNICIPAL,mun_mm,"Муниципальный совет, многомандатный округ",Выборы депутатов Думы Кунгурского муниципального округа Пермского края второго созыва,Трехмандатный избирательный округ № 1,1,2,8,554,483,472,681,87.18,True,2.06,ЧИКАЛОВСКАЯ Дарья Ивановна,164,24.08,МАТЯНИН Николай Владимирович,116,17.03,КОВАЛЬ Александр Николаевич,102,14.98
Пермский край,90,MUNICIPAL,mun_mm,"Муниципальный совет, многомандатный округ",Выборы депутатов Думы Кунгурского муниципального округа Пермского края второго созыва,Трехмандатный избирательный округ № 10,1,2,5,457,382,373,547,83.59,True,7.31,ПИГАСОВ Алексей Николаевич,171,31.26,ОПАРИН Николай Алексеевич,141,25.78,ЛОИКОВ Джордж Жамшедович,101,18.46
Пермский край,90,MUNICIPAL,mun_mm,"Муниципальный совет, многомандатный округ",Выборы депутатов Думы Кунгурского муниципального округа Пермского края второго созыва,Трехмандатный избирательный округ № 2,1,2,8,564,504,499,764,89.36,True,1.7,ПОДОСЕНОВА Елена Сергеевна,151,19.76,АРХИПОВ Виталий Сергеевич,129,16.88,ТЮЛЬКИН Алексей Николаевич,116,15.18
Пермский край,90,MUNICIPAL,mun_mm,"Муниципальный совет, многомандатный округ",Выборы депутатов Думы Кунгурского муниципального округа Пермского края второго созыва,Трехмандатный избирательный округ № 3,1,2,6,662,589,580,832,88.97,True,6.61,ПОПОВА Ольга Михайловна,246,29.57,ОВЧИННИКОВ Евгений Николаевич,203,24.4,МАШКИН Дмитрий Петрович,148,17.79
Пермский край,90,MUNICIPAL,mun_mm,"Муниципальный совет, многомандатный округ",Выборы депутатов Думы Кунгурского муниципального округа Пермского края второго созыва,Трехмандатный избирательный округ № 4,1,2,11,639,559,543,854,87.48,True,1.05,АРХИПОВА Надежда Михайловна,158,18.5,БРАТАНОВ Максим Леонидович,115,13.47,ТЕРЕХИНА Юлия Николаевна,106,12.41
Пермский край,90,MUNICIPAL,mun_mm,"Муниципальный совет, многомандатный округ",Выборы депутатов Думы Кунгурского муниципального округа Пермского края второго созыва,Трехмандатный избирательный округ № 8,1,2,6,592,539,530,743,91.05,True,1.08,БЕЛОБОРОДОВА Елена Ивановна,228,30.69,ФИЛИППОВ Александр Сергеевич,137,18.44,ЕЛФИМОВ Виталий Юрьевич,129,17.36
Пермский край,90,MUNICIPAL,mun_mm,"Муниципальный совет, многомандатный округ",Выборы депутатов Думы Кунгурского муниципального округа Пермского края второго созыва,Трехмандатный избирательный округ № 9,1,2,7,647,593,589,862,91.65,True,2.32,ДЕМИН Сергей Николаевич,196,22.74,БУРЫЛОВА Екатерина Васильевна,162,18.79,ЖЕЛТЫШЕВ Владимир Николаевич,142,16.47
Пермский край,90,MUNICIPAL,mun_sm,"Муниципальный совет, одномандатный округ",Выборы депутатов Думы Соликамского муниципального округа восьмого созыва,Одномандатный избирательный округ №1,1,1,4,243,217,212,212,89.3,True,32.55,ПАНАЧЕВ Дмитрий Сергеевич,112,52.83,УХОВ Григорий Сергеевич,43,20.28,КУЗНЕЦОВА Наталья Викторовна,39,18.4
Пермский край,90,MUNICIPAL,mun_sm,"Муниципальный совет, одномандатный округ",Выборы депутатов Думы Соликамского муниципального округа восьмого созыва,Одномандатный избирательный округ №10,1,1,5,241,225,221,221,93.36,True,13.57,СЕРГЕЕВ Вячеслав Евгеньевич,93,42.08,БРАЖНИКОВ Владимир Дмитриевич,63,28.51,ФЕДЮКОВ Владимир Анатольевич,26,11.76
Пермский край,90,MUNICIPAL,mun_sm,"Муниципальный совет, одномандатный округ",Выборы депутатов Думы Соликамского муниципального округа восьмого созыва,Одномандатный избирательный округ №11,1,1,4,188,170,166,166,90.43,True,42.17,МАТВЕЕВ Сергей Витальевич,102,61.45,РЯДЬКИНА Галина Борисовна,32,19.28,ОШВИНЦЕВА Ольга Васильевна,27,16.27
Пермский край,90,MUNICIPAL,mun_sm,"Муниципальный совет, одномандатный округ",Выборы депутатов Думы Соликамского муниципального округа восьмого созыва,Одномандатный избирательный округ №12,1,1,4,190,164,160,160,86.32,True,15.0,ТРЯСЦЫН Олег Владимирович,77,48.12,ЕЛЬКИН Антон Михайлович,53,33.12,ГИЛЁВА Татьяна Сергеевна,20,12.5
Пермский край,90,MUNICIPAL,mun_sm,"Муниципальный совет, одномандатный округ",Выборы депутатов Думы Соликамского муниципального округа восьмого созыва,Одномандатный избирательный округ №13,1,1,4,173,155,151,151,89.6,True,5.96,МУСИХИНА Нина Александровна,59,39.07,ВАКИН Андрей Станиславович,50,33.11,КУРТЕНОК Ольга Александровна,33,21.85
Пермский край,90,MUNICIPAL,mun_sm,"Муниципальный совет, одномандатный округ",Выборы депутатов Думы Соликамского муниципального округа восьмого созыва,Одномандатный избирательный округ №14,1,1,4,327,305,300,300,93.27,True,25.33,КУЛИКОВ Виктор Сергеевич,157,52.33,ТКАЧЕНКО Наталья Сергеевна,81,27.0,АЛИЕВ Талех Дайбала Оглы,34,11.33
Пермский край,90,MUNICIPAL,mun_sm,"Муниципальный совет, одномандатный округ",Выборы депутатов Думы Соликамского муниципального округа восьмого созыва,Одномандатный избирательный округ №15,1,1,4,309,281,277,277,90.94,True,28.88,МИНГАЗЕЕВ Игорь Гаптуллович,142,51.26,УСАНИН Владимир Сергеевич,62,22.38,ПЕТРОВА Елена Анатольевна,50,18.05
Пермский край,90,MUNICIPAL,mun_sm,"Муниципальный совет, одномандатный округ",Выборы депутатов Думы Соликамского муниципального округа восьмого созыва,Одномандатный избирательный округ №16,1,1,5,258,236,231,231,91.47,True,32.47,МАЛЬГИН Евгений Николаевич,126,54.55,СОКОЛКОВ Леонид Витальевич,51,22.08,БЕЛКИНА Лидия Максимовна,24,10.39
Пермский край,90,MUNICIPAL,mun_sm,"Муниципальный совет, одномандатный округ",Выборы депутатов Думы Соликамского муниципального округа восьмого созыва,Одномандатный избирательный округ №17,1,1,4,357,321,320,320,89.92,True,35.31,АЛЕКСАНДРОВ Олег Олегович,183,57.19,ВИКТОРОВ Иван Юрьевич,70,21.88,ЗАХАРОВ Дмитрий Александрович,51,15.94
Пермский край,90,MUNICIPAL,mun_sm,"Муниципальный совет, одномандатный округ",Выборы депутатов Думы Соликамского муниципального округа восьмого созыва,Одномандатный избирательный округ №18,1,1,4,322,283,281,281,87.89,True,16.37,МОРОЗОВ Михаил Александрович,127,45.2,МОГИЛЬНИКОВ Даниил Александрович,81,28.83,КУРАШОВ Дмитрий Анатольевич,43,15.3
Пермский край,90,MUNICIPAL,mun_sm,"Муниципальный совет, одномандатный округ",Выборы депутатов Думы Соликамского муниципального округа восьмого созыва,Одномандатный избирательный округ №19,1,1,4,269,244,240,240,90.71,True,29.17,ШУХАРДИНА Татьяна Валентиновна,126,52.5,ЕВЛАДЕНКО Елена Ивановна,56,23.33,КЛАДОВ Дмитрий Александрович,39,16.25
Пермский край,90,MUNICIPAL,mun_sm,"Муниципальный совет, одномандатный округ",Выборы депутатов Думы Соликамского муниципального округа восьмого созыва,Одномандатный избирательный округ №2,1,1,5,270,247,244,244,91.48,True,26.64,ВЯТКИН Сергей Николаевич,126,51.64,ШМАЛЬЦ Максим Андреевич,61,25.0,ЖИДКОВ Дмитрий Денисович,25,10.25
Пермский край,90,MUNICIPAL,mun_sm,"Муниципальный совет, одномандатный округ",Выборы депутатов Думы Соликамского муниципального округа восьмого созыва,Одномандатный избирательный округ №20,1,1,5,312,293,288,288,93.91,True,28.82,ТОМИЛИН Максим Леонидович,135,46.88,ЗЫРЯНОВА Анастасия Петровна,52,18.06,ПЛОТНИКОВА Татьяна Владимировна,45,15.62
Пермский край,90,MUNICIPAL,mun_sm,"Муниципальный совет, одномандатный округ",Выборы депутатов Думы Соликамского муниципального округа восьмого созыва,Одномандатный избирательный округ №21,1,1,6,321,280,277,277,87.23,True,1.08,ПЕГУШИН Сергей Васильевич,77,27.8,БЕЛКИНА Елена Викторовна,74,26.71,НЕСТЕРОВ Игорь Иванович,53,19.13
Пермский край,90,MUNICIPAL,mun_sm,"Муниципальный совет, одномандатный округ",Выборы депутатов Думы Соликамского муниципального округа восьмого созыва,Одномандатный избирательный округ №22,1,1,5,246,224,219,219,91.06,True,25.11,РОМАНЮК Тимур Валерьевич,97,44.29,КОЛЕСНИКОВ Павел Александрович,42,19.18,КЕТОВА Татьяна Николаевна,38,17.35
Пермский край,90,MUNICIPAL,mun_sm,"Муниципальный совет, одномандатный округ",Выборы депутатов Думы Соликамского муниципального округа восьмого созыва,Одномандатный избирательный округ №23,1,1,6,292,263,259,259,90.07,True,29.34,ФАРАНОСОВ Антон Анатольевич,122,47.1,САВЕЛЬЕВ Федор Николаевич,46,17.76,ШИШИГИН Олег Васильевич,33,12.74
Пермский край,90,MUNICIPAL,mun_sm,"Муниципальный совет, одномандатный округ",Выборы депутатов Думы Соликамского муниципального округа восьмого созыва,Одномандатный избирательный округ №24,1,1,4,286,259,254,254,90.56,True,41.34,КУН Семён Владимирович,152,59.84,ЛАЗАРЕВ Никита Владимирович,47,18.5,БРУЦКАЯ Екатерина Петровна,30,11.81
Пермский край,90,MUNICIPAL,mun_sm,"Муниципальный совет, одномандатный округ",Выборы депутатов Думы Соликамского муниципального округа восьмого созыва,Одномандатный избирательный округ №25,1,1,5,221,189,184,184,85.52,True,14.67,ПИТЬЁВ Алексей Викторович,77,41.85,ШУТОВ Алексей Владимирович,50,27.17,БОГОМОЛОВА Варвара Андреевна,23,12.5
Пермский край,90,MUNICIPAL,mun_sm,"Муниципальный совет, одномандатный округ",Выборы депутатов Думы Соликамского муниципального округа восьмого созыва,Одномандатный избирательный округ №26,1,1,4,259,231,230,230,89.19,True,16.52,ЯКУПОВ Анатолий Равильевич,112,48.7,ЧЕРНЯВИН Сергей Васильевич,74,32.17,ЛОГИНОВА Ксения Васильевна,29,12.61
Пермский край,90,MUNICIPAL,mun_sm,"Муниципальный совет, одномандатный округ",Выборы депутатов Думы Соликамского муниципального округа восьмого созыва,Одномандатный избирательный округ №27,1,1,3,351,320,309,309,91.17,True,9.71,ТОНКИХ Денис Сергеевич,151,48.87,СУДНИЦЫН Игорь Евгеньевич,121,39.16,ШУМКОВА Анастасия Валерьевна,37,11.97
Пермский край,90,MUNICIPAL,mun_sm,"Муниципальный совет, одномандатный округ",Выборы депутатов Думы Соликамского муниципального округа восьмого созыва,Одномандатный избирательный округ №28,1,1,4,246,222,219,219,90.24,True,42.01,КЕМПФ Александр Виллиевич,133,60.73,ПАВЛЕЦОВА Елена Алексеевна,41,18.72,РОГАЧЕВА Анастасия Леонидовна,33,15.07
Пермский край,90,MUNICIPAL,mun_sm,"Муниципальный совет, одномандатный округ",Выборы депутатов Думы Соликамского муниципального округа восьмого созыва,Одномандатный избирательный округ №29,1,1,6,222,197,194,194,88.74,True,19.59,ЧУПРОВ Сергей Александрович,92,47.42,ПИСКУНОВ Александр Александрович,54,27.84,ПРЯГАЕВА Наталья Александровна,22,11.34
Пермский край,90,MUNICIPAL,mun_sm,"Муниципальный совет, одномандатный округ",Выборы депутатов Думы Соликамского муниципального округа восьмого созыва,Одномандатный избирательный округ №3,1,1,5,247,215,211,211,87.04,True,5.69,ШМАЛЬЦ Татьяна Анатольевна,66,31.28,УРОСОВ Александр Ардалионович,54,25.59,РУЗАНКИНА Жанна Вильгельмовна,50,23.7
Пермский край,90,MUNICIPAL,mun_sm,"Муниципальный совет, одномандатный округ",Выборы депутатов Думы Соликамского муниципального округа восьмого созыва,Одномандатный избирательный округ №4,1,1,4,243,216,211,211,88.89,True,27.49,СИДОРОВ Владислав Юрьевич,107,50.71,РУЗАНКИН Сергей Александрович,49,23.22,МИТЮШЕВ Андрей Юрьевич,40,18.96
Пермский край,90,MUNICIPAL,mun_sm,"Муниципальный совет, одномандатный округ",Выборы депутатов Думы Соликамского муниципального округа восьмого созыва,Одномандатный избирательный округ №5,1,1,5,271,245,238,238,90.41,True,32.77,ПОНОМАРЕВ Сергей Андреевич,122,51.26,ЗАХАРОВА Виктория Валентиновна,44,18.49,РОМОДИНА Оксана Владимировна,42,17.65
Пермский край,90,MUNICIPAL,mun_sm,"Муниципальный совет, одномандатный округ",Выборы депутатов Думы Соликамского муниципального округа восьмого созыва,Одномандатный избирательный округ №6,1,1,5,199,180,176,176,90.45,True,9.66,СЕРЕДА Михаил Юрьевич,64,36.36,ПЕГУШИН Николай Евгеньевич,47,26.7,КРОММ Владимир Владимирович,35,19.89
Пермский край,90,MUNICIPAL,mun_sm,"Муниципальный совет, одномандатный округ",Выборы депутатов Думы Соликамского муниципального округа восьмого созыва,Одномандатный избирательный округ №7,1,1,5,271,251,245,245,92.62,True,22.45,ЯШИН Дмитрий Александрович,105,42.86,БАРАНОВ Константин Анатольевич,50,20.41,ОСИПЕНКО Дарья Николаевна,34,13.88
Пермский край,90,MUNICIPAL,mun_sm,"Муниципальный совет, одномандатный округ",Выборы депутатов Думы Соликамского муниципального округа восьмого созыва,Одномандатный избирательный округ №8,1,1,7,256,232,229,229,90.62,True,15.72,СЕМЕНИН Александр Викторович,73,31.88,НИКИШИНА Наталья Михайловна,37,16.16,ЧЕМЕЗОВ Евгений Евгеньевич,36,15.72
Пермский край,90,MUNICIPAL,mun_sm,"Муниципальный совет, одномандатный округ",Выборы депутатов Думы Соликамского муниципального округа восьмого созыва,Одномандатный избирательный округ №9,1,1,5,241,214,210,210,88.8,True,30.95,КЕМ Владимир Брунович,109,51.9,ГЕОРГИЕВ Олег Борисович,44,20.95,ЖУРАВСКАЯ Анна Валерьевна,20,9.52
Пермский край,90,MUNICIPAL,mun_pl,"Муниципальный совет, партсписок",Выборы депутатов Пермской городской Думы восьмого созыва,,22,1,6,65744,57877,56791,56790,88.03,True,17.63,Единая Россия,21367,37.62,Новые люди,11356,20.0,КПРФ,9037,15.91
Пермский край,90,MUNICIPAL,mun_sm,"Муниципальный совет, одномандатный округ",Выборы депутатов Пермской городской Думы восьмого созыва,одномандатный избирательный округ № 1,1,1,6,2993,2641,2584,2584,88.24,True,10.91,КОМОНОВ Сергей Игоревич,797,30.84,ЧЕДОВ Максим Петрович,515,19.93,ЮШКОВА Екатерина Валентиновна,468,18.11
Пермский край,90,MUNICIPAL,mun_sm,"Муниципальный совет, одномандатный округ",Выборы депутатов Пермской городской Думы восьмого созыва,одномандатный избирательный округ № 10,1,1,6,3126,2759,2702,2702,88.26,True,25.72,РОСЛЯКОВА Наталья Михайловна,1194,44.19,КОНДРАШИН Александр Сергеевич,499,18.47,МЕЖЕВСКОЙ Дмитрий Викторович,413,15.28
Пермский край,90,MUNICIPAL,mun_sm,"Муниципальный совет, одномандатный округ",Выборы депутатов Пермской городской Думы восьмого созыва,одномандатный избирательный округ № 11,1,1,6,2901,2589,2547,2547,89.25,True,20.77,ШЕСТАКОВА Татьяна Анатольевна,962,37.77,УТОЧКИН Юрий Анатольевич,433,17.0,МЫМРИНА Галина Вячеславовна,411,16.14
Пермский край,90,MUNICIPAL,mun_sm,"Муниципальный совет, одномандатный округ",Выборы депутатов Пермской городской Думы восьмого созыва,одномандатный избирательный округ № 12,1,1,6,3819,3361,3289,3289,88.01,True,15.02,ВЕРХОЛАНЦЕВ Артем Николаевич,1175,35.73,СИЛУКОВ (ПОНОСОВ) Антон Сергеевич,681,20.71,ЗИНИН Александр Анатольевич,599,18.21
Пермский край,90,MUNICIPAL,mun_sm,"Муниципальный совет, одномандатный округ",Выборы депутатов Пермской городской Думы восьмого созыва,одномандатный избирательный округ № 13,1,1,7,3342,2962,2889,2889,88.63,True,24.58,ГОРБУНОВА Ирина Викторовна,1259,43.58,БЕЛКИН Василий Владимирович,549,19.0,ЧУГАРОВ Николай Сергеевич,465,16.1
Пермский край,90,MUNICIPAL,mun_sm,"Муниципальный совет, одномандатный округ",Выборы депутатов Пермской городской Думы восьмого созыва,одномандатный избирательный округ № 14,1,1,6,2918,2546,2474,2474,87.25,True,17.58,БУРДИН Олег Аркадьевич,985,39.81,КАРЕЛИН Антон Александрович,550,22.23,ЯЗЕВА Надежда Николаевна,508,20.53
Пермский край,90,MUNICIPAL,mun_sm,"Муниципальный совет, одномандатный округ",Выборы депутатов Пермской городской Думы восьмого созыва,одномандатный избирательный округ № 15,1,1,8,3481,3046,2967,2967,87.5,True,13.48,ПЕТРОВ Борис Анатольевич,1019,34.34,ЗЕЛЕНИН Александр Александрович,619,20.86,ЛАВРИНСКИЙ Станислав Александрович,307,10.35
Пермский край,90,MUNICIPAL,mun_sm,"Муниципальный совет, одномандатный округ",Выборы депутатов Пермской городской Думы восьмого созыва,одномандатный избирательный округ № 16,1,1,6,2494,2105,2049,2049,84.4,True,18.11,МИРЗАМУХАМЕТОВ Эдуард Ильдусович,749,36.55,ДЕНИСОВ Олег Юрьевич,378,18.45,МОЧАЛОВА Ольга Сергеевна,367,17.91
Пермский край,90,MUNICIPAL,mun_sm,"Муниципальный совет, одномандатный округ",Выборы депутатов Пермской городской Думы восьмого созыва,одномандатный избирательный округ № 17,1,1,7,2663,2310,2252,2252,86.74,True,15.36,ГАРАЕВ Эдуард Ринатович,853,37.88,БАТАЛОВ Алексей Николаевич,507,22.51,БАШКИРЦЕВА Анна Евгеньевна,316,14.03
Пермский край,90,MUNICIPAL,mun_sm,"Муниципальный совет, одномандатный округ",Выборы депутатов Пермской городской Думы восьмого созыва,одномандатный избирательный округ № 18,1,1,4,3751,3326,3256,3256,88.67,True,14.28,КУТИЩЕВА Наталья Сергеевна,1332,40.91,ШНЕПОВ Андрей Владимирович,867,26.63,ШУМКОВ Дмитрий Сергеевич,759,23.31
Пермский край,90,MUNICIPAL,mun_sm,"Муниципальный совет, одномандатный округ",Выборы депутатов Пермской городской Думы восьмого созыва,одномандатный избирательный округ № 19,1,1,6,2742,2434,2382,2382,88.77,True,7.81,ОБОРИН Алексей Юрьевич,661,27.75,ХУСНУТДИНОВ Руслан Лианорович,475,19.94,КОНКИН Сергей Александрович,436,18.3
Пермский край,90,MUNICIPAL,mun_sm,"Муниципальный совет, одномандатный округ",Выборы депутатов Пермской городской Думы восьмого созыва,одномандатный избирательный округ № 2,1,1,5,2597,2302,2257,2257,88.64,True,12.89,СПИРИДОНОВ Максим Александрович,813,36.02,ЛЮБОВ Андрей Николаевич,522,23.13,КРЫСОВ Виталий Юрьевич,328,14.53
Пермский край,90,MUNICIPAL,mun_sm,"Муниципальный совет, одномандатный округ",Выборы депутатов Пермской городской Думы восьмого созыва,одномандатный избирательный округ № 20,1,1,6,2624,2292,2225,2225,87.35,True,12.49,ФЕДОРОВ Дмитрий Александрович,755,33.93,МЕРШИН Сергей Сергеевич,477,21.44,ДЕМИН Максим Витальевич,321,14.43
Пермский край,90,MUNICIPAL,mun_sm,"Муниципальный совет, одномандатный округ",Выборы депутатов Пермской городской Думы восьмого созыва,одномандатный избирательный округ № 21,1,1,7,3539,3168,3115,3115,89.52,True,26.2,БУЛАТОВ Николай Анатольевич,1327,42.6,КОМАРОВСКАЯ Наталия Леонидовна,511,16.4,РЫБАКОВ Сергей Сергеевич,443,14.22
Пермский край,90,MUNICIPAL,mun_sm,"Муниципальный совет, одномандатный округ",Выборы депутатов Пермской городской Думы восьмого созыва,одномандатный избирательный округ № 22,1,1,7,3005,2624,2562,2562,87.32,True,17.6,КОЧКИН Георгий Александрович,900,35.13,АЛИМОВА Ленара Рамилевна,449,17.53,БОГАТЫРЕВ Николай Владимирович,396,15.46
Пермский край,90,MUNICIPAL,mun_sm,"Муниципальный совет, одномандатный округ",Выборы депутатов Пермской городской Думы восьмого созыва,одномандатный избирательный округ № 3,1,1,8,2619,2330,2274,2274,88.97,True,0.79,ЧЕРЕПАНОВА Елена Владимировна,468,20.58,ПЛОТНИКОВ Владимир Иванович,450,19.79,БАСОВ Александр Сергеевич,360,15.83
Пермский край,90,MUNICIPAL,mun_sm,"Муниципальный совет, одномандатный округ",Выборы депутатов Пермской городской Думы восьмого созыва,одномандатный избирательный округ № 4,1,1,6,3134,2763,2710,2710,88.16,True,14.21,ЧЕРЕПАНОВ Михаил Юрьевич,1001,36.94,БЕЛЯКОВ Сергей Александрович,616,22.73,ПОМУРЗИН Георгий Игоревич,382,14.1
Пермский край,90,MUNICIPAL,mun_sm,"Муниципальный совет, одномандатный округ",Выборы депутатов Пермской городской Думы восьмого созыва,одномандатный избирательный округ № 5,1,1,7,3021,2630,2573,2573,87.06,True,22.54,МЕЛЮХИН Антон Николаевич,1031,40.07,УСЫНИН Михаил Олегович,451,17.53,ГРИГОРОВСКИЙ Даниил Дмитриевич,310,12.05
Пермский край,90,MUNICIPAL,mun_sm,"Муниципальный совет, одномандатный округ",Выборы депутатов Пермской городской Думы восьмого созыва,одномандатный избирательный округ № 6,1,1,8,3470,3086,3011,3011,88.93,True,24.81,МАЛЮТИН Дмитрий Васильевич,1323,43.94,ЧУПРИЯНОВА Анастасия Владимировна,576,19.13,ФОФАНОВ Илья Андреевич,356,11.82
Пермский край,90,MUNICIPAL,mun_sm,"Муниципальный совет, одномандатный округ",Выборы депутатов Пермской городской Думы восьмого созыва,одномандатный избирательный округ № 7,1,1,6,3404,3032,2968,2968,89.07,True,10.65,КУЗНЕЦОВ Василий Владимирович,995,33.52,ДАВЫДОВ Денис Олегович,679,22.88,КОТЕГОВ Александр Вячеславович,513,17.28
Пермский край,90,MUNICIPAL,mun_sm,"Муниципальный совет, одномандатный округ",Выборы депутатов Пермской городской Думы восьмого созыва,одномандатный избирательный округ № 8,1,1,7,1822,1571,1517,1517,86.22,True,20.11,БОЛКВАДЗЕ Арсен Давидович,584,38.5,ВОРОБЬЕВ Дмитрий Владимирович,279,18.39,АХУНДЯНОВ Дамир Рафаилович,249,16.41
Пермский край,90,MUNICIPAL,mun_sm,"Муниципальный совет, одномандатный округ",Выборы депутатов Пермской городской Думы восьмого созыва,одномандатный избирательный округ № 9,1,1,8,2279,2000,1944,1944,87.76,True,10.96,ПОНОМАРЕВ Роман Георгиевич,619,31.84,МЕХОНОШИН Алексей Александрович,406,20.88,ЕПИФАНОВ Денис Валерьевич,338,17.39
Пермский край,90,MUNICIPAL,mun_sm,"Муниципальный совет, одномандатный округ",Дополнительные выборы депутата Думы Горнозаводского муниципального округа Пермского края второго созыва по одномандатному избирательному округу №13 (Сарановскому),Избирательный округ №13,1,1,3,51,42,41,41,82.35,True,24.39,ПАВЛОВ Григорий Александрович,22,53.66,БЕЗИН Георгий Михайлович,12,29.27,ШАБАРШИНА Ирина Ивановна,7,17.07
Пермский край,90,MUNICIPAL,mun_sm,"Муниципальный совет, одномандатный округ",Дополнительные выборы депутата Думы Чусовского муниципального округа Пермского края по одномандатному избирательному округу №17,Одномандатный избирательный округ №17,1,1,3,165,142,140,140,86.06,True,27.86,САЗОНОВ Виталий Николаевич,79,56.43,ТИХОНОВ Иван Алексеевич,40,28.57,САХАУТДИНОВ Рафаил Гарифьянович,21,15.0
Пермский край,90,REGIONAL,reg_pl,"Заксобрание, партсписок",Выборы депутатов Законодательного Собрания Пермского края пятого созыва,,30,1,7,153127,134469,132519,132519,87.82,True,18.5,Единая Россия,49337,37.23,Новые люди,24816,18.73,ЛДПР,20122,15.18
Пермский край,90,REGIONAL,reg_sm,"Заксобрание, одномандатный округ",Выборы депутатов Законодательного Собрания Пермского края пятого созыва,одномандатный избирательный округ № 1,1,1,6,4101,3571,3480,3480,87.08,True,14.37,МОТРИЧ Александр Иванович,1198,34.43,МЕХОНОШИН Алексей Александрович,698,20.06,БЕЖАНЯН Армен Вруйрович,574,16.49
Пермский край,90,REGIONAL,reg_sm,"Заксобрание, одномандатный округ",Выборы депутатов Законодательного Собрания Пермского края пятого созыва,одномандатный избирательный округ № 10,1,1,7,6544,5792,5690,5690,88.51,True,21.63,РАЕВ Алексей Юрьевич,2145,37.7,БАЛАШОВА Татьяна Сергеевна,914,16.06,БАРАНОВА Анна Михайловна,864,15.18
Пермский край,90,REGIONAL,reg_sm,"Заксобрание, одномандатный округ",Выборы депутатов Законодательного Собрания Пермского края пятого созыва,одномандатный избирательный округ № 11,1,1,6,5366,4726,4618,4618,88.07,True,0.54,ЛЯШКОВ Андрей Владимирович,1180,25.55,АРБУЗОВ Игорь Александрович,1155,25.01,КУЛИКОВА Вероника Дмитриевна,886,19.19
Пермский край,90,REGIONAL,reg_sm,"Заксобрание, одномандатный округ",Выборы депутатов Законодательного Собрания Пермского края пятого созыва,одномандатный избирательный округ № 12,1,1,7,5587,5027,4936,4936,89.98,True,21.9,ЯКИШИН Андрей Владимирович,1825,36.97,ШМАЛЬЦ Татьяна Анатольевна,744,15.07,КОРОЛЕВ Владимир Владимирович,710,14.38
Пермский край,90,REGIONAL,reg_sm,"Заксобрание, одномандатный округ",Выборы депутатов Законодательного Собрания Пермского края пятого созыва,одномандатный избирательный округ № 13,1,1,7,5526,4949,4843,4843,89.56,True,23.0,КУЗЬМИН Павел Евгеньевич,1990,41.09,УРОСОВ Александр Ардалионович,876,18.09,НЕСТЕРОВ Игорь Иванович,710,14.66
Пермский край,90,REGIONAL,reg_sm,"Заксобрание, одномандатный округ",Выборы депутатов Законодательного Собрания Пермского края пятого созыва,одномандатный избирательный округ № 14,1,1,7,4524,4008,3956,3956,88.59,True,18.43,МУХАТАЕВА Венера Ряшидовна,1405,35.52,СОЛОВЕЙ Игорь Васильевич,676,17.09,КОРЕЛИН Владимир Юрьевич,651,16.46
Пермский край,90,REGIONAL,reg_sm,"Заксобрание, одномандатный округ",Выборы депутатов Законодательного Собрания Пермского края пятого созыва,одномандатный избирательный округ № 15,1,1,7,3636,3201,3140,3140,88.04,True,12.04,СИЛАЕВ Андрей Юрьевич,1001,31.88,БРИТЕНКОВ Анатолий Вячеславович,623,19.84,ШЛАПАКОВА Татьяна Викторовна,565,17.99
Пермский край,90,REGIONAL,reg_sm,"Заксобрание, одномандатный округ",Выборы депутатов Законодательного Собрания Пермского края пятого созыва,одномандатный избирательный округ № 16,1,1,6,3987,3516,3453,3453,88.19,True,16.04,ГАРСЛЯН Армен Гайосович,1211,35.07,ЯКОВЛЕВ Роман Юрьевич,657,19.03,КУТЫРЬ Зоя Анатольевна,637,18.45
Пермский край,90,REGIONAL,reg_sm,"Заксобрание, одномандатный округ",Выборы депутатов Законодательного Собрания Пермского края пятого созыва,одномандатный избирательный округ № 17,1,1,7,4570,4023,3971,3971,88.03,True,3.32,НОСКОВ Павел Алексеевич,976,24.58,БЛИНОВ Виталий Михайлович,844,21.25,ЗАХАРОВ Андрей Владимирович,677,17.05
Пермский край,90,REGIONAL,reg_sm,"Заксобрание, одномандатный округ",Выборы депутатов Законодательного Собрания Пермского края пятого созыва,одномандатный избирательный округ № 18,1,1,7,3249,2850,2805,2805,87.72,True,1.46,ШУЛЬКИН Илья Григорьевич,687,24.49,НОВИКОВ Сергей Викторович,646,23.03,КОБЕЛЕВ Андрей Геннадьевич,587,20.93
Пермский край,90,REGIONAL,reg_sm,"Заксобрание, одномандатный округ",Выборы депутатов Законодательного Собрания Пермского края пятого созыва,одномандатный избирательный округ № 19,1,1,7,4297,3749,3684,3684,87.25,True,14.88,ТРЕТЬЯКОВ Александр Владимирович,1410,38.27,ЗАКИРОВ Виль Илгизович,862,23.4,БАШАРОВА Инна Руслановна,661,17.94
Пермский край,90,REGIONAL,reg_sm,"Заксобрание, одномандатный округ",Выборы депутатов Законодательного Собрания Пермского края пятого созыва,одномандатный избирательный округ № 2,1,1,6,5745,5089,4994,4994,88.58,True,21.05,ХАЗИЕВ Ирек Маратович,1904,38.13,ПАРАМОНОВ Александр Викторович,853,17.08,КОВАЛЕВ Эдуард Александрович,773,15.48
Пермский край,90,REGIONAL,reg_sm,"Заксобрание, одномандатный округ",Выборы депутатов Законодательного Собрания Пермского края пятого созыва,одномандатный избирательный округ № 20,1,1,6,4069,3509,3459,3459,86.24,True,16.59,СУДНЕВА Ольга Альбертовна,1408,40.71,ШАБАШОВА Елена Леонидовна,834,24.11,ЗАКИРОВ Руслан Рустамович,497,14.37
Пермский край,90,REGIONAL,reg_sm,"Заксобрание, одномандатный округ",Выборы депутатов Законодательного Собрания Пермского края пятого созыва,одномандатный избирательный округ № 21,1,1,7,5893,5218,5119,5119,88.55,True,17.03,ЧЕРЕЗОВ Сергей Борисович,1753,34.24,ШИРИНКИН Сергей Николаевич,881,17.21,АРХИПОВ Виталий Сергеевич,748,14.61
Пермский край,90,REGIONAL,reg_sm,"Заксобрание, одномандатный округ",Выборы депутатов Законодательного Собрания Пермского края пятого созыва,одномандатный избирательный округ № 22,1,1,7,5420,4840,4772,4772,89.3,True,43.65,ЮРКОВ Владимир Иванович,2626,55.03,ОШМАРИНА Полина Владимировна,543,11.38,НОВОКРЕЩЕНОВ Дмитрий Владимирович,521,10.92
Пермский край,90,REGIONAL,reg_sm,"Заксобрание, одномандатный округ",Выборы депутатов Законодательного Собрания Пермского края пятого созыва,одномандатный избирательный округ № 23,1,1,8,4649,4048,3984,3984,87.07,True,25.65,СУХИХ Валерий Александрович,1637,41.09,ШАРИПОВ Рушан Рафисович,615,15.44,ШАЙХУТДИНОВ Римас Рафаилович,480,12.05
Пермский край,90,REGIONAL,reg_sm,"Заксобрание, одномандатный округ",Выборы депутатов Законодательного Собрания Пермского края пятого созыва,одномандатный избирательный округ № 24,1,1,7,4068,3512,3434,3434,86.33,True,8.91,ВЕТОШКИН Сергей Александрович,1070,31.16,АЛИКИН Сергей Петрович,764,22.25,УТОЧКИН Юрий Анатольевич,563,16.39
Пермский край,90,REGIONAL,reg_sm,"Заксобрание, одномандатный округ",Выборы депутатов Законодательного Собрания Пермского края пятого созыва,одномандатный избирательный округ № 25,1,1,7,5311,4547,4453,4453,85.61,True,5.05,ШИТОВ Денис Борисович,1235,27.73,БУРДИН Андрей Михайлович,1010,22.68,ВОЖАКОВ Алексей Григорьевич,864,19.4
Пермский край,90,REGIONAL,reg_sm,"Заксобрание, одномандатный округ",Выборы депутатов Законодательного Собрания Пермского края пятого созыва,одномандатный избирательный округ № 26,1,1,7,5098,4497,4414,4414,88.21,True,11.71,КИЛЕЙКО Дмитрий Евгеньевич,1280,29.0,ЕФИМОВ Кирилл Вячеславович,763,17.29,БАЛАШОВ Георгий Валерьевич,704,15.95
Пермский край,90,REGIONAL,reg_sm,"Заксобрание, одномандатный округ",Выборы депутатов Законодательного Собрания Пермского края пятого созыва,одномандатный избирательный округ № 27,1,1,7,5422,4660,4553,4553,85.95,True,14.94,ЛЯДОВА Надежда Алексеевна,1544,33.91,ЗОЛОТАРЕВ Алексей Владимирович,864,18.98,МЕНЯКИН Андрей Юрьевич,834,18.32
Пермский край,90,REGIONAL,reg_sm,"Заксобрание, одномандатный округ",Выборы депутатов Законодательного Собрания Пермского края пятого созыва,одномандатный избирательный округ № 28,1,1,6,5692,4911,4808,4808,86.28,True,12.98,ПЫЛЁВ Дмитрий Павлович,1508,31.36,ЧЕЧЁТКИН Юрий Владимирович,884,18.39,ЛИФАНОВ Илья Александрович,829,17.24
Пермский край,90,REGIONAL,reg_sm,"Заксобрание, одномандатный округ",Выборы депутатов Законодательного Собрания Пермского края пятого созыва,одномандатный избирательный округ № 29,1,1,6,2750,2412,2356,2356,87.71,True,2.89,ПЕТРОВ Михаил Алексеевич,686,29.12,МЕМЕТОВ Руслан Серверович,618,26.23,САИТОВ Руслан Гумарович,490,20.8
Пермский край,90,REGIONAL,reg_sm,"Заксобрание, одномандатный округ",Выборы депутатов Законодательного Собрания Пермского края пятого созыва,одномандатный избирательный округ № 3,1,1,7,5731,5065,4983,4983,88.38,True,18.72,ДЁМКИН Алексей Николаевич,1892,37.97,БЕЛЯКОВ Сергей Александрович,959,19.25,АЙДАРОВ Юрий Рафаэлевич,857,17.2
Пермский край,90,REGIONAL,reg_sm,"Заксобрание, одномандатный округ",Выборы депутатов Законодательного Собрания Пермского края пятого созыва,одномандатный избирательный округ № 30,1,1,7,2930,2493,2445,2445,85.09,True,1.88,ХОЗЯШЕВ Владимир Семенович,557,22.78,ХОРОШЕВ Андрей Семенович,511,20.9,БАЯНДИН Владимир Яковлевич,394,16.11
Пермский край,90,REGIONAL,reg_sm,"Заксобрание, одномандатный округ",Выборы депутатов Законодательного Собрания Пермского края пятого созыва,одномандатный избирательный округ № 4,1,1,7,7196,6338,6222,6222,88.08,True,20.96,ЧЕРЕПАНОВ Павел Николаевич,2337,37.56,УГЛИЦКИХ Анастасия Александровна,1033,16.6,ГОРБУНОВ Илья Дмитриевич,951,15.28
Пермский край,90,REGIONAL,reg_sm,"Заксобрание, одномандатный округ",Выборы депутатов Законодательного Собрания Пермского края пятого созыва,одномандатный избирательный округ № 5,1,1,6,6652,5915,5829,5829,88.92,True,15.73,МЕДВЕДЕВ Сергей Петрович,2014,34.55,СТЕПАНОВА Марина Александровна,1097,18.82,ДЕНИСОВ Олег Юрьевич,961,16.49
Пермский край,90,REGIONAL,reg_sm,"Заксобрание, одномандатный округ",Выборы депутатов Законодательного Собрания Пермского края пятого созыва,одномандатный избирательный округ № 6,1,1,6,6397,5673,5569,5569,88.68,True,12.03,ГАБДУЛЛИН Радмир Илдарович,2003,35.97,СКРИПЧЕНКО Анна Павловна,1333,23.94,РАГОЗА Юлия Юрьевна,786,14.11
Пермский край,90,REGIONAL,reg_sm,"Заксобрание, одномандатный округ",Выборы депутатов Законодательного Собрания Пермского края пятого созыва,одномандатный избирательный округ № 7,1,1,7,5157,4415,4321,4321,85.61,True,12.31,АНФЕРОВ Артем Андреевич,1439,33.3,БАТАЛОВ Алексей Николаевич,907,20.99,МОЧАЛОВА Ольга Сергеевна,674,15.6
Пермский край,90,REGIONAL,reg_sm,"Заксобрание, одномандатный округ",Выборы депутатов Законодательного Собрания Пермского края пятого созыва,одномандатный избирательный округ № 8,1,1,7,6399,5592,5461,5461,87.39,True,23.2,БОГУСЛАВСКИЙ Сергей Станиславович,2138,39.15,СИЛУКОВ (ПОНОСОВ) Антон Сергеевич,871,15.95,ВЛАСОВ Илья Алексеевич,841,15.4
Пермский край,90,REGIONAL,reg_sm,"Заксобрание, одномандатный округ",Выборы депутатов Законодательного Собрания Пермского края пятого созыва,одномандатный избирательный округ № 9,1,1,7,7161,6323,6210,6210,88.3,True,17.47,САВЕЛЬЕВА Елена Вячеславовна,2276,36.65,БЕЛКИН Василий Владимирович,1191,19.18,АФАНАСЬЕВ Дмитрий Сергеевич,1015,16.34
Псковская область,60,FEDERAL,duma_sm,"Госдума, одномандатный округ",Выборы депутатов Государственной Думы Федерального Собрания Российской Федерации девятого созыва,Псковская область – Псковский,26,1,9,53732,49667,49213,49213,92.43,True,30.49,КОЗЛОВСКИЙ Александр Николаевич,20578,41.81,МИХАЙЛОВ Дмитрий Юрьевич,5574,11.33,МИНАКОВ Антон Александрович,5430,11.03
Псковская область,60,FEDERAL,duma_pl,"Госдума, партсписок",Выборы депутатов Государственной Думы Федерального Собрания Российской Федерации девятого созыва,,26,1,10,53732,49667,49472,49472,92.43,True,37.79,Единая Россия,25533,51.61,Новые люди,6836,13.82,КПРФ,5796,11.72
Псковская область,60,MUNICIPAL,mun_sm,"Муниципальный совет, одномандатный округ",Дополнительные выборы депутата Собрания депутатов Невельского муниципального округа первого созыва по одномандатному избирательному округу №1,первый,1,1,4,260,240,238,238,92.31,True,52.1,ПАНТЕЛЕЕВ Юрий Николаевич,154,64.71,ЧИКУНОВА Наталья Геннадьевна,30,12.61,КОБАЛИЯ Георгий Рустамович,29,12.18
Псковская область,60,MUNICIPAL,mun_sm,"Муниципальный совет, одномандатный округ",Дополнительные выборы депутата Собрания депутатов Новоржевского муниципального округа первого созыва по одномандатному избирательному округу №4,Одномандатный избирательный округ №4,1,1,3,59,55,54,54,93.22,True,51.85,СТЕПАНОВ Алексей Алексеевич,39,72.22,ИВАНОВ Александр Вячеславович,11,20.37,ШАБАЕВ Эмиль Рустамович,4,7.41
Псковская область,60,MUNICIPAL,mun_sm,"Муниципальный совет, одномандатный округ",Дополнительные выборы депутата Собрания депутатов Псковского муниципального округа первого созыва по одномандатному избирательному округу №1,первый,1,1,4,416,387,381,381,93.03,True,30.18,ФУРМАН Людмила Викторовна,204,53.54,ПЛАТОНОВА Лариса Васильевна,89,23.36,ШИЛИН Евгений Сергеевич,61,16.01
Псковская область,60,REGIONAL,reg_pl,"Заксобрание, партсписок",Выборы депутатов Законодательного Собрания Псковской области восьмого созыва,,13,1,8,53732,49667,49161,49161,92.43,True,36.08,Единая Россия,24753,50.35,Новые люди,7018,14.28,КПРФ,5968,12.14
Псковская область,60,REGIONAL,reg_sm,"Заксобрание, одномандатный округ",Выборы депутатов Законодательного Собрания Псковской области восьмого созыва,Одномандатный избирательный округ №1,1,1,7,4460,4105,4047,4047,92.04,True,22.12,СЕВАСТЬЯНОВ Алексей Анатольевич,1560,38.55,КОНОВ Юрий Геннадьевич,665,16.43,ТУДАКОВА Наталья Викторовна,623,15.39
Псковская область,60,REGIONAL,reg_sm,"Заксобрание, одномандатный округ",Выборы депутатов Законодательного Собрания Псковской области восьмого созыва,Одномандатный избирательный округ №10,1,1,6,3385,3131,3083,3083,92.5,True,35.71,ВАСИЛЬЕВА Надежда Юрьевна,1489,48.3,РАДИОН Александра Александровна,388,12.59,АЛЕКСЕЕНКО Петр Васильевич,375,12.16
Псковская область,60,REGIONAL,reg_sm,"Заксобрание, одномандатный округ",Выборы депутатов Законодательного Собрания Псковской области восьмого созыва,Одномандатный избирательный округ №11,1,1,6,3923,3621,3577,3577,92.3,True,31.4,ДИТРИХ Игорь Иванович,1749,48.9,СОРОКИНА Екатерина Васильевна,626,17.5,САЛОВ Николай Сергеевич,540,15.1
Псковская область,60,REGIONAL,reg_sm,"Заксобрание, одномандатный округ",Выборы депутатов Законодательного Собрания Псковской области восьмого созыва,Одномандатный избирательный округ №12,1,1,7,3344,3062,3034,3034,91.57,True,27.39,КОЗЛОВ Андрей Григорьевич,1250,41.2,РУСАКОВ Василий Викторович,419,13.81,ОДИНЦОВА Ольга Викторовна,344,11.34
Псковская область,60,REGIONAL,reg_sm,"Заксобрание, одномандатный округ",Выборы депутатов Законодательного Собрания Псковской области восьмого созыва,Одномандатный избирательный округ №13,1,1,4,4147,3865,3824,3824,93.2,True,32.03,КОЗЬЯКОВА Дарья Викторовна,1903,49.76,БАЕВ Александр Викторович,678,17.73,ОГИРОК Виктория Сергеевна,661,17.29
Псковская область,60,REGIONAL,reg_sm,"Заксобрание, одномандатный округ",Выборы депутатов Законодательного Собрания Псковской области восьмого созыва,Одномандатный избирательный округ №2,1,1,8,5933,5527,5446,5446,93.16,True,33.64,ВАСИЛЬЕВ Евгений Сергеевич,2531,46.47,СВЕРЧКОВ Иван Александрович,699,12.84,МИХАЙЛОВ Дмитрий Юрьевич,643,11.81
Псковская область,60,REGIONAL,reg_sm,"Заксобрание, одномандатный округ",Выборы депутатов Законодательного Собрания Псковской области восьмого созыва,Одномандатный избирательный округ №3,1,1,6,4432,4093,4042,4042,92.35,True,37.48,СИНЁВА Елена Николаевна,2048,50.67,ЯШИН Виктор Анатольевич,533,13.19,СОТНИК Евгений Александрович,490,12.12
Псковская область,60,REGIONAL,reg_sm,"Заксобрание, одномандатный округ",Выборы депутатов Законодательного Собрания Псковской области восьмого созыва,Одномандатный избирательный округ №4,1,1,7,5483,5143,5078,5078,93.8,True,33.64,СОРОКИН Юрий Юрьевич,2292,45.14,ПОЗДНЯКОВ Денис Александрович,584,11.5,СИТКИН Константин Иванович,545,10.73
Псковская область,60,REGIONAL,reg_sm,"Заксобрание, одномандатный округ",Выборы депутатов Законодательного Собрания Псковской области восьмого созыва,Одномандатный избирательный округ №5,1,1,7,3208,2959,2915,2915,92.24,True,24.32,БЕЛЮКОВ Дмитрий Анатольевич,1075,36.88,ЗАХАРОВ Кирилл Алексеевич,366,12.56,МИХАЛЕНКОВ Александр Васильевич,346,11.87
Псковская область,60,REGIONAL,reg_sm,"Заксобрание, одномандатный округ",Выборы депутатов Законодательного Собрания Псковской области восьмого созыва,Одномандатный избирательный округ №6,1,1,8,3173,2909,2863,2863,91.68,True,22.21,ЯРЫШКИНА Юлия Александровна,1025,35.8,ЛУГАШЕВА Любовь Юозовна,389,13.59,ЧЕБОТАРЬ Николай Георгиевич,340,11.88
Псковская область,60,REGIONAL,reg_sm,"Заксобрание, одномандатный округ",Выборы депутатов Законодательного Собрания Псковской области восьмого созыва,Одномандатный избирательный округ №7,1,1,8,5630,5178,5102,5102,91.97,True,29.05,КЛЮЧКО Андрей Васильевич,2171,42.55,РОМАНОВ Игорь Павлович,689,13.5,КОНАШЕНКОВ Александр Алексеевич,541,10.6
Псковская область,60,REGIONAL,reg_sm,"Заксобрание, одномандатный округ",Выборы депутатов Законодательного Собрания Псковской области восьмого созыва,Одномандатный избирательный округ №8,1,1,7,3475,3154,3107,3107,90.76,True,32.64,МЕЛЬЦЕР Дмитрий Александрович,1437,46.25,АЛЕКСЕЕВ Сергей Викторович,423,13.61,БАРКОВ Семен Викторович,315,10.14
Псковская область,60,REGIONAL,reg_sm,"Заксобрание, одномандатный округ",Выборы депутатов Законодательного Собрания Псковской области восьмого созыва,Одномандатный избирательный округ №9,1,1,7,3139,2920,2880,2880,93.02,True,38.51,"КАРАТЫШ 
Михаил 
Игоревич",1438,49.93,"ФЕДОРОВ 
Сергей 
Анатольевич",329,11.42,"ШЕМЕТОВ 
Дмитрий 
Сергеевич",294,10.21
Республика Алтай,2,FEDERAL,duma_sm,"Госдума, одномандатный округ",Выборы депутатов Государственной Думы Федерального Собрания Российской Федерации девятого созыва,Республика Алтай – Алтайский,11,1,7,31105,28213,27950,27950,90.7,True,52.8,СУРАЗОВ Александр Германович,17749,63.5,БАКРАСОВ Аржан Иванович,2992,10.7,КУХТУЕКОВ Сергей Владимирович,1919,6.87
Республика Алтай,2,FEDERAL,duma_pl,"Госдума, партсписок",Выборы депутатов Государственной Думы Федерального Собрания Российской Федерации девятого созыва,,11,1,10,31105,28213,28081,28081,90.7,True,46.43,Единая Россия,16951,60.36,КПРФ,3913,13.93,Новые люди,2780,9.9
Республика Алтай,2,MUNICIPAL,mun_sm,"Муниципальный совет, одномандатный округ","Дополнительные выборы депутата Совета депутатов муниципального образования ""Шебалинский район"" Шебалинского района Республики Алтай",Одномандатный,1,1,3,142,129,126,126,90.85,True,54.76,КУЧАВА Екатерина Михайловна,95,75.4,СИНКИН Сергей Александрович,26,20.63,ЗВЕРЕВ Евгений Владимирович,5,3.97
Республика Алтай,2,MUNICIPAL,mun_sm,"Муниципальный совет, одномандатный округ","Дополнительные выборы депутатов Совета депутатов района (аймака) муниципального образования ""Онгудайский район""",ОИК №17,1,1,4,101,97,96,96,96.04,True,47.92,БОРБОШЕВ Арбын Борисович,65,67.71,АНАТОВ Айдар Арчынович,19,19.79,КУМАШЕВА Мария Михайловна,7,7.29
Республика Алтай,2,MUNICIPAL,mun_sm,"Муниципальный совет, одномандатный округ","Дополнительные выборы депутатов Совета депутатов района (аймака) муниципального образования ""Онгудайский район""",Одномандатный избирательный округ №7,1,1,4,117,112,109,109,95.73,True,19.27,МАЛЧИЕВА Аяна Максимовна,61,55.96,МАКАРЬЕВ Александр Николаевич,40,36.7,КАБАРЧИНА Айсула Сергеевна,4,3.67
Республика Карелия,10,FEDERAL,duma_sm,"Госдума, одномандатный округ",Выборы депутатов Государственной Думы Федерального Собрания Российской Федерации девятого созыва,Республика Карелия – Карельский,19,1,11,35920,32102,31765,31765,89.37,True,0.08,ПИВНЕНКО Валентина Николаевна,7582,23.87,ИЗЮМОВ Ройне Лауревич,7557,23.79,ПОЗДНЯКОВА Анна Валерьевна,3954,12.45
Республика Карелия,10,FEDERAL,duma_pl,"Госдума, партсписок",Выборы депутатов Государственной Думы Федерального Собрания Российской Федерации девятого созыва,,19,1,10,35920,32102,31932,31932,89.37,True,20.59,Единая Россия,11727,36.72,Новые люди,5151,16.13,Справедливая Россия,4907,15.37
Республика Карелия,10,MUNICIPAL,head_local,Глава муниципального образования,Выборы Главы Юшкозерского сельского поселения,,1,1,2,66,57,54,54,86.36,True,18.52,СОБОЛЕВСКАЯ Марина Владимировна,32,59.26,ПОЛИВАНОВ Владимир Викторович,22,40.74,,,
Республика Карелия,10,MUNICIPAL,mun_pl,"Муниципальный совет, партсписок",Выборы депутатов Петрозаводского городского Совета тридцатого созыва,,14,1,9,17333,15649,15443,15443,90.28,True,15.02,Единая Россия,5062,32.78,Справедливая Россия,2742,17.76,Новые люди,2128,13.78
Республика Карелия,10,MUNICIPAL,mun_sm,"Муниципальный совет, одномандатный округ",Выборы депутатов Петрозаводского городского Совета тридцатого созыва,Округ №1,1,1,6,1205,1062,1038,1038,88.13,True,13.87,ИЛЬИН Сергей Валерьевич,328,31.6,МАГАНОВА Светлана Александровна,184,17.73,КАШТАНЮК Сергей Валерьевич,174,16.76
Республика Карелия,10,MUNICIPAL,mun_sm,"Муниципальный совет, одномандатный округ",Выборы депутатов Петрозаводского городского Совета тридцатого созыва,Округ №10,1,1,6,1111,1000,983,983,90.01,True,12.61,ИВАНОВ Илья Владимирович,324,32.96,СМИРНОВ Денис Леонидович,200,20.35,БЕЛОВ Константин Николаевич,145,14.75
Республика Карелия,10,MUNICIPAL,mun_sm,"Муниципальный совет, одномандатный округ",Выборы депутатов Петрозаводского городского Совета тридцатого созыва,Округ №11,1,1,7,1280,1142,1123,1123,89.22,True,19.5,ГЕРМАНОВА Галина Николаевна,389,34.64,МУЗАЛЕВА Анна Владимировна,170,15.14,ВАСИЛЬЕВА Елизавета Владимировна,152,13.54
Республика Карелия,10,MUNICIPAL,mun_sm,"Муниципальный совет, одномандатный округ",Выборы депутатов Петрозаводского городского Совета тридцатого созыва,Округ №12,1,1,6,1214,1091,1071,1071,89.87,True,23.72,МАЛЫШЕВА Елена Викторовна,449,41.92,БУДНИКОВА Александра Дмитриевна,195,18.21,УВАРКИН Павел Дмитриевич,128,11.95
Республика Карелия,10,MUNICIPAL,mun_sm,"Муниципальный совет, одномандатный округ",Выборы депутатов Петрозаводского городского Совета тридцатого созыва,Округ №13,1,1,7,1385,1269,1253,1253,91.62,True,14.92,ВЕРЖБИЦКИЙ Виктор Викторович,377,30.09,КУТУЗОВ Максим Юрьевич,190,15.16,КОСТАРЕВ Александр Владимирович,177,14.13
Республика Карелия,10,MUNICIPAL,mun_sm,"Муниципальный совет, одномандатный округ",Выборы депутатов Петрозаводского городского Совета тридцатого созыва,Округ №14,1,1,6,1122,1020,994,994,90.91,True,20.72,НИКИТИНА Ольга Олеговна,368,37.02,ДЕМУШКИН Андрей Сергеевич,162,16.3,КОМАР Сергей Станиславович,150,15.09
Республика Карелия,10,MUNICIPAL,mun_sm,"Муниципальный совет, одномандатный округ",Выборы депутатов Петрозаводского городского Совета тридцатого созыва,Округ №2,1,1,6,1103,986,971,971,89.39,True,15.45,ПЕТРОВ Павел Валерьевич,341,35.12,АЛЕКСЕЕВА Арина Юрьевна,191,19.67,ЗУЕВ Юрий Александрович,169,17.4
Республика Карелия,10,MUNICIPAL,mun_sm,"Муниципальный совет, одномандатный округ",Выборы депутатов Петрозаводского городского Совета тридцатого созыва,Округ №3,1,1,7,1200,1071,1049,1049,89.25,True,19.92,ОСТАПЧУК Виталий Викторович,371,35.37,АНДРИЕНКО Полина Александровна,162,15.44,ОЛЕНИНА Татьяна Юрьевна,159,15.16
Республика Карелия,10,MUNICIPAL,mun_sm,"Муниципальный совет, одномандатный округ",Выборы депутатов Петрозаводского городского Совета тридцатого созыва,Округ №4,1,1,7,1364,1233,1219,1219,90.4,True,17.39,РОМАНОВ Дмитрий Владимирович,444,36.42,САФОНОВ Даниил Сергеевич,232,19.03,САХНО Таисия Васильевна,147,12.06
Республика Карелия,10,MUNICIPAL,mun_sm,"Муниципальный совет, одномандатный округ",Выборы депутатов Петрозаводского городского Совета тридцатого созыва,Округ №5,1,1,7,1083,997,983,983,92.06,True,10.78,МАРКОВ Виталий Владимирович,306,31.13,КИСТЕНЬ Игорь Анатольевич,200,20.35,ШИЛОВА Елизавета Александровна,122,12.41
Республика Карелия,10,MUNICIPAL,mun_sm,"Муниципальный совет, одномандатный округ",Выборы депутатов Петрозаводского городского Совета тридцатого созыва,Округ №6,1,1,6,1463,1346,1319,1319,92.0,True,19.86,БОЛДЫРЕВ Александр Валерьевич,470,35.63,КОЛЕСНИК Сергей Андреевич,208,15.77,ПОСОХ Светлана Анатольевна,183,13.87
Республика Карелия,10,MUNICIPAL,mun_sm,"Муниципальный совет, одномандатный округ",Выборы депутатов Петрозаводского городского Совета тридцатого созыва,Округ №7,1,1,7,1284,1159,1146,1146,90.26,True,21.12,УШАКОВ Андрей Александрович,428,37.35,ПЕТУХОВА Тамара Андреевна,186,16.23,ТЕРЮШКОВА Лия Алексеевна,147,12.83
Республика Карелия,10,MUNICIPAL,mun_sm,"Муниципальный совет, одномандатный округ",Выборы депутатов Петрозаводского городского Совета тридцатого созыва,Округ №8,1,1,7,1321,1181,1159,1159,89.4,True,7.51,ЛИТВИНОВА Екатерина Андреевна,306,26.4,ПАВЛОВА Елена Анатольевна,219,18.9,ЮРЬЕВА Вероника Владимировна,187,16.13
Республика Карелия,10,MUNICIPAL,mun_sm,"Муниципальный совет, одномандатный округ",Выборы депутатов Петрозаводского городского Совета тридцатого созыва,Округ №9,1,1,7,1198,1092,1078,1078,91.15,True,0.37,ПОПОВ Кирилл Михайлович,266,24.68,КИСТАНОВА Ольга Вячеславовна,262,24.3,СТАЛЬЦОВ Павел Александрович,127,11.78
Республика Карелия,10,MUNICIPAL,mun_sm,"Муниципальный совет, одномандатный округ",Выборы депутатов Совета Костомукшского муниципального округа пятого созыва,Одномандатный избирательный округ №1,1,1,3,72,66,64,64,91.67,True,6.25,ВАЛДАЕВ Иван Николаевич,28,43.75,КОЗАК Мария Николаевна,24,37.5,КУЛИКОВСКИЙ Сергей Леонидович,12,18.75
Республика Карелия,10,MUNICIPAL,mun_sm,"Муниципальный совет, одномандатный округ",Выборы депутатов Совета Костомукшского муниципального округа пятого созыва,Одномандатный избирательный округ №10,1,1,2,53,43,42,42,81.13,True,9.52,НЕЕЛОВ Иван Александрович,23,54.76,ТЕЙМУРОВ Роман Нахмедович,19,45.24,,,
Республика Карелия,10,MUNICIPAL,mun_sm,"Муниципальный совет, одномандатный округ",Выборы депутатов Совета Костомукшского муниципального округа пятого созыва,Одномандатный избирательный округ №11,1,1,2,76,71,70,70,93.42,True,5.71,БЕЛУШКОВА Анна Дмитриевна,37,52.86,АНДРУША Татьяна Николаевна,33,47.14,,,
Республика Карелия,10,MUNICIPAL,mun_sm,"Муниципальный совет, одномандатный округ",Выборы депутатов Совета Костомукшского муниципального округа пятого созыва,Одномандатный избирательный округ №12,1,1,4,74,61,61,61,82.43,True,0.0,ЯКОБЕЦ Егор Викторович,17,27.87,ТАРАСОВ Николай Владимирович,17,27.87,ВОЗЖУНИН Владимир Викторович,15,24.59
Республика Карелия,10,MUNICIPAL,mun_sm,"Муниципальный совет, одномандатный округ",Выборы депутатов Совета Костомукшского муниципального округа пятого созыва,Одномандатный избирательный округ №13,1,1,2,59,54,54,54,91.53,True,25.93,ГОРЯЕВ Алексей Сергеевич,34,62.96,ВАСИЛЬЕВ Александр Сергеевич,20,37.04,,,
Республика Карелия,10,MUNICIPAL,mun_sm,"Муниципальный совет, одномандатный округ",Выборы депутатов Совета Костомукшского муниципального округа пятого созыва,Одномандатный избирательный округ №14,1,1,2,64,58,57,57,90.62,True,40.35,ПРОНЬКО Виктор Валерьевич,40,70.18,САЛЬНИКОВ Владислав Сергеевич,17,29.82,,,
Республика Карелия,10,MUNICIPAL,mun_sm,"Муниципальный совет, одномандатный округ",Выборы депутатов Совета Костомукшского муниципального округа пятого созыва,Одномандатный избирательный округ №15,1,1,2,101,89,85,85,88.12,True,5.88,ВИДЯЙКИН Вячеслав Евгеньевич - За,45,52.94,ВИДЯЙКИН Вячеслав Евгеньевич - Против,40,47.06,,,
Республика Карелия,10,MUNICIPAL,mun_sm,"Муниципальный совет, одномандатный округ",Выборы депутатов Совета Костомукшского муниципального округа пятого созыва,Одномандатный избирательный округ №16,1,1,3,84,81,80,80,96.43,True,17.5,СОБОЛЕВА Елена Михайловна,37,46.25,КОТОВА Дарья Алексеевна,23,28.75,ВЕЛИЧКО Юлия Анатольевна,20,25.0
Республика Карелия,10,MUNICIPAL,mun_sm,"Муниципальный совет, одномандатный округ",Выборы депутатов Совета Костомукшского муниципального округа пятого созыва,Одномандатный избирательный округ №17,1,1,2,97,86,84,84,88.66,True,21.43,КОРНЕЕВ Алексей Сергеевич,51,60.71,ИВАНОВ Дмитрий Викторович,33,39.29,,,
Республика Карелия,10,MUNICIPAL,mun_sm,"Муниципальный совет, одномандатный округ",Выборы депутатов Совета Костомукшского муниципального округа пятого созыва,Одномандатный избирательный округ №18,1,1,2,93,81,81,81,87.1,True,30.86,ПОПОВ Павел Юрьевич,53,65.43,ЗЕЗЮЛИНА Лидия Ивановна,28,34.57,,,
Республика Карелия,10,MUNICIPAL,mun_sm,"Муниципальный совет, одномандатный округ",Выборы депутатов Совета Костомукшского муниципального округа пятого созыва,Одномандатный избирательный округ №2,1,1,2,80,68,67,67,85.0,True,31.34,КОВЫНЕВА Ксения Игоревна,44,65.67,ГЕРАСИМЧУК Надежда Николаевна,23,34.33,,,
Республика Карелия,10,MUNICIPAL,mun_sm,"Муниципальный совет, одномандатный округ",Выборы депутатов Совета Костомукшского муниципального округа пятого созыва,Одномандатный избирательный округ №3,1,1,3,89,81,78,78,91.01,True,15.38,ПОЛЯКОВ Константин Николаевич,34,43.59,БОЛДЫРЕВА Елена Юрьевна,22,28.21,ТИМАЕВА Дарья Дмитриевна,22,28.21
Республика Карелия,10,MUNICIPAL,mun_sm,"Муниципальный совет, одномандатный округ",Выборы депутатов Совета Костомукшского муниципального округа пятого созыва,Одномандатный избирательный округ №4,1,1,2,61,55,54,54,90.16,True,7.41,ЯЦЕВИЧ Виолетта Николаевна,29,53.7,ШУЙСКИЙ Сергей Борисович,25,46.3,,,
Республика Карелия,10,MUNICIPAL,mun_sm,"Муниципальный совет, одномандатный округ",Выборы депутатов Совета Костомукшского муниципального округа пятого созыва,Одномандатный избирательный округ №5,1,1,2,104,87,86,86,83.65,True,6.98,ЛИТВИН Александра Владимировна - За,46,53.49,ЛИТВИН Александра Владимировна - Против,40,46.51,,,
Республика Карелия,10,MUNICIPAL,mun_sm,"Муниципальный совет, одномандатный округ",Выборы депутатов Совета Костомукшского муниципального округа пятого созыва,Одномандатный избирательный округ №6,1,1,2,80,75,72,72,93.75,True,13.89,ПШЕНИЧНИКОВ Евгений Владимирович,41,56.94,ХРУЩЁВА Людмила Павловна,31,43.06,,,
Республика Карелия,10,MUNICIPAL,mun_sm,"Муниципальный совет, одномандатный округ",Выборы депутатов Совета Костомукшского муниципального округа пятого созыва,Одномандатный избирательный округ №7,1,1,3,110,99,96,96,90.0,True,19.79,ВОЛКОВ Артем Сергеевич,45,46.88,ЛИТОВЧЕНКО Марина Викторовна,26,27.08,СМИРНОВ Юрий Станиславович,25,26.04
Республика Карелия,10,MUNICIPAL,mun_sm,"Муниципальный совет, одномандатный округ",Выборы депутатов Совета Костомукшского муниципального округа пятого созыва,Одномандатный избирательный округ №8,1,1,2,74,65,65,65,87.84,True,16.92,ДЕМИХОВА Ирина Петровна - За,38,58.46,ДЕМИХОВА Ирина Петровна - Против,27,41.54,,,
Республика Карелия,10,MUNICIPAL,mun_sm,"Муниципальный совет, одномандатный округ",Выборы депутатов Совета Костомукшского муниципального округа пятого созыва,Одномандатный избирательный округ №9,1,1,2,75,66,64,64,88.0,True,9.38,СЕЛЕЗНЕВА Елена Ивановна - Против,35,54.69,СЕЛЕЗНЕВА Елена Ивановна - За,29,45.31,,,
Республика Карелия,10,MUNICIPAL,mun_sm,"Муниципальный совет, одномандатный округ",Дополнительные выборы депутата Совета Беломорского муниципального округа первого созыва по одномандатному избирательному округу №1,№1,1,1,2,81,75,72,72,92.59,True,16.67,ХРУЩ Анна Александровна - Против,42,58.33,ХРУЩ Анна Александровна - За,30,41.67,,,
Республика Карелия,10,REGIONAL,reg_pl,"Заксобрание, партсписок",Выборы депутатов Законодательного Собрания Республики Карелия восьмого созыва,,18,1,9,35920,32102,31725,31725,89.37,True,12.55,Единая Россия,9817,30.94,Справедливая Россия,5837,18.4,Новые люди,4796,15.12
Республика Карелия,10,REGIONAL,reg_sm,"Заксобрание, одномандатный округ",Выборы депутатов Законодательного Собрания Республики Карелия восьмого созыва,Западно-Карельский,1,1,6,1201,1029,1013,1013,85.68,True,11.06,ТИШКОВА Татьяна Васильевна,340,33.56,ВОРОБЬЕВ Андрей Андреевич,228,22.51,КАРАСЕВА Ольга Стефановна,137,13.52
Республика Карелия,10,REGIONAL,reg_sm,"Заксобрание, одномандатный округ",Выборы депутатов Законодательного Собрания Республики Карелия восьмого созыва,Кондопожский,1,1,6,1419,1242,1222,1222,87.53,True,4.01,ТУРКЕНИЧЕВА Олеся Александровна,384,31.42,ЗАЙЦЕВ Олег Гранитович,335,27.41,ЖИДКОВ Александр Иванович,207,16.94
Республика Карелия,10,REGIONAL,reg_sm,"Заксобрание, одномандатный округ",Выборы депутатов Законодательного Собрания Республики Карелия восьмого созыва,Петрозаводский,7,1,43,17333,15649,15435,15435,90.28,True,0.63,ДРЕЙЗИС Надежда Ильнуровна,957,6.2,ГУМЕННИКОВА Марина Алексеевна,860,5.57,ЛОПАТКИНА Анна Валерьевна,819,5.31
Республика Карелия,10,REGIONAL,reg_sm,"Заксобрание, одномандатный округ",Выборы депутатов Законодательного Собрания Республики Карелия восьмого созыва,Поморский,1,1,5,1811,1636,1608,1608,90.34,True,3.73,КУЗИЧЕВА Ирина Викторовна,472,29.35,ОРЛОВ Алексей Александрович,412,25.62,БОЛУЧЕВСКАЯ Инна Константиновна,364,22.64
Республика Карелия,10,REGIONAL,reg_sm,"Заксобрание, одномандатный округ",Выборы депутатов Законодательного Собрания Республики Карелия восьмого созыва,Пригородный,1,1,7,1974,1725,1690,1690,87.39,True,20.53,ШМАЕНИК Ольга Николаевна,623,36.86,ДМИТРИЕВА Кристина Алексеевна,276,16.33,СТАЛЬЦОВ Павел Александрович,218,12.9
Республика Карелия,10,REGIONAL,reg_sm,"Заксобрание, одномандатный округ",Выборы депутатов Законодательного Собрания Республики Карелия восьмого созыва,Приладожский,1,1,6,1951,1717,1697,1697,88.01,True,23.57,ЕМЕЛЬЯНОВА Татьяна Валерьевна,711,41.9,ОРЛОВ Сергей Александрович,311,18.33,ФЕДИЧЕВ Александр Сергеевич,273,16.09
Республика Карелия,10,REGIONAL,reg_sm,"Заксобрание, одномандатный округ",Выборы депутатов Законодательного Собрания Республики Карелия восьмого созыва,Пудожский,1,1,6,1393,1236,1216,1216,88.73,True,0.49,ГАШКОВ Илья Владимирович,314,25.82,ЛИНДУНЕН Галина Александровна,308,25.33,ПИМЕНОВ Михаил Сергеевич,213,17.52
Республика Карелия,10,REGIONAL,reg_sm,"Заксобрание, одномандатный округ",Выборы депутатов Законодательного Собрания Республики Карелия восьмого созыва,Северно-Карельский,1,1,7,1819,1611,1582,1582,88.57,True,9.92,ПОДСАДНИК Лариса Анатольевна,443,28.0,ГОРЯЕВ Алексей Сергеевич,286,18.08,ВАЛДАЕВ Иван Николаевич,278,17.57
Республика Карелия,10,REGIONAL,reg_sm,"Заксобрание, одномандатный округ",Выборы депутатов Законодательного Собрания Республики Карелия восьмого созыва,Северный,1,1,6,1733,1560,1536,1536,90.02,True,4.36,МОНАСТЫРШИН Андрей Иувинальевич,415,27.02,КОККОВ Геннадий Иванович,348,22.66,ЛЕБЕДЕВ Сергей Мирославович,314,20.44
Республика Карелия,10,REGIONAL,reg_sm,"Заксобрание, одномандатный округ",Выборы депутатов Законодательного Собрания Республики Карелия восьмого созыва,Сегежский,1,1,7,1976,1774,1750,1750,89.78,True,8.63,КАРАПЕТЯН Натали Аветиковна,465,26.57,ДЕМУШКИН Андрей Сергеевич,314,17.94,ЧИРКОВА Екатерина Сергеевна,309,17.66
Республика Карелия,10,REGIONAL,reg_sm,"Заксобрание, одномандатный округ",Выборы депутатов Законодательного Собрания Республики Карелия восьмого созыва,Центрально-Карельский,1,1,7,1812,1598,1582,1582,88.19,True,9.48,ШАНДАЛОВИЧ Элиссан Владимирович,525,33.19,ПЛЕХАНОВА Ольга Александровна,375,23.7,ПАВЛОВА Юлия Андреевна,193,12.2
Республика Карелия,10,REGIONAL,reg_sm,"Заксобрание, одномандатный округ",Выборы депутатов Законодательного Собрания Республики Карелия восьмого созыва,Южно-Карельский,1,1,5,1498,1325,1308,1308,88.45,True,7.49,ВАЛЮК Артем Фадеевич,359,27.45,ФИЛИППОВА Оксана Викторовна,261,19.95,ПОЛИВАНЫЙ Павел Алексеевич,251,19.19
Республика Коми,11,FEDERAL,duma_sm,"Госдума, одномандатный округ",Выборы депутатов Государственной Думы Федерального Собрания Российской Федерации девятого созыва,Республика Коми – Сыктывкарский,21,1,8,78464,70927,70219,70219,90.39,True,19.33,КОЧЕВ Станислав Вадимович,27277,38.85,МИХАЙЛОВ Олег Алексеевич,13705,19.52,ПОТЕМКИН Алексей Игоревич,8063,11.48
Республика Коми,11,FEDERAL,duma_pl,"Госдума, партсписок",Выборы депутатов Государственной Думы Федерального Собрания Российской Федерации девятого созыва,,21,1,10,78464,70927,70683,70683,90.39,True,25.25,Единая Россия,29665,41.97,КПРФ,11816,16.72,Новые люди,10596,14.99
Республика Коми,11,MUNICIPAL,mun_mm,"Муниципальный совет, многомандатный округ","Дополнительные выборы депутатов Совета городского поселения ""Нижний Одес"" пятого созыва по пятимандатному избирательному округу № 1",Пятимандатный избирательный округ №1,1,3,6,217,188,185,280,86.64,True,3.93,ЕРЕМЕЕВ Фёдор Александрович,75,26.79,ТЮХТЯЕВА Анна Васильевна,58,20.71,АНТОНОВ Виталий Викторович,49,17.5
Республика Коми,11,MUNICIPAL,mun_sm,"Муниципальный совет, одномандатный округ","Дополнительные выборы депутатов Совета городского поселения ""Печора"" пятого созыва по многомандатным избирательным округам №1, 2, 3, 4",Пятимандатный избирательный округ №1,1,1,8,707,646,638,638,91.37,True,5.96,КУЛИКОВ Владимир Константинович,164,25.71,СЕЛИВЕРСТОВ Алексей Васильевич,126,19.75,МЕЛИХОВ Максим Вячеславович,87,13.64
Республика Коми,11,MUNICIPAL,mun_sm,"Муниципальный совет, одномандатный округ","Дополнительные выборы депутатов Совета городского поселения ""Печора"" пятого созыва по многомандатным избирательным округам №1, 2, 3, 4",Пятимандатный избирательный округ №2,1,1,7,539,469,463,463,87.01,True,0.0,БОРИСОВ Сергей Юрьевич,99,21.38,ЛЕБЕДЕВ Александр Александрович,99,21.38,ИВАНОВСКАЯ Екатерина Сергеевна,71,15.33
Республика Коми,11,MUNICIPAL,mun_sm,"Муниципальный совет, одномандатный округ","Дополнительные выборы депутатов Совета городского поселения ""Печора"" пятого созыва по многомандатным избирательным округам №1, 2, 3, 4",Пятимандатный избирательный округ №3,1,1,8,950,873,864,864,91.89,True,0.23,РОДИНЦЕВ Владимир Федорович,149,17.25,ИСТОМИН Алексей Сергеевич,147,17.01,МАНЗАДЕЙ Наталья Николаевна,136,15.74
Республика Коми,11,MUNICIPAL,mun_sm,"Муниципальный совет, одномандатный округ","Дополнительные выборы депутатов Совета городского поселения ""Печора"" пятого созыва по многомандатным избирательным округам №1, 2, 3, 4",Пятимандатный избирательный округ №4,1,1,7,1040,945,924,924,90.87,True,0.97,ВАСИКОВ Павел Александрович,188,20.35,АНИЩИК Владимир Анатольевич,179,19.37,МАТВЕЙЧЕВ Андрей Николаевич,140,15.15
Республика Коми,11,MUNICIPAL,mun_sm,"Муниципальный совет, одномандатный округ","Дополнительные выборы депутатов Совета городского поселения ""Сосногорск"" III созыва по одномандатным избирательным округам № 5, № 14",Одномандатный избирательный округ №14,1,1,3,190,172,170,170,90.53,True,10.0,БОЙЧУК Мария Ярославовна,74,43.53,ПАТРАКОВ Денис Валерьевич,57,33.53,ОЖЕРЕЛЬЕВ Петр Анатольевич,39,22.94
Республика Коми,11,MUNICIPAL,mun_sm,"Муниципальный совет, одномандатный округ","Дополнительные выборы депутатов Совета городского поселения ""Сосногорск"" III созыва по одномандатным избирательным округам № 5, № 14",Одномандатный избирательный округ №5,1,1,2,104,97,96,96,93.27,True,10.42,КАТИНА Наталия Леонидовна,53,55.21,БЫКОВ Сергей Алексеевич,43,44.79,,,
Республика Коми,11,MUNICIPAL,mun_mm,"Муниципальный совет, многомандатный округ","Дополнительные выборы депутатов Совета муниципального образования городского поселения ""Междуреченск"" пятого созыва по пятимандатному избирательному округу № 1",Пятимандатный избирательный округ №1,1,2,4,33,29,29,45,87.88,True,17.78,МАСЛЕННИКОВА Людмила Николаевна,19,42.22,ОГНЕВ Николай Александрович,15,33.33,РЯЗАНОВА Наталья Владимировна,7,15.56
Республика Коми,11,MUNICIPAL,mun_mm,"Муниципальный совет, многомандатный округ","Дополнительные выборы депутатов Совета муниципального образования сельского поселения ""Большая Пучкома"" пятого созыва",Семимандатный избирательный округ №1,1,3,7,5,5,5,14,100.0,True,7.14,ПАЛЕВА Надежда Геннадьевна,5,35.71,ШЛОПОВА Светлана Леонидовна,4,28.57,ВЛАСОВА Нина Петровна,3,21.43
Республика Коми,11,MUNICIPAL,mun_mm,"Муниципальный совет, многомандатный округ","Дополнительные выборы депутатов Совета муниципального образования сельского поселения ""Большая Пысса"" пятого созыва",Семимандатный избирательный округ №1,1,3,9,34,32,32,58,94.12,True,1.72,ЛОГИНОВ Виталий Васильевич,11,18.97,ПЧЕЛИНА Светлана Ивановна,10,17.24,ПАВЛОВ Артур Иванович,9,15.52
Республика Коми,11,MUNICIPAL,mun_mm,"Муниципальный совет, многомандатный округ","Дополнительные выборы депутатов Совета муниципального образования сельского поселения ""Чим"" пятого созыва",Семимандатный избирательный округ №1,1,3,5,14,11,11,20,78.57,True,5.0,КОРНОУХОВА Анжелика Сергеевна,7,35.0,ЦУБЕРА Мая Егоровна,6,30.0,КРИВОЩЕКОВА Любовь Сергеевна,3,15.0
Республика Коми,11,MUNICIPAL,mun_mm,"Муниципальный совет, многомандатный округ","Дополнительные выборы депутатов Совета сельского поселения ""Выльгорт"" пятого созыва по пятимандатному избирательному округу №2",Пятимандатный избирательный округ №2,1,2,8,360,326,321,446,90.56,True,0.45,КОЧЕВА Галина Александровна,92,20.63,ОСИПОВА Екатерина Петровна,83,18.61,КОЧАН Виталий Николаевич,81,18.16
Республика Коми,11,MUNICIPAL,mun_mm,"Муниципальный совет, многомандатный округ","Дополнительные выборы депутатов Совета сельского поселения ""Том"" муниципального района ""Ижемский"" Республики Коми пятого созыва",Томский десятимандатный,1,4,7,90,79,78,133,87.78,True,2.26,КОЖЕВИН Василий Александрович,36,27.07,КАНЕВ Алексей Николаевич,34,25.56,ХОЗЯИНОВ Илья Васильевич,18,13.53
Республика Коми,11,MUNICIPAL,mun_mm,"Муниципальный совет, многомандатный округ","Дополнительные выборы депутатов Совета сельского поселения ""Ыб"" пятого созыва",Семимандатный избирательный округ №1,1,3,5,70,63,63,111,90.0,True,0.0,КОЛЕГОВА Галина Витальевна,31,27.93,ТЮРНИНА Светлана Андреевна,24,21.62,МУРАВЬЕВ Сергей Иванович,23,20.72
Республика Коми,11,MUNICIPAL,mun_mm,"Муниципальный совет, многомандатный округ",Дополнительные выборы депутатов Совета сельского поселения «Знаменка»V созыва,семимандатный избирательный округ,1,3,4,20,14,14,16,70.0,True,12.5,ТАРАСОВА Елена Юрьевна,6,37.5,КИСЕЛЕВИЧ Владимир Леонидович,4,25.0,РАЗГАНОВА Светлана Юрьевна,4,25.0
Республика Коми,11,MUNICIPAL,mun_mm,"Муниципальный совет, многомандатный округ",Дополнительные выборы депутатов Совета сельского поселения «Комсомольск-на-Печоре» VI созыва,семимандатный избирательный округ,1,3,4,47,44,44,62,93.62,True,1.61,МАСЛОВА Надежда Алексеевна,22,35.48,ПОРЯДИНА Ольга Алексеевна,19,30.65,СИДОРЕНКОВА Ирина Ивановна,11,17.74
Республика Коми,11,MUNICIPAL,mun_mm,"Муниципальный совет, многомандатный округ",Дополнительные выборы депутатов Совета сельского поселения «Куръя» 5 созыва,семимандатный избирательный округ,1,3,5,6,5,5,8,83.33,True,12.5,СОКОЛОВ Василий Викторович,4,50.0,БУРМАНТОВА Людмила Петровна,3,37.5,СОБЯНИН Алексей Иванович,1,12.5
Республика Коми,11,MUNICIPAL,mun_sm,"Муниципальный совет, одномандатный округ",Повторные выборы депутата  Совета муниципального округа «Ухта» 7-го созыва  по одномандатному избирательному округу № 5,Округ №5,1,1,4,474,436,433,433,91.98,True,5.54,ЖУКОВСКИЙ Руслан Вицентиевич,151,34.87,УШАКОВ Константин Михайлович,127,29.33,БЕЛОУСОВА Юлия Михайловна,99,22.86
Республика Коми,11,MUNICIPAL,mun_sm,"Муниципальный совет, одномандатный округ",Повторные выборы депутата Совета городского поселения «Троицко-Печорск» 6 созыва по одномандатному избирательному округу № 8,одномандатный избирательный округ № 8,1,1,2,67,61,61,61,91.04,True,44.26,ЛЫЗЛОВА Анна Юрьевна,44,72.13,УЛЯШОВА Вера Анатольевна,17,27.87,,,
Республика Коми,11,MUNICIPAL,mun_sm,"Муниципальный совет, одномандатный округ","Повторные выборы депутата Совета муниципального округа ""Инта"" Республики Коми пятого созыва по одномандатному избирательному округу № 9",Округ №9,1,1,3,129,119,118,118,92.25,True,16.1,ТОМАШЕВСКАЯ Ирина Александровна,55,46.61,АЛИМОВ Алексей Владимирович,36,30.51,МЕЛАДЗЕ Олег Викторович,27,22.88
Республика Коми,11,MUNICIPAL,mun_sm,"Муниципальный совет, одномандатный округ",Повторные выборы депутата Совета муниципального округа «Воркута» Республики Коми седьмого созыва по одномандатному избирательному округу № 2,Округ №2,1,1,5,145,138,136,136,95.17,True,5.15,АКСЕНОВ Сергей Петрович,47,34.56,ЧЕРНЯХОВСКИЙ Игорь Михайлович,40,29.41,ВОЛКОВА Елена Валерьевна,21,15.44
Республика Крым,93,FEDERAL,duma_sm,"Госдума, одномандатный округ",Выборы депутатов Государственной Думы Федерального Собрания Российской Федерации девятого созыва,Республика Крым – Евпаторийский,14,1,7,25255,22153,21809,21809,87.72,True,31.74,БАБАШОВ Леонид Иванович,10860,49.8,БОРОВСКИХ Андрей Владимирович,3937,18.05,ПОПОВ Николай Георгиевич,2261,10.37
Республика Крым,93,FEDERAL,duma_sm,"Госдума, одномандатный округ",Выборы депутатов Государственной Думы Федерального Собрания Российской Федерации девятого созыва,Республика Крым – Керченский,8,1,7,27316,24009,23675,23675,87.89,True,29.66,ПАВЛЕНКО Янина Петровна,10227,43.2,ШУПЕНЯ Даниил Сергеевич,3205,13.54,ПАВЛИЧЕНКО Иван Петрович,2584,10.91
Республика Крым,93,FEDERAL,duma_sm,"Госдума, одномандатный округ",Выборы депутатов Государственной Думы Федерального Собрания Российской Федерации девятого созыва,Республика Крым – Симферопольский,6,1,8,31917,28996,28567,28567,90.85,True,27.76,НЕСТЕРЕНКО Юрий Юрьевич,11890,41.62,КОВАЛЕНКО Геннадий Владимирович,3960,13.86,ПАНОВА Ольга Михайловна,3432,12.01
Республика Крым,93,FEDERAL,duma_pl,"Госдума, партсписок",Выборы депутатов Государственной Думы Федерального Собрания Российской Федерации девятого созыва,,28,1,10,84488,75158,74786,74786,88.96,True,42.3,Единая Россия,42393,56.69,Новые люди,10761,14.39,КПРФ,7269,9.72
Республика Крым,93,MUNICIPAL,mun_sm,"Муниципальный совет, одномандатный округ",Дополнительные выборы депутата Белогорского городского совета Белогорского района Республики Крым третьего созыва по одномандатному избирательному округу № 3,Одномандатный избирательный округ №3,1,1,3,88,76,74,74,86.36,True,36.49,ШПИРНЫЙ Александр Васильевич,43,58.11,ЯЦИШИН Виталий Игоревич,16,21.62,ШМЕЛЕВА Мария Александровна,15,20.27
Республика Крым,93,MUNICIPAL,mun_sm,"Муниципальный совет, одномандатный округ",Дополнительные выборы депутата Джанкойского городского совета Республики Крым третьего созыва по одномандатному избирательному округу № 5,Одномандатный избирательный округ №5,1,1,4,252,227,222,222,90.08,True,15.32,ПИЛИПЕНКО Евгений Евгеньевич,88,39.64,СТРАТОНОВА Оксана Александровна,54,24.32,БИЛЕНЧУК Александр Михайлович,45,20.27
Республика Крым,93,MUNICIPAL,mun_sm,"Муниципальный совет, одномандатный округ",Дополнительные выборы депутата Керченского городского совета Республики Крым третьего созыва по одномандатному избирательному округу № 5,Одномандатный избирательный округ №5,1,1,4,751,672,655,655,89.48,True,18.63,СТАРОВОЙТОВА Галина Валерьевна,275,41.98,СМОЛЫГИН Владислав Александрович,153,23.36,ОСИНА Екатерина Андреевна,132,20.15
Республика Крым,93,MUNICIPAL,mun_sm,"Муниципальный совет, одномандатный округ",Дополнительные выборы депутата Сакского городского совета Республики Крым третьего созыва по одномандатному избирательному округу № 1,Одномандатный избирательный округ №1,1,1,3,73,64,62,62,87.67,True,40.32,КОСТЫЛЕВ Никита Андреевич,40,64.52,АСАНОВ Эдем Маратович,15,24.19,ОРИН Александр Владимирович,7,11.29
Республика Крым,93,MUNICIPAL,mun_sm,"Муниципальный совет, одномандатный округ",Дополнительные выборы депутата Сакского городского совета Республики Крым третьего созыва по одномандатному избирательному округу № 5,Одномандатный избирательный округ №5,1,1,4,102,93,92,92,91.18,True,20.65,СИТНИКОВ Николай Николаевич,38,41.3,КИМ Ангелина Константиновна,19,20.65,ТЮКАЛОВ Дмитрий Анатольевич,19,20.65
Республика Крым,93,MUNICIPAL,mun_sm,"Муниципальный совет, одномандатный округ",Дополнительные выборы депутата Сакского городского совета Республики Крым третьего созыва по одномандатному избирательному округу № 6,Одномандатный избирательный округ №6,1,1,3,87,81,80,80,93.1,True,21.25,КОВАЛЬ Никита Иванович,43,53.75,КОПИЧИНСКИЙ Иван Леонидович,26,32.5,КУПРИН Сергей Николаевич,11,13.75
Республика Крым,93,MUNICIPAL,mun_sm,"Муниципальный совет, одномандатный округ",Дополнительные выборы депутата Феодосийского городского совета Республики Крым третьего созыва по одномандатному избирательному округу № 11,Одномандатный избирательный округ №11,1,1,4,276,244,240,240,88.41,True,2.5,БЛИНИЧКИН Александр Николаевич,93,38.75,ЯНЬШИН Сергей Яковлевич,87,36.25,МОРОЗ Николай Викторович,34,14.17
Республика Крым,93,MUNICIPAL,mun_sm,"Муниципальный совет, одномандатный округ",Дополнительные выборы депутата Феодосийского городского совета Республики Крым третьего созыва по одномандатному избирательному округу № 3,Одномандатный избирательный округ №3,1,1,3,253,218,215,215,86.17,True,14.42,ТИХОМИРОВ Илья Алексеевич,103,47.91,КОПЫЛЬЦОВА Татьяна Юрьевна,72,33.49,БУРИНА Анна Юрьевна,40,18.6
Республика Крым,93,MUNICIPAL,mun_sm,"Муниципальный совет, одномандатный округ",Дополнительные выборы депутата Феодосийского городского совета Республики Крым третьего созыва по одномандатному избирательному округу № 8,Одномандатный избирательный округ №8,1,1,4,358,302,297,297,84.36,True,17.17,АКСЕНОВА Лилия Сергеевна,120,40.4,ТОРБИНА Ирина Анатольевна,69,23.23,ШУМСКИХ Вероника Сергеевна,59,19.87
Республика Крым,93,MUNICIPAL,mun_mm,"Муниципальный совет, многомандатный округ",Дополнительные выборы депутатов Медведевского сельского совета Черноморского района Республики Крым третьего созыва по Медведевскому десятимандатному избирательному округу № 1,Медведевский десятимандатный,1,4,5,67,59,58,100,88.06,True,1.0,ВОРОНА Светлана Мирославовна,35,35.0,НИКОЛАЕВА Наталья Борисовна,19,19.0,СЕЙДАЛИЕВА Джессика Сергеевна,17,17.0
Республика Крым,93,REGIONAL,reg_sm,"Заксобрание, одномандатный округ",Дополнительные выборы депутата Государственного Совета Республики Крым третьего созыва по одномандатному избирательному округу № 22,Одномандатный избирательный округ №22,1,1,5,3221,2810,2764,2764,87.24,True,18.34,КАРКАЧ Анжелика Валерьевна,1180,42.69,ШПАКОВСКИЙ Федор Михайлович,673,24.35,СОБОЛЕВ Алексей Анатольевич,439,15.88
Республика Марий Эл,12,FEDERAL,duma_sm,"Госдума, одномандатный округ",Выборы депутатов Государственной Думы Федерального Собрания Российской Федерации девятого созыва,Республика Марий Эл – Марийский,18,1,9,79505,74598,73920,73920,93.83,True,1.4,КАЗАНКОВ Сергей Иванович,28807,38.97,КОЗЛОВА Наталья Николаевна,27772,37.57,ГАВРИЛОВ Андрей Владимирович,5964,8.07
Республика Марий Эл,12,FEDERAL,duma_pl,"Госдума, партсписок",Выборы депутатов Государственной Думы Федерального Собрания Российской Федерации девятого созыва,,18,1,10,79505,74598,74359,74359,93.83,True,34.16,Единая Россия,40358,54.27,КПРФ,14960,20.12,Новые люди,7543,10.14
Республика Марий Эл,12,MUNICIPAL,mun_sm,"Муниципальный совет, одномандатный округ",Выборы депутатов Собрания депутатов Горномарийского муниципального округа Республики Марий Эл первого созыва,Горный,1,1,13,720,683,676,676,94.86,True,1.78,ЗАМЯТИН Андрей Венедиктович,133,19.67,СМЕЛОВ Евгений Валерианович,121,17.9,МИКРЯКОВА Ольга Сильвестровна,92,13.61
Республика Марий Эл,12,MUNICIPAL,mun_sm,"Муниципальный совет, одномандатный округ",Выборы депутатов Собрания депутатов Горномарийского муниципального округа Республики Марий Эл первого созыва,Лесной,1,1,10,736,692,687,687,94.02,True,0.73,ДЕНИСКИНА Татьяна Анатольевна,147,21.4,ЯШКАНОВ Эдуард Иосифович,142,20.67,ЛОГИНОВА Елена Юрьевна,141,20.52
Республика Марий Эл,12,MUNICIPAL,mun_sm,"Муниципальный совет, одномандатный округ",Выборы депутатов Собрания депутатов Горномарийского муниципального округа Республики Марий Эл первого созыва,Приволжский,1,1,6,441,413,412,412,93.65,True,3.4,КРАСНОВА Римма Алексеевна,110,26.7,БЕЛОВА Светлана Михайловна,96,23.3,ЧЕРНОВА Ольга Климентьевна,77,18.69
Республика Марий Эл,12,MUNICIPAL,mun_sm,"Муниципальный совет, одномандатный округ",Выборы депутатов Собрания депутатов Горномарийского муниципального округа Республики Марий Эл первого созыва,Центральный,1,1,8,626,572,565,565,91.37,True,2.48,КУПРИЯШКИНА Любовь Владимировна,161,28.5,АРХИПОВ Сергей Владиславович,147,26.02,ЗИНОВЬЕВ Михаил Сергеевич,132,23.36
Республика Марий Эл,12,MUNICIPAL,mun_sm,"Муниципальный совет, одномандатный округ",Выборы депутатов Собрания депутатов Куженерского муниципального округа Республики Марий Эл первого созыва,Горный,1,1,7,289,268,263,263,92.73,True,0.0,ИВАНОВ Владимир Григорьевич,82,31.18,ИВАНОВА Нина Ивановна,82,31.18,СИДОРКИНА София Владимировна,46,17.49
Республика Марий Эл,12,MUNICIPAL,mun_sm,"Муниципальный совет, одномандатный округ",Выборы депутатов Собрания депутатов Куженерского муниципального округа Республики Марий Эл первого созыва,Заречный,1,1,8,561,537,533,533,95.72,True,2.44,МУРЗАНАЕВА Наталия Валентиновна,115,21.58,ПРОКОПЬЕВ Евгений Александрович,102,19.14,ГЛУШКОВА Валентина Семеновна,82,15.38
Республика Марий Эл,12,MUNICIPAL,mun_sm,"Муниципальный совет, одномандатный округ",Выборы депутатов Собрания депутатов Куженерского муниципального округа Республики Марий Эл первого созыва,Лесной,1,1,6,245,230,229,229,93.88,True,9.61,ГЛАЗЫРИН Алексей Сергеевич,84,36.68,УРАКОВ Юрий Альбертович,62,27.07,ГЛУШКОВ Артем Сергеевич,42,18.34
Республика Марий Эл,12,MUNICIPAL,mun_sm,"Муниципальный совет, одномандатный округ",Выборы депутатов Собрания депутатов Куженерского муниципального округа Республики Марий Эл первого созыва,Центральный,1,1,6,499,467,463,463,93.59,True,14.69,ЯРЫГИНА Ольга Васильевна,145,31.32,СЕМЕЙШЕВ Андрей Владимирович,77,16.63,НИКИТИНА Елена Ивановна,72,15.55
Республика Марий Эл,12,MUNICIPAL,mun_mm,"Муниципальный совет, многомандатный округ",Выборы депутатов Собрания депутатов Юринского муниципального округа Республики Марий Эл первого созыва,Восточный,1,5,9,373,347,344,582,93.03,True,2.92,КНЯЗЕВА Светлана Алексеевна,132,22.68,САМСОНОВ Леонид Борисович,101,17.35,ГАЗИЗОВ Радий Мухарамович,82,14.09
Республика Марий Эл,12,MUNICIPAL,mun_mm,"Муниципальный совет, многомандатный округ",Выборы депутатов Собрания депутатов Юринского муниципального округа Республики Марий Эл первого созыва,Западный,1,5,11,300,290,287,541,96.67,True,9.43,ПОДШИВАЛОВА Светлана Михайловна,109,20.15,ШЕСТОВ Николай Николаевич,98,18.11,ЕГОРОВА Елена Николаевна,95,17.56
Республика Марий Эл,12,MUNICIPAL,mun_mm,"Муниципальный совет, многомандатный округ",Выборы депутатов Собрания депутатов Юринского муниципального округа Республики Марий Эл первого созыва,Центральный,1,5,12,363,348,348,668,95.87,True,0.9,КУКЛЕВА Ирина Витальевна,112,16.77,АНИСИМОВА Наталия Анатольевна,95,14.22,БОКОВ Владимир Александрович,91,13.62
Республика Марий Эл,12,MUNICIPAL,mun_sm,"Муниципальный совет, одномандатный округ","Дополнительные выборы депутатов Собрания депутатов городского округа ""Город Волжск""  восьмого созыва по одномандатным избирательным округам",Пушкинский,1,1,4,226,215,213,213,95.13,True,51.17,ВИНОКУРОВА Евгения Алексеевна,150,70.42,ЧАЛКИНА Валентина Николаевна,41,19.25,КАТАЕВ Данил Витальевич,12,5.63
Республика Марий Эл,12,MUNICIPAL,mun_sm,"Муниципальный совет, одномандатный округ","Дополнительные выборы депутатов Собрания депутатов городского округа ""Город Волжск""  восьмого созыва по одномандатным избирательным округам",Чапаевский,1,1,5,218,200,198,198,91.74,True,41.92,СМИРНОВА Оксана Николаевна,117,59.09,БАЛАГУРОВСКАЯ Марина Михайловна,34,17.17,САЛАХУТДИНОВ Роберт Равильевич,31,15.66
Республика Марий Эл,12,MUNICIPAL,mun_sm,"Муниципальный совет, одномандатный округ","Дополнительные выборы депутатов Собрания депутатов городского округа ""Город Йошкар-Ола"" восьмого созыва по одномандатным избирательным округам",Вашский,1,1,5,850,785,777,777,92.35,True,32.95,ПОНОМАРЕНКО Евгения Александровна,419,53.93,МОРОЗОВ Максим Владимирович,163,20.98,ВИКТОРОВА Олеся Васильевна,95,12.23
Республика Марий Эл,12,MUNICIPAL,mun_sm,"Муниципальный совет, одномандатный округ","Дополнительные выборы депутатов Собрания депутатов городского округа ""Город Йошкар-Ола"" восьмого созыва по одномандатным избирательным округам",Набережный,1,1,4,1233,1189,1176,1176,96.43,True,3.74,КОСКИН Евгений Николаевич,415,35.29,ЦАРЕГОРОДЦЕВ Сергей Николаевич,371,31.55,КОРЧАГИН Юрий Александрович,225,19.13
Ростовская область,61,FEDERAL,duma_sm,"Госдума, одномандатный округ",Выборы депутатов Государственной Думы Федерального Собрания Российской Федерации девятого созыва,Ростовская область – Батайский,12,1,7,41487,36572,36208,36208,88.15,True,25.59,РОЖКОВ Сергей Владимирович,14562,40.22,СИМАКОВ Игорь Борисович,5298,14.63,ДЕДОВИЧ Александр Дмитриевич,5232,14.45
Ростовская область,61,FEDERAL,duma_sm,"Госдума, одномандатный округ",Выборы депутатов Государственной Думы Федерального Собрания Российской Федерации девятого созыва,Ростовская область – Белокалитвинский,18,1,6,41387,37339,36980,36980,90.22,True,26.8,ХУАДЕ Аслан Гарунович,15462,41.81,АБАКУМОВ Виталий Анатольевич,5553,15.02,ЕГОРОВА Алина Алекберовна,5505,14.89
Ростовская область,61,FEDERAL,duma_sm,"Госдума, одномандатный округ",Выборы депутатов Государственной Думы Федерального Собрания Российской Федерации девятого созыва,Ростовская область – Неклиновский,9,1,7,39359,34522,34178,34178,87.71,True,26.75,ВЕЛИЧКО Артем Николаевич,14782,43.25,ХИЖНЯК Евгений Анатольевич,5639,16.5,ШАПОВАЛОВ Сергей Александрович,4612,13.49
Ростовская область,61,FEDERAL,duma_sm,"Госдума, одномандатный округ",Выборы депутатов Государственной Думы Федерального Собрания Российской Федерации девятого созыва,Ростовская область – Новочеркасский,5,1,6,50272,42670,42113,42113,84.88,True,17.47,МЕДВЕДЕВ Сергей Николаевич,15429,36.64,ЗАПОРОЖЧЕНКО Герман Геннадьевич,8073,19.17,БЕССОНОВ Евгений Иванович,7928,18.83
Ростовская область,61,FEDERAL,duma_sm,"Госдума, одномандатный округ",Выборы депутатов Государственной Думы Федерального Собрания Российской Федерации девятого созыва,Ростовская область – Ростовский,6,1,6,55375,48231,47701,47701,87.1,True,26.76,СИЗЯКИН Дмитрий Владимирович,20776,43.55,БЕЛОУСОВА Наталья Викторовна,8010,16.79,ЧУХЛЕБОВ Александр Александрович,7455,15.63
Ростовская область,61,FEDERAL,duma_sm,"Госдума, одномандатный округ",Выборы депутатов Государственной Думы Федерального Собрания Российской Федерации девятого созыва,Ростовская область – Усть-Донецкий,14,1,5,44125,39522,39151,39151,89.57,True,27.62,СТЕНЯКИНА Екатерина Петровна,17967,45.89,МИСАН Алексей Владимирович,7152,18.27,БЕЛОВА Татьяна Борисовна,5845,14.93
Ростовская область,61,FEDERAL,duma_pl,"Госдума, партсписок",Выборы депутатов Государственной Думы Федерального Собрания Российской Федерации девятого созыва,,64,1,10,272005,238856,237925,237925,87.81,True,33.87,Единая Россия,116650,49.03,Новые люди,36065,15.16,КПРФ,30239,12.71
Ростовская область,61,MUNICIPAL,mun_mm,"Муниципальный совет, многомандатный округ",Выборы депутатов  Собрания депутатов Калининского сельского поселения шестого созыва,Калининский десятимандатный,1,10,11,106,95,94,412,89.62,True,0.97,АЛЕКСЕЕНКО Юлия Сергеевна,48,11.65,КРАСНИКОВ Виталий Алексеевич,44,10.68,КОВШИРИНА Ирина Михайловна,44,10.68
Ростовская область,61,MUNICIPAL,mun_mm,"Муниципальный совет, многомандатный округ",Выборы депутатов Собрания депутатов  Алексеевского сельского поселения Октябрьского района Ростовской области шестого созыва,Алексеевский десятимандатный избирательный округ №1,1,10,14,137,131,131,639,95.62,True,1.41,ДРОЗДОВА Светлана Владимировна,71,11.11,ЛУГАНЦЕВ Евгений Петрович,70,10.95,СЛЕПЧЕНКО Роман Владимирович,67,10.49
Ростовская область,61,MUNICIPAL,mun_sm,"Муниципальный совет, одномандатный округ",Выборы депутатов Собрания депутатов  Верхнесоленовского сельского поселения шестого созыва,Верхнесоленовский многомандатный № 1,1,1,7,173,146,146,146,84.39,True,6.85,ТИХОНОВА Алёна Владимировна,33,22.6,ОЛЕКСЮК Василий Григорьевич,23,15.75,ОСТРОХИШКО Елена Петровна,22,15.07
Ростовская область,61,MUNICIPAL,mun_sm,"Муниципальный совет, одномандатный округ",Выборы депутатов Собрания депутатов  Верхнесоленовского сельского поселения шестого созыва,Верхнесоленовский многомандатный № 2,1,1,4,36,34,34,34,94.44,True,2.94,ЧЕТИНА Инна Тенгизовна,10,29.41,СТРЕЛЬЦОВ Александр Викторович,9,26.47,СЕРДЮКОВ Дмитрий Александрович,8,23.53
Ростовская область,61,MUNICIPAL,mun_sm,"Муниципальный совет, одномандатный округ",Выборы депутатов Собрания депутатов  Верхнесоленовского сельского поселения шестого созыва,Верхнесоленовский многомандатный № 4,1,1,4,129,114,113,113,88.37,True,0.88,САМОХИН Сергей Михайлович,46,40.71,СУХОВА Елизавета Васильевна,45,39.82,ПОДРОЙКИН Владимир Васильевич,13,11.5
Ростовская область,61,MUNICIPAL,mun_sm,"Муниципальный совет, одномандатный округ",Выборы депутатов Собрания депутатов  Верхнесоленовского сельского поселения шестого созыва,Верхнесоленовский одномандатный № 3,1,1,3,42,38,38,38,90.48,True,5.26,ЛИННИК Сергей Владимирович,17,44.74,ПЛЕТНЕВА Светлана Ивановна,15,39.47,КАРАЕВ Саид Абдурашитович,6,15.79
Ростовская область,61,MUNICIPAL,mun_mm,"Муниципальный совет, многомандатный округ",Выборы депутатов Собрания депутатов  Хомутовского сельского поселения шестого созыва,Хомутовский десятимандатный,1,10,14,75,69,69,356,92.0,True,0.28,КВАШНИНА Юлия Сергеевна,41,11.52,ЛОМАКИН Николай Николаевич,39,10.96,ШИЛО Юлия Юрьевна,35,9.83
Ростовская область,61,MUNICIPAL,mun_mm,"Муниципальный совет, многомандатный округ",Выборы депутатов Собрания депутатов Авиловского сельского поселения шестого созыва,Авиловский,1,7,9,53,52,52,193,98.11,True,8.29,РАЗДОРОВА Татьяна Александровна,28,14.51,БАСКАКОВА Анна Алексеевна,26,13.47,КРАСНЯНСКИЙ Александр Николаевич,25,12.95
Ростовская область,61,MUNICIPAL,mun_mm,"Муниципальный совет, многомандатный округ",Выборы депутатов Собрания депутатов Ажиновского сельского поселения шестого созыва,Ажиновский многомандатный избирательный округ,1,10,12,196,173,172,598,88.27,True,2.84,ГАЛУШКИНА Анна Александровна,69,11.54,ВОРОБЦОВА Татьяна Сергеевна,63,10.54,УШКАЛОВА Наталья Андреевна,60,10.03
Ростовская область,61,MUNICIPAL,mun_sm,"Муниципальный совет, одномандатный округ",Выборы депутатов Собрания депутатов Аксайского городского поселения шестого созыва,Аксайский одномандатный избирательный округ №1,1,1,3,290,244,242,242,84.14,True,44.63,НИКУЛИН Александр Иванович,165,68.18,ГЕРАСИМЕНКО Ринат Артемович,57,23.55,САЙФУЛИН Николай Нурейахметович,20,8.26
Ростовская область,61,MUNICIPAL,mun_sm,"Муниципальный совет, одномандатный округ",Выборы депутатов Собрания депутатов Аксайского городского поселения шестого созыва,Аксайский одномандатный избирательный округ №10,1,1,4,159,135,132,132,84.91,True,23.48,ПРОСКУРНИНА Лариса Алексеевна,60,45.45,ГАЗАЛОВ Алексей Владимирович,29,21.97,КИРЕЕВ Нил Олегович,22,16.67
Ростовская область,61,MUNICIPAL,mun_sm,"Муниципальный совет, одномандатный округ",Выборы депутатов Собрания депутатов Аксайского городского поселения шестого созыва,Аксайский одномандатный избирательный округ №11,1,1,3,192,166,164,164,86.46,True,17.68,ЧЕБОТАРЕВА Екатерина Сергеевна,79,48.17,БЕРЛИЗОВ Виталий Анатольевич,50,30.49,МАРТЕМЬЯНОВА Светлана Викторовна,35,21.34
Ростовская область,61,MUNICIPAL,mun_sm,"Муниципальный совет, одномандатный округ",Выборы депутатов Собрания депутатов Аксайского городского поселения шестого созыва,Аксайский одномандатный избирательный округ №12,1,1,3,135,119,117,117,88.15,True,11.97,ГРИБОВ Сергей Сергеевич,50,42.74,КОСТРИКОВ Степан Александрович,36,30.77,СИДАШ Наталья Васильевна,31,26.5
Ростовская область,61,MUNICIPAL,mun_sm,"Муниципальный совет, одномандатный округ",Выборы депутатов Собрания депутатов Аксайского городского поселения шестого созыва,Аксайский одномандатный избирательный округ №13,1,1,5,165,146,142,142,88.48,True,7.75,ОСТАПЕНКО Мария Евгеньевна,48,33.8,КОЗЛОВ Андрей Сергеевич,37,26.06,ОРЛОВ Григорий Александрович,33,23.24
Ростовская область,61,MUNICIPAL,mun_sm,"Муниципальный совет, одномандатный округ",Выборы депутатов Собрания депутатов Аксайского городского поселения шестого созыва,Аксайский одномандатный избирательный округ №14,1,1,3,113,98,97,97,86.73,True,28.87,КОМКИН Олег Юрьевич,52,53.61,БУРКИН Антон Сергеевич,24,24.74,АЗАРОВ Вячеслав Сергеевич,21,21.65
Ростовская область,61,MUNICIPAL,mun_sm,"Муниципальный совет, одномандатный округ",Выборы депутатов Собрания депутатов Аксайского городского поселения шестого созыва,Аксайский одномандатный избирательный округ №15,1,1,4,151,130,128,128,86.09,True,16.41,НЕМКОВ Евгений Викторович,58,45.31,БЕЛИК Андрей Александрович,37,28.91,ПСЮКАЛОВ Владимир Дмитриевич,18,14.06
Ростовская область,61,MUNICIPAL,mun_sm,"Муниципальный совет, одномандатный округ",Выборы депутатов Собрания депутатов Аксайского городского поселения шестого созыва,Аксайский одномандатный избирательный округ №16,1,1,2,117,100,98,98,85.47,True,4.08,КОМКИН Никита Олегович,51,52.04,ОСЬМИНИНА Светлана Геннадьевна,47,47.96,,,
Ростовская область,61,MUNICIPAL,mun_sm,"Муниципальный совет, одномандатный округ",Выборы депутатов Собрания депутатов Аксайского городского поселения шестого созыва,Аксайский одномандатный избирательный округ №17,1,1,2,135,108,107,107,80.0,True,2.8,СТЕШИН Олег Иванович,55,51.4,КРАВЧЕНКО Елена Валерьевна,52,48.6,,,
Ростовская область,61,MUNICIPAL,mun_sm,"Муниципальный совет, одномандатный округ",Выборы депутатов Собрания депутатов Аксайского городского поселения шестого созыва,Аксайский одномандатный избирательный округ №18,1,1,3,143,126,124,124,88.11,True,8.87,ДРАГИН Константин Анатольевич,49,39.52,ВОЛОВОДОВ Христо Янисович,38,30.65,ЕНГИБАРЯН Роман Алексеевич,37,29.84
Ростовская область,61,MUNICIPAL,mun_sm,"Муниципальный совет, одномандатный округ",Выборы депутатов Собрания депутатов Аксайского городского поселения шестого созыва,Аксайский одномандатный избирательный округ №19,1,1,2,143,123,120,120,86.01,True,1.67,ФЛЮТА Людмила Николаевна,61,50.83,ВИЗИНСКАЯ Юлия Александровна,59,49.17,,,
Ростовская область,61,MUNICIPAL,mun_sm,"Муниципальный совет, одномандатный округ",Выборы депутатов Собрания депутатов Аксайского городского поселения шестого созыва,Аксайский одномандатный избирательный округ №2,1,1,3,256,215,210,210,83.98,True,4.29,НАЗАРЕНКО Надежда Валентиновна,88,41.9,ДУБОВСКАЯ Елена Евгеньевна,79,37.62,КРАЕВСКИЙ Никита Алексеевич,43,20.48
Ростовская область,61,MUNICIPAL,mun_sm,"Муниципальный совет, одномандатный округ",Выборы депутатов Собрания депутатов Аксайского городского поселения шестого созыва,Аксайский одномандатный избирательный округ №20,1,1,3,236,200,197,197,84.75,True,28.43,ГЛУХОДЕД Валентин Петрович,115,58.38,ЯКОВЛЕВ Иван Алексеевич,59,29.95,АБДУЛАМИДОВ Мурат Абдурошидович,23,11.68
Ростовская область,61,MUNICIPAL,mun_sm,"Муниципальный совет, одномандатный округ",Выборы депутатов Собрания депутатов Аксайского городского поселения шестого созыва,Аксайский одномандатный избирательный округ №21,1,1,2,390,258,251,251,66.15,True,34.66,КУЛЕШОВ Антон Викторович,169,67.33,ХАРТЮНОВ Алексей Алексеевич,82,32.67,,,
Ростовская область,61,MUNICIPAL,mun_sm,"Муниципальный совет, одномандатный округ",Выборы депутатов Собрания депутатов Аксайского городского поселения шестого созыва,Аксайский одномандатный избирательный округ №3,1,1,2,199,171,170,170,85.93,True,1.18,МИХЕЕВ Алексей Федорович,86,50.59,НАБОКА Дмитрий Игоревич,84,49.41,,,
Ростовская область,61,MUNICIPAL,mun_sm,"Муниципальный совет, одномандатный округ",Выборы депутатов Собрания депутатов Аксайского городского поселения шестого созыва,Аксайский одномандатный избирательный округ №4,1,1,3,174,144,144,144,82.76,True,36.81,ЩЕРБАКОВ Андрей Юрьевич,88,61.11,ДМИТРИЕВ Николай Алексеевич,35,24.31,ЗАБАНОВ Андрей Романович,21,14.58
Ростовская область,61,MUNICIPAL,mun_sm,"Муниципальный совет, одномандатный округ",Выборы депутатов Собрания депутатов Аксайского городского поселения шестого созыва,Аксайский одномандатный избирательный округ №5,1,1,3,229,196,192,192,85.59,True,8.85,АЙРАПЕТОВ Георгий Арамович,84,43.75,ЛАЗУТКИН Константин Николаевич,67,34.9,РЫКОВСКИЙ Никита Романович,41,21.35
Ростовская область,61,MUNICIPAL,mun_sm,"Муниципальный совет, одномандатный округ",Выборы депутатов Собрания депутатов Аксайского городского поселения шестого созыва,Аксайский одномандатный избирательный округ №6,1,1,3,230,208,206,206,90.43,True,40.78,ШАЛАЙ Александр Святославович,125,60.68,НИКИТИН Алексей Сергеевич,41,19.9,КУЗЬМИН Владимир Васильевич,40,19.42
Ростовская область,61,MUNICIPAL,mun_sm,"Муниципальный совет, одномандатный округ",Выборы депутатов Собрания депутатов Аксайского городского поселения шестого созыва,Аксайский одномандатный избирательный округ №7,1,1,2,158,139,138,138,87.97,True,24.64,ЗАЛЕПУХИН Вадим Олегович,86,62.32,ЕЦКОВ Дмитрий Александрович,52,37.68,,,
Ростовская область,61,MUNICIPAL,mun_sm,"Муниципальный совет, одномандатный округ",Выборы депутатов Собрания депутатов Аксайского городского поселения шестого созыва,Аксайский одномандатный избирательный округ №8,1,1,3,172,148,145,145,86.05,True,30.34,ПАШКЕВИЧ Александр Иванович,79,54.48,ТОЛУБАЕВ Артем Евгеньевич,35,24.14,ШТРЫКОВ Владимир Сергеевич,31,21.38
Ростовская область,61,MUNICIPAL,mun_sm,"Муниципальный совет, одномандатный округ",Выборы депутатов Собрания депутатов Аксайского городского поселения шестого созыва,Аксайский одномандатный избирательный округ №9,1,1,4,163,147,146,146,90.18,True,6.85,ЕФРЕМОВ Александр Геннадьевич,59,40.41,ЗАВЬЯЛОВ Виктор Алексеевич,49,33.56,ВДОВИН Артур Юрьевич,23,15.75
Ростовская область,61,MUNICIPAL,mun_mm,"Муниципальный совет, многомандатный округ",Выборы депутатов Собрания депутатов Александровского сельского поселения шестого созыва,Александровский,1,7,9,40,35,35,176,87.5,True,4.55,ДАНИЛКИН Андрей Владимирович,30,17.05,ДОНСКОВА Любовь Викторовна,26,14.77,ДОНСКОВА Татьяна Николаевна,24,13.64
Ростовская область,61,MUNICIPAL,mun_mm,"Муниципальный совет, многомандатный округ",Выборы депутатов Собрания депутатов Александровского сельского поселения шестого созыва,Александровский пятимандатный избирательный округ № 1,1,5,17,117,107,106,321,91.45,True,1.87,ОСТАПЕЦ Елена Анатольевна,63,19.63,ПАХЧАНЯН Айрапет Арташесович,48,14.95,ПОДРОЙКИН Денис Владимирович,39,12.15
Ростовская область,61,MUNICIPAL,mun_mm,"Муниципальный совет, многомандатный округ",Выборы депутатов Собрания депутатов Александровского сельского поселения шестого созыва,Александровский пятимандатный избирательный округ № 2,1,5,16,123,98,97,312,79.67,True,0.64,ПОДУШКО Иван Андреевич,54,17.31,МАРЧЕНКО Сергей Николаевич,46,14.74,СТЕТЮХА Светлана Ивановна,35,11.22
Ростовская область,61,MUNICIPAL,mun_mm,"Муниципальный совет, многомандатный округ",Выборы депутатов Собрания депутатов Алексеево-Лозовского сельского поселения Чертковского района Ростовской области шестого созыва,Алексеево-Лозовский,1,10,14,230,206,199,680,89.57,True,0.15,МАСАЛОВ Алексей Леонидович,104,15.29,АНДРИЕНКО Василий Анатольевич,76,11.18,ЗУБЧЕНКО Ирина Анатольевна,58,8.53
Ростовская область,61,MUNICIPAL,mun_mm,"Муниципальный совет, многомандатный округ",Выборы депутатов Собрания депутатов Алексеевского сельского поселения шестого созыва,Алексеевский,1,7,9,48,42,41,166,87.5,True,3.01,АНДРЕЕНКОВ Максим Николаевич,30,18.07,ГОРЯЧЕВ Святослав Александрович,24,14.46,ПЛЕШАКОВ Владимир Анатольевич,22,13.25
Ростовская область,61,MUNICIPAL,mun_mm,"Муниципальный совет, многомандатный округ",Выборы депутатов Собрания депутатов Алексеевского сельского поселения шестого созыва,Алексеевский десятимандатный избирательный округ №1,1,10,14,236,201,197,632,85.17,True,0.16,АНТОНЕНКО Людмила Анатольевна,76,12.03,ВОЙТЕНКО Галина Александровна,69,10.92,САГАЙДАЧНЫЙ Александр Александрович,63,9.97
Ростовская область,61,MUNICIPAL,mun_mm,"Муниципальный совет, многомандатный округ",Выборы депутатов Собрания депутатов Анастасиевского сельского поселения шестого созыва,Анастасиевский десятимандатный избирательный округ №1,1,10,17,180,152,149,568,84.44,True,0.35,ГАВРИКОВ Григорий Михайлович,63,11.09,НИКУЛИНА Елена Геннадиевна,53,9.33,ЯЦЕНКО Галина Васильевна,50,8.8
Ростовская область,61,MUNICIPAL,mun_sm,"Муниципальный совет, одномандатный округ",Выборы депутатов Собрания депутатов Андреево-Мелентьевского сельского поселения Неклиновского района Ростовской области шестого созыва,Андреево-Мелентьевский одномандатный избирательный округ,10,1,26,226,212,212,212,93.81,True,2.83,Хруленко Элла Анатольевна,26,12.26,Серебрякова Елена Анатольевна,20,9.43,Неткачев Алексей Васильевич,19,8.96
Ростовская область,61,MUNICIPAL,mun_mm,"Муниципальный совет, многомандатный округ",Выборы депутатов Собрания депутатов Андреевского сельского поселения шестого созыва,Андреевский десятимандатный избирательный округ,1,10,14,36,32,32,161,88.89,True,3.73,КОНДРАШОВ Дмитрий Викторович,20,12.42,РУДНИКОВА Светлана Васильевна,19,11.8,ПОЛКОВНИКОВА Наталья Афанасьевна,16,9.94
Ростовская область,61,MUNICIPAL,mun_mm,"Муниципальный совет, многомандатный округ",Выборы депутатов Собрания депутатов Апаринского сельского поселения шестого созыва,Апаринский,1,10,17,274,266,265,1351,97.08,True,1.7,ФРОЛОВ Андрей Ильич,133,9.84,ПЯТНИЦКАЯ Ирина Викторовна,114,8.44,ЧЕПЕЛЮГИН Иван Алексеевич,110,8.14
Ростовская область,61,MUNICIPAL,mun_mm,"Муниципальный совет, многомандатный округ",Выборы депутатов Собрания депутатов Артемовского сельского поселения Октябрьского района Ростовской области шестого созыва,Артемовский пятимандатный избирательный округ №1,1,5,10,107,91,91,209,85.05,True,0.0,БАЛЕСТА Елена Анатольевна,32,15.31,БОНДАРЕВ Павел Иванович,32,15.31,ЗАГОРУЛЬКО Сергей Васильевич,30,14.35
Ростовская область,61,MUNICIPAL,mun_mm,"Муниципальный совет, многомандатный округ",Выборы депутатов Собрания депутатов Артемовского сельского поселения Октябрьского района Ростовской области шестого созыва,Артемовский пятимандатный избирательный округ №2,1,5,7,98,83,83,186,84.69,True,0.54,ЦУРИКОВ Александр Дмитриевич,45,24.19,СИТНИКОВА Валентина Васильевна,30,16.13,ЛИТВИНОВА Елена Борисовна,29,15.59
Ростовская область,61,MUNICIPAL,mun_mm,"Муниципальный совет, многомандатный округ",Выборы депутатов Собрания депутатов Астаховского сельского поселения шестого созыва,Астаховский пятимандатный избирательный округ,2,5,20,160,144,143,335,90.0,True,0.3,БЕСЧЕТНОВ Евгений Александрович,39,11.64,ПАЛКИНА Виктория Владимировна,30,8.96,САЛТЫКОВА Алена Николаевна,27,8.06
Ростовская область,61,MUNICIPAL,mun_mm,"Муниципальный совет, многомандатный округ",Выборы депутатов Собрания депутатов Багаевского сельского поселения шестого созыва,Багаевский многомандатный избирательный округ № 1,1,5,12,423,388,384,696,91.73,True,0.29,СОЛОНЕНКО Наталия Витальевна,147,21.12,ЛЕВАНЧУК Наталия Анатольевна,136,19.54,ТОЛОК Людмила Георгиевна,87,12.5
Ростовская область,61,MUNICIPAL,mun_mm,"Муниципальный совет, многомандатный округ",Выборы депутатов Собрания депутатов Багаевского сельского поселения шестого созыва,Багаевский многомандатный избирательный округ № 2,1,5,10,518,481,467,867,92.86,True,3.23,ЧЕРНОБРОВКИНА Ирина Ивановна,137,15.8,ПУЗИНА Людмила Владимировна,129,14.88,ПОПОВА Татьяна Ивановна,122,14.07
Ростовская область,61,MUNICIPAL,mun_mm,"Муниципальный совет, многомандатный округ",Выборы депутатов Собрания депутатов Багаевского сельского поселения шестого созыва,Багаевский многомандатный избирательный округ № 3,1,5,7,365,332,330,552,90.96,True,1.45,ГОРКОВЕНКО Владимир Алексеевич,140,25.36,КАЙГОРОДЦЕВА Виктория Владимировна,102,18.48,ВЛАДИМИРОВ Максим Геннадиевич,77,13.95
Ростовская область,61,MUNICIPAL,mun_mm,"Муниципальный совет, многомандатный округ",Выборы депутатов Собрания депутатов Базковского сельского поселения шестого созыва,Базковский десятимандатный избирательный округ №1,1,10,19,329,306,303,1046,93.01,True,0.29,АФАНАСЬЕВ Сергей Петрович,127,12.14,ЛОЗОВЕНКО Алексей Борисович,111,10.61,МАНАКОВ Сергей Анатольевич,94,8.99
Ростовская область,61,MUNICIPAL,mun_mm,"Муниципальный совет, многомандатный округ",Выборы депутатов Собрания депутатов Бакланниковского сельского поселения Семикаракорского района Ростовской области шестого созыва,Бакланниковский многомандатный избирательный округ,1,10,12,160,148,145,391,92.5,True,2.81,ТАРХАНОВ Артур Сергеевич,56,14.32,КОШЕЛЬ Ольга Владимировна,51,13.04,СЕМЕРНИКОВА Инга Гочаевна,46,11.76
Ростовская область,61,MUNICIPAL,mun_mm,"Муниципальный совет, многомандатный округ",Выборы депутатов Собрания депутатов Балко-Грузского сельского поселения шестого созыва,Балко-Грузский,1,10,18,70,59,59,263,84.29,True,0.38,КАЛАШНИКОВ Анатолий Сергеевич,35,13.31,ФРОЛОВ Николай Иванович,28,10.65,МИРОШНИКОВА Елена Николаевна,21,7.98
Ростовская область,61,MUNICIPAL,mun_mm,"Муниципальный совет, многомандатный округ",Выборы депутатов Собрания депутатов Барабанщиковского сельского поселения шестого созыва,Барабанщиковский десятимандатный избирательный округ,1,10,13,68,57,57,244,83.82,True,2.46,ВЕСЕЛЕВ Валерий Викторович,25,10.25,РОЖКОВА Ирина Борисовна,25,10.25,ВАСИЛЬЕВА Анна Михайловна,24,9.84
Ростовская область,61,MUNICIPAL,mun_mm,"Муниципальный совет, многомандатный округ",Выборы депутатов Собрания депутатов Барило-Крепинского сельского поселения шестого созыва,Барило-Крепинский многомандатный избирательный округ №1,1,10,17,268,241,239,1056,89.93,True,0.28,АХМЕДОВ Нуриддин Алипашаевич,136,12.88,АНЦИБОР Екатерина Викторовна,119,11.27,ВАСИЛЬЧЕНКО Валентин Петрович,101,9.56
Ростовская область,61,MUNICIPAL,mun_mm,"Муниципальный совет, многомандатный округ",Выборы депутатов Собрания депутатов Белокалитвинского городского поселения шестого созыва,Белокалитвинский многомандатный избирательный округ №1,1,3,8,533,491,488,826,92.12,True,0.73,ЛЫМАРЕВА Римма Сергеевна,203,24.58,АБАШИН Александр Васильевич,159,19.25,ЗАДВИНСКИЙ Олег Анатольевич,106,12.83
Ростовская область,61,MUNICIPAL,mun_mm,"Муниципальный совет, многомандатный округ",Выборы депутатов Собрания депутатов Белокалитвинского городского поселения шестого созыва,Белокалитвинский многомандатный избирательный округ №2,1,3,8,517,471,467,770,91.1,True,1.43,ЕФИМАКО Вячеслав Николаевич,181,23.51,НУЖНОВА Стелла Викторовна,104,13.51,ТАРГОНСКИЙ Юрий Борисович,102,13.25
Ростовская область,61,MUNICIPAL,mun_mm,"Муниципальный совет, многомандатный округ",Выборы депутатов Собрания депутатов Белокалитвинского городского поселения шестого созыва,Белокалитвинский многомандатный избирательный округ №3,1,3,6,471,423,417,628,89.81,True,1.43,ГРИДНЕВ Петр Станиславович,124,19.75,БУБНОВ Игорь Александрович,120,19.11,ЛОЩИЛОВА Наталья Николаевна,112,17.83
Ростовская область,61,MUNICIPAL,mun_mm,"Муниципальный совет, многомандатный округ",Выборы депутатов Собрания депутатов Белокалитвинского городского поселения шестого созыва,Белокалитвинский многомандатный избирательный округ №4,1,3,6,578,533,531,882,92.21,True,0.57,ДЕМЧЕНКО Марина Владимировна,209,23.7,ГУДУКИН Антон Владимирович,165,18.71,БЛАТМАН Анатолий Леонидович,135,15.31
Ростовская область,61,MUNICIPAL,mun_mm,"Муниципальный совет, многомандатный округ",Выборы депутатов Собрания депутатов Белокалитвинского городского поселения шестого созыва,Белокалитвинский многомандатный избирательный округ №5,1,3,10,719,664,660,1122,92.35,True,4.46,БАРАНОВА Наталья Сергеевна,169,15.06,БУРЛАКОВА Ольга Владимировна,161,14.35,ЗОЛОТАРЕВ Андрей Иванович,157,13.99
Ростовская область,61,MUNICIPAL,mun_mm,"Муниципальный совет, многомандатный округ",Выборы депутатов Собрания депутатов Бессергеневского сельского поселения Октябрьского района Ростовской области шестого созыва,Бессергеневский десятимандатный избирательный округ №1,1,10,19,334,293,290,1472,87.72,True,5.77,РУБЦОВ Юрий Николаевич,162,11.01,КИСЛЯКОВА Елена Михайловна,157,10.67,СВЕТОВОЙ Вячеслав Валерьевич,157,10.67
Ростовская область,61,MUNICIPAL,mun_mm,"Муниципальный совет, многомандатный округ",Выборы депутатов Собрания депутатов Богдановского сельского поселения шестого созыва,Богдановский пятимандатный избирательный округ,2,5,19,258,233,231,528,90.31,True,0.38,ЖУР Иван Александрович,50,9.47,ГОРБАЧЕВ Руслан Владимирович,46,8.71,РАЙ Татьяна Александровна,44,8.33
Ростовская область,61,MUNICIPAL,mun_mm,"Муниципальный совет, многомандатный округ",Выборы депутатов Собрания депутатов Богородицкого сельского поселения шестого созыва,Многомандатный избирательный округ №1,1,10,12,87,82,81,425,94.25,True,1.41,ЛЕПЁШКИНА Лариса Викторовна,48,11.29,КВАЧЁВ Дмитрий Алексеевич,44,10.35,МАРАКОВ Станислав Викторович,42,9.88
Ростовская область,61,MUNICIPAL,mun_mm,"Муниципальный совет, многомандатный округ",Выборы депутатов Собрания депутатов Богоявленского сельского поселения шестого созыва,Богоявленский,1,10,12,142,131,128,476,92.25,True,0.21,ЮДИН Владимир Алексеевич,64,13.45,САМБУРОВ Юрий Иванович,64,13.45,БЕРЕЗУЦКИЙ Александр Николаевич,44,9.24
Ростовская область,61,MUNICIPAL,mun_mm,"Муниципальный совет, многомандатный округ",Выборы депутатов Собрания депутатов Богураевского сельского поселения шестого созыва,Богураевский многомандатный избирательный округ №1,1,10,15,205,192,188,543,93.66,True,0.0,ЦЫБУЛЕВСКИЙ Александр Викторович,65,11.97,ШИРЯЕВА Янина Сергеевна,51,9.39,ФЕТИСОВ Николай Григорьевич,49,9.02
Ростовская область,61,MUNICIPAL,mun_mm,"Муниципальный совет, многомандатный округ",Выборы депутатов Собрания депутатов Божковского сельского поселения шестого созыва,Божковский многомандатный избирательный округ №1,1,10,13,206,174,172,757,84.47,True,0.66,НИКИТЕНКО Елена Николаевна,78,10.3,РОМАНОВ Роман Владимирович,73,9.64,САФРОНОВ Владимир Михайлович,68,8.98
Ростовская область,61,MUNICIPAL,mun_mm,"Муниципальный совет, многомандатный округ",Выборы депутатов Собрания депутатов Боковского сельского поселения Боковского района шестого созыва,Боковский многомандатный избирательный округ №1,1,10,15,400,369,366,1257,92.25,True,0.32,АЛЕЙНИКОВ Максим Михайлович,136,10.82,ТОКИНА Светлана Николаевна,129,10.26,КАРТАШОВ Алексей Анатольевич,129,10.26
Ростовская область,61,MUNICIPAL,mun_mm,"Муниципальный совет, многомандатный округ",Выборы депутатов Собрания депутатов Болдыревского сельского поселения шестого созыва,Болдыревский многомандатный избирательный округ №1,1,5,9,66,62,62,227,93.94,True,9.25,КЛИМОНТОВ Александр Александрович,43,18.94,РУДЕНКО Александр Владимирович,43,18.94,ПРИХОДЬКО Петр Васильевич,41,18.06
Ростовская область,61,MUNICIPAL,mun_mm,"Муниципальный совет, многомандатный округ",Выборы депутатов Собрания депутатов Болдыревского сельского поселения шестого созыва,Дарьевский многомандатный избирательный округ №2,1,5,7,54,48,48,132,88.89,True,0.76,СКОКОВА Людмила Павловна,28,21.21,БЕЛОВОЛОВ Александр Стефанович,27,20.45,СЕРГИЕНКО Елена Александровна,21,15.91
Ростовская область,61,MUNICIPAL,mun_mm,"Муниципальный совет, многомандатный округ",Выборы депутатов Собрания депутатов Большекирсановского сельского поселения шестого созыва,Большекирсановский десятимандатный избирательный округ №1,1,10,12,125,108,107,412,86.4,True,1.21,НАДИРЯН Карен Гургенович,50,12.14,ПОЛЕНЦОВ Юрий Алексеевич,49,11.89,ПОЛЕНЦОВА Алла Александровна,46,11.17
Ростовская область,61,MUNICIPAL,mun_mm,"Муниципальный совет, многомандатный округ",Выборы депутатов Собрания депутатов Большекрепинского сельского поселения шестого созыва,Большекрепинский многомандатный избирательный округ №1,1,10,17,214,186,183,1121,86.92,True,4.46,МАНДРЫКИНА Ольга Александровна,103,9.19,ИГНАТЕНКО Владимир Петрович,101,9.01,ГРИГОРОВА Юлия Ивановна,101,9.01
Ростовская область,61,MUNICIPAL,mun_mm,"Муниципальный совет, многомандатный округ",Выборы депутатов Собрания депутатов Большелогского сельского поселения шестого созыва,Большелогский многомандатный избирательный округ №1,1,5,17,459,394,386,813,85.84,True,1.48,МЕЛЕХОВ Александр Сергеевич,114,14.02,ГУДЗЕНКО Надежда Анатольевна,103,12.67,ВАСИЛЬЧУКОВА Татьяна Викторовна,94,11.56
Ростовская область,61,MUNICIPAL,mun_mm,"Муниципальный совет, многомандатный округ",Выборы депутатов Собрания депутатов Большелогского сельского поселения шестого созыва,Большелогский многомандатный избирательный округ №2,1,6,15,368,319,312,574,86.68,True,0.0,БАГАНЦОВА Виктория Викторовна,67,11.67,ЖЕРЖИК Дмитрий Геннадьевич,56,9.76,ЧЕКАНОВ Александр Александрович,49,8.54
Ростовская область,61,MUNICIPAL,mun_mm,"Муниципальный совет, многомандатный округ",Выборы депутатов Собрания депутатов Большелогского сельского поселения шестого созыва,Большелогский многомандатный избирательный округ №3,1,4,9,311,266,263,448,85.53,True,0.0,ГУСЕВ Иван Васильевич,114,25.45,МИРОШНИКОВА Елена Алексеевна,67,14.96,САДОВНИКОВ Алексей Дмитриевич,52,11.61
Ростовская область,61,MUNICIPAL,mun_mm,"Муниципальный совет, многомандатный округ",Выборы депутатов Собрания депутатов Большемечетновского сельского поселения Семикаракорского района Ростовской области шестого созыва,Большемечетновский  многомандатный избирательный округ,1,10,12,225,209,205,476,92.89,True,0.21,ФИНЕНКО Елена Дмитриевна,76,15.97,ГОЛОВАТОВ Сергей Викторович,64,13.45,ИСАЕВ Баходир Пашаевич,52,10.92
Ростовская область,61,MUNICIPAL,mun_sm,"Муниципальный совет, одномандатный округ",Выборы депутатов Собрания депутатов Большенеклиновского сельского поселения Неклиновского района Ростовской области шестого созыва,Большенеклиновский одномандатный избирательный округ,10,1,22,196,181,181,181,92.35,True,1.66,Сычева Анжелика Валерьевна,25,13.81,Колесникова Татьяна Александровна,22,12.15,Гончарова Ольга Сергеевна,16,8.84
Ростовская область,61,MUNICIPAL,mun_mm,"Муниципальный совет, многомандатный округ",Выборы депутатов Собрания депутатов Большеорловского сельского поселения шестого созыва,Большеорловский,1,10,11,188,169,167,478,89.89,True,0.63,ПАРПУЛА Виктория Валериевна,74,15.48,МОИСЕЕНКО Наталья Владимировна,58,12.13,ЛУЦЕНКО Татьяна Юрьевна,57,11.92
Ростовская область,61,MUNICIPAL,mun_mm,"Муниципальный совет, многомандатный округ",Выборы депутатов Собрания депутатов Большесальского сельского поселения Мясниковского района Ростовской области шестого созыва,Большесальский,2,5,16,181,159,156,377,87.85,True,0.0,ПОПОВЯН Шушаник Каспаровна,38,10.08,МИРЗОЯН Алексей Геворкович,37,9.81,ЧОБАНЯН Торос Матеосович,34,9.02
Ростовская область,61,MUNICIPAL,mun_mm,"Муниципальный совет, многомандатный округ",Выборы депутатов Собрания депутатов Большеталовского сельского поселения Зерноградского района Ростовской области шестого созыва,Большеталовский десятимандатный,1,10,18,52,48,48,301,92.31,True,0.33,ГОВОРУНОВА Галина Николаевна,35,11.63,ТЯГУНОВА Людмила Ивановна,28,9.3,ПОПИЕВА Ольга Васильевна,25,8.31
Ростовская область,61,MUNICIPAL,mun_mm,"Муниципальный совет, многомандатный округ",Выборы депутатов Собрания депутатов Большинского сельского поселения шестого созыва,Большинский десятимандатный избирательный округ,1,10,12,28,28,27,89,100.0,True,0.0,ЖУКОВ Александр Николаевич,16,17.98,ЛОГВИНОВ Евгений Викторович,13,14.61,БЕЛЯЕВ Александр Вячеславович,10,11.24
Ростовская область,61,MUNICIPAL,mun_mm,"Муниципальный совет, многомандатный округ",Выборы депутатов Собрания депутатов Буденновского сельского поселения шестого созыва,Буденновский,1,10,13,73,64,64,153,87.67,True,0.65,ИВАНОВА Анна Владимировна,24,15.69,ЧИЖ Валерий Анатольевич,17,11.11,ВОЛОДИНА Ольга Васильевна,17,11.11
Ростовская область,61,MUNICIPAL,mun_mm,"Муниципальный совет, многомандатный округ",Выборы депутатов Собрания депутатов Валуевского сельского поселения Ремонтненского района Ростовской области шестого созыва по Валуевскому многомандатному избирательному округу,Валуевский десятимандатный избирательный округ,1,10,13,13,11,11,78,84.62,True,2.56,АСАНОВ Аслан Аслудинович,9,11.54,АБДУЛЛАЕВ Магомед Никамагомедович,8,10.26,ЕВСЕЕВА Галина Александровна,8,10.26
Ростовская область,61,MUNICIPAL,mun_sm,"Муниципальный совет, одномандатный округ",Выборы депутатов Собрания депутатов Вареновского сельского поселения Неклиновского оайона Ростовской области шестого созыва,Вареновский одномандатный избирательный округ,10,1,26,290,239,236,236,82.41,True,0.42,Бирюков Роман Анатольевич,24,10.17,Смалько Богдан Александрович,23,9.75,Чернышова Анна Ивановна,18,7.63
Ростовская область,61,MUNICIPAL,mun_sm,"Муниципальный совет, одномандатный округ",Выборы депутатов Собрания депутатов Васильево-Ханжоновского сельского поселения Неклиновского района Ростовской области шестого созыва,Васильево-Ханжоновский одномандатный избирательный округ,10,1,25,102,92,91,91,90.2,True,1.1,Васильева Анна Александровна,13,14.29,Стародубский Алексей Николаевич,12,13.19,Комашня Светлана Ивановна,11,12.09
Ростовская область,61,MUNICIPAL,mun_mm,"Муниципальный совет, многомандатный округ",Выборы депутатов Собрания депутатов Вербовологовского сельского поселения шестого созыва,Вербовологовский десятимандатный избирательный округ,1,10,12,48,44,43,202,91.67,True,1.98,КУРМАНАЛИЕВ Виктор Исламович,27,13.37,ВЛАСОВА Ольга Валерьевна,22,10.89,ЕГОРОВА Антонина Васильевна,19,9.41
Ростовская область,61,MUNICIPAL,mun_mm,"Муниципальный совет, многомандатный округ",Выборы депутатов Собрания депутатов Верхнекундрюченского сельского поселения шестого созыва,Верхнекундрюченский,1,10,13,144,133,132,857,92.36,True,0.23,АГАФОНОВА Наталья Юрьевна,85,9.92,ЧЕРЕМИСОВ Виталий Викторович,82,9.57,МУРЗИН Александр Михайлович,78,9.1
Ростовская область,61,MUNICIPAL,mun_mm,"Муниципальный совет, многомандатный округ",Выборы депутатов Собрания депутатов Верхнемакеевского сельского поселения шестого созыва,Верхнемакеевский многомандатный избирательный округ,1,10,12,96,92,91,294,95.83,True,1.7,ЧЕРНУХА Сергей Васильевич,35,11.9,БАРСУКОВА Ольга Владимировна,32,10.88,БЕРЕЖНОВА Надежда Павловна,32,10.88
Ростовская область,61,MUNICIPAL,mun_mm,"Муниципальный совет, многомандатный округ",Выборы депутатов Собрания депутатов Верхнеобливского сельского поселения шестого созыва,Верхнеобливский многомандатный избирательный округ,1,10,12,69,66,66,393,95.65,True,1.53,ШИЛОВА Елена Николаевна,42,10.69,ШКОБУРА Юлия Андреевна,41,10.43,АНТИМЕНКО Светлана Сергеевна,40,10.18
Ростовская область,61,MUNICIPAL,mun_mm,"Муниципальный совет, многомандатный округ",Выборы депутатов Собрания депутатов Верхнеподпольненского сельского поселения шестого созыва,Верхнеподпольненский многомандатный избирательный округ №1,1,10,23,149,128,127,363,85.91,True,0.28,КОШЕВИЧ Андрей Васильевич,35,9.64,ЗЕРЩИКОВА Тамара Валентиновна,32,8.82,ГОЛОВИН Алексей Валерьевич,28,7.71
Ростовская область,61,MUNICIPAL,mun_mm,"Муниципальный совет, многомандатный округ",Выборы депутатов Собрания депутатов Верхнесвечниковского сельского поселения шестого созыва,Верхнесвечниковский многомандатный избирательный округ,1,10,12,101,91,88,344,90.1,True,0.29,ХОРШЕВ Сергей Ильич,39,11.34,САМОЙЛЕНКО Любовь Степановна,36,10.47,ГРЕЧУШКИНА Алёна Анатольевна,33,9.59
Ростовская область,61,MUNICIPAL,mun_mm,"Муниципальный совет, многомандатный округ",Выборы депутатов Собрания депутатов Верхнесеребряковского сельского поселения шестого созыва,Верхнесеребряковский десяти мандатный избирательный округ,1,10,13,56,53,53,146,94.64,True,0.0,РОМАНОВСКАЯ Татьяна Юрьевна,14,9.59,ГОРДИЕНКО Анна Владимировна,13,8.9,КУЛИШОВ Владимир Дмитриевич,12,8.22
Ростовская область,61,MUNICIPAL,mun_mm,"Муниципальный совет, многомандатный округ",Выборы депутатов Собрания депутатов Верхнеталовского сельского поселения шестого созыва,Многомандатный избирательный округ Верхнеталовского сельского поселения Миллеровского района Ростовской области,1,10,16,102,90,90,371,88.24,True,3.77,ЕРОХИН Александр Игоревич,39,10.51,ВЕРЕМЕЕВ Николай Сергеевич,37,9.97,ГОЛОДНОВА Наталья Владимировна,35,9.43
Ростовская область,61,MUNICIPAL,mun_mm,"Муниципальный совет, многомандатный округ",Выборы депутатов Собрания депутатов Верхнечирского сельского поселения Боковского района шестого созыва,Верхнечирский многомандатный избирательный округ №1,1,10,13,59,55,54,257,93.22,True,0.0,ТКАЧЁВА Наталья Эдуардовна,31,12.06,АНИСТРАТОВ Сергей Николаевич,27,10.51,КЛИМКИН Григорий Михайлович,24,9.34
Ростовская область,61,MUNICIPAL,mun_mm,"Муниципальный совет, многомандатный округ",Выборы депутатов Собрания депутатов Верхняковского сельского поселения шестого созыва,Верхняковский десятимандатный избирательный округ №1,1,10,12,53,49,48,243,92.45,True,2.47,"ВИЩУНОВА 
Елена 
Викторовна",27,11.11,"ФИЛОНОВ 
Сергей 
Николаевич",26,10.7,"ГОРЯГИНА 
Вера 
Петровна",24,9.88
Ростовская область,61,MUNICIPAL,mun_mm,"Муниципальный совет, многомандатный округ",Выборы депутатов Собрания депутатов Веселовского сельского поселения шестого созыва,Веселовский десятимандатный избирательный округ,1,10,12,35,32,31,154,91.43,True,3.25,АЛЕКСИКОВ Владимир Ильич,18,11.69,ХИЛЬЧЕНКО Галина Владимировна,15,9.74,ПЛОТНАЯ Оксана Викторовна,15,9.74
Ростовская область,61,MUNICIPAL,mun_sm,"Муниципальный совет, одномандатный округ",Выборы депутатов Собрания депутатов Веселовского сельского поселения шестого созыва,Веселовский многомандатный 1,1,1,6,245,226,226,226,92.24,True,13.72,КУЛИНИЧЕВ Евгений Анатольевич,80,35.4,СМОЛОВАЯ Юлия Юрьевна,49,21.68,ЧЖЕН Владимир Владимирович,34,15.04
Ростовская область,61,MUNICIPAL,mun_sm,"Муниципальный совет, одномандатный округ",Выборы депутатов Собрания депутатов Веселовского сельского поселения шестого созыва,Веселовский многомандатный 2,1,1,5,239,209,207,207,87.45,True,10.14,КАТЬКАЛОВ Сергей Сергеевич,72,34.78,КУЗЬМЕНКО Лариса Анатольевна,51,24.64,БАСЮК Маргарита Викторовна,31,14.98
Ростовская область,61,MUNICIPAL,mun_sm,"Муниципальный совет, одномандатный округ",Выборы депутатов Собрания депутатов Веселовского сельского поселения шестого созыва,Веселовский многомандатный 3,1,1,5,182,167,163,163,91.76,True,25.15,ЕВДОКИМОВА Галина Фёдоровна,71,43.56,ЛЯМКИНА Галина Александровна,30,18.4,БАРТОШИК Игорь Петрович,24,14.72
Ростовская область,61,MUNICIPAL,mun_sm,"Муниципальный совет, одномандатный округ",Выборы депутатов Собрания депутатов Веселовского сельского поселения шестого созыва,Веселовский одномандатный 4,1,1,3,25,21,20,20,84.0,True,15.0,ВЕРТЕПА Владимир Иванович,9,45.0,ТКАЧЕВ Сергей Николаевич,6,30.0,ПОНОМАРЁВА Анна Викторовна,5,25.0
Ростовская область,61,MUNICIPAL,mun_mm,"Муниципальный совет, многомандатный округ",Выборы депутатов Собрания депутатов Вешенского сельского поселения шестого созыва,Вешенский восьмимандатный избирательный округ №1,1,7,12,607,568,561,1562,93.57,True,0.19,КРИВОНОСОВА Ирина Николаевна,221,14.15,ПОЛУМЕЕВА Анжелика Николаевна,171,10.95,ЗАБАРА Татьяна Витальевна,161,10.31
Ростовская область,61,MUNICIPAL,mun_mm,"Муниципальный совет, многомандатный округ",Выборы депутатов Собрания депутатов Вешенского сельского поселения шестого созыва,Вешенский семимандатный избирательный округ №2,1,7,14,446,413,411,1130,92.6,True,0.53,ЗАКУТСКАЯ Ирина Георгиевна,148,13.1,ЩИПОВСКОВА Лидия Георгиевна,124,10.97,ФИСЕНКО Сергей Владимирович,115,10.18
Ростовская область,61,MUNICIPAL,mun_mm,"Муниципальный совет, многомандатный округ",Выборы депутатов Собрания депутатов Владимировского сельского поселения шестого созыва,Владимировский многомандатный избирательный округ №1,1,10,15,129,119,118,685,92.25,True,1.31,ЧОВНИК Анна Васильевна,73,10.66,КАСИМОВ Александр Борисович,66,9.64,ТИЩЕНКО Александр Михайловичихайлович,64,9.34
Ростовская область,61,MUNICIPAL,mun_mm,"Муниципальный совет, многомандатный округ",Выборы депутатов Собрания депутатов Вознесенского сельского поселения Морозовского района Ростовской области шестого созыва,Вознесенский многомандатный избирательный округ,1,10,12,60,50,49,192,83.33,True,2.08,ЗОЛОТЬКО Светлана Алексеевна,21,10.94,ХОМЕНКО Алексей Александрович,20,10.42,МОЗГОВАЯ Валентина Николаевна,19,9.9
Ростовская область,61,MUNICIPAL,mun_mm,"Муниципальный совет, многомандатный округ",Выборы депутатов Собрания депутатов Войковского сельского поселения шестого созыва,Войковский десятимандатный избирательный округ,1,10,12,57,53,52,215,92.98,True,0.47,ПЛОТНИКОВ Сергей Николаевич,26,12.09,ВОЗНЯК Наталья Яковлевна,20,9.3,КОВАЛЕВА Людмила Алексеевна,20,9.3
Ростовская область,61,MUNICIPAL,mun_mm,"Муниципальный совет, многомандатный округ",Выборы депутатов Собрания депутатов Войновского сельского поселения шестого созыва,Войновский,1,10,17,54,47,47,305,87.04,True,4.26,ГЕТМАНСКИЙ Олег Васильевич,36,11.8,СЕМИКОВ Василий Владимирович,34,11.15,КОВАЛЬ Денис Викторович,33,10.82
Ростовская область,61,MUNICIPAL,mun_sm,"Муниципальный совет, одномандатный округ",Выборы депутатов Собрания депутатов Волочаевского сельского поселения шестого созыва,Волочаевский одномандатный избирательный округ,8,1,16,49,45,45,45,91.84,True,6.67,ГРИВКО Владимир Александрович,9,20.0,КУЗЬМЕНКО Диана Ивановна,6,13.33,ТЕСЛЕНКО Алексей Николаевич,5,11.11
Ростовская область,61,MUNICIPAL,mun_mm,"Муниципальный совет, многомандатный округ",Выборы депутатов Собрания депутатов Волошинского сельского поселения шестого созыва,Многомандатный избирательный округ Волошинского сельского поселения Миллеровского района Ростовской области,1,10,19,196,177,173,796,90.31,True,3.14,ГОРБАЧЕВА Анна Сергеевна,83,10.43,ЧЕРНЫШЕВ Александр Юрьевич,78,9.8,АЛИФЕРОВА Инна Григорьевна,67,8.42
Ростовская область,61,MUNICIPAL,mun_mm,"Муниципальный совет, многомандатный округ",Выборы депутатов Собрания депутатов Волченского сельского поселения шестого созыва,Волченский многомандатный избирательный округ,2,5,16,81,67,66,180,82.72,True,5.0,СОЛОВЬЕВА Ольга Ивановна,31,17.22,БОЖЕНКО Надежда Николаевна,30,16.67,СОЛЯННИКОВ Андрей Сергеевич,24,13.33
Ростовская область,61,MUNICIPAL,mun_mm,"Муниципальный совет, многомандатный округ",Выборы депутатов Собрания депутатов Вольно-Донского сельского поселения Морозовского района Ростовской области шестого созыва,Вольно-Донской многомандатный избирательный округ,1,10,12,71,64,63,337,90.14,True,0.59,АЛЕЙНИКОВ Игорь Анатольевич,40,11.87,ШЕВЧЕНКО Людмила Николаевна,38,11.28,ПЕРЕСЫПКИНА Татьяна Федоровна,33,9.79
Ростовская область,61,MUNICIPAL,mun_mm,"Муниципальный совет, многомандатный округ",Выборы депутатов Собрания депутатов Вяжинского сельского поселения шестого созыва,Вяжинский многомандатный избирательный округ,1,10,12,45,40,40,169,88.89,True,0.59,ГОРИНА Наталья Ивановна,25,14.79,ГЛАДКОВА Валентина Александровна,17,10.06,МОРОЗОВА Екатерина Павловна,16,9.47
Ростовская область,61,MUNICIPAL,mun_mm,"Муниципальный совет, многомандатный округ",Выборы депутатов Собрания депутатов Гагаринского сельского поселения Морозовского района Ростовской области шестого созыва,Гагаринский многомандатный избирательный округ,1,10,12,102,90,89,378,88.24,True,3.44,ЕВДОКИМОВ Иван Васильевич,54,14.29,ЧИПИГА Андрей Юрьевич,41,10.85,ГОЛОВАНЬ Нелли Владимировна,36,9.52
Ростовская область,61,MUNICIPAL,mun_mm,"Муниципальный совет, многомандатный округ",Выборы депутатов Собрания депутатов Гапкинского сельского поселения шестого созыва,Гапкинский,1,10,12,82,74,73,386,90.24,True,0.26,ДЬЯЧЕНКО Евгения Сергеевна,44,11.4,ЛОПАТКИН Алексей Александрович,42,10.88,ХОХЛАЧЕВА Татьяна Владимировна,37,9.59
Ростовская область,61,MUNICIPAL,mun_mm,"Муниципальный совет, многомандатный округ",Выборы депутатов Собрания депутатов Гашунского сельского поселения Зимовниковского района Ростовской области шестого созыва,Гашунский десяти мандатный избирательный округ,1,10,17,47,43,42,203,91.49,True,0.49,КОКШАРОВ Владимир Анатольевич,20,9.85,СУРМАЕВ Юрий Алексеевич,19,9.36,АЛИЕВА Татьяна Игоревна,18,8.87
Ростовская область,61,MUNICIPAL,mun_mm,"Муниципальный совет, многомандатный округ",Выборы депутатов Собрания депутатов Гигантовского сельского поселения шестого созыва,Трехмандатный избирательный округ №2,1,3,5,101,88,88,125,87.13,True,0.8,КОЖУХОВ Сергей Михайлович,28,22.4,ТАРАСЕНКО Ольга Сергеевна,27,21.6,ГАЛУЦКАЯ Марина Владимировна,26,20.8
Ростовская область,61,MUNICIPAL,mun_mm,"Муниципальный совет, многомандатный округ",Выборы депутатов Собрания депутатов Гигантовского сельского поселения шестого созыва,Трехмандатный избирательный округ №3,1,3,5,143,129,129,179,90.21,True,1.12,ГОЛОЗУБОВ Александр Михайлович,58,32.4,ПОНОМАРЕНКО Ольга Николаевна,39,21.79,МАСЛЕННИКОВА Галина Владимировна,30,16.76
Ростовская область,61,MUNICIPAL,mun_mm,"Муниципальный совет, многомандатный округ",Выборы депутатов Собрания депутатов Гигантовского сельского поселения шестого созыва,Трехмандатный избирательный округ №4,1,3,5,152,138,137,212,90.79,True,3.77,ВОСКОВЦОВ Александр Иванович,50,23.58,КОРОБКИНА Галина Геннадьевна,48,22.64,САВЧЕНКО Наталья Олеговна,47,22.17
Ростовская область,61,MUNICIPAL,mun_mm,"Муниципальный совет, многомандатный округ",Выборы депутатов Собрания депутатов Гигантовского сельского поселения шестого созыва,Шестимандатный избирательный округ №1,1,3,10,180,149,147,263,82.78,True,3.42,ХАРА Ирина Александровна,52,19.77,ЧЕМЕРИСОВА Анжелика Михайловна,50,19.01,ПОЛЬШИН Адриан Сергеевич,36,13.69
Ростовская область,61,MUNICIPAL,mun_mm,"Муниципальный совет, многомандатный округ",Выборы депутатов Собрания депутатов Глубочанского сельского поселения шестого созыва,Глубочанский десяти мандатный избирательный округ,1,10,13,54,48,48,167,88.89,True,0.6,СУШКО Лидия Ивановна,19,11.38,ИГНАТЕНКО Ирина Алексеевна,18,10.78,ГАДЖИБАГОМЕДОВ Ильмутин Абдулаевич,18,10.78
Ростовская область,61,MUNICIPAL,mun_mm,"Муниципальный совет, многомандатный округ",Выборы депутатов Собрания депутатов Горненского городского поселения шестого созыва,Горненский многомандатный избирательный округ №1,1,10,15,131,118,117,487,90.08,True,0.0,ДЕРЕВЯНЧЕНКО Лидия Петровна,53,10.88,ПАНЧЕНКО Денис Сергеевич,51,10.47,ПУЗАНОВА Наталья Александровна,46,9.45
Ростовская область,61,MUNICIPAL,mun_mm,"Муниципальный совет, многомандатный округ",Выборы депутатов Собрания депутатов Горняцкого сельского поселения шестого созыва,Горняцкий многомандатный избирательный округ №1,1,10,14,275,232,227,436,84.36,True,0.0,ХАРИТОНОВА Елена Юрьевна,72,16.51,КАТАМАХИНА Анастасия Евгеньевна,49,11.24,ТЮТЮННИКОВА Наталия Григорьевна,45,10.32
Ростовская область,61,MUNICIPAL,mun_mm,"Муниципальный совет, многомандатный округ",Выборы депутатов Собрания депутатов Грачевского сельского поселения Боковского района шестого созыва,Грачевский многомандатный избирательный округ №1,1,10,12,49,46,46,338,93.88,True,4.73,МОИСЕЕВА Ольга Викторовна,36,10.65,СТУПНИКОВА Анастасия Викторовна,35,10.36,ВАХНИНА Надежда Викторовна,34,10.06
Ростовская область,61,MUNICIPAL,mun_mm,"Муниципальный совет, многомандатный округ",Выборы депутатов Собрания депутатов Грузиновского сельского поселения Морозовского района Ростовской области шестого созыва,Грузиновский многомандатный избирательный округ,1,10,12,82,72,71,309,87.8,True,1.94,МОРОЗОВА Татьяна Николаевна,37,11.97,КИСЛЯК Андрей Петрович,32,10.36,ВОЙТЕНКО Ирина Петровна,30,9.71
Ростовская область,61,MUNICIPAL,mun_mm,"Муниципальный совет, многомандатный округ",Выборы депутатов Собрания депутатов Груциновского сельского поселения шестого созыва,Груциновский трехмандатный избирательный округ,2,3,11,53,53,53,113,100.0,True,1.77,ГРУЦЫНОВ Евгений Викторович,25,22.12,БАРИЛОВ Юрий Алексеевич,16,14.16,МИХАЛЧИЧ Илья Васильевич,13,11.5
Ростовская область,61,MUNICIPAL,mun_mm,"Муниципальный совет, многомандатный округ",Выборы депутатов Собрания депутатов Груциновского сельского поселения шестого созыва,Груциновский четырехмандатный избирательный округ,1,3,7,29,28,28,49,96.55,True,2.04,БЕЛИЦКАЯ Татьяна Петровна,12,24.49,ГОРЯЧЕВА Галина Николаевна,9,18.37,СИНЕГУБОВ Илья Андреевич,8,16.33
Ростовская область,61,MUNICIPAL,mun_mm,"Муниципальный совет, многомандатный округ",Выборы депутатов Собрания депутатов Грушево-Дубовского сельского поселения шестого созыва,Грушево-Дубовский многомандатный избирательный округ №1,1,10,16,85,83,82,405,97.65,True,0.0,КАРПЕНКО Екатерина Александровна,43,10.62,СОРОКИН Роман Ильич,41,10.12,ШВЕДЧИКОВА Ирина Николаевна,39,9.63
Ростовская область,61,MUNICIPAL,mun_mm,"Муниципальный совет, многомандатный округ",Выборы депутатов Собрания депутатов Грушевского сельского поселения шестого созыва,Грушевский  многомандатный избирательный округ №1,1,10,22,436,396,393,1371,90.83,True,1.6,ГОРДИЕНКОВА Наталья Евгеньевна,179,13.06,АПОНАСЕНКО Александр Михайлович,147,10.72,ШПАК Галина Геннадьевна,137,9.99
Ростовская область,61,MUNICIPAL,mun_mm,"Муниципальный совет, многомандатный округ",Выборы депутатов Собрания депутатов Гуково-Гнилушевского сельского поселения шестого созыва,Гуково-Гнилушевский многомандатный избирательный округ №1,1,10,12,68,63,63,145,92.65,True,0.69,РЯБУШКО Анна Сергеевна,23,15.86,ФАРЕНКОВА Татьяна Григорьевна,20,13.79,КАПЛУНОВ Александр Павлович,17,11.72
Ростовская область,61,MUNICIPAL,mun_mm,"Муниципальный совет, многомандатный округ",Выборы депутатов Собрания депутатов Гуляй-Борисовского сельского поселения Зерноградского Ростовской области шестого созыва,Гуляй-Борисовский десятимандатный,1,10,18,208,182,181,788,87.5,True,0.13,ГРИБАНОВ Сергей Александрович,73,9.26,ОКРОМЕЛИДЗЕ Максим Эсаевич,64,8.12,ДЬЯЧЕНКО Екатерина Николаевна,62,7.87
Ростовская область,61,MUNICIPAL,mun_mm,"Муниципальный совет, многомандатный округ",Выборы депутатов Собрания депутатов Гуреевского сельского поселения шестого созыва,Гуреевский десятимандатный избирательный округ,1,10,13,39,34,34,130,87.18,True,0.77,МУТИЕВА Яна Султановна,20,15.38,СЕМЕНЧЕНКО Татьяна Владимировна,18,13.85,ЛОПУШИНСКАЯ Елена Викторовна,16,12.31
Ростовская область,61,MUNICIPAL,mun_mm,"Муниципальный совет, многомандатный округ",Выборы депутатов Собрания депутатов Гусевского сельского поселения шестого созыва,Гусевский пятимандатный избирательный округ,2,5,15,68,60,60,148,88.24,True,0.0,БРИЦЫН Леонид Леонидович,30,20.27,ШАПОШНИКОВА Алла Александровна,26,17.57,ЧЕБОТАРЕВ Иван Александрович,15,10.14
Ростовская область,61,MUNICIPAL,mun_mm,"Муниципальный совет, многомандатный округ",Выборы депутатов Собрания депутатов Дальненского сельского поселения шестого созыва,Дальненский,1,10,13,72,63,61,227,87.5,True,1.32,ПЕСТУНОВА Светлана Петровна,29,12.78,КОНДРАТОВИЧ Светлана Степановна,28,12.33,НИКОЛАЙЧУК Надежда Петровна,23,10.13
Ростовская область,61,MUNICIPAL,mun_mm,"Муниципальный совет, многомандатный округ",Выборы депутатов Собрания депутатов Дегтевского сельского поселения шестого созыва,Многомандатный избирательный округ Дегтевского сельского поселения Миллеровского района Ростовской области,1,10,19,155,143,143,733,92.26,True,2.59,БЫКАДОРОВ Василий Николаевич,78,10.64,КОЗОРЕЗОВ Владимир Алексеевич,76,10.37,ПЛОТНИКОВА Любовь Михайловна,74,10.1
Ростовская область,61,MUNICIPAL,mun_mm,"Муниципальный совет, многомандатный округ",Выборы депутатов Собрания депутатов Денисовского сельского поселения Ремонтненского района Ростовской области шестого созыва по Денисовскому многомандатному избирательному округу,Денисовский семимандатный избирательный округ,1,7,10,41,38,38,171,92.68,True,5.85,ПЕТРЕНКО Сергей Владимирович,26,15.2,МОНИНА Татьяна Николаевна,25,14.62,НОВОМЛИНОВ Юрий Васильевич,21,12.28
Ростовская область,61,MUNICIPAL,mun_mm,"Муниципальный совет, многомандатный округ",Выборы депутатов Собрания депутатов Добровольского сельского поселения шестого созыва,Добровольский многомандатный избирательный округ,1,10,15,104,85,85,264,81.73,True,1.14,ПЕНЬКОВА Екатерина Николаевна,38,14.39,ВОДОЛАЗОВА Екатерина Анатольевна,27,10.23,ПЕНКИНА Анна Ивановна,22,8.33
Ростовская область,61,MUNICIPAL,mun_mm,"Муниципальный совет, многомандатный округ",Выборы депутатов Собрания депутатов Долотинского сельского поселения шестого созыва,Долотинский многомандатный избирательный округ №1,1,10,13,92,76,75,352,82.61,True,0.0,ХРАПКО Ольга Юрьевна,45,12.78,БРЕВНОВА Ольга Ринатовна,41,11.65,БРАГИНА Анна Викторовна,35,9.94
Ростовская область,61,MUNICIPAL,mun_mm,"Муниципальный совет, многомандатный округ",Выборы депутатов Собрания депутатов Донского сельского поселения Зерноградского района Ростовской области шестого созыва,Донской десятимандатный,1,10,16,111,102,101,402,91.89,True,3.48,ШИРАЙ Александр Викторович,47,11.69,ЗАДОРОЖНЕВА Елена Николаевна,44,10.95,КУЧЕРОВА Оксана Александровна,32,7.96
Ростовская область,61,MUNICIPAL,mun_mm,"Муниципальный совет, многомандатный округ",Выборы депутатов Собрания депутатов Донского сельского поселения Чертковского района Ростовской области шестого созыва,донской,1,7,10,25,24,24,134,96.0,True,2.99,МРЫХИН Виктор Владимирович,19,14.18,БАЛЫКИНА Мария Анатольевна,18,13.43,МЕДКОВ Александр Владимирович,18,13.43
Ростовская область,61,MUNICIPAL,mun_sm,"Муниципальный совет, одномандатный округ",Выборы депутатов Собрания депутатов Донского сельского поселения шестого созыва,Донской одномандатный избирательный округ,10,1,21,61,52,51,51,85.25,True,3.92,ГОРОДЕЦКАЯ Людмила Николаевна,8,15.69,МОГИРКИНА Татьяна Викторовна,6,11.76,БОЧАЛОВ Александр Сергеевич,6,11.76
Ростовская область,61,MUNICIPAL,mun_mm,"Муниципальный совет, многомандатный округ",Выборы депутатов Собрания депутатов Дубенцовского сельского поселения шестого созыва,Дубенцовский многомандатный избирательный округ,1,10,13,166,152,149,586,91.57,True,1.71,ЛИРНИК Татьяна Николаевна,72,12.29,ВАЛЬКО Татьяна Сергеевна,67,11.43,ДАВЫДОВ Леонид Александрович,66,11.26
Ростовская область,61,MUNICIPAL,mun_mm,"Муниципальный совет, многомандатный округ",Выборы депутатов Собрания депутатов Дубовского сельского поселения шестого созыва,Дубовский пятимандатный избирательный округ,2,5,15,524,494,486,1134,94.27,True,0.53,КУДЕЛИНА Татьяна Павловна,131,11.55,ПАРАФИЁВА Наталья Юрьевна,112,9.88,ГРАЧЕВА Екатерина Петровна,106,9.35
Ростовская область,61,MUNICIPAL,mun_mm,"Муниципальный совет, многомандатный округ",Выборы депутатов Собрания депутатов Дубровского сельского поселения шестого созыва,Дубровский десятимандатный избирательный округ №1,1,10,12,86,78,78,330,90.7,True,1.21,ПИМЕНОВ Алексей Владимирович,52,15.76,ЧЕРНИКОВ Сергей Павлович,39,11.82,ЗИМОВНОВ Александр Петрович,32,9.7
Ростовская область,61,MUNICIPAL,mun_mm,"Муниципальный совет, многомандатный округ",Выборы депутатов Собрания депутатов Дударевского сельского поселения шестого созыва,Дударевский десятимандатный избирательный округ №1,1,10,12,44,41,41,168,93.18,True,1.79,ПОПОВА Светлана Анатольевна,18,10.71,КАЙДАЛОВА Анна Ивановна,17,10.12,КАЗЬМИНА Оксана Валерьевна,17,10.12
Ростовская область,61,MUNICIPAL,mun_mm,"Муниципальный совет, многомандатный округ",Выборы депутатов Собрания депутатов Дячкинского сельского поселения шестого созыва,Дячкинский десятимандатный избирательный округ,1,10,12,132,113,108,389,85.61,True,2.06,ШЕВЦОВ Алексей Иванович,47,12.08,ПОПОВ Александр Иванович,44,11.31,ГЕВОРКЯН Геворг Грайрович,40,10.28
Ростовская область,61,MUNICIPAL,mun_mm,"Муниципальный совет, многомандатный округ",Выборы депутатов Собрания депутатов Егорлыкского сельского поселения шестого созыва,Егорлыкский,5,3,31,1359,1190,1179,2050,87.56,True,0.49,ВОРОБЬЕВА Марина Викторовна,140,6.83,АЛЕЩЕНКОВА Елена Валентиновна,137,6.68,ЗАХАРОВ Николай Сергеевич,124,6.05
Ростовская область,61,MUNICIPAL,mun_mm,"Муниципальный совет, многомандатный округ",Выборы депутатов Собрания депутатов Екатериновского сельского поселения шестого созыва,Екатериновский,1,10,13,155,143,141,426,92.26,True,0.23,ХИЖНЯКОВА Татьяна Александровна,52,12.21,ДИДЕНКО Александра Александровна,46,10.8,БОРБОЯНОВА Марина Евгеньевна,44,10.33
Ростовская область,61,MUNICIPAL,mun_mm,"Муниципальный совет, многомандатный округ",Выборы депутатов Собрания депутатов Екатериновского сельского поселения шестого созыва,Екатериновский десятимандатный избирательный округ №1,1,10,17,202,163,161,633,80.69,True,0.0,КОВАЛЕВСКИЙ Алексей Алексеевич,61,9.64,ШТОДА Елена Владимировна,58,9.16,АСТАХОВА Галина Анатольевна,53,8.37
Ростовская область,61,MUNICIPAL,mun_mm,"Муниципальный совет, многомандатный округ",Выборы депутатов Собрания депутатов Елизаветинского сельского поселения шестого созыва,Елизаветинский десятимандатный избирательный округ № 1,1,10,25,226,191,188,801,84.51,True,0.25,МОЛЧАНОВА Валентина Эдуардовна,91,11.36,ФЕДЬКО Наталья Николаевна,75,9.36,ЛЕНИВОВ Александр Сергеевич,72,8.99
Ростовская область,61,MUNICIPAL,mun_mm,"Муниципальный совет, многомандатный округ",Выборы депутатов Собрания депутатов Елизаветовского сельского поселения шестого созыва,Елизаветовский десятимандатный избирательный округ № 1,1,10,21,85,80,79,432,94.12,True,0.46,ПАДАЛКА Эльмира Николаевна,45,10.42,ОТКЕЕВ Александр Иванович,40,9.26,КОЛБИН Алексей Сергеевич,39,9.03
Ростовская область,61,MUNICIPAL,mun_mm,"Муниципальный совет, многомандатный округ",Выборы депутатов Собрания депутатов Елкинского сельского поселения шестого созыва,Елкинский многомандатный избирательный округ № 1,1,10,13,169,161,158,652,95.27,True,2.91,ЯНЧЕНКОВА Татьяна Владимировна,76,11.66,АКАТЬЕВ Василий Викторович,74,11.35,БОНДАРЕВА Наталья Викторовна,67,10.28
Ростовская область,61,MUNICIPAL,mun_mm,"Муниципальный совет, многомандатный округ",Выборы депутатов Собрания депутатов Ермаковского сельского поселения шестого созыва,Ермаковский многомандатный избирательный округ,1,10,13,126,113,111,410,89.68,True,0.73,ГУНЬКИН Алексей Дмитриевич,42,10.24,ВОЙНОВ Дмитрий Александрович,40,9.76,АСКАЛЕПОВА Светлана Ивановна,39,9.51
Ростовская область,61,MUNICIPAL,mun_mm,"Муниципальный совет, многомандатный округ",Выборы депутатов Собрания депутатов Ефремово-Степановского сельского поселения шестого созыва,Ефремово-Степановский десятимандатный избирательный округ,1,10,12,109,99,98,448,90.83,True,6.25,ДАВИДЕНКО Павел Васильевич,51,11.38,НИКИФОРОВА Ольга Николаевна,49,10.94,ПАЩЕНКО Игорь Владимирович,49,10.94
Ростовская область,61,MUNICIPAL,mun_mm,"Муниципальный совет, многомандатный округ",Выборы депутатов Собрания депутатов Жирновского сельского поселения шестого созыва,Жирновский многомандатный избирательный округ,1,10,12,301,271,270,925,90.03,True,0.22,ХУСАИНОВА Ирина Васильевна,121,13.08,НЕФЕДОВ Николай Александрович,119,12.86,ИЗВАРИНА Виктория Викторовна,114,12.32
Ростовская область,61,MUNICIPAL,mun_mm,"Муниципальный совет, многомандатный округ",Выборы депутатов Собрания депутатов Жуковского сельского поселения шестого созыва,Многомандатный избирательный округ №1,1,10,11,117,107,105,410,91.45,True,0.49,ОВЧИННИКОВ Алексей Николаевич,48,11.71,ЦАРЁВА Людмила Анатольевна,44,10.73,КОБЕЛЕВА Наталья Васильевна,44,10.73
Ростовская область,61,MUNICIPAL,mun_mm,"Муниципальный совет, многомандатный округ",Выборы депутатов Собрания депутатов Жуковского сельского поселения шестого созывава,Жуковский десятимандатный избирательный округ,1,10,13,77,64,64,219,83.12,True,1.37,УСКОВА Нина Ивановна,28,12.79,ГРУДИНИНА Мария Александровна,25,11.42,САМОШКИНА Светлана Васильевна,24,10.96
Ростовская область,61,MUNICIPAL,mun_mm,"Муниципальный совет, многомандатный округ",Выборы депутатов Собрания депутатов Заветинского сельского поселения шестого созыва,Заветинский десятимандатный избирательный округ,1,10,16,355,323,321,1047,90.99,True,1.72,ШЕВЧЕНКО Андрей Николаевич,138,13.18,СТЫДЕНКО Роман Александрович,112,10.7,МИХАЙЛОВА Елена Ивановна,103,9.84
Ростовская область,61,MUNICIPAL,mun_mm,"Муниципальный совет, многомандатный округ",Выборы депутатов Собрания депутатов Задоно-Кагальницкого сельского поселения Семикаракорского района Ростовской области шестого созыва,Задоно-Кагальницкий многомандатный избирательный округ,1,10,12,322,301,299,1122,93.48,True,0.36,КОЛОМЕЕЦ Мария Александровна,121,10.78,СМИРКИНА Елена Александровна,119,10.61,ИВАНОВ Юрий Николаевич,104,9.27
Ростовская область,61,MUNICIPAL,mun_mm,"Муниципальный совет, многомандатный округ",Выборы депутатов Собрания депутатов Задонского сельского поселения шестого созыва,Задонский пятимандатный избирательный округ № 1,1,5,13,130,110,108,358,84.62,True,7.26,ШЕВЧЕНКО Наталья Александровна,65,18.16,МАТЧАНОВА Екатерина Александровна,63,17.6,АРЕФИНА Светлана Юрьевна,46,12.85
Ростовская область,61,MUNICIPAL,mun_mm,"Муниципальный совет, многомандатный округ",Выборы депутатов Собрания депутатов Задонского сельского поселения шестого созыва,Задонский пятимандатный избирательный округ № 2,1,5,17,223,195,191,598,87.44,True,3.34,ЗАВГОРОДНИЙ Александр Анатольевич,88,14.72,ХУДИНА Анна Николаевна,76,12.71,МЕРШИНА Елена Анатольевна,65,10.87
Ростовская область,61,MUNICIPAL,mun_mm,"Муниципальный совет, многомандатный округ",Выборы депутатов Собрания депутатов Зазерского сельского поселения шестого созыва,Зазерский многомандатный избирательный округ,1,10,12,48,44,43,182,91.67,True,0.55,ИСАЕВ Евгений Викторович,21,11.54,БЕЛЫЧ Сергей Александрович,18,9.89,СОКОЛОВА Марина Васильевна,17,9.34
Ростовская область,61,MUNICIPAL,mun_mm,"Муниципальный совет, многомандатный округ",Выборы депутатов Собрания депутатов Зареченского сельского поселения шестого созыва,Многомандатный избирательный округ №1,1,7,9,42,39,37,152,92.86,True,0.66,ОГУРЦОВА Елена Алексеевна,24,15.79,ОГУРЦОВ Иван Иванович,20,13.16,ГАНЖА Павел Павлович,20,13.16
Ростовская область,61,MUNICIPAL,mun_mm,"Муниципальный совет, многомандатный округ",Выборы депутатов Собрания депутатов Зеленовского сельского поселения шестого созыва,Зеленовский десятимандатный избирательный округ,1,10,12,62,58,57,144,93.55,True,0.0,РОДИОНОВ Михаил Петрович,23,15.97,ОБУХОВА Юлия Алексеевна,19,13.19,ОБУХОВ Петр Иванович,17,11.81
Ростовская область,61,MUNICIPAL,mun_mm,"Муниципальный совет, многомандатный округ",Выборы депутатов Собрания депутатов Зеленолугского сельского поселения шестого созыва,Зеленолугский,1,10,12,130,106,106,362,81.54,True,1.1,НАДЫКТО Татьяна Николаевна,43,11.88,МОЛЧАНОВА Ирина Владимировна,42,11.6,БЛИНОВ Дмитрий Юрьевич,37,10.22
Ростовская область,61,MUNICIPAL,mun_mm,"Муниципальный совет, многомандатный округ",Выборы депутатов Собрания депутатов Земцовского сельского поселения Боковского района шестого созыва,Земцовский многомандатный избирательный округ №1,1,10,14,66,60,59,208,90.91,True,0.0,СВИРИДОВ Василий Сергеевич,27,12.98,КРИВОРОЩЕНКО Лилия Васильевна,24,11.54,ЛАЛИН Виктор Алексеевич,24,11.54
Ростовская область,61,MUNICIPAL,mun_mm,"Муниципальный совет, многомандатный округ",Выборы депутатов Собрания депутатов Зерноградского городского поселения Зерноградского района Ростовской области шестого созыва,Зерноградский городской трехмандатный,3,3,19,1017,930,924,1601,91.45,True,2.5,ИРАЛИЕВА Нина Будимировна,179,11.18,АФАНАСЬЕВ Максим Валерьевич,178,11.12,АГАПОВ Дмитрий Юрьевич,171,10.68
Ростовская область,61,MUNICIPAL,mun_mm,"Муниципальный совет, многомандатный округ",Выборы депутатов Собрания депутатов Зерноградского городского поселения Зерноградского района Ростовской области шестого созыва,Зерноградский городской трехмандатый,1,3,5,270,246,244,411,91.11,True,2.19,ОЛЬХОВСКИЙ Василий Иванович,105,25.55,ОСАДЧАЯ Галина Николаевна,82,19.95,ЛЯМЗИН Виктор Викторович,82,19.95
Ростовская область,61,MUNICIPAL,mun_mm,"Муниципальный совет, многомандатный округ",Выборы депутатов Собрания депутатов Зерноградского городского поселения Зерноградского района Ростовской области шестого созыва,Зерноградский городской четырехмандатный,2,3,20,1202,1097,1086,1967,91.26,True,1.17,КУНАКБАЕВ Вадим Ракимович,228,11.59,ЗУБКО Виктория Ивановна,193,9.81,ТРУШИН Антон Игоревич,192,9.76
Ростовская область,61,MUNICIPAL,mun_mm,"Муниципальный совет, многомандатный округ",Выборы депутатов Собрания депутатов Зимовниковского сельского поселения шестого созыва,Зимовниковский пяти мандатный избирательный округ №1,1,5,14,271,250,248,564,92.25,True,1.95,НОВИКОВ Анатолий Николаевич,104,18.44,БРЫЖАХИН Пётр Викторович,65,11.52,ЛЫСЕНКО Виталий Анатольевич,55,9.75
Ростовская область,61,MUNICIPAL,mun_mm,"Муниципальный совет, многомандатный округ",Выборы депутатов Собрания депутатов Зимовниковского сельского поселения шестого созыва,Зимовниковский пяти мандатный избирательный округ №2,1,5,13,320,288,286,668,90.0,True,1.05,ХОЛОДОВ Виктор Сергеевич,94,14.07,СЕРЕБРЯНСКИЙ Алексей Николаевич,82,12.28,ГОРДЕЕВ Александр Вячеславович,70,10.48
Ростовская область,61,MUNICIPAL,mun_mm,"Муниципальный совет, многомандатный округ",Выборы депутатов Собрания депутатов Зимовниковского сельского поселения шестого созыва,Зимовниковский пяти мандатный избирательный округ №3,1,5,13,162,142,141,305,87.65,True,0.0,ШКУРКИН Юрий Александрович,51,16.72,КАСЬЯНОВА Ирина Владимировна,43,14.1,ПРОШИН Александр Николаевич,40,13.11
Ростовская область,61,MUNICIPAL,mun_mm,"Муниципальный совет, многомандатный округ",Выборы депутатов Собрания депутатов Знаменского сельского поселения Морозовского района Ростовской области шестого созыва,Знаменский многомандатный избирательный округ,1,10,12,108,95,93,379,87.96,True,2.9,ВОЙТЕНКОВ Василий Петрович,42,11.08,ВОЛГУНИН Игорь Евгеньевич,40,10.55,МУЛЯР Анатолий Андреевич,38,10.03
Ростовская область,61,MUNICIPAL,mun_mm,"Муниципальный совет, многомандатный округ",Выборы депутатов Собрания депутатов Золотаревского сельского поселения Семикаракорского района Ростовской области шестого созыва,Золотаревский многомандатный избирательный округ,1,10,11,150,135,132,438,90.0,True,2.51,БЕЗКОРОВАЙНЫЙ Андрей Владимирович,49,11.19,СЕМЕРЕНКО Константин Сергеевич,48,10.96,КУРНОСОВА Светлана Михайловна,48,10.96
Ростовская область,61,MUNICIPAL,mun_mm,"Муниципальный совет, многомандатный округ",Выборы депутатов Собрания депутатов Зубрилинского сельского поселения Чертковского района Ростовской области шестого созыва,Зубрилинский,1,7,9,20,16,16,72,80.0,True,4.17,ГЛАЗЫРИН Николай Александрович,13,18.06,ГЛАЗЫРИН Александр Николаевич,11,15.28,КОРСУНОВ Андрей Эдуардович,10,13.89
Ростовская область,61,MUNICIPAL,mun_mm,"Муниципальный совет, многомандатный округ",Выборы депутатов Собрания депутатов Иваново-Шамшевского сельского поселения шестого созыва,Иваново-Шамшевский десятимандатный,1,10,13,92,89,88,339,96.74,True,0.29,АНИЩЕНКО Наталья Юрьевна,59,17.4,КОНОЗОВА Евгения Александровна,35,10.32,БРЕДИХИН Игорь Юрьевич,34,10.03
Ростовская область,61,MUNICIPAL,mun_mm,"Муниципальный совет, многомандатный округ",Выборы депутатов Собрания депутатов Ивановского сельского поселения шестого созыва,Ивановский,1,10,12,82,74,73,305,90.24,True,1.64,ВОЛОШИНА Наталия Владимировна,38,12.46,МИЩЕНКО Владимир Викторович,38,12.46,МОРОЗОВ Анатолий Васильевич,33,10.82
Ростовская область,61,MUNICIPAL,mun_mm,"Муниципальный совет, многомандатный округ",Выборы депутатов Собрания депутатов Ильиновского сельского поселения шестого созыва,Ильиновский,1,10,12,70,62,61,305,88.57,True,0.33,"МОРОЗОВА Наталья Владимировна

(Прежняя фамилия: Белякова)",33,10.82,КОЛЕСНИКОВА Татьяна Владимировна,31,10.16,МИНЕНОК Ирина Петровна,29,9.51
Ростовская область,61,MUNICIPAL,mun_mm,"Муниципальный совет, многомандатный округ",Выборы депутатов Собрания депутатов Ильинского сельского поселения шестого созыва,Ильинский,1,10,13,54,44,43,203,81.48,True,0.99,ГНИДА Василий Николаевич,24,11.82,ЛЫСЕНКО Николай Петрович,23,11.33,ДЮБО Светлана Ивановна,19,9.36
Ростовская область,61,MUNICIPAL,mun_mm,"Муниципальный совет, многомандатный округ",Выборы депутатов Собрания депутатов Ильинского сельского поселения шестого созыва,Ильинский многомандатный избирательный округ №1,1,10,14,103,103,101,276,100.0,True,0.36,ДМИТРИЕНКО Виктория Павловна,48,17.39,ЮРОВ Сергей Алексеевич,25,9.06,АЛЕКСЕЕНКО Оксана Алексеевна,22,7.97
Ростовская область,61,MUNICIPAL,mun_mm,"Муниципальный совет, многомандатный округ",Выборы депутатов Собрания депутатов Индустриального сельского поселения шестого созыва,Индустриальный многомандатный избирательный округ,1,10,12,47,43,42,231,91.49,True,0.43,ЛЫСЕНКО Ирина Ивановна,25,10.82,КРАВЧЕНКО Татьяна Александровна,25,10.82,ЛИБА Марина Владимировна,23,9.96
Ростовская область,61,MUNICIPAL,mun_mm,"Муниципальный совет, многомандатный округ",Выборы депутатов Собрания депутатов Истоминского сельского поселения шестого созыва,Истоминский многомандатный избирательный округ №1,1,10,23,273,234,228,1001,85.71,True,4.0,ЮСУПОВ Артур Русланович,96,9.59,БАНДОВКИН Алексей Сергеевич,95,9.49,МИХЕЕВ Василий Иванович,93,9.29
Ростовская область,61,MUNICIPAL,mun_mm,"Муниципальный совет, многомандатный округ",Выборы депутатов Собрания депутатов Кавалерского сельского поселения шестого созыва,Кавалерский,1,10,14,90,80,79,381,88.89,True,0.52,КОВАЛЕНКО Михаил Федорович,43,11.29,КОЧЕГАРОВ Евгений Анатольевич,40,10.5,ЛИХАЧЁВ Артём Николаевич,37,9.71
Ростовская область,61,MUNICIPAL,mun_mm,"Муниципальный совет, многомандатный округ",Выборы депутатов Собрания депутатов Кагальницкого сельского поселения шестого созыва,Кагальницкий десятимандатный,1,10,16,540,509,501,1947,94.26,True,0.87,РАКАЧЕВ Сергей Федорович,205,10.53,НАЧИНЕННАЯ Анжелла Викторовна,200,10.27,ШЕВЧЕНКО Евгения Владимировна,175,8.99
Ростовская область,61,MUNICIPAL,mun_mm,"Муниципальный совет, многомандатный округ",Выборы депутатов Собрания депутатов Кагальницкого сельского поселения шестого созыва,Кагальницкий пятимандатный избирательный округ № 1,1,5,13,291,246,240,508,84.54,True,0.98,ВОРОНЦОВА Людмила Геннадьевна,90,17.72,КОНДАУРОВА Ольга Витальевна,82,16.14,МАКАРОВ Сергей Александрович,53,10.43
Ростовская область,61,MUNICIPAL,mun_mm,"Муниципальный совет, многомандатный округ",Выборы депутатов Собрания депутатов Кагальницкого сельского поселения шестого созыва,Кагальницкий пятимандатный избирательный округ № 2,1,5,10,292,246,240,433,84.25,True,1.39,КОВАЛЕНКО Ольга Валерьевна,81,18.71,ХУДЯКОВ Геннадий Александрович,67,15.47,ТЕРЕЩЕНКО Ирина Николаевна,63,14.55
Ростовская область,61,MUNICIPAL,mun_mm,"Муниципальный совет, многомандатный округ",Выборы депутатов Собрания депутатов Казанского сельского поселения шестого созыва,Казанский пятимандатный избирательный округ №1,1,5,7,279,257,254,587,92.11,True,0.0,"ТЕРНОВСКОВА 
Юлия 
Александровна",136,23.17,"БИРЮЛИН 
Дмитрий 
Иванович",120,20.44,"КАРТАШОВ 
Виктор 
Николаевич",109,18.57
Ростовская область,61,MUNICIPAL,mun_mm,"Муниципальный совет, многомандатный округ",Выборы депутатов Собрания депутатов Казанского сельского поселения шестого созыва,Казанский пятимандатный избирательный округ №2,1,5,7,218,200,197,393,91.74,True,1.53,"ЯКОВЧУК 
Андрей 
Анатольевич",111,28.24,"ГОРШЕНИН 
Сергей 
Иванович",76,19.34,"ЩЕРБАКОВ 
Игорь 
Юрьевич",60,15.27
Ростовская область,61,MUNICIPAL,mun_mm,"Муниципальный совет, многомандатный округ",Выборы депутатов Собрания депутатов Казансколопатинского сельского поселения шестого созыва,Казансколопатинский семимандатный избирательный округ №1,1,7,9,22,22,22,130,100.0,True,6.15,"ЧЕБОТАРЕВ 
Сергей 
Александрович",22,16.92,"ЧЕБОТАРЕВА 
Людмила 
Васильевна",19,14.62,"БЫКАДОРОВА 
Анна 
Сергеевна",19,14.62
Ростовская область,61,MUNICIPAL,mun_mm,"Муниципальный совет, многомандатный округ",Выборы депутатов Собрания депутатов Калач-Куртлакского сельского поселения шестого созыва,Калач-Куртлакский десятимандатный избирательный округ,1,10,12,52,44,44,283,84.62,True,4.24,АБРАМЧУК Сергей Николаевич,29,10.25,ТИМЧЕНКО Юрий Геннадьевич,28,9.89,СОЛОДКОВ Владимир Петрович,27,9.54
Ростовская область,61,MUNICIPAL,mun_mm,"Муниципальный совет, многомандатный округ",Выборы депутатов Собрания депутатов Калининского сельского поселения Мясниковского района Ростовской области шестого созыва,Калининский,2,5,22,172,143,141,303,83.14,True,0.66,КАПРИЗ Олеся Владимировна,36,11.88,БОЖКОВА Алла Викторовна,31,10.23,ЛОХМАТОВ Олег Михайлович,30,9.9
Ростовская область,61,MUNICIPAL,mun_mm,"Муниципальный совет, многомандатный округ",Выборы депутатов Собрания депутатов Калининского сельского поселения Ремонтненского района Ростовской области шестого созыва по Калининскому многомандатному избирательному округу,Калининский десятимандатный избирательный округ,1,10,13,68,66,66,431,97.06,True,0.0,ПОЛОУСОВ Владимир Григорьевич,45,10.44,МЫЛЬНИКОВ Александр Сергеевич,41,9.51,БОГОСЛАВСКАЯ Анна Петровна,41,9.51
Ростовская область,61,MUNICIPAL,mun_mm,"Муниципальный совет, многомандатный округ",Выборы депутатов Собрания депутатов Калининского сельского поселения шестого созыва,Калининский десятимандатный избирательный округ № 1,1,10,15,164,146,143,756,89.02,True,0.13,КОНДАУРОВА Елена Вениаминовна,88,11.64,КОШЕНСКОВА Елена Михайловна,73,9.66,КАПКАНОВ Николай Николаевич,68,8.99
Ростовская область,61,MUNICIPAL,mun_mm,"Муниципальный совет, многомандатный округ",Выборы депутатов Собрания депутатов Калининского сельского поселения шестого созыва,Калининский десятимандатный избирательный округ №1,1,10,12,130,118,118,383,90.77,True,0.0,ПАРАМОНОВА Елена Александровна,47,12.27,ВОРОБЬЕВА Дарья Андреевна,41,10.7,ОРЛОВА Валентина Леонидовна,38,9.92
Ростовская область,61,MUNICIPAL,mun_mm,"Муниципальный совет, многомандатный округ",Выборы депутатов Собрания депутатов Калиновского сельского поселения шестого созыва,Калиновский десятимандатный избирательный округ № 1,1,10,21,117,108,107,667,92.31,True,3.9,ПОПОВА Елена Павловна,66,9.9,ЗУБАРЬ Владимир Николаевич,65,9.75,СМИТЮК Алексей Алексеевич,63,9.45
Ростовская область,61,MUNICIPAL,mun_mm,"Муниципальный совет, многомандатный округ",Выборы депутатов Собрания депутатов Калитвенского сельского поселения шестого созыва,Калитвенский десятимандатный избирательный округ,1,10,16,111,103,100,589,92.79,True,0.0,ДЬЯЧЕНКО Марина Сергеевна,56,9.51,КОСТЮКОВА Ксения Витальевна,56,9.51,САВИН Николай Петрович,56,9.51
Ростовская область,61,MUNICIPAL,mun_sm,"Муниципальный совет, одномандатный округ",Выборы депутатов Собрания депутатов Каменно-Балковского сельского поселения шестого созыва,Каменно-Балковский одномандатный избирательный округ,10,1,20,96,88,86,86,91.67,True,2.33,ЛЯКШЕВА Татьяна Николаевна,17,19.77,ЗИМИНА Нелли Александровна,15,17.44,ОВСЯННИКОВ Александр Викторович,11,12.79
Ростовская область,61,MUNICIPAL,mun_mm,"Муниципальный совет, многомандатный округ",Выборы депутатов Собрания депутатов Каменоломненского городского поселения Октябрьского района Ростовской области шестого созыва,Каменоломненский трехмандатный избирательный округ №4,1,3,4,220,185,182,292,84.09,True,2.05,УШАКОВ Денис Александрович,93,31.85,ЛУГОВАЯ Екатерина Анатольевна,89,30.48,КОБЗЕВ Сергей Анатольевич,58,19.86
Ростовская область,61,MUNICIPAL,mun_mm,"Муниципальный совет, многомандатный округ",Выборы депутатов Собрания депутатов Каменоломненского городского поселения Октябрьского района Ростовской области шестого созыва,Каменоломненский четырехмандатный избирательный округ №1,1,3,6,291,260,256,391,89.35,True,0.51,КИСЛЯКОВА Юлия Васильевна,92,23.53,ПОЛИЩУК Наталья Михайловна,77,19.69,САГАТЕЛЯН Грачя Грантович,60,15.35
Ростовская область,61,MUNICIPAL,mun_mm,"Муниципальный совет, многомандатный округ",Выборы депутатов Собрания депутатов Каменоломненского городского поселения Октябрьского района Ростовской области шестого созыва,Каменоломненский четырехмандатный избирательный округ №2,1,3,8,284,241,237,408,84.86,True,2.7,КАКОЛЕВСКИЙ Владимир Павлович,98,24.02,ДАНИЛОВ Вячеслав Владимирович,80,19.61,ФАСТОВ Виталий Олегович,58,14.22
Ростовская область,61,MUNICIPAL,mun_mm,"Муниципальный совет, многомандатный округ",Выборы депутатов Собрания депутатов Каменоломненского городского поселения Октябрьского района Ростовской области шестого созыва,Каменоломненский четырехмандатный избирательный округ №3,1,3,7,248,220,216,353,88.71,True,2.27,КИСЛЯКОВА Оксана Викторовна,69,19.55,ШУЛЬГА Кристина Сергеевна,65,18.41,ЯЛОВ Артем Николаевич,65,18.41
Ростовская область,61,MUNICIPAL,mun_mm,"Муниципальный совет, многомандатный округ",Выборы депутатов Собрания депутатов Камышевского сельского поселения шестого созыва,Камышевский десяти мандатный избирательный округ,1,10,19,77,66,65,326,85.71,True,0.0,РИЗАЕВ Кушали Биналиевич,36,11.04,ХУДОМЯС Денис Александрович,30,9.2,АСЛОНОВ Нияз Осмонович,23,7.06
Ростовская область,61,MUNICIPAL,mun_sm,"Муниципальный совет, одномандатный округ",Выборы депутатов Собрания депутатов Камышевского сельского поселения шестого созыва,Камышевский одномандатный избирательный округ,10,1,20,79,73,73,73,92.41,True,2.74,ДРОЗДОВА Лидия Сергеевна,12,16.44,ДОБРОВА Надежда Петровна,10,13.7,ПЛЕТЮХОВА Ольга Александровна,8,10.96
Ростовская область,61,MUNICIPAL,mun_mm,"Муниципальный совет, многомандатный округ",Выборы депутатов Собрания депутатов Караичевского сельского поселения шестого созыва,Караичевский,1,10,12,46,45,45,320,97.83,True,5.94,ЛАГУТИНА Инна Сергеевна,36,11.25,КАШЛЕВА Татьяна Николаевна,32,10.0,КУДРЯВЦЕВА Елена Владимировна,31,9.69
Ростовская область,61,MUNICIPAL,mun_mm,"Муниципальный совет, многомандатный округ",Выборы депутатов Собрания депутатов Каргинского сельского поселения Боковского района шестого созыва,Каргинский многомандатный избирательный округ№1,1,10,13,132,117,116,433,88.64,True,2.31,ПОТАПОВ Семен Григорьевич,48,11.09,КОРОХОВА Татьяна Сергеевна,42,9.7,КОЗЛОВА Татьяна Григорьевна,40,9.24
Ростовская область,61,MUNICIPAL,mun_mm,"Муниципальный совет, многомандатный округ",Выборы депутатов Собрания депутатов Кашарского сельского поселения шестого созыва,Кашарский многомандатный избирательный округ,1,10,12,676,620,618,1477,91.72,True,0.34,ДРОБИЗОВ Николай Сергеевич,286,19.36,БЕЛОВОЛОВ Игорь Георгиевич,165,11.17,ЦВЫЧЕНКО Владимир Григорьевич,155,10.49
Ростовская область,61,MUNICIPAL,mun_mm,"Муниципальный совет, многомандатный округ",Выборы депутатов Собрания депутатов Каштановского сельского поселения шестого созыва,Каштановский,1,7,9,41,37,36,128,90.24,True,0.0,КАБДУЛИНА Ольга Александровна,19,14.84,КОЛЕСНИКОВА Анна Олеговна,17,13.28,НАЗАРЧУК Татьяна Анатольевна,16,12.5
Ростовская область,61,MUNICIPAL,mun_mm,"Муниципальный совет, многомандатный округ",Выборы депутатов Собрания депутатов Керчикского сельского поселения Октябрьского района Ростовской области шестого созыва,Керчикский десятимандатный избирательный округ №1,1,10,14,75,66,64,349,88.0,True,3.72,ПЕРЕСАДЧЕНКОВ Владимир Константинович,36,10.32,АКОПЯН Грачик Вагинакович,35,10.03,КРИВОЛУЦКАЯ Кристина Романовна,34,9.74
Ростовская область,61,MUNICIPAL,mun_mm,"Муниципальный совет, многомандатный округ",Выборы депутатов Собрания депутатов Киевского сельского поселения Ремонтненского района Ростовской области шестого созыва по Киевскому многомандатному избирательному округу,Киевский десятимандатный избирательный округ,1,10,14,48,47,47,299,97.92,True,0.0,ЛУГОВЕНКО Светлана Сергеевна,32,10.7,ЖУРАВЛЁВА Марина Дмитриевна,29,9.7,АБАСОВА Издаг Кадиевна,27,9.03
Ростовская область,61,MUNICIPAL,mun_mm,"Муниципальный совет, многомандатный округ",Выборы депутатов Собрания депутатов Киевского сельского поселения шестого созыва,Киевский многомандатный избирательный округ,1,10,12,113,105,104,342,92.92,True,1.17,САМОЙЛЕНКО Александр Иванович,38,11.11,ГРИЦЕНКО Владимир Николаевич,38,11.11,ДЕГТЯРЕВ Николай Сергеевич,37,10.82
Ростовская область,61,MUNICIPAL,mun_mm,"Муниципальный совет, многомандатный округ",Выборы депутатов Собрания депутатов Кировского сельского поселения Зимовниковского района Ростовской области шестого созыва,Кировский десяти мандатный избирательный округ,1,10,15,57,52,52,290,91.23,True,0.0,ВИННИКОВ Владимир Владимирович,27,9.31,УМАХАДЖИЕВА Зара Александровна,26,8.97,МАСЛАКОВ Александр Яковлевич,23,7.93
Ростовская область,61,MUNICIPAL,mun_mm,"Муниципальный совет, многомандатный округ",Выборы депутатов Собрания депутатов Кировского сельского поселения шестого созыва,Кировский десятимандатный,1,10,19,461,409,404,1983,88.72,True,0.35,ПОПОВ Артём Юрьевич,232,11.7,ГУНИН Николай Андреевич,187,9.43,АГАРКОВ Михаил Анатольевич,158,7.97
Ростовская область,61,MUNICIPAL,mun_mm,"Муниципальный совет, многомандатный округ",Выборы депутатов Собрания депутатов Кировского сельского поселения шестого созыва,Кировский многомандатный избирательный округ №1,1,10,12,154,122,121,350,79.22,True,0.57,НУРИЕВ Алимжан Джоводович,46,13.14,СВИЩЕВА Александра Александровна,37,10.57,СМЕТАНИН Алексей Александрович,34,9.71
Ростовская область,61,MUNICIPAL,mun_mm,"Муниципальный совет, многомандатный округ",Выборы депутатов Собрания депутатов Киселевского сельского поселения Красносулинского района Ростовской области шестого созыва,Киселевский десятимандатный избирательный округ №1,1,10,14,97,86,85,285,88.66,True,0.7,САФРОНОВ Сергей Андреевич,34,11.93,КАЛИТВИНА Галина Николаевна,33,11.58,КАРПОВА Ольга Николаевна,32,11.23
Ростовская область,61,MUNICIPAL,mun_mm,"Муниципальный совет, многомандатный округ",Выборы депутатов Собрания депутатов Киселевского сельского поселения шестого созыва,Киселевский десятимандатный избирательный округ,1,10,13,42,40,40,272,95.24,True,0.74,ИЛЬЧЕНКО Наталья Николаевна,28,10.29,ТОЛСТОНОЖЕНКО Валентина Алексеевна,26,9.56,ИЛЬЧЕНКО Наталья Ивановна,26,9.56
Ростовская область,61,MUNICIPAL,mun_mm,"Муниципальный совет, многомандатный округ",Выборы депутатов Собрания депутатов Кичкинского сельского поселения шестого созыва,Кичкинский десятимандатный избирательный округ,1,10,13,30,27,26,175,90.0,True,0.57,БЫЧЕНКО Наталья Григорьевна,19,10.86,МНУШКИН Андрей Александрович,17,9.71,БАБАНСКАЯ Ольга Сергеевна,16,9.14
Ростовская область,61,MUNICIPAL,mun_mm,"Муниципальный совет, многомандатный округ",Выборы депутатов Собрания депутатов Ковалевского сельского поселения шестого созыва,Ковалевский десятимандатный избирательный округ №1,1,10,13,109,87,86,267,79.82,True,1.12,ЖИГАНОВ Алексей Владимировичич,41,15.36,ЖУКОВСКИЙ Георгий Викторович,31,11.61,БОНДАРЕНКО Олег Станиславович,28,10.49
Ростовская область,61,MUNICIPAL,mun_mm,"Муниципальный совет, многомандатный округ",Выборы депутатов Собрания депутатов Ковринского сельского поселения шестого созыва,Ковринский,1,10,12,41,33,32,166,80.49,True,2.41,ПАМБАХ Олеся Юрьевна,19,11.45,ЕРМАКОВА Марина Сергеевна,18,10.84,КРИВОНОСОВА Анастасия Николаевна,17,10.24
Ростовская область,61,MUNICIPAL,mun_mm,"Муниципальный совет, многомандатный округ",Выборы депутатов Собрания депутатов Ковылкинского сельского поселения шестого созыва,Ковылкинский многомандатный избирательный округ,1,10,12,50,47,46,246,94.0,True,0.0,СТАРИКОВА Любовь Алексеевна,30,12.2,ОДИНЦОВА Наталья Алексеевна,30,12.2,КОЛОМЫЙЦЕВА Ирина Севостьяновна,23,9.35
Ростовская область,61,MUNICIPAL,mun_mm,"Муниципальный совет, многомандатный округ",Выборы депутатов Собрания депутатов Коксовского сельского поселения шестого созыва,Коксовский многомандатный избирательный округ №1,1,10,14,318,276,271,872,86.79,True,0.57,ТИМОФЕЕВ Александр Анатольевич,114,13.07,ПОХЛЕБИНА Диана Ивановна,76,8.72,МИНАЕВ Сергей Анатольевич,71,8.14
Ростовская область,61,MUNICIPAL,mun_mm,"Муниципальный совет, многомандатный округ",Выборы депутатов Собрания депутатов Колодезянского сельского поселения шестого созыва,Многомандатный избирательный округ Колодезянского сельского поселения Миллеровского района Ростовской области,1,10,17,98,93,92,580,94.9,True,6.03,КУРАЕВА Татьяна Александровна,60,10.34,РУДАЯ Людмила Алексеевна,56,9.66,ЛЕБЕДЕВА Александра Викторовна,56,9.66
Ростовская область,61,MUNICIPAL,mun_mm,"Муниципальный совет, многомандатный округ",Выборы депутатов Собрания депутатов Колундаевского сельского поселения шестого созыва,Колундаевский десятимандатный избирательный округ №1,1,10,12,87,81,81,463,93.1,True,1.94,АЖОГА Николай Владимирович,58,12.53,КУДИНОВ Станислав Васильевич,46,9.94,КАРПОВА Лариса Викторовна,45,9.72
Ростовская область,61,MUNICIPAL,mun_mm,"Муниципальный совет, многомандатный округ",Выборы депутатов Собрания депутатов Колушкинского сельского поселения шестого созыва,Колушкинский десятимандатный избирательный округ,1,10,12,51,44,44,111,86.27,True,1.8,ГОНЧАРОВ Игорь Витальевич,16,14.41,ГАЛУНОВ Павел Евгеньевич,15,13.51,ДЖУСОЕВ Георгий Анзорович,11,9.91
Ростовская область,61,MUNICIPAL,mun_mm,"Муниципальный совет, многомандатный округ",Выборы депутатов Собрания депутатов Комаровского сельского поселения шестого созыва,Комаровский,1,10,12,105,87,85,294,82.86,True,0.34,ГОПТАРЕВА Наталья Владимировна,44,14.97,ВЫСОЧИНА Олеся Викторовна,37,12.59,РЯБУХИНА Олеся Анатольевна,29,9.86
Ростовская область,61,MUNICIPAL,mun_mm,"Муниципальный совет, многомандатный округ",Выборы депутатов Собрания депутатов Комиссаровского сельского поселения шестого созыва,Комиссаровский десятимандатный избирательный округ,1,10,13,32,30,30,191,93.75,True,1.05,НОГИНА Татьяна Алексеевна,22,11.52,ЯРОВАЯ Татьяна Викторовна,19,9.95,КАРАСЕВА Ирина Владимировна,17,8.9
Ростовская область,61,MUNICIPAL,mun_mm,"Муниципальный совет, многомандатный округ",Выборы депутатов Собрания депутатов Комиссаровского сельского поселения шестого созыва,Комиссаровский многомандатный избирательный округ №1,1,10,18,288,236,234,815,81.94,True,0.49,ОРЕХОВ Алексей Валентинович,88,10.8,ПОСЫЛЬНАЯ Елена Владимировна,73,8.96,ЖУРАВЛЕВА Наталья Валерьевна,71,8.71
Ростовская область,61,MUNICIPAL,mun_mm,"Муниципальный совет, многомандатный округ",Выборы депутатов Собрания депутатов Коммунарского сельского поселения Октябрьского района Ростовской области шестого созыва,Коммунарский десятимандатный избирательный округ №1,1,10,13,414,344,342,1137,83.09,True,0.97,ДОЛМАТОВ Сергей Валерьевич,143,12.58,ЧЕРНЫЙ Вячеслав Дмитриевич,112,9.85,МОРОЗОВ Валерий Петрович,110,9.67
Ростовская область,61,MUNICIPAL,mun_mm,"Муниципальный совет, многомандатный округ",Выборы депутатов Собрания депутатов Конзаводского сельского поселения Зерноградского района Ростовской области шестого созыва,Чернышевский десятимандатный,1,10,18,142,127,126,351,89.44,True,1.14,ДЕМЬЯНЕНКО Оксана Петровна,42,11.97,ПУШКАРЕВА Татьяна Ивановна,37,10.54,СЫСОЕВ Владимир Федорович,32,9.12
Ростовская область,61,MUNICIPAL,mun_mm,"Муниципальный совет, многомандатный округ",Выборы депутатов Собрания депутатов Константиновского городского поселения шестого созыва,Константиновский,3,5,23,1671,1535,1511,2620,91.86,True,0.0,КУЗМИЧЕВ Михаил Александрович,195,7.44,БАБИЧ Ольга Викторовна,170,6.49,ГНИЛИЦКИЙ Виктор Анатольевич,169,6.45
Ростовская область,61,MUNICIPAL,mun_mm,"Муниципальный совет, многомандатный округ",Выборы депутатов Собрания депутатов Кормовского сельского поселения Ремонтненского района Ростовской области шестого созыва по Кормовскому многомандатному избирательному округу,Кормовский десятимандатный избирательный округ,1,10,12,44,41,41,273,93.18,True,2.2,ПАСЬКО Светлана Станиславовна,30,10.99,ВАСИЛЕНКО Василий Васильевич,29,10.62,ПАСЬКО Олег Викторович,26,9.52
Ростовская область,61,MUNICIPAL,mun_mm,"Муниципальный совет, многомандатный округ",Выборы депутатов Собрания депутатов Костино-Быстрянского сельского поселения Морозовского района Ростовской области шестого созыва,Костино-Быстрянский многомандатный избирательный округ,1,10,12,105,95,93,440,90.48,True,3.18,ГАМАЮНОВА Ирина Петровна,47,10.68,ТАРЕЕВ Иван Алексеевич,47,10.68,МАЛОВ Виталий Юрьевич,46,10.45
Ростовская область,61,MUNICIPAL,mun_mm,"Муниципальный совет, многомандатный округ",Выборы депутатов Собрания депутатов Кочетовского сельского поселения Семикаракорского района Ростовской области шестого созыва,Кочетовский многомандатный избирательный округ,1,10,11,147,139,139,586,94.56,True,4.44,ЗЕРЩИКОВА Анастасия Николаевна,75,12.8,БЕЗБАТЧЕНКО Виталий Владимирович,70,11.95,ЗУБКОВ Валерий Леонидович,59,10.07
Ростовская область,61,MUNICIPAL,mun_mm,"Муниципальный совет, многомандатный округ",Выборы депутатов Собрания депутатов Красненского сельского поселения шестого созыва,Красненский многомандатный избирательный округ № 1,1,5,7,158,145,143,353,91.77,True,0.28,БУКША Ольга Николаевна,111,31.44,ФУСА Мария Константиновна,72,20.4,ЗАЯЦ Полина Ильинична,59,16.71
Ростовская область,61,MUNICIPAL,mun_mm,"Муниципальный совет, многомандатный округ",Выборы депутатов Собрания депутатов Красненского сельского поселения шестого созыва,Красненский многомандатный избирательный округ № 2,1,5,7,104,88,87,183,84.62,True,1.64,ХАКИМОВА Анна Николаевна,51,27.87,ФУСА Оксана Александровна,34,18.58,КИРИЧЕНКО Екатерина Сергеевна,23,12.57
Ростовская область,61,MUNICIPAL,mun_mm,"Муниципальный совет, многомандатный округ",Выборы депутатов Собрания депутатов Красноармейского сельского поселения Зерноградского района Ростовской области шестого созыва,Путьправдинский десятимандатный,1,10,17,151,132,132,452,87.42,True,0.22,ВОЛКОВ Алексей Витальевич,61,13.5,ГУДЗЕНКО Павел Иванович,54,11.95,ГАЙДУКОВА Дарья Владимировна,43,9.51
Ростовская область,61,MUNICIPAL,mun_sm,"Муниципальный совет, одномандатный округ",Выборы депутатов Собрания депутатов Красноармейского сельского поселения шестого созыва,Красноармейский одномандатный избирательный округ,10,1,22,187,168,166,166,89.84,True,0.0,ИВАЩЕНКО Светлана Георгиевна,16,9.64,ПРУГЛОВ Даниил Владимирович,16,9.64,ПРУГЛОВ Денис Сергеевич,15,9.04
Ростовская область,61,MUNICIPAL,mun_mm,"Муниципальный совет, многомандатный округ",Выборы депутатов Собрания депутатов Красновского сельского поселения шестого созыва,Красновский десятимандатный избирательный округ,1,10,12,194,173,171,577,89.18,True,0.35,СЫРОВАТКИНА Юлия Владимировна,85,14.73,КАРПОВА Елена Николаевна,68,11.79,ЛИТВИНОВ Роман Петрович,58,10.05
Ростовская область,61,MUNICIPAL,mun_mm,"Муниципальный совет, многомандатный округ",Выборы депутатов Собрания депутатов Красновского сельского поселения шестого созыва,Красновский пятимандатный избирательный округ,2,5,17,317,254,250,483,80.13,True,0.83,ХАН Валерий Константинович,81,16.77,НОВИЦКИЙ Вячеслав Карлович,53,10.97,КАРМАНЧИКОВА Светлана Ивановна,40,8.28
Ростовская область,61,MUNICIPAL,mun_mm,"Муниципальный совет, многомандатный округ",Выборы депутатов Собрания депутатов Краснодонецкого сельского поселения шестого созыва,Краснодонецкий многомандатный избирательный округ №1,1,10,15,134,124,121,444,92.54,True,0.23,ДЕРЕЗИНА Анна Григорьевна,43,9.68,БЫКАДОРОВА Людмила Леонидовна,41,9.23,БЕЗУХАНИЧ Галина Геннадьевна,41,9.23
Ростовская область,61,MUNICIPAL,mun_mm,"Муниципальный совет, многомандатный округ",Выборы депутатов Собрания депутатов Краснозоринского сельского поселения Боковского района шестого созыва,Краснозоринский многомандатный избирательный округ №1,1,10,13,29,27,27,165,93.1,True,1.21,МОЛЧАНОВА Лина Ивановна,20,12.12,ВОЛНЕНКО Михаил Александрович,18,10.91,ГРОМОВ Александр Валерьевич,16,9.7
Ростовская область,61,MUNICIPAL,mun_mm,"Муниципальный совет, многомандатный округ",Выборы депутатов Собрания депутатов Краснокрымского сельского поселения Мясниковского района Ростовской области шестого созыва,Краснокрымский,2,3,26,357,312,304,589,87.39,True,0.34,КАЛУГА Оксана Николаевна,89,15.11,ДЕРЯБКИНА Наталья Борисовна,59,10.02,КАДЫРОВ Асхат Маратович,43,7.3
Ростовская область,61,MUNICIPAL,mun_mm,"Муниципальный совет, многомандатный округ",Выборы депутатов Собрания депутатов Краснокрымского сельского поселения Мясниковского района Ростовской области шестого созыва,Ленинаванский,2,3,20,299,251,242,405,83.95,True,0.74,ЧУВАРАЯН Татевос Валерьевич,59,14.57,ТРЕТЬЯКОВ Сергей Владимирович,40,9.88,ПАВЛЕНКО Татьяна Эдуардовна,31,7.65
Ростовская область,61,MUNICIPAL,mun_mm,"Муниципальный совет, многомандатный округ",Выборы депутатов Собрания депутатов Краснокрымского сельского поселения Мясниковского района Ростовской области шестого созыва,Ленинаканский,1,3,10,287,258,253,489,89.9,True,2.04,КАРАПЕТЯН Армен Карапетович,116,23.72,САЛОМАТОВА Юлия Александровна,77,15.75,РЫБАКОВА Александра Алексеевна,72,14.72
Ростовская область,61,MUNICIPAL,mun_mm,"Муниципальный совет, многомандатный округ",Выборы депутатов Собрания депутатов Краснокутского сельского поселения Боковского района шестого созыва,Краснокутский многомандатный избирательный округ №1,1,10,12,54,52,49,174,96.3,True,0.0,СОКОЛОВА Тамара Викторовна,24,13.79,АФОНИНА Екатерина Владимировна,21,12.07,ГРИЦАЙ Сергей Михайлович,17,9.77
Ростовская область,61,MUNICIPAL,mun_mm,"Муниципальный совет, многомандатный округ",Выборы депутатов Собрания депутатов Краснокутского сельского поселения Октябрьского района Ростовской области шестого созыва,Краснокутский десятимандатный избирательный округ №1,1,10,13,227,185,183,650,81.5,True,0.15,ПРОНИЧКИНА Ирина Юрьевна,89,13.69,ГАВРИЛОВА Ольга Иосифовна,72,11.08,БОЛЬШАКОВА Ольга Владимировна,59,9.08
Ростовская область,61,MUNICIPAL,mun_mm,"Муниципальный совет, многомандатный округ",Выборы депутатов Собрания депутатов Краснолучского сельского поселения Октябрьского района Ростовской области шестого созыва,Краснолучский четырехмандатный избирательный округ №2,1,4,5,51,37,37,56,72.55,True,5.36,ВИДЯПИНА Надежда Александровна,20,35.71,ЧАН Наталья Сергеевна (Прежняя фамилия Чумакова),12,21.43,ДОЛГОВА Марина Александровна,9,16.07
Ростовская область,61,MUNICIPAL,mun_mm,"Муниципальный совет, многомандатный округ",Выборы депутатов Собрания депутатов Краснолучского сельского поселения Октябрьского района Ростовской области шестого созыва,Краснолучский шестимандатный избирательный округ №1,1,4,9,47,33,32,62,70.21,True,1.61,БОТОВ Иван Викторович,15,24.19,СИНЮТИНА Ольга Владимировна,13,20.97,ЛОМАКИНА Кристина Владимировна,8,12.9
Ростовская область,61,MUNICIPAL,mun_sm,"Муниципальный совет, одномандатный округ",Выборы депутатов Собрания депутатов Краснооктябрьского  сельского поселения шестого созыва,Краснооктябрьский многомандатный № 1,1,1,4,15,11,11,11,73.33,True,18.18,МАКАРЕНКО Марина Александровна,5,45.45,АВРАМЕНКО Валентина Валерьевна,3,27.27,СЛЕЗОВА Ирина Александровна,3,27.27
Ростовская область,61,MUNICIPAL,mun_sm,"Муниципальный совет, одномандатный округ",Выборы депутатов Собрания депутатов Краснооктябрьского  сельского поселения шестого созыва,Краснооктябрьский многомандатный № 2,1,1,7,55,51,50,50,92.73,True,10.0,ТУГАРЕВА Ирина Валерьевна,14,28.0,КОСЕНКОВ Василий Васильевич,9,18.0,АВГУЧЕНКО Александр Владимирович,9,18.0
Ростовская область,61,MUNICIPAL,mun_sm,"Муниципальный совет, одномандатный округ",Выборы депутатов Собрания депутатов Краснооктябрьского  сельского поселения шестого созыва,Краснооктябрьский многомандатный № 3,1,1,5,23,19,19,19,82.61,True,57.89,ЕРМАКОВА Ия Павловна,14,73.68,ЗАТУЛА Константин Александрович,3,15.79,АВЕРЧЕНКО Людмила Владимировна,1,5.26
Ростовская область,61,MUNICIPAL,mun_mm,"Муниципальный совет, многомандатный округ",Выборы депутатов Собрания депутатов Краснопартизанского сельского поселения Ремонтненского района Ростовской области шестого созыва по Краснопартизанскому многомандатному избирательному округу,Краснопартизанский десятимандатный избирательный округ,1,10,13,23,23,22,169,100.0,True,1.78,ХАДЖИЕВ Руслан Абдрашидович,18,10.65,НАТХИН Роман Юрьевич,17,10.06,РУДЕВ Олег Юрьевич,17,10.06
Ростовская область,61,MUNICIPAL,mun_mm,"Муниципальный совет, многомандатный округ",Выборы депутатов Собрания депутатов Краснополянского сельского поселения шестого созыва,Многомандатный избирательный округ №1,1,10,12,160,129,126,486,80.62,True,0.82,МАХОВ Алексей Алексеевич,66,13.58,ГЛАДКОВА Елена Юрьевна,53,10.91,КОЖЕВНИКОВ Виталий Владимирович,51,10.49
Ростовская область,61,MUNICIPAL,mun_mm,"Муниципальный совет, многомандатный округ",Выборы депутатов Собрания депутатов Красносадовского сельского поселения шестого созыва,Красносадовский десятимандатный избирательный округ № 1,1,10,24,244,210,203,598,86.07,True,0.33,КРИВОРУЧКИН Николай Романович,62,10.37,СМОЛЯНИНОВ Александр Владимирович,56,9.36,СЛЮСАРЕНКО Оксана Владимировна,52,8.7
Ростовская область,61,MUNICIPAL,mun_mm,"Муниципальный совет, многомандатный округ",Выборы депутатов Собрания депутатов Красноярского сельского поселения шестого созыва,Красноярский десятимандатный избирательный округ № 1,1,10,18,339,307,304,845,90.56,True,0.59,АРБУЗОВ Сергей Александрович,97,11.48,БЕСПЕЧАЛЬНЫХ Владислав Борисович,77,9.11,ОПАРИНА Наталья Викторовна,69,8.17
Ростовская область,61,MUNICIPAL,mun_mm,"Муниципальный совет, многомандатный округ",Выборы депутатов Собрания депутатов Красюковского сельского поселения Октябрьского района Ростовской области шестого созыва,Красюковский десятимандатный избирательный округ №1,1,10,25,429,352,347,1215,82.05,True,0.33,ЗЛОБИНА Наталья Петровна,107,8.81,БЛЮХЕС Галина Николаевна,91,7.49,ГЛАЗКОВА Наталья Ивановна,90,7.41
Ростовская область,61,MUNICIPAL,mun_mm,"Муниципальный совет, многомандатный округ",Выборы депутатов Собрания депутатов Криворожского сельского поселения шестого созыва,Многомандатный избирательный округ Криворожского сельского поселения Миллеровского района Ростовской области,1,10,13,154,147,143,492,95.45,True,0.61,ОДИНЦОВ Александр Николаевич,59,11.99,ТАРАДИНА Ольга Николаевна,55,11.18,СКОРЫТЧЕНКО Вячеслав Геннадиевич,50,10.16
Ростовская область,61,MUNICIPAL,mun_mm,"Муниципальный совет, многомандатный округ",Выборы депутатов Собрания депутатов Кривянского сельского поселения Октябрьского района Ростовской области шестого созыва,Кривянский восьмимандатный избирательный округ №1,1,7,15,287,234,233,532,81.53,True,0.75,СТРАДАНЧЕНКОВ Михаил Михайлович,94,17.67,РЫБАЛЬЧЕНКО Светлана Леонидовна,72,13.53,ЕФИМОВА Елена Вячеславовна,57,10.71
Ростовская область,61,MUNICIPAL,mun_mm,"Муниципальный совет, многомандатный округ",Выборы депутатов Собрания депутатов Кривянского сельского поселения Октябрьского района Ростовской области шестого созыва,Кривянский семимандатный избирательный округ №2,1,7,13,211,157,153,318,74.41,True,0.0,ХОХЛАЧЕВА Любовь Гавриловна,42,13.21,РАТУШНАЯ Лариса Владимировна,42,13.21,КУЛИКОВ Александр Александрович,40,12.58
Ростовская область,61,MUNICIPAL,mun_mm,"Муниципальный совет, многомандатный округ",Выборы депутатов Собрания депутатов Кринично-Лугского сельского поселения шестого созыва,Кринично-Лугский многомандатный избирательный округ,1,10,14,106,91,91,210,85.85,True,0.48,БАБКИН Алексей Сергеевич,28,13.33,ВОРОНА Владислав Юрьевич,20,9.52,КУЦЕНКО Людмила Николаевна,20,9.52
Ростовская область,61,MUNICIPAL,mun_mm,"Муниципальный совет, многомандатный округ",Выборы депутатов Собрания депутатов Круглянского сельского поселения шестого созыва,Круглянский десятимандатный избирательный округ № 1,1,10,19,243,220,217,1164,90.53,True,1.29,БОРИСЕНКО Александр Викторович,129,11.08,ЗЫБИН Евгений Михайлович,123,10.57,ДЕВЯТКИНА Татьяна Леонидовна,115,9.88
Ростовская область,61,MUNICIPAL,mun_mm,"Муниципальный совет, многомандатный округ",Выборы депутатов Собрания депутатов Кружилинского сельского поселения шестого созыва,Кружилинский десятимандатный избирательный округ №1,1,10,12,54,50,50,160,92.59,True,2.5,ГОРИН Владимир Викторович,19,11.88,ЗАИКИН Михаил Станиславович,18,11.25,СКОРОХОДОВА Марина Викторовна,16,10.0
Ростовская область,61,MUNICIPAL,mun_mm,"Муниципальный совет, многомандатный округ",Выборы депутатов Собрания депутатов Кручено-Балковского сельского поселения шестого созыва,Кручено-Балковский,1,5,10,67,58,57,149,86.57,True,0.0,НЕДЕЛЬКО Валентина Юрьевна,25,16.78,ДАНИЛОВ Владимир Николаевич,20,13.42,ЛИПАТНИКОВ Сергей Николаевич,18,12.08
Ростовская область,61,MUNICIPAL,mun_mm,"Муниципальный совет, многомандатный округ",Выборы депутатов Собрания депутатов Кручено-Балковского сельского поселения шестого созыва,Новоселовский,1,5,7,47,37,37,69,78.72,True,0.0,ДУМА Анастасия Юрьевна,18,26.09,НОСАЧЕВА Мария Александровна,12,17.39,ЗАРУДНЕВ Александр Александрович,9,13.04
Ростовская область,61,MUNICIPAL,mun_mm,"Муниципальный совет, многомандатный округ",Выборы депутатов Собрания депутатов Крымского сельского поселения Мясниковского района Ростовской области шестого созыва,Крымский,2,5,22,269,246,241,536,91.45,True,0.0,ДЖЛАУХОВА Александра Валерьевна,64,11.94,АЙДИНЯН Луспарон Микаелович,53,9.89,НОРЛУСИНЯН Виталий Сетракович,45,8.4
Ростовская область,61,MUNICIPAL,mun_mm,"Муниципальный совет, многомандатный округ",Выборы депутатов Собрания депутатов Крымского сельского поселения шестого созыва,Крымский,1,10,14,91,84,83,438,92.31,True,0.0,БРЫНДИН Семен Александрович,46,10.5,ЕЛИСЕЕВА Светлана Александровна,42,9.59,ЖЛОБНИЦКАЯ Елена Борисовна,39,8.9
Ростовская область,61,MUNICIPAL,mun_mm,"Муниципальный совет, многомандатный округ",Выборы депутатов Собрания депутатов Кугейского сельского поселения шестого созыва,Кугейский пятимандатный избирательный округ № 1,1,5,12,127,115,115,322,90.55,True,0.93,ЗИНЧЕНКО Екатерина Евгеньевна,77,23.91,ЧЕПУРНОЙ Алексей Павлович,67,20.81,БАБАЯН Максимильян Васильевич,42,13.04
Ростовская область,61,MUNICIPAL,mun_mm,"Муниципальный совет, многомандатный округ",Выборы депутатов Собрания депутатов Кугейского сельского поселения шестого созыва,Кугейский пятимандатный избирательный округ № 2,1,5,10,73,67,67,167,91.78,True,5.99,РИТЧЕР Валентина Владимировна,34,20.36,ШМИГЕЛЬСКАЯ Елена Георгиевна,32,19.16,СЕНЬКИН Анатолий Евгеньевич,30,17.96
Ростовская область,61,MUNICIPAL,mun_mm,"Муниципальный совет, многомандатный округ",Выборы депутатов Собрания депутатов Кузнецовского сельского поселения Семикаракорского района Ростовской области шестого созыва,Кузнецовский многомандатный избирательный округ,1,10,12,66,55,55,187,83.33,True,0.53,ТУПАХОВ Александр Иванович,26,13.9,БАТЕЕНКО Светлана Михайловна,21,11.23,КОВАЛЁВА Анастасия Владимировна,19,10.16
Ростовская область,61,MUNICIPAL,mun_mm,"Муниципальный совет, многомандатный округ",Выборы депутатов Собрания депутатов Кулешовского сельского поселения шестого созыва,Кулешовский девятимандатный избирательный округ № 2,1,6,15,440,372,372,733,84.55,True,0.14,МАЛЕЙКО Виталий Анатольевич,75,10.23,БРАТИШОВА Екатерина Алексеевна,70,9.55,ЮРАСОВ Юрий Игоревич,68,9.28
Ростовская область,61,MUNICIPAL,mun_mm,"Муниципальный совет, многомандатный округ",Выборы депутатов Собрания депутатов Кулешовского сельского поселения шестого созыва,Кулешовский шестимандатный избирательный округ № 1,1,6,12,284,231,222,458,81.34,True,1.09,СЕРГИЕНКО Виталий Игоревич,68,14.85,ХЛЫСТУНОВ Виталий Николаевич,61,13.32,ВАРАВА Игорь Васильевич,50,10.92
Ростовская область,61,MUNICIPAL,mun_sm,"Муниципальный совет, одномандатный округ",Выборы депутатов Собрания депутатов Курганенского сельского поселения шестого созыва,Курганенский одномандатный избирательный округ,9,1,18,45,44,44,44,97.78,True,9.09,ИЛЬИНОВА Татьяна Анатольевна,9,20.45,МОЛЧАНОВ Илья Александрович,5,11.36,КАМЕНСКАЯ Любовь Витальевна,4,9.09
Ростовская область,61,MUNICIPAL,mun_mm,"Муниципальный совет, многомандатный округ",Выборы депутатов Собрания депутатов Курно-Липовского сельского поселения шестого созыва,Курно-Липовский десятимандатный избирательный округ,1,10,13,58,56,56,178,96.55,True,0.0,ТКАЧЁВА Наталья Александровна,25,14.04,ДАВУДОВА Наталья Киласхановна,22,12.36,ДМИТРЕНКО Анна Васильевна,20,11.24
Ростовская область,61,MUNICIPAL,mun_mm,"Муниципальный совет, многомандатный округ",Выборы депутатов Собрания депутатов Кутейниковского сельского поселения Зимовниковского района Ростовской области шестого созыва,Кутейниковский десяти мандатный избирательный округ,1,10,26,50,43,43,243,86.0,True,1.23,НЕСТЕРЕНКО Валерий Михайлович,23,9.47,ЕРИН Анатолий Владимирович,20,8.23,ЯБЛОЧНЫЙ Алексей Сергеевич,19,7.82
Ростовская область,61,MUNICIPAL,mun_mm,"Муниципальный совет, многомандатный округ",Выборы депутатов Собрания депутатов Кутейниковского сельского поселения Чертковского района Ростовской области шестого созыва,Кутейниковский,1,10,13,53,50,49,224,94.34,True,0.0,ИВАНОВ Анатолий Сергеевич,26,11.61,ДЖАБИЕВ Андрей Отарович,25,11.16,КОСТЕНКО Николай Николаевич,24,10.71
Ростовская область,61,MUNICIPAL,mun_mm,"Муниципальный совет, многомандатный округ",Выборы депутатов Собрания депутатов Кутейниковского сельского поселения шестого созыва,Кутейниковский многомандатный избирательный округ №1,1,10,18,125,109,109,380,87.2,True,0.53,ЛАПОЧКИНА Людмила Викторовна,48,12.63,ДОЛОТОВА Екатерина Владимировна,35,9.21,НАГИБИНА Елена Николаевна,33,8.68
Ростовская область,61,MUNICIPAL,mun_sm,"Муниципальный совет, одномандатный округ",Выборы депутатов Собрания депутатов Лакедемоновского сельского поселения Неклиновского района Ростовской области шестого созыва,Лакедемоновский одномандатный избирательный округ,10,1,23,229,200,198,198,87.34,True,1.52,Писковец Алла Алексеевна,21,10.61,Субботин Виктор Анатольевич,18,9.09,Еремин Николай Дмитриевич,15,7.58
Ростовская область,61,MUNICIPAL,mun_mm,"Муниципальный совет, многомандатный округ",Выборы депутатов Собрания депутатов Ленинского сельского поселения шестого созыва,Ленинский десяти мандатный избирательный округ,1,10,14,36,29,29,143,80.56,True,6.29,МАТВИЕНКО Сергей Николаевич,16,11.19,ДВОРНИКОВА Виктория Павловна,14,9.79,МАВЛЮДОВ Лочин Анурхонович,14,9.79
Ростовская область,61,MUNICIPAL,mun_mm,"Муниципальный совет, многомандатный округ",Выборы депутатов Собрания депутатов Ленинского сельского поселения шестого созыва,Ленинский многомандатный избирательный округ №1,1,10,30,157,136,134,714,86.62,True,2.8,ДУДЧЕНКО Юрий Николаевич,89,12.46,МАСЛОВ Виктор Георгиевич,82,11.48,ОЛЕШКО Владимир Александрович,74,10.36
Ростовская область,61,MUNICIPAL,mun_mm,"Муниципальный совет, многомандатный округ",Выборы депутатов Собрания депутатов Летницкого сельского поселения шестого созыва,Многомандатный избирательный округ №1,1,10,11,126,108,106,490,85.71,True,0.61,ИЗОТОВА Ольга Анатольевна,56,11.43,НОВИЧЕВ Николай Сергеевич,55,11.22,ЛУНЁВ Сергей Валериевич,51,10.41
Ростовская область,61,MUNICIPAL,mun_mm,"Муниципальный совет, многомандатный округ",Выборы депутатов Собрания депутатов Литвиновского сельского поселения шестого созыва,Литвиновский многомандатный избирательный округ №1,1,10,14,123,109,108,452,88.62,True,1.77,ГОЛОТВИН Александр Никитович,53,11.73,ПУЗАНОВ Петр Иванович,47,10.4,ЦЫПКИНА Наталья Михайловна,46,10.18
Ростовская область,61,MUNICIPAL,mun_mm,"Муниципальный совет, многомандатный округ",Выборы депутатов Собрания депутатов Лозновского сельского поселения шестого созыва,Лозновский десятимандатный избирательный округ № 1,1,10,12,250,224,218,715,89.6,True,1.54,МАРКИН Николай Евгеньевич,83,11.61,КОНЮХОВ Вячеслав Георгиевич,81,11.33,КУЗНЕЦОВ Николай Николаевич,76,10.63
Ростовская область,61,MUNICIPAL,mun_mm,"Муниципальный совет, многомандатный округ",Выборы депутатов Собрания депутатов Лопанского сельского поселения шестого созыва,Лопанский многомандатный избирательный округ 1,1,10,12,112,92,92,267,82.14,True,0.37,ГОРИШНЯЯ Нина Сергеевна,31,11.61,ГАПОНЕНКО Наталия Сергеевна,30,11.24,МОСЕНЦЕВ Александр Алексеевич,30,11.24
Ростовская область,61,MUNICIPAL,mun_sm,"Муниципальный совет, одномандатный округ",Выборы депутатов Собрания депутатов Луганского сельского поселения шестого созыва,Луганский одномандатный избирательный округ,10,1,21,160,156,156,156,97.5,True,1.92,ЛОЗА Дарья Сергеевна,22,14.1,ЛАДЫГИН Олег Александрович,19,12.18,БАРАНОВА Лидия Михайловна,15,9.62
Ростовская область,61,MUNICIPAL,mun_mm,"Муниципальный совет, многомандатный округ",Выборы депутатов Собрания депутатов Лукичевского сельского поселения шестого созыва,Лукичевский семимандатный избирательный округ № 1,1,7,9,21,17,17,26,80.95,True,3.85,ВОРОНИН Михаил Алексеевич,6,23.08,КОРЖОВА Юлия Сергеевна,6,23.08,ГНЕДКО Валентина Сергеевна,5,19.23
Ростовская область,61,MUNICIPAL,mun_mm,"Муниципальный совет, многомандатный округ",Выборы депутатов Собрания депутатов Лысогорского сельского поселения шестого созыва,Лысогорский многомандатный избирательный округ,1,10,15,68,55,54,132,80.88,True,1.52,НИКОЛАЕВА Светлана Сергеевна,15,11.36,КАТЕЛЬНИЦКАЯ Наталья Александровна,14,10.61,МОЛЧАНОВА Галина Анатольевна,13,9.85
Ростовская область,61,MUNICIPAL,mun_sm,"Муниципальный совет, одномандатный округ",Выборы депутатов Собрания депутатов Майорского сельского поселения шестого созыва,Майорский одномандатный избирательный округ,10,1,20,43,41,41,41,95.35,True,4.88,ЕРШОВ Иван Анатольевич,8,19.51,ТАРАСЕНКО Петр Николаевич,6,14.63,ФОМИН Андрей Александрович,4,9.76
Ростовская область,61,MUNICIPAL,mun_mm,"Муниципальный совет, многомандатный округ",Выборы депутатов Собрания депутатов Малокаменского сельского поселения шестого созыва,Малокаменский многомандатный избирательный округ,1,10,17,144,126,126,553,87.5,True,0.36,РУМЯНЦЕВА Екатерина Васильевна,54,9.76,БАХЧЕЕВА Наталья Анатольевна,49,8.86,ЛАРИНА Зарина Николаевна,45,8.14
Ростовская область,61,MUNICIPAL,mun_mm,"Муниципальный совет, многомандатный округ",Выборы депутатов Собрания депутатов Малокирсановского сельского поселения шестого созыва,Малокирсановский десятимандатный избирательный округ №1,1,10,15,229,195,193,816,85.15,True,2.33,КУЛИШОВА Елена Анатольевна,97,11.89,ХАРЬКОВСКИЙ Александр Александрович,75,9.19,КРИВОНОГОВА Анастасия Викторовна,74,9.07
Ростовская область,61,MUNICIPAL,mun_mm,"Муниципальный совет, многомандатный округ",Выборы депутатов Собрания депутатов Малолученского сельского поселения шестого созыва,Малолученский семимандатный избирательный округ,1,7,14,36,33,33,164,91.67,True,6.1,ГЛУХОВА Анастасия Ивановна,24,14.63,АБДУРАХМАНОВ Шамил Магомедович,20,12.2,ДЕМИН Сергей Михайлович,20,12.2
Ростовская область,61,MUNICIPAL,mun_mm,"Муниципальный совет, многомандатный округ",Выборы депутатов Собрания депутатов Малоорловского сельского поселения шестого созыва,Малоорловский,1,10,13,155,136,131,432,87.74,True,0.46,ГОНЧАРОВ Иван Михайлович,53,12.27,ЗАЗУЛЯНСКАЯ Оксана Ивановна,50,11.57,БАБИЧЕВ Павел Петрович,44,10.19
Ростовская область,61,MUNICIPAL,mun_mm,"Муниципальный совет, многомандатный округ",Выборы депутатов Собрания депутатов Мальчевского сельского поселения шестого созыва,Многомандатный избирательный округ Мальчевского сельского поселения Миллеровского района Ростовской области,1,10,22,218,202,201,1076,92.66,True,1.02,ВЕНИЧЕНКО Геннадий Алексеевич,131,12.17,ТОЛСТОКОРОВ Олег Григорьевич,106,9.85,ИВАШОВ Сергей Александрович,89,8.27
Ростовская область,61,MUNICIPAL,mun_mm,"Муниципальный совет, многомандатный округ",Выборы депутатов Собрания депутатов Манычского сельского поселения Зерноградского района Ростовской области шестого созыва,Сорговый десятимандатный,1,10,18,193,161,160,609,83.42,True,0.82,БЕНБЕРЯ Иван Иванович,64,10.51,ГОЛЯШОВА Светлана Викторовна,60,9.85,РЕШЕТНЯК Людмила Юрьевна,56,9.2
Ростовская область,61,MUNICIPAL,mun_mm,"Муниципальный совет, многомандатный округ",Выборы депутатов Собрания депутатов Манычского сельского поселения шестого созыва,Манычский,1,10,12,61,52,52,124,85.25,True,0.0,ПОДСКРЕБАЛИНА Светлана Владимировна,18,14.52,ВАРАВИН Александр Николаевич,16,12.9,БОНДАРЕНКО Роман Алексеевич,15,12.1
Ростовская область,61,MUNICIPAL,mun_mm,"Муниципальный совет, многомандатный округ",Выборы депутатов Собрания депутатов Манычского сельского поселения шестого созыва,Манычский многомандатный избирательный округ № 1,1,5,7,110,95,92,213,86.36,True,1.88,БОРИСОВА Ирина Валерьевна,44,20.66,БАКАНОВ Леонид Александрович,39,18.31,ПАХОМОВ Григорий Владимирович,39,18.31
Ростовская область,61,MUNICIPAL,mun_mm,"Муниципальный совет, многомандатный округ",Выборы депутатов Собрания депутатов Манычского сельского поселения шестого созыва,Манычский многомандатный избирательный округ № 2,1,5,7,98,87,87,149,88.78,True,2.68,ДУХОПЕЛЬНИКОВ Сергей Михайлович,35,23.49,КУДРИНА Александра Николаевна,32,21.48,КУПЧИНСКАЯ Ольга Анатольевна,25,16.78
Ростовская область,61,MUNICIPAL,mun_mm,"Муниципальный совет, многомандатный округ",Выборы депутатов Собрания депутатов Маньково-Березовского сельского поселения шестого созыва,Маньково-Березовский десятимандатный избирательный округ № 1,1,10,12,118,103,102,381,87.29,True,2.1,ДУНАЙЦЕВ Виктор Петрович,47,12.34,БУЛАНОВА Наталья Николаевна,41,10.76,ДЕГТЯРЕВ Никита Федорович,35,9.19
Ростовская область,61,MUNICIPAL,mun_mm,"Муниципальный совет, многомандатный округ",Выборы депутатов Собрания депутатов Маньковского сельского поселения Чертковского района Ростовской области шестого созыва,Маньково-Калитвенский,1,10,12,226,212,209,709,93.81,True,0.42,ХАРЧЕНКО Михаил Николаевич,83,11.71,ТАРАТЫНОВА Татьяна Валерьевна,70,9.87,МОРОЗОВА Людмила Ильинична,68,9.59
Ростовская область,61,MUNICIPAL,mun_mm,"Муниципальный совет, многомандатный округ",Выборы депутатов Собрания депутатов Маргаритовского сельского поселения шестого созыва,Маргаритовский десятимандатный избирательный округ № 1,1,10,17,162,142,139,543,87.65,True,0.18,КИКОТЬ Николай Александрович,68,12.52,НИКИТИНА Виктория Николаевна,48,8.84,КЛИМАНОВА Людмила Викторовна,47,8.66
Ростовская область,61,MUNICIPAL,mun_mm,"Муниципальный совет, многомандатный округ",Выборы депутатов Собрания депутатов Маркинского сельского поселения шестого созыва,Маркинский десятимандатный избирательный округ № 1,1,10,20,213,196,194,895,92.02,True,0.11,СОСОВА Галина Викторовна,92,10.28,ЖУКОВСКИЙ Роман Николаевич,74,8.27,МАРТЫНОВ Иван Иванович,68,7.6
Ростовская область,61,MUNICIPAL,mun_mm,"Муниципальный совет, многомандатный округ",Выборы депутатов Собрания депутатов Мартыновского сельского поселения шестого созыва,Мартыновский,1,10,13,685,633,625,1630,92.41,True,0.06,БАСЮК Екатерина Петровна,234,14.36,ЧЕБОТАРЕВ Игорь Геннадьевич,200,12.27,ЕРМАКОВ Николай Юрьевич,198,12.15
Ростовская область,61,MUNICIPAL,mun_mm,"Муниципальный совет, многомандатный округ",Выборы депутатов Собрания депутатов Матвеево-Курганского сельского поселения шестого созыва,Матвеево-Курганский трехмандатный избирательный округ №1,1,3,5,325,295,290,429,90.77,True,8.62,МАСЬ Галина Александровна,189,44.06,ПОПИВНЕНКО Елена Валентиновна,86,20.05,ХЛАБУСТИН Иван Викторович,79,18.41
Ростовская область,61,MUNICIPAL,mun_mm,"Муниципальный совет, многомандатный округ",Выборы депутатов Собрания депутатов Матвеево-Курганского сельского поселения шестого созыва,Матвеево-Курганский трехмандатный избирательный округ №2,1,3,5,296,279,277,444,94.26,True,1.35,ЛЯМЦЕВА Людмила Михайловна,146,32.88,АНЦЕВ Николай Николаевич,132,29.73,ЗБАРСКАЯ Марина Александровна,61,13.74
Ростовская область,61,MUNICIPAL,mun_mm,"Муниципальный совет, многомандатный округ",Выборы депутатов Собрания депутатов Матвеево-Курганского сельского поселения шестого созыва,Матвеево-Курганский трехмандатный избирательный округ №3,1,3,5,253,231,230,370,91.3,True,7.3,ЯРКИНА Марина Николаевна,120,32.43,ЗИНЧЕНКО Елена Викторовна,92,24.86,АЛПАТОВ Александр Анатольевич,73,19.73
Ростовская область,61,MUNICIPAL,mun_mm,"Муниципальный совет, многомандатный округ",Выборы депутатов Собрания депутатов Матвеево-Курганского сельского поселения шестого созыва,Матвеево-Курганский трехмандатный избирательный округ №4,1,3,6,244,217,215,333,88.93,True,6.61,МАЗНЕВ Сергей Александрович,101,30.33,КУЧМИЕВ Вадим Сергеевич,86,25.83,МАКСИМОВ Андрей Анатольевич,56,16.82
Ростовская область,61,MUNICIPAL,mun_mm,"Муниципальный совет, многомандатный округ",Выборы депутатов Собрания депутатов Матвеево-Курганского сельского поселения шестого созыва,Матвеево-Курганский трехмандатный избирательный округ №5,1,3,5,239,219,219,307,91.63,True,10.1,БЛАГОДАРЕВ Олег Александрович,101,32.9,ИВАЩЕНКО Степан Васильевич,73,23.78,ТАШПУЛАТОВ Виталий Акбарович,72,23.45
Ростовская область,61,MUNICIPAL,mun_mm,"Муниципальный совет, многомандатный округ",Выборы депутатов Собрания депутатов Мелиховского сельского поселения шестого созыва,Мелиховский,1,10,13,194,174,172,863,89.69,True,1.62,ЧЕРНЕНКО Лариса Николаевна,91,10.54,МАСЛОВСКИЙ Максим Сергеевич,89,10.31,ДЕНИСЕНКО Роман Вадимович,80,9.27
Ростовская область,61,MUNICIPAL,mun_mm,"Муниципальный совет, многомандатный округ",Выборы депутатов Собрания депутатов Меркуловского сельского поселения шестого созыва,Меркуловский десятимандатный избирательный округ №1,1,10,12,51,48,48,184,94.12,True,0.0,ШПЫНЕВ Дмитрий Михайлович,24,13.04,НИКОЛАЕВА Елена Ивановна,22,11.96,ЛАЗАРЕВ Михаил Витальевич,20,10.87
Ростовская область,61,MUNICIPAL,mun_mm,"Муниципальный совет, многомандатный округ",Выборы депутатов Собрания депутатов Мечетинского сельского поселения Зерноградского района Ростовской области шестого созыва,Мечетинский пятимандатный,2,5,22,325,295,293,860,90.77,True,0.23,КАЛИНИЧЕНКО Рита Александровна,82,9.53,КАЛИНИЧЕНКО Василий Анатольевич,79,9.19,БОГДАНОВ Богдан Александрович,76,8.84
Ростовская область,61,MUNICIPAL,mun_mm,"Муниципальный совет, многомандатный округ",Выборы депутатов Собрания депутатов Мешковского сельского поселения шестого созыва,Мешковский десятимандатный избирательный округ №1,1,10,12,74,70,70,261,94.59,True,0.77,"КОРШУНОВ 
Сергей 
Александрович",33,12.64,"ПИСОЦКИЙ 
Александр 
Анатольевич",26,9.96,"МЕЩЕРЯКОВА 
Галина 
Анатольевна",25,9.58
Ростовская область,61,MUNICIPAL,mun_mm,"Муниципальный совет, многомандатный округ",Выборы депутатов Собрания депутатов Мещеряковского сельского поселения шестого созыва,Мещеряковский десятимандатный избирательный округ №1,1,10,12,66,60,60,388,90.91,True,4.9,"ЗЕЛЕНЬКОВА 
Наталья 
Ивановна",44,11.34,"СЫЧЕВА 
Елена 
Владимировна",41,10.57,"ТИТОВА 
Наталья 
Николаевна",38,9.79
Ростовская область,61,MUNICIPAL,mun_mm,"Муниципальный совет, многомандатный округ",Выборы депутатов Собрания депутатов Мигулинского сельского поселения шестого созыва,Мигулинский десятимандатный избирательный округ №1,1,10,12,65,60,60,267,92.31,True,3.0,"ГОГОЛЕВ 
Андрей 
Анатольевич",33,12.36,"КОЛЫЧЕВА 
Наталья 
Алексеевна",30,11.24,"ПРИЩЕПА 
Оксана 
Евгеньевна",28,10.49
Ростовская область,61,MUNICIPAL,mun_mm,"Муниципальный совет, многомандатный округ",Выборы депутатов Собрания депутатов Миллеровского городского поселения шестого созыва,Многомандатный избирательный округ Миллеровского городского поселения Миллеровского района Ростовской области,5,4,42,2661,2402,2371,4014,90.27,True,0.3,ЛЕСОВАЯ Елена Александровна,182,4.53,БОЛЬШЕНКО Игорь Викторович,167,4.16,ЛИХАЧЕВА Анна Сергеевна,158,3.94
Ростовская область,61,MUNICIPAL,mun_mm,"Муниципальный совет, многомандатный округ",Выборы депутатов Собрания депутатов Милютинского сельского поселения шестого созыва,Милютинский десятимандатный избирательный округ № 1,1,10,12,341,320,319,840,93.84,True,0.71,ГРИГОРЕНКО Анна Карленовна,137,16.31,МИРОШНИКОВ Николай Александрович,78,9.29,РОГОЖИНА Светлана Викторовна,77,9.17
Ростовская область,61,MUNICIPAL,mun_mm,"Муниципальный совет, многомандатный округ",Выборы депутатов Собрания депутатов Мирненского сельского поселения шестого созыва,Мирненский семимандатный избирательный округ,1,7,9,26,22,22,114,84.62,True,7.02,ПРЯДКИН Анатолий Васильевич,17,14.91,ДОНЕЦ Николай Павлович,16,14.04,БЕЛЯШКИНА Надежда Николаевна,16,14.04
Ростовская область,61,MUNICIPAL,mun_mm,"Муниципальный совет, многомандатный округ",Выборы депутатов Собрания депутатов Митякинского сельского поселения шестого созыва,Митякинский десятимандатный избирательный округ,1,10,12,142,130,129,636,91.55,True,5.03,КУЗЬМИН Александр Борисович,79,12.42,КУЗЬМИНА Екатерина Вячеславовна,74,11.64,ГОРШКОЛЕПОВ Сергей Иванович,66,10.38
Ростовская область,61,MUNICIPAL,mun_mm,"Муниципальный совет, многомандатный округ",Выборы депутатов Собрания депутатов Михайлово-Александровского сельского поселения Чертковского района Ростовской области шестого созыва,Михайлово-Александровский,1,10,12,66,62,61,236,93.94,True,0.85,ЮРЧЕНКО Ирина Викторовна,29,12.29,СМУЛЬСКАЯ Татьяна Михайловна,27,11.44,КОВАЛЕВА Светлана Николаевна,26,11.02
Ростовская область,61,MUNICIPAL,mun_mm,"Муниципальный совет, многомандатный округ",Выборы депутатов Собрания депутатов Михайловского сельского поселения шестого созыва,Михайловский многомандатный избирательный округ,1,10,12,147,130,128,512,88.44,True,2.73,МАЦИНИН Сергей Анатольевич,65,12.7,ДИДЫК Надежда Александровна,52,10.16,ДИМИТРОВА Надежда Николаевна,52,10.16
Ростовская область,61,MUNICIPAL,mun_mm,"Муниципальный совет, многомандатный округ",Выборы депутатов Собрания депутатов Михайловского сельского поселения шестого созыва,Михайловский многомандатный избирательный округ №1,1,10,12,139,132,130,446,94.96,True,0.67,ПЕРЕДЕРЕЕВ Алексей Николаевич,65,14.57,КОРОБОВА Елена Павловна,60,13.45,ЛОГВИНЕНКО Елена Викторовна,45,10.09
Ростовская область,61,MUNICIPAL,mun_mm,"Муниципальный совет, многомандатный округ",Выборы депутатов Собрания депутатов Мишкинского сельского поселения шестого созыва,Мишкинский многомандатный избирательный округ №1,1,10,26,271,208,203,935,76.75,True,0.75,ДЕЛОВ Сергей Алексеевич,95,10.16,БЕЛОУЩЕНКО Ольга Васильевна,90,9.63,БОЛГОВА Ирина Владимировна,87,9.3
Ростовская область,61,MUNICIPAL,mun_mm,"Муниципальный совет, многомандатный округ",Выборы депутатов Собрания депутатов Мокробатайского сельского поселения шестого созыва,Мокробатайский десятимандатный,1,10,12,160,144,143,500,90.0,True,0.2,МАЛЫШЕВА Светлана Владимировна,62,12.4,БЕЛОУСОВА Наталья Вячеславовна,61,12.2,ГОЛОСНОЙ Сергей Дмитриевич,50,10.0
Ростовская область,61,MUNICIPAL,mun_mm,"Муниципальный совет, многомандатный округ",Выборы депутатов Собрания депутатов Мокрогашунского сельского поселения шестого созыва,Мокрогашунский десяти мандатный избирательный округ,1,10,15,43,39,39,106,90.7,True,0.0,ГЕРАЩЕНКО Сергей Александрович,11,10.38,ЖУКОВА Галина Александровна,10,9.43,МИСЬКО Лидия Константиновна,10,9.43
Ростовская область,61,MUNICIPAL,mun_mm,"Муниципальный совет, многомандатный округ",Выборы депутатов Собрания депутатов Мокроельмутянского сельского поселения шестого созыва,Мокроельмутянский,1,10,12,42,35,35,160,83.33,True,0.62,ЯЦЕНКО Наталья Султановна,19,11.88,МАЛУША Сергей Иванович,17,10.62,ПРОКОПЕНКО Мария Викторовна,17,10.62
Ростовская область,61,MUNICIPAL,mun_mm,"Муниципальный совет, многомандатный округ",Выборы депутатов Собрания депутатов Мокрологского сельского поселения Октябрьского района Ростовской области шестого созыва,Мокрологский десятимандатный избирательный округ №1,1,10,14,181,143,143,522,79.01,True,0.57,КАЦИЛОВА Ирина Александровна,74,14.18,СОРОКИН Владимир Борисович,60,11.49,МИЩЕНКО Руслан Александрович,56,10.73
Ростовская область,61,MUNICIPAL,mun_mm,"Муниципальный совет, многомандатный округ",Выборы депутатов Собрания депутатов Морозовского городского поселения Морозовского района Ростовской области шестого созыва,Морозовский многомандатный избирательный округ № 1,1,5,7,772,679,670,1257,87.95,True,3.82,МАКЕЕВ Сергей Викторович,304,24.18,БАУТКИН Владимир Николаевич,234,18.62,ТАРАСЕНКО Марина Владимировна,194,15.43
Ростовская область,61,MUNICIPAL,mun_mm,"Муниципальный совет, многомандатный округ",Выборы депутатов Собрания депутатов Морозовского городского поселения Морозовского района Ростовской области шестого созыва,Морозовский многомандатный избирательный округ № 2,1,5,7,733,660,651,1184,90.04,True,3.55,ФИЛЬЦОВА Марина Сергеевна,269,22.72,МИХЕЕВ Николай Викторович,211,17.82,СОМОВ Денис Николаевич,198,16.72
Ростовская область,61,MUNICIPAL,mun_mm,"Муниципальный совет, многомандатный округ",Выборы депутатов Собрания депутатов Морозовского городского поселения Морозовского района Ростовской области шестого созыва,Морозовский многомандатный избирательный округ № 3,1,5,7,995,891,870,1379,89.55,True,0.94,СОБОЛЕВ Иван Петрович,316,22.92,ПОПОВ Денис Николаевич,214,15.52,БАРАННИК Сергей Васильевич,184,13.34
Ростовская область,61,MUNICIPAL,mun_mm,"Муниципальный совет, многомандатный округ",Выборы депутатов Собрания депутатов Нагибинского сельского поселения Чертковского района Ростовской области шестого созыва,Нагибинский,1,10,12,54,47,47,110,87.04,True,0.91,СКОРИКОВ Михаил Дмитриевич,18,16.36,ГУБИН Андрей Леонидович,14,12.73,СТУКАЛОВ Алексей Леонидович,13,11.82
Ростовская область,61,MUNICIPAL,mun_sm,"Муниципальный совет, одномандатный округ",Выборы депутатов Собрания депутатов Натальевского сельского поселения Неклиновского района Ростовской области шестого созыва,Натальевский одномандатный избирательный округ,10,1,22,141,119,118,118,84.4,True,0.0,Белоус Евгений Николаевич,12,10.17,Бондаренко Елена Викторовна,12,10.17,Гаврилова Оксана Викторовна,11,9.32
Ростовская область,61,MUNICIPAL,mun_mm,"Муниципальный совет, многомандатный округ",Выборы депутатов Собрания депутатов Недвиговского сельского поселения Мясниковского района Ростовской области шестого созыва,Веселовский,1,5,13,69,59,57,177,85.51,True,0.0,БУРДЕЙНЫЙ Павел Васильевич,26,14.69,ЛОКТИОНОВА Оксана Игоревна,20,11.3,МИХАЙЛОВ Владимир Сергеевич,19,10.73
Ростовская область,61,MUNICIPAL,mun_mm,"Муниципальный совет, многомандатный округ",Выборы депутатов Собрания депутатов Недвиговского сельского поселения Мясниковского района Ростовской области шестого созыва,Недвиговский,1,5,21,108,90,88,287,83.33,True,0.0,МЕЛЬНИКОВА Людмила Александровна,34,11.85,КОЛЕСНИКОВА Ольга Владимировна,25,8.71,ИВАНЮК Оксана Асвадуровна,23,8.01
Ростовская область,61,MUNICIPAL,mun_mm,"Муниципальный совет, многомандатный округ",Выборы депутатов Собрания депутатов Нестеркинского сельского поселения шестого созыва,Нестеркинский,1,10,12,48,46,46,219,95.83,True,0.46,ПЕРЕПЕЛИЦЫНА Елена Стефановна,30,13.7,СЕНЬШИНА Наталья Анатольевна,25,11.42,АВИЛОВА Наталья Геннадьевна,24,10.96
Ростовская область,61,MUNICIPAL,mun_mm,"Муниципальный совет, многомандатный округ",Выборы депутатов Собрания депутатов Нижнебыковского сельского поселения шестого созыва,Нижнебыковский семимандатный избирательный округ №1,1,7,9,23,21,21,127,91.3,True,9.45,"ЩЕБУНЯЕВА 
Валентина 
Александровна",20,15.75,"БЕСЧЁТНОВА 
Ирина 
Константиновна",18,14.17,"ВОЛКОДАВОВ 
Сергей 
Николаевич",17,13.39
Ростовская область,61,MUNICIPAL,mun_mm,"Муниципальный совет, многомандатный округ",Выборы депутатов Собрания депутатов Нижнекундрюченского сельского поселения шестого созыва,Нижнекундрюченский,1,10,13,182,165,164,860,90.66,True,0.12,РАЗУВАЕВА Инна Юрьевна,93,10.81,БАБКИН Виталий Васильевич,84,9.77,СОРОКИНА Светлана Александровна,78,9.07
Ростовская область,61,MUNICIPAL,mun_mm,"Муниципальный совет, многомандатный округ",Выборы депутатов Собрания депутатов Нижнепоповского сельского поселения шестого созыва,Нижнепоповский многомандатный избирательный округ №1,1,10,14,246,223,220,601,90.65,True,0.83,ДЯДЮНОВА Татьяна Евгеньевна,59,9.82,ТУКТАРОВА Арина Александровна,59,9.82,ВЯЗНИКОВА Ольга Александровна,54,8.99
Ростовская область,61,MUNICIPAL,mun_sm,"Муниципальный совет, одномандатный округ",Выборы депутатов Собрания депутатов Николаевского сельского поселения Неклиновского района Ростовской области шестого созыва,Николавский одномандатный избирательный округ,10,1,25,387,315,309,309,81.4,True,1.29,Троман Наталья Евгеньевна,28,9.06,Скрипченко Даниил Юрьевич,24,7.77,Апетян Тигран Самвелович,23,7.44
Ростовская область,61,MUNICIPAL,mun_mm,"Муниципальный совет, многомандатный округ",Выборы депутатов Собрания депутатов Николаевского сельского поселения шестого созыва,Николаевский,1,10,12,43,39,36,184,90.7,True,1.09,ГАЛИЦИНА Наталья Николаевна,19,10.33,МИТРИЧЕВА Людмила Вячеславна,19,10.33,НИКИТИНА Надежда Сергеевна,19,10.33
Ростовская область,61,MUNICIPAL,mun_mm,"Муниципальный совет, многомандатный округ",Выборы депутатов Собрания депутатов Николаевского сельского поселения шестого созыва,Николаевский,1,10,12,315,279,278,843,88.57,True,0.95,АЛИЕВ Магамед Айдаевич,129,15.3,ХУНЦАРИЯ Татьяна Александровна,97,11.51,РЕДИЧКИН Александр Геннадиевич,72,8.54
Ростовская область,61,MUNICIPAL,mun_mm,"Муниципальный совет, многомандатный округ",Выборы депутатов Собрания депутатов Николо-Березовского сельского поселения шестого созыва,Николо-Березовский десятимандатный избирательный округу № 1,1,10,12,80,75,75,331,93.75,True,1.51,МАГНИЦКАЯ Анжелика Васильевна,40,12.08,КНЫШОВА Светлана Ивановна,36,10.88,ЖУКОВ Александр Александрович,34,10.27
Ростовская область,61,MUNICIPAL,mun_mm,"Муниципальный совет, многомандатный округ",Выборы депутатов Собрания депутатов Никольского сельского поселения шестого созыва,Никольский десятимандатный избирательный округ,1,10,15,36,35,33,244,97.22,True,1.64,ПОПОВ Вячеслав Николаевич,23,9.43,МАТЮХИНА Лариса Васильевна,22,9.02,АБДУРАХМАНОВА Саидат Тагиргаджиевна,22,9.02
Ростовская область,61,MUNICIPAL,mun_mm,"Муниципальный совет, многомандатный округ",Выборы депутатов Собрания депутатов Новоалександровского сельского поселения шестого созыва,Новоалександровский десятимандатный избирательный округ № 1,1,10,15,315,269,262,695,85.4,True,0.72,ВЫБОРНОВ Денис Владимирович,88,12.66,АГЕЕВА Оксана Александровна,72,10.36,ШЕВЧЕНКО Вячеслав Сергеевич,61,8.78
Ростовская область,61,MUNICIPAL,mun_mm,"Муниципальный совет, многомандатный округ",Выборы депутатов Собрания депутатов Новобатайского сельского поселения шестого созыва,Новобатайский десятимандатный,1,10,16,278,255,253,1032,91.73,True,0.29,МИХАЙЛОВСКИЙ Роман Александрович,143,13.86,БАВИНА Людмила Ивановна,105,10.17,МЕНЬШИКОВ Евгений Васильевич,88,8.53
Ростовская область,61,MUNICIPAL,mun_sm,"Муниципальный совет, одномандатный округ",Выборы депутатов Собрания депутатов Новобессергеневского сельского поселения Неклиновского района Ростовской области шестого созыва,Новобессергеневский одномандатный избирательный округ,10,1,23,681,582,571,571,85.46,True,0.35,Немков Константин Викторович,46,8.06,Сердюченко Владимир Валерьевич,44,7.71,Хруленко Ирина Алексеевна,35,6.13
Ростовская область,61,MUNICIPAL,mun_mm,"Муниципальный совет, многомандатный округ",Выборы депутатов Собрания депутатов Новоегорлыкского сельского поселения шестого созыва,Новоегорлыкский,1,3,12,160,143,143,275,89.38,True,0.73,РАДЧЕНКО Светлана Викторовна,52,18.91,ГЕРАЩЕНКОВ Денис Валерьевич,32,11.64,ГЛАЗКО Наталия Ивановна,32,11.64
Ростовская область,61,MUNICIPAL,mun_mm,"Муниципальный совет, многомандатный округ",Выборы депутатов Собрания депутатов Новоегорлыкского сельского поселения шестого созыва,Романовский,1,3,5,25,22,22,38,88.0,True,2.63,ШПАКОВСКАЯ Татьяна Геннадьевна,11,28.95,МАЛАХОВСКАЯ Валентина Константиновна,11,28.95,ЖЕЛЕЗНЯК Татьяна Ивановна,6,15.79
Ростовская область,61,MUNICIPAL,mun_mm,"Муниципальный совет, многомандатный округ",Выборы депутатов Собрания депутатов Новозолотовского сельского поселения Семикаракорского района Ростовской области шестого созыва,Новозолотовский многомандатный избирательный округ,1,10,12,236,212,211,549,89.83,True,0.18,АРНАУТОВ Николай Юрьевич,87,15.85,КАЛМЫКОВ Олег Николаевич,64,11.66,ОСПИЩЕВА Юлия Викторовна,55,10.02
Ростовская область,61,MUNICIPAL,mun_mm,"Муниципальный совет, многомандатный округ",Выборы депутатов Собрания депутатов Новониколаевского сельского поселения шестого созыва,Новониколаевский десятимандатный избирательный округ №1,1,10,15,173,156,155,507,90.17,True,0.79,ФУРДА Василий Александрович,56,11.05,ШУЛЬГА Юрий Владимирович,50,9.86,КОПЦЕВ Вячеслав Николаевич,48,9.47
Ростовская область,61,MUNICIPAL,mun_mm,"Муниципальный совет, многомандатный округ",Выборы депутатов Собрания депутатов Новороговского сельского поселения шестого созыва,Новороговский,1,10,15,58,53,50,225,91.38,True,0.44,ЧИМБАЙ Елена Владимировна,35,15.56,СКОРИК Андрей Викторович,33,14.67,ЦЫМБАЛ Сергей Петрович,29,12.89
Ростовская область,61,MUNICIPAL,mun_mm,"Муниципальный совет, многомандатный округ",Выборы депутатов Собрания депутатов Новоселовского сельского поселения шестого созыва,Новоселовский,1,10,12,104,95,94,354,91.35,True,0.85,АНДРИАНОВА Ольга Васильевна,44,12.43,ТИМОХОВ Александр Сергеевич,42,11.86,ИВАШКОВ Владимир Александрович,41,11.58
Ростовская область,61,MUNICIPAL,mun_mm,"Муниципальный совет, многомандатный округ",Выборы депутатов Собрания депутатов Новоцелинского сельского поселения шестого созыва,Новоцелинский многомандатный избирательный округ №1,1,10,12,207,169,167,376,81.64,True,0.27,ДРЫГА Наталья Николаевна,71,18.88,САВЕНКО Светлана Михайловна,37,9.84,КРАВЧЕНКО Марина Валерьяновна,36,9.57
Ростовская область,61,MUNICIPAL,mun_mm,"Муниципальный совет, многомандатный округ",Выборы депутатов Собрания депутатов Новоцимлянского сельского поселения шестого созыва,Новоцимлянский десятимандатный избирательный округ № 1,1,10,14,98,92,90,467,93.88,True,1.71,ДОБРЫНИН Никита Николаевич,57,12.21,БАТАЖЕВ Алихан Ясаевич,49,10.49,МАКАРУШИНА Лидия Александровна,40,8.57
Ростовская область,61,MUNICIPAL,mun_sm,"Муниципальный совет, одномандатный округ",Выборы депутатов Собрания депутатов Носовского сельского поселения Неклиновского района Ростовской области шестого созыва,Носовский одномандатный избирательный округ,10,1,24,123,103,103,103,83.74,True,1.94,Соболева Вера Сергеевна,12,11.65,Лавринова Екатерина Александровна,10,9.71,Савин Виктор Иванович,9,8.74
Ростовская область,61,MUNICIPAL,mun_mm,"Муниципальный совет, многомандатный округ",Выборы депутатов Собрания депутатов Обильненского сельского поселения шестого созыва,Обильненский десятимандатный избирательный округ № 1,1,10,13,487,418,411,867,85.83,True,1.15,МОРОЗОВА Наталья Владимировна,177,20.42,ЗОЗУЛИН Александр Григорьевич,77,8.88,ЧЕРКЕСОВА Людмила Васильевна,73,8.42
Ростовская область,61,MUNICIPAL,mun_mm,"Муниципальный совет, многомандатный округ",Выборы депутатов Собрания депутатов Обливского сельского поселения шестого созыва,Обливский,3,5,22,673,610,601,1140,90.64,True,0.26,КАРАМУШКА Елена Сергеевна,79,6.93,КРАМАРЕНКО Александр Петрович,76,6.67,ПЧЕЛЬНИКОВ Николай Николаевич,75,6.58
Ростовская область,61,MUNICIPAL,mun_mm,"Муниципальный совет, многомандатный округ",Выборы депутатов Собрания депутатов Объединенного сельского поселения шестого созыва,Объединенный,1,10,12,73,71,71,395,97.26,True,1.27,ТОЛКАЧЕВ Владимир Михайлович,38,9.62,АЛИЕВ Ибрахим Жумалиевич,37,9.37,ХЕЙЛО Марина Викторовна,36,9.11
Ростовская область,61,MUNICIPAL,mun_mm,"Муниципальный совет, многомандатный округ",Выборы депутатов Собрания депутатов Огневского сельского поселения шестого созыва,Огневский,1,10,13,47,40,40,221,85.11,True,1.36,ВЕРНИГОРОВ Сергей Сергеевич,25,11.31,ДАЙТЫБЕКОВА Елизавета Эсабалиновна,23,10.41,МАКАРЕНКО Евгений Васильевич,22,9.95
Ростовская область,61,MUNICIPAL,mun_mm,"Муниципальный совет, многомандатный округ",Выборы депутатов Собрания депутатов Ольгинского сельского поселения шестого созыва,Ольгинский многомандатный избирательный округ №1,1,6,17,184,156,155,362,84.78,True,0.28,АРНДТ Любовь Александровна,49,13.54,ЛОБОДА Александр Сергеевич,40,11.05,ЛИТВИШКОВ Алексей Иванович,35,9.67
Ростовская область,61,MUNICIPAL,mun_mm,"Муниципальный совет, многомандатный округ",Выборы депутатов Собрания депутатов Ольгинского сельского поселения шестого созыва,Ольгинский многомандатный избирательный округ №2,1,4,11,277,239,238,455,86.28,True,2.2,ГОРОХОВ Михаил Алексеевич,109,23.96,ГРИНЬКОВА Ольга Олеговна,72,15.82,МИРОШНИКОВ Александр Алексеевич,54,11.87
Ростовская область,61,MUNICIPAL,mun_mm,"Муниципальный совет, многомандатный округ",Выборы депутатов Собрания депутатов Ольхово-Рогского сельского поселения шестого созыва,Многомандатный избирательный округ Ольхово-Рогского сельского поселения Миллеровского района Ростовской области,1,10,20,128,113,112,517,88.28,True,0.0,ЛЕБЕДЕВ Роман Васильевич,42,8.12,ЕРМАШЕВ Евгений Николаевич,41,7.93,БАРБУКОВА Алла Борисовна,40,7.74
Ростовская область,61,MUNICIPAL,mun_mm,"Муниципальный совет, многомандатный округ",Выборы депутатов Собрания депутатов Ольховчанского сельского поселения Чертковского района Ростовской области шестого созыва,Ольховчанский,1,10,12,53,45,44,132,84.91,True,1.52,ТАТАРЧЕНКО Ольга Анатольевна,19,14.39,КУРДУПОВ Алексей Владимирович,17,12.88,БОЙЧЕНКО Евгений Иванович,16,12.12
Ростовская область,61,MUNICIPAL,mun_mm,"Муниципальный совет, многомандатный округ",Выборы депутатов Собрания депутатов Ольшанского сельского поселения шестого созыва,Ольшанский многомандатный избирательный округ №1,1,10,13,121,110,110,482,90.91,True,2.07,ПОЗДНЯКОВ Михаил Александрович,57,11.83,САВИНКОВА Людмила Васильевна,47,9.75,БОГАТКО Георгий Серафимович,46,9.54
Ростовская область,61,MUNICIPAL,mun_mm,"Муниципальный совет, многомандатный округ",Выборы депутатов Собрания депутатов Опенкинского сельского поселения шестого созыва,Опенкинский,1,10,13,52,48,47,214,92.31,True,0.47,ЕВСТАФЬЕВ Виктор Геннадьевич,28,13.08,БОЖИНСКАЯ Татьяна Вячеславовна,24,11.21,ПРОДИУСОВА Вера Александровна,24,11.21
Ростовская область,61,MUNICIPAL,mun_sm,"Муниципальный совет, одномандатный округ",Выборы депутатов Собрания депутатов Орловского сельского поселения шестого созыва,Орловский одномандатный избирательный округ,15,1,33,1222,1121,1109,1109,91.73,True,0.63,СОЛОЦКИЙ Михаил Николаевич,66,5.95,ЗУБКО Оксана Владимировна,59,5.32,ПАВЛЕНКО Яна Дмитриевна,56,5.05
Ростовская область,61,MUNICIPAL,mun_mm,"Муниципальный совет, многомандатный округ",Выборы депутатов Собрания депутатов Орловского сельского поселения шестого созыва,Орловский семимандатный избирательный округ № 1,1,7,9,14,13,13,42,92.86,True,4.76,МУХАМБЕТОВА Наталья Корнеевна,8,19.05,ЧЕРНОЖУКОВА Варвара Алексеевна,7,16.67,КУРОЧКИН Денис Александрович,6,14.29
Ростовская область,61,MUNICIPAL,mun_mm,"Муниципальный совет, многомандатный округ",Выборы депутатов Собрания депутатов Осиковского сельского поселения Чертковского поселения Ростовской области шестого созыва,Осиковский,1,10,12,119,107,105,284,89.92,True,0.35,БЕЛЬМАС Юрий Александрович,34,11.97,ЗАБОЛОЦКАЯ Ирина Николаевна,34,11.97,ШЕРЕМЕТ Наталья Валерьевна,32,11.27
Ростовская область,61,MUNICIPAL,mun_sm,"Муниципальный совет, одномандатный округ",Выборы депутатов Собрания депутатов Островянского сельского поселения шестого созыва,Островянский одномандатный избирательный округ,7,1,14,70,64,63,63,91.43,True,7.94,БАГНО Людмила Николаевна,13,20.63,МИЩЕНКО Ольга Владимировна,8,12.7,ФРОЛОВА Олеся Игорьевна,8,12.7
Ростовская область,61,MUNICIPAL,mun_mm,"Муниципальный совет, многомандатный округ",Выборы депутатов Собрания депутатов Отрадовского сельского поселения шестого созыва,Отрадовский десятимандатный избирательный округ № 1,1,10,17,128,119,116,760,92.97,True,4.61,КАРМАНОВ Александр Александрович,87,11.45,ВЫСАВСКАЯ Татьяна Ивановна,77,10.13,ЦОМАЯ Гиви Важаевич,71,9.34
Ростовская область,61,MUNICIPAL,mun_mm,"Муниципальный совет, многомандатный округ",Выборы депутатов Собрания депутатов Парамоновского сельского поселения Морозовского района Ростовской области шестого созыва,Парамоновский многомандатный избирательный округ,1,10,12,76,73,73,468,96.05,True,0.21,ВДОВЕНКО Вячеслав Павлович,50,10.68,ВИЗИЧКАНИЧ Александра Владимировна,47,10.04,ЕРМОЛОВА Елена Анатольевна,46,9.83
Ростовская область,61,MUNICIPAL,mun_mm,"Муниципальный совет, многомандатный округ",Выборы депутатов Собрания депутатов Первомайского сельского поселения Ремонтненского района Ростовской области шестого созыва по Первомайскому многомандатному избирательному округу,Первомайский десятимандатный избирательный округ,1,10,13,64,64,63,473,100.0,True,6.98,СИКОРЕНКО Александр Михайлович,51,10.78,РЕПКИНА Ольга Николаевна,47,9.94,ВАСИЛЕНКО Александр Витальевич,46,9.73
Ростовская область,61,MUNICIPAL,mun_mm,"Муниципальный совет, многомандатный округ",Выборы депутатов Собрания депутатов Первомайского сельского поселения шестого созыва,Многомандатный избирательный округ Первомайского сельского поселения Миллеровского района Ростовской области,1,10,14,165,156,155,735,94.55,True,2.18,ДУБОВАЯ Наталья Ивановна,71,9.66,СУХИНА Татьяна Владимировна,70,9.52,САХНЕНКО Елена Федоровна,68,9.25
Ростовская область,61,MUNICIPAL,mun_mm,"Муниципальный совет, многомандатный округ",Выборы депутатов Собрания депутатов Первомайского сельского поселения шестого созыва,Первомайский многомандатный избирательный округ,1,10,12,152,136,135,360,89.47,True,1.11,СЕРДЮКОВА Татьяна Юрьевна,61,16.94,ЛЮБЧЕНКО Андрей Сергеевич,59,16.39,СТОРЧИЛОВ Вадим Иванович,36,10.0
Ростовская область,61,MUNICIPAL,mun_mm,"Муниципальный совет, многомандатный округ",Выборы депутатов Собрания депутатов Персиановского сельского поселения Октябрьского района Ростовской области шестого созыва,Персиановский пятнадцатимандатный избирательный округ №1,1,15,31,956,747,735,2562,78.14,True,0.08,ПАСХАЛОВА Елена Викторовна,199,7.77,ПЕРТИЯ Гоча Евгеньевич,192,7.49,АЛЕКСЕЕВ Андрей Леонидович,158,6.17
Ростовская область,61,MUNICIPAL,mun_mm,"Муниципальный совет, многомандатный округ",Выборы депутатов Собрания депутатов Песчанокопского сельского поселения шестого созыва,Многомандатный избирательный округ №1,1,3,4,217,205,202,297,94.47,True,6.73,КОНОНОВА Татьяна Васильевна,87,29.29,ДОРОХОВА Олеся Александровна,84,28.28,ДУДЧЕНКО Марина Владимировна,73,24.58
Ростовская область,61,MUNICIPAL,mun_mm,"Муниципальный совет, многомандатный округ",Выборы депутатов Собрания депутатов Песчанокопского сельского поселения шестого созыва,Многомандатный избирательный округ №2,1,3,4,230,216,213,329,93.91,True,4.86,ШИРОКИХ Александр Васильевич,114,34.65,ГУРОВ Александр Александрович,97,29.48,ГЛАДКОВ Евгений Николаевич,67,20.36
Ростовская область,61,MUNICIPAL,mun_mm,"Муниципальный совет, многомандатный округ",Выборы депутатов Собрания депутатов Песчанокопского сельского поселения шестого созыва,Многомандатный избирательный округ №3,1,3,4,164,154,150,223,93.9,True,4.93,КОВАЧ Владимир Захарович,70,31.39,БУЦЫКИН Андрей Владимирович,58,26.01,ЧИЖИК Владимир Валерьевич,53,23.77
Ростовская область,61,MUNICIPAL,mun_mm,"Муниципальный совет, многомандатный округ",Выборы депутатов Собрания депутатов Песчанокопского сельского поселения шестого созыва,Многомандатный избирательный округ №4,1,3,5,168,153,152,227,91.07,True,3.96,СТАДНИКОВ Сергей Леонидович,77,33.92,ЧЕРНОВА Елена Анатольевна,69,30.4,ЗОЛОТУХИН Андрей Геннадьевич,41,18.06
Ростовская область,61,MUNICIPAL,mun_mm,"Муниципальный совет, многомандатный округ",Выборы депутатов Собрания депутатов Песчанокопского сельского поселения шестого созыва,Многомандатный избирательный округ №5,1,3,4,153,143,142,193,93.46,True,4.66,МАРКОВ Алексей Алексеевич,90,46.63,ЕМЕЛЬЧЕВА Лариса Владимировна,42,21.76,ГРЕХОВОДОВ Виктор Викторович,35,18.13
Ростовская область,61,MUNICIPAL,mun_mm,"Муниципальный совет, многомандатный округ",Выборы депутатов Собрания депутатов Петровского сельского поселения Мясниковского района Ростовской области шестого созыва,Александровский,1,5,9,32,28,28,63,87.5,True,6.35,НИЧИТАЙЛОВ Александр Николаевич,12,19.05,НОВИЧЕНКО Лидия Александровна,12,19.05,ВАСИЛЮК Виктор Павлович,11,17.46
Ростовская область,61,MUNICIPAL,mun_mm,"Муниципальный совет, многомандатный округ",Выборы депутатов Собрания депутатов Петровского сельского поселения Мясниковского района Ростовской области шестого созыва,Петровский,1,5,11,32,25,24,65,78.12,True,0.0,НАСИБЯН Аркен Арсенович,12,18.46,КОРЖЕНКО Сергей Сергеевич,11,16.92,БОЛДЫРЕВ Владимир Анатольевич,9,13.85
Ростовская область,61,MUNICIPAL,mun_mm,"Муниципальный совет, многомандатный округ",Выборы депутатов Собрания депутатов Пешковского сельского поселения шестого созыва,Пешковский четырехмандатный избирательный округ № 2,1,4,8,162,126,125,230,77.78,True,0.0,МУХОНЬКО Надежда Николаевна,51,22.17,КОРОЛЕНКО Александр Иванович,49,21.3,УСЕНКО Константин Сергеевич,36,15.65
Ростовская область,61,MUNICIPAL,mun_mm,"Муниципальный совет, многомандатный округ",Выборы депутатов Собрания депутатов Пешковского сельского поселения шестого созыва,Пешковский шестимандатный избирательный округ № 1,1,4,15,383,354,353,828,92.43,True,0.6,БУГАЕНКО Сергей Александрович,165,19.93,ГОНЧАРОВ Максим Сергеевич,127,15.34,БАРАНОВСКИЙ Юрий Викторович,103,12.44
Ростовская область,61,MUNICIPAL,mun_mm,"Муниципальный совет, многомандатный округ",Выборы депутатов Собрания депутатов Пиховкинского сельского поселения шестого созыва,Пиховкинский пятимандатный избирательный округ,2,5,16,131,117,117,318,89.31,True,2.52,ИВАНКОВА Анна Сергеевна,52,16.35,МУСАЕВ Рустам Магомедович,43,13.52,ВИЛЬЧЕНКО Максим Игоревич,34,10.69
Ростовская область,61,MUNICIPAL,mun_sm,"Муниципальный совет, одномандатный округ",Выборы депутатов Собрания депутатов Платовского сельского поселения Неклиновского района Ростовской области шестого созыва,Платовский одномандатный избирательный округ,10,1,24,192,173,172,172,90.1,True,4.07,Дешин Александр Петрович,24,13.95,Алексеенко Светлана Владимировна,17,9.88,Васильев Сергей Александрович,16,9.3
Ростовская область,61,MUNICIPAL,mun_mm,"Муниципальный совет, многомандатный округ",Выборы депутатов Собрания депутатов Победенского сельского поселения шестого созыва,Победенский многомандатный избирательный округ,1,10,12,199,180,177,591,90.45,True,2.37,МАРЧУК Иван Степанович,69,11.68,ЗИНОВЬЕВА Татьяна Анатольевна,68,11.51,ВОДЯКОВА Наталья Николаевна,60,10.15
Ростовская область,61,MUNICIPAL,mun_mm,"Муниципальный совет, многомандатный округ",Выборы депутатов Собрания депутатов Подгорненского сельского поселения Ремонтненского района Ростовской области шестого созыва по Подгорненскому многомандатному избирательному округу,Подгорненский десятимандатный избирательный округ,1,10,13,40,40,40,250,100.0,True,5.6,БЕЛКИНА Наталья Анатольевна,25,10.0,БОНДАРЕНКО Виктор Александрович,25,10.0,ЛИМАНСКАЯ Алла Васильевна,25,10.0
Ростовская область,61,MUNICIPAL,mun_sm,"Муниципальный совет, одномандатный округ",Выборы депутатов Собрания депутатов Позднеевского сельского поселения шестого созыва,Позднеевский многомандатный № 2,1,1,6,100,97,95,95,97.0,True,1.05,СКВОРЦОВ Леонид Николаевич,25,26.32,ДЕНИСОВ Алексей Васильевич,24,25.26,ДЕНИСЕНКО Светлана Викторовна,21,22.11
Ростовская область,61,MUNICIPAL,mun_sm,"Муниципальный совет, одномандатный округ",Выборы депутатов Собрания депутатов Позднеевского сельского поселения шестого созыва,Позднеевский многомандатный № 3,1,1,8,67,61,61,61,91.04,True,31.15,ФОРОПОНОВА Олеся Юрьевна,28,45.9,ГОЛОВАЧ Сергей Александрович,9,14.75,ПАХОМОВА Александра Игоревна,6,9.84
Ростовская область,61,MUNICIPAL,mun_sm,"Муниципальный совет, одномандатный округ",Выборы депутатов Собрания депутатов Позднеевского сельского поселения шестого созыва,Позднеевский одномандатный № 1,1,1,3,15,12,12,12,80.0,True,50.0,ТРУШИК Анатолий Иванович,9,75.0,ГОРЯЧИХ Светлана Юрьевна,3,25.0,МАЛОВА Людмила Степановна,0,0.0
Ростовская область,61,MUNICIPAL,mun_sm,"Муниципальный совет, одномандатный округ",Выборы депутатов Собрания депутатов Покровского сельского поселения Неклиновского района Ростовской области шестого созыва,Покровский одномандатный избирательный округ,16,1,38,1062,961,949,949,90.49,True,0.11,Пегушин Владимир Владимирович,45,4.74,Забежайло Денис Юрьевич,44,4.64,Хоменко Андрей Павлович,43,4.53
Ростовская область,61,MUNICIPAL,mun_mm,"Муниципальный совет, многомандатный округ",Выборы депутатов Собрания депутатов Поливянского сельского поселения шестого созыва,Многомандатный избирательный округ №1,1,10,11,109,99,98,306,90.83,True,0.65,УБЕЙКО Олег Владимирович,36,11.76,ПРОКОФЬЕВА Наталья Михайловна,36,11.76,ШИШАЦКАЯ Людмила Николаевна,35,11.44
Ростовская область,61,MUNICIPAL,mun_sm,"Муниципальный совет, одномандатный округ",Выборы депутатов Собрания депутатов Поляковского сельского поселения Неклиновского района Ростовской области шестого созыва,Поляковский одномандатный избирательный округ,10,1,25,464,344,341,341,74.14,True,0.59,Лаврова Ольга Геннадьевна,31,9.09,Захаров Максим Борисович,29,8.5,Васалатий Татьяна Анатольевна,26,7.62
Ростовская область,61,MUNICIPAL,mun_mm,"Муниципальный совет, многомандатный округ",Выборы депутатов Собрания депутатов Поповского сельского поселения шестого созыва,Поповский многомандатный избирательный округ,1,10,12,156,134,133,472,85.9,True,0.21,СЕМИРУННИЙ Виталий Алексеевич,66,13.98,АНИСИМОВ Александр Петрович,65,13.77,ДОНЧЕНКО Алла Иосифовна,54,11.44
Ростовская область,61,MUNICIPAL,mun_mm,"Муниципальный совет, многомандатный округ",Выборы депутатов Собрания депутатов Потаповского сельского поселения шестого созыва,Потаповский многомандатный избирательный округ,1,10,13,235,209,206,929,88.94,True,3.23,СКЛЯРОВ Михаил Михайлович,120,12.92,КЛЮЕВА Наталья Васильевна,95,10.23,НАЗАРЧЕНКО Любовь Семеновна,94,10.12
Ростовская область,61,MUNICIPAL,mun_mm,"Муниципальный совет, многомандатный округ",Выборы депутатов Собрания депутатов Почтовского сельского поселения шестого созыва,Почтовский,1,10,12,113,103,101,307,91.15,True,0.33,САЛЬНИКОВА Светлана Валентиновна,45,14.66,УЛЬЯНОВА Анна Николаевна,34,11.07,ВОЙНОВА Наталья Васильевна,32,10.42
Ростовская область,61,MUNICIPAL,mun_mm,"Муниципальный совет, многомандатный округ",Выборы депутатов Собрания депутатов Привольненского сельского поселения Ремонтненского района Ростовской области шестого созыва по Привольненскому многомандатному избирательному округу,Привольненский десятимандатный избирательный округ,1,10,14,45,44,44,219,97.78,True,0.46,БЕЗРУЧКО Андрей Анатольевич,23,10.5,ГУЛАКОВА Светлана Владимировна,22,10.05,ЯЦЕНКО Андрей Иванович,21,9.59
Ростовская область,61,MUNICIPAL,mun_sm,"Муниципальный совет, одномандатный округ",Выборы депутатов Собрания депутатов Приморского сельского поселения Неклиновского района Ростовской области шестого созыва,Приморский одномандатный избирательный округ,10,1,26,249,224,222,222,89.96,True,3.15,Зимовец Ирина Викторовна,25,11.26,Манацкая Наталья Николаевна,18,8.11,Тимошук Надежда Павловна,17,7.66
Ростовская область,61,MUNICIPAL,mun_mm,"Муниципальный совет, многомандатный округ",Выборы депутатов Собрания депутатов Присальского сельского поселения шестого созыва,Присальский десятимандатный избирательный округ,1,10,14,30,30,29,156,100.0,True,1.28,ШЕРОНОВА Ирина Александровна,18,11.54,КААДЗЕ Ольга Анатольевна,15,9.62,МАРКОВА Валентина Дмитриевна,14,8.97
Ростовская область,61,MUNICIPAL,mun_mm,"Муниципальный совет, многомандатный округ",Выборы депутатов Собрания депутатов Прогрессовского сельского поселения шестого созыва,Прогрессовский многомандатный избирательный округ,1,10,12,128,120,118,484,93.75,True,0.41,ГАЛАДЮК Александр Адамович,61,12.6,ЖИГУЛИНА Светлана Сергеевна,51,10.54,ПАВЛОВА Елена Владимировна,49,10.12
Ростовская область,61,MUNICIPAL,mun_mm,"Муниципальный совет, многомандатный округ",Выборы депутатов Собрания депутатов Пролетарского городского поселения шестого созыва,Пролетарский,3,5,29,1063,964,954,1934,90.69,True,0.05,УДОДОВА Елена Михайловна,135,6.98,ФЕВРАЛЕВ Максим Александрович,110,5.69,ГРАЧЕВА Евгения Васильевна,100,5.17
Ростовская область,61,MUNICIPAL,mun_mm,"Муниципальный совет, многомандатный округ",Выборы депутатов Собрания депутатов Пролетарского сельского поселения шестого созыва,Пролетарский многомандатный избирательный округ №1,1,10,13,109,92,90,289,84.4,True,1.73,ИВАЩЕНКО Сергей Иванович,35,12.11,КУЗЬМИЧЕНКО Галина Георгиевна,35,12.11,ЛАЗАРЕНКО Александр Юрьевич,30,10.38
Ростовская область,61,MUNICIPAL,mun_sm,"Муниципальный совет, одномандатный округ",Выборы депутатов Собрания депутатов Пролетарского сельского поселения шестого созыва,Пролетарский одномандатный избирательный округ,9,1,18,48,48,48,48,100.0,True,2.08,МИХАЙЛОВА Елена Алексеевна,7,14.58,ПАШКО Светлана Владимировна,6,12.5,САВВА Сергей Анатольевич,6,12.5
Ростовская область,61,MUNICIPAL,mun_mm,"Муниципальный совет, многомандатный округ",Выборы депутатов Собрания депутатов Пухляковского сельского поселения шестого созыва,Пухляковский,1,10,13,60,56,56,334,93.33,True,1.8,ЧЕРНОВОЛ Виктор Петрович,48,14.37,ПАПИНА Анна Владимировна,34,10.18,МОРКОТОНОВ Владимир Витальевич,31,9.28
Ростовская область,61,MUNICIPAL,mun_mm,"Муниципальный совет, многомандатный округ",Выборы депутатов Собрания депутатов Развильненского сельского поселения шестого созыва,Многомандатный избирательный округ №1,1,10,12,315,260,254,740,82.54,True,1.08,СТЕПУРА Андрей Евгеньевич,108,14.59,БРАГИНА Ольга Владимировна,91,12.3,ЛЕЩЕНКО Дмитрий Сергеевич,79,10.68
Ростовская область,61,MUNICIPAL,mun_mm,"Муниципальный совет, многомандатный округ",Выборы депутатов Собрания депутатов Раздорского сельского поселения шестого созыва,Раздорский,1,10,13,88,85,85,604,96.59,True,3.31,СУХАРЕВА Наталья Александровна,62,10.26,ФИЛИМОНОВ Олег Владимирович,61,10.1,ШПАК Светлана Владимировна,60,9.93
Ростовская область,61,MUNICIPAL,mun_mm,"Муниципальный совет, многомандатный округ",Выборы депутатов Собрания депутатов Рассветовского сельского поселения шестого созыва,Рассветовский многомандатный избирательный округ №1,1,5,19,211,175,172,363,82.94,True,0.0,ЛЮТЫЙ Роман Алексеевич,45,12.4,АЛФЕРОВ Денис Олегович,38,10.47,БАНДУРИН Михаил Николаевич,35,9.64
Ростовская область,61,MUNICIPAL,mun_mm,"Муниципальный совет, многомандатный округ",Выборы депутатов Собрания депутатов Рассветовского сельского поселения шестого созыва,Рассветовский многомандатный избирательный округ №2,1,5,16,192,165,162,334,85.94,True,0.9,АНДРЕЕВА Ольга Тимофеевна,75,22.46,ФЕДОРОВ Максим Сергеевич,37,11.08,БРОВКО Евгений Александрович,26,7.78
Ростовская область,61,MUNICIPAL,mun_mm,"Муниципальный совет, многомандатный округ",Выборы депутатов Собрания депутатов Рассветовского сельского поселения шестого созыва,Рассветовский многомандатный избирательный округ №3,1,5,9,413,336,324,513,81.36,True,0.0,ФЕНЕВА Ирина Владимировна,95,18.52,МИШУРА Иван Николаевич,77,15.01,РЫКОВСКИЙ Никита Романович,63,12.28
Ростовская область,61,MUNICIPAL,mun_mm,"Муниципальный совет, многомандатный округ",Выборы депутатов Собрания депутатов Рассыпненского сельского поселения шестого созыва,Многомандатный избирательный округ №1,1,7,8,49,46,46,215,93.88,True,12.56,ТЕЛЯТНИК Елена Павловна,36,16.74,КАПШУКОВ Иван Викторович,34,15.81,РОМАЩЕНКО Кристина Алексеевна,30,13.95
Ростовская область,61,MUNICIPAL,mun_mm,"Муниципальный совет, многомандатный округ",Выборы депутатов Собрания депутатов Ремонтненского сельского поселения Ремонтненского района Ростовской области шестого созыва по Ремонтненскому многомандатному избирательному округу,Ремонтненский десятимандатный избирательный округ,1,10,17,461,428,422,2302,92.84,True,1.65,ПОПОВ Геннадий Васильевич,253,10.99,БЛОХИН Игорь Владимирович,208,9.04,ДОНЧЕНКО Андрей Алексеевич,208,9.04
Ростовская область,61,MUNICIPAL,mun_mm,"Муниципальный совет, многомандатный округ",Выборы депутатов Собрания депутатов Роговского сельского поселения шестого созыва,Роговский,1,10,13,81,75,74,400,92.59,True,2.0,ГОРКОВЕЦ Виталий Николаевич,48,12.0,ЧУКАРЕВ Юрий Владимирович,45,11.25,МЕХОНЦЕВА Инна Анатольевна,43,10.75
Ростовская область,61,MUNICIPAL,mun_mm,"Муниципальный совет, многомандатный округ",Выборы депутатов Собрания депутатов Рогожкинского сельского поселения шестого созыва,Рогожкинский десятимандатный избирательный округ № 1,1,10,19,80,76,76,490,95.0,True,5.92,ГРЕБЕННИКОВА Татьяна Анатольевна,54,11.02,МОИСЕЕНКО Любовь Николаевна,47,9.59,ПОРОКШЕЯН Сергей Максимович,46,9.39
Ростовская область,61,MUNICIPAL,mun_mm,"Муниципальный совет, многомандатный округ",Выборы депутатов Собрания депутатов Родионово-Несветайского сельского поселения шестого созыва,Родионово-Несветайский многомандатный избирательный округ №1,1,5,8,256,236,235,536,92.19,True,5.78,ЕРЕМЧЕНКО Сергей Геннадьевич,95,17.72,БУДЧЕНКО Николай Николаевич,92,17.16,КОНДРАТЮК Александр Анатольевич,92,17.16
Ростовская область,61,MUNICIPAL,mun_mm,"Муниципальный совет, многомандатный округ",Выборы депутатов Собрания депутатов Родионово-Несветайского сельского поселения шестого созыва,Родионово-Несветайский многомандатный избирательный округ №2,1,5,7,348,320,319,668,91.95,True,5.24,КАЗАЧЕНКО Галина Александровна,147,22.01,ПОДОЛЯКИН Павел Петрович,122,18.26,УСИК Максим Андреевич,102,15.27
Ростовская область,61,MUNICIPAL,mun_mm,"Муниципальный совет, многомандатный округ",Выборы депутатов Собрания депутатов Родниковского сельского поселения шестого созыва,Родниковский десятимандатный,1,10,13,74,65,65,244,87.84,True,0.41,ЛИПЧАНСКИЙ Василий Николаевич,40,16.39,КОВАЛЕНКО Ирина Александровна,26,10.66,ВОЛОШИНА Екатерина Викторовна,25,10.25
Ростовская область,61,MUNICIPAL,mun_mm,"Муниципальный совет, многомандатный округ",Выборы депутатов Собрания депутатов Романовского сельского поселения шестого созыва,Романовский пятимандатный избирательный округ № 1,1,5,7,307,265,264,535,86.32,True,0.93,ЧЕРНЫХ Сергей Васильевич,89,16.64,КОПЕЙКА Наталия Викторовна,85,15.89,ГРИДНЕВ Роман Юрьевич,83,15.51
Ростовская область,61,MUNICIPAL,mun_mm,"Муниципальный совет, многомандатный округ",Выборы депутатов Собрания депутатов Романовского сельского поселения шестого созыва,Романовский пятимандатный избирательный округ № 2,1,5,9,297,272,268,401,91.58,True,0.25,ПОЛУНИН Дмитрий Евгеньевич,93,23.19,УММАТОВ Мурад Сураддинович,60,14.96,ЩЕРБА Наталья Сергеевна,53,13.22
Ростовская область,61,MUNICIPAL,mun_mm,"Муниципальный совет, многомандатный округ",Выборы депутатов Собрания депутатов Романовского сельского поселения шестого созыва,Романовский пятимандатный избирательный округ № 3,1,5,9,256,229,227,447,89.45,True,0.0,ЛЕВЧЕНКО Татьяна Юрьевна,83,18.57,ЕРЁМЕНКО Наталья Георгиевна,80,17.9,ЛЕСОВАЯ Мария Николаевна,66,14.77
Ростовская область,61,MUNICIPAL,mun_mm,"Муниципальный совет, многомандатный округ",Выборы депутатов Собрания депутатов Романовского сельского поселения шестого созыва,Романовский семимандатный избирательный округ,1,7,10,38,38,38,173,100.0,True,4.05,ВЕЛИКОРОДНЫЙ Илья Федорович,27,15.61,АНДРИЯНОВА Ольга Викторовна,25,14.45,КОСТЕНКО Александр Иванович,23,13.29
Ростовская область,61,MUNICIPAL,mun_mm,"Муниципальный совет, многомандатный округ",Выборы депутатов Собрания депутатов Россошинского сельского поселения Зерноградского района Ростовской области шестого созыва,Россошинский десятимандатный,1,10,18,103,89,88,317,86.41,True,0.32,ЗАДОРОЖНЯЯ Евгения Александровна,33,10.41,ГРОМОВА Елена Игоревна,32,10.09,МИХАЙЛОВА Рита Дмитриевна,32,10.09
Ростовская область,61,MUNICIPAL,mun_mm,"Муниципальный совет, многомандатный округ",Выборы депутатов Собрания депутатов Рубашкинского сельского поселения шестого созыва,Рубашкинский,1,10,12,124,107,107,306,86.29,True,0.65,АГЕЕВ Егор Алексеевич,43,14.05,КАРПЕНКОВА Елена Сергеевна,42,13.73,КУТРИШ Мария Александровна,34,11.11
Ростовская область,61,MUNICIPAL,mun_mm,"Муниципальный совет, многомандатный округ",Выборы депутатов Собрания депутатов Рудаковского сельского поселения шестого созыва,Рудаковский многомандатный избирательный округ №1,1,10,15,109,100,96,300,91.74,True,0.0,МИРОШНИЧЕНКО Ольга Анатольевна,40,13.33,ТИТОВА Дарья Юрьевна,40,13.33,АНЦОВ Евгений Юрьевич,26,8.67
Ростовская область,61,MUNICIPAL,mun_mm,"Муниципальный совет, многомандатный округ",Выборы депутатов Собрания депутатов Рыбасовского сельского поселения шестого созыва,Рыбасовский,1,10,12,29,25,25,92,86.21,True,1.09,ЧИГАСОВ Сергей Владимирович,11,11.96,СИБИКИНА Людмила Алексеевна,11,11.96,СЕЙРАНОВ Эдуард Агаларович,10,10.87
Ростовская область,61,MUNICIPAL,mun_mm,"Муниципальный совет, многомандатный округ",Выборы депутатов Собрания депутатов Рябичевского сельского поселения шестого созыва,Рябичевский многомандатный избирательный округ,1,10,13,255,224,220,787,87.84,True,1.27,НАЙДЕНОВ Сергей Юрьевич,90,11.44,ДАНИЛЕНКО Владимир Георгиевич,89,11.31,ОМЕЛЬЧЕНКО Александр Викторович,82,10.42
Ростовская область,61,MUNICIPAL,mun_mm,"Муниципальный совет, многомандатный округ",Выборы депутатов Собрания депутатов Ряженского сельского поселения шестого созыва,Ряженский десятимандатный избирательный округ №1,1,10,17,261,230,228,763,88.12,True,1.31,ШТЫБ Инна Владимировна,95,12.45,СЕРИКОВ Александр Владимирович,75,9.83,ГОРДИЕНКО Елена Николаевна,66,8.65
Ростовская область,61,MUNICIPAL,mun_mm,"Муниципальный совет, многомандатный округ",Выборы депутатов Собрания депутатов Савдянского сельского поселения шестого созыва,Савдянский десятимандатный избирательный округ,1,10,14,38,32,32,120,84.21,True,0.83,ТАРАСЕНКО Ольга Николаевна,15,12.5,СЛАВГОРОДСКАЯ Юлия Васильевна,12,10.0,ШЕВЧЕНКО Ольга Анатольевна,10,8.33
Ростовская область,61,MUNICIPAL,mun_mm,"Муниципальный совет, многомандатный округ",Выборы депутатов Собрания депутатов Савоськинского сельского поселения шестого созыва,Савоськинский десяти мандатный избирательный округ,1,10,17,56,52,51,302,92.86,True,1.32,ЧЕРНЫШОВ Евгений Витальевич,28,9.27,ДЕРБАСОВА Наталья Васильевна,26,8.61,ЗАДОРОЖНЯЯ Евгения Александровна,24,7.95
Ростовская область,61,MUNICIPAL,mun_mm,"Муниципальный совет, многомандатный округ",Выборы депутатов Собрания депутатов Садковского сельского поселения шестого созыва,Садковский многомандатный избирательный округ №1,1,10,13,145,130,129,424,89.66,True,0.47,САВЧЕНКО Юлия Николаевна,58,13.68,ВЕЛЕГУРИН Юрий Николаевич,53,12.5,ПЛОТНИКОВА Ирина Юрьевна,39,9.2
Ростовская область,61,MUNICIPAL,mun_mm,"Муниципальный совет, многомандатный округ",Выборы депутатов Собрания депутатов Сальского городского поселения шестого созыва,Четырехмандатный избирательный округ №1,1,4,11,630,571,569,990,90.63,True,0.1,АФАНАСЬЕВА Олеся Александровна,148,14.95,ОРЯБКО Наталья Васильевна,108,10.91,СЕМЕТУХИН Владимир Николаевич,101,10.2
Ростовская область,61,MUNICIPAL,mun_mm,"Муниципальный совет, многомандатный округ",Выборы депутатов Собрания депутатов Сальского городского поселения шестого созыва,Четырехмандатный избирательный округ №2,1,4,11,792,703,690,1270,88.76,True,0.39,БЫКОВА Дарья Юрьевна,169,13.31,ШРАМКО Роман Борисович,163,12.83,ВЕДУТА Валентина Анатольевна,161,12.68
Ростовская область,61,MUNICIPAL,mun_mm,"Муниципальный совет, многомандатный округ",Выборы депутатов Собрания депутатов Сальского городского поселения шестого созыва,Четырехмандатный избирательный округ №3,1,4,12,750,674,663,1265,89.87,True,1.42,ДЗЮБА Сергей Сергеевич,165,13.04,ТКАЧЕВ Матвей Андреевич,164,12.96,ЧЕМЕРИС Наталья Викторовна,156,12.33
Ростовская область,61,MUNICIPAL,mun_mm,"Муниципальный совет, многомандатный округ",Выборы депутатов Собрания депутатов Сальского городского поселения шестого созыва,Четырехмандатный избирательный округ №4,1,4,11,770,680,672,1181,88.31,True,0.42,ФОМЕНКО Татьяна Юрьевна,193,16.34,РЫБАС Данил Андреевич,151,12.79,ЛУКЬЯНЧЕНКО Марина Ивановна,135,11.43
Ростовская область,61,MUNICIPAL,mun_mm,"Муниципальный совет, многомандатный округ",Выборы депутатов Собрания депутатов Сальского городского поселения шестого созыва,Четырехмандатный избирательный округ №5,1,4,11,748,647,637,1094,86.5,True,1.37,АНОХИН Алексей Владимирович,167,15.27,УВАРОВА Анна Юрьевна,157,14.35,ОСИПОВ Андрей Васильевич,118,10.79
Ростовская область,61,MUNICIPAL,mun_mm,"Муниципальный совет, многомандатный округ",Выборы депутатов Собрания депутатов Самарского сельского поселения шестого созыва,Самарский пятимандатный избирательный округ № 1,1,5,12,319,285,281,551,89.34,True,3.45,НОВИКОВА Людмила Георгиевна,87,15.79,ГОРДИЕНКО Мария Сергеевна,82,14.88,ШВАЧИЧ Сергей Александрович,77,13.97
Ростовская область,61,MUNICIPAL,mun_mm,"Муниципальный совет, многомандатный округ",Выборы депутатов Собрания депутатов Самарского сельского поселения шестого созыва,Самарский пятимандатный избирательный округ № 2,1,5,17,334,295,288,734,88.32,True,2.04,АПОСТОЛОВ Александр Анатольевич,117,15.94,КРАВЧЕНКО Нина Валентиновна,84,11.44,МИРОШНИКОВА Ольга Олеговна,79,10.76
Ростовская область,61,MUNICIPAL,mun_mm,"Муниципальный совет, многомандатный округ",Выборы депутатов Собрания депутатов Самарского сельского поселения шестого созыва,Самарский пятимандатный избирательный округ № 3,1,5,12,347,310,308,700,89.34,True,1.43,ПИВНЕНКО Сергей Николаевич,184,26.29,СКВОРЦОВ Александр Вадимович,84,12.0,ПОЖИДАЕВА Ирина Александровна,72,10.29
Ростовская область,61,MUNICIPAL,mun_sm,"Муниципальный совет, одномандатный округ",Выборы депутатов Собрания депутатов Самбекского сельского поселения Неклиновского района Ростовской области шестого созыва,Самбекский одномандатный избирательный округ,10,1,26,162,142,141,141,87.65,True,1.42,Дьяченко Наталья Сергеевна,13,9.22,Панченко Анатолий Олегович,11,7.8,Ляшенко Лилия Александровна,11,7.8
Ростовская область,61,MUNICIPAL,mun_mm,"Муниципальный совет, многомандатный округ",Выборы депутатов Собрания депутатов Сандатовского сельского поселения шестого созыва,Березовский,1,4,6,70,68,66,137,97.14,True,0.0,ЛАРЬКОВА Надежда Викторовна,32,23.36,ЛУПА Евгения Владимировна,32,23.36,АКБАЕВА Евгения Алексеевна,26,18.98
Ростовская область,61,MUNICIPAL,mun_mm,"Муниципальный совет, многомандатный округ",Выборы депутатов Собрания депутатов Сандатовского сельского поселения шестого созыва,Сандатовский,1,4,11,100,86,85,181,86.0,True,1.66,ВЕНЕЦКИЙ Владимир Алексеевич,31,17.13,ЧИЖ Николай Дмитриевич,31,17.13,СУЗАЯ Людмила Викторовна,25,13.81
Ростовская область,61,MUNICIPAL,mun_mm,"Муниципальный совет, многомандатный округ",Выборы депутатов Собрания депутатов Саркеловского сельского поселения шестого созыва,Саркеловский десятимандатный избирательный округ № 1,1,10,13,170,150,149,608,88.24,True,0.66,КАБАНЦОВ Александр Николаевич,75,12.34,ТАРГОНЯ Мария Александровна,68,11.18,ПОПОВА Зинаида Семеновна,62,10.2
Ростовская область,61,MUNICIPAL,mun_mm,"Муниципальный совет, многомандатный округ",Выборы депутатов Собрания депутатов Светочниковского сельского поселения шестого созыва,Светочниковский семимандатный избирательный округ № 1,1,7,9,39,37,37,164,94.87,True,6.71,ЧУМАКОВА Ольга Александровна,28,17.07,БИРЮКОВА Ирина Владимировна,24,14.63,ТИЩЕНКО Василий Григорьевич,21,12.8
Ростовская область,61,MUNICIPAL,mun_mm,"Муниципальный совет, многомандатный округ",Выборы депутатов Собрания депутатов Северного сельского поселения Зимовниковского района Ростовской области шестого созыва,Северный десяти мандатный избирательный округ,1,10,18,57,55,55,361,96.49,True,0.28,ШКУРИНА Ирина Николаевна,34,9.42,УСОВА Жанна Александровна,33,9.14,КОВАЛЕВА Ольга Сергеевна,32,8.86
Ростовская область,61,MUNICIPAL,mun_mm,"Муниципальный совет, многомандатный округ",Выборы депутатов Собрания депутатов Селивановского сельского поселения шестого созыва,Селивановский десятимандатный избирательный округ № 1,1,10,12,163,157,154,612,96.32,True,0.98,ФИЛИПСКАЯ Наталья Владимировна,67,10.95,ТЫНЯНОВ Дмитрий Александрович,59,9.64,КОНДРАТОВА Елена Анатольевна,58,9.48
Ростовская область,61,MUNICIPAL,mun_mm,"Муниципальный совет, многомандатный округ",Выборы депутатов Собрания депутатов Семибалковского сельского поселения шестого созыва,Семибалковский десятимандатный избирательный округ № 1,1,10,21,116,104,103,481,89.66,True,0.21,ШАПОВАЛОВА Татьяна Петровна,52,10.81,САНЬКОВА Анна Викторовна,47,9.77,ЛИСИЦЫН Виталий Викторович,44,9.15
Ростовская область,61,MUNICIPAL,mun_sm,"Муниципальный совет, одномандатный округ",Выборы депутатов Собрания депутатов Семикаракорского городского поселения Семикаракорского района Ростовской области шестого созыва,1 - Семикаракорский одномандатный,1,1,3,148,136,135,135,91.89,True,3.7,ТАРАНОВА Анна Александровна,57,42.22,ЧАБАН Ольга Александровна,52,38.52,САПЕЛКИНА Светлана Михайловна,26,19.26
Ростовская область,61,MUNICIPAL,mun_sm,"Муниципальный совет, одномандатный округ",Выборы депутатов Собрания депутатов Семикаракорского городского поселения Семикаракорского района Ростовской области шестого созыва,2 - Семикаракорский одномандатный,1,1,3,122,108,107,107,88.52,True,10.28,ДЬЯЧЕНКО Инна Юрьевна,49,45.79,МОСКОВЧЕНКО Виталий Викторович,38,35.51,ПОЛУМИЕВА Полина Дмитриевна,20,18.69
Ростовская область,61,MUNICIPAL,mun_sm,"Муниципальный совет, одномандатный округ",Выборы депутатов Собрания депутатов Семикаракорского городского поселения Семикаракорского района Ростовской области шестого созыва,3 - Семикаракорский четырехмандатный,1,1,5,452,416,410,410,92.04,True,0.98,РЫЖЕНКО Анна Николаевна,137,33.41,ГЛУХОВ Алексей Валериевич,133,32.44,ЛЯШЕНКО Сергей Сергеевич,80,19.51
Ростовская область,61,MUNICIPAL,mun_sm,"Муниципальный совет, одномандатный округ",Выборы депутатов Собрания депутатов Семикаракорского городского поселения Семикаракорского района Ростовской области шестого созыва,4 - Семикаракорский одномандатный,1,1,3,137,128,127,127,93.43,True,13.39,ПАВЛЕНКО Ольга Георгиевна,61,48.03,КАЧАЛИНА Оксана Игоревна,44,34.65,МОГИЛИН Андрей Владимирович,22,17.32
Ростовская область,61,MUNICIPAL,mun_sm,"Муниципальный совет, одномандатный округ",Выборы депутатов Собрания депутатов Семикаракорского городского поселения Семикаракорского района Ростовской области шестого созыва,5 - Семикаракорский одномандатный,1,1,2,123,117,117,117,95.12,True,23.08,БРАТКОВ Виктор Иванович,72,61.54,ГРУБИЯНОВ Максим Витальевич,45,38.46,,,
Ростовская область,61,MUNICIPAL,mun_sm,"Муниципальный совет, одномандатный округ",Выборы депутатов Собрания депутатов Семикаракорского городского поселения Семикаракорского района Ростовской области шестого созыва,6 - Семикаракорский трехмандатный,1,1,4,395,370,365,365,93.67,True,4.11,ЛИТВИНОВ Алексей Владимирович,122,33.42,ХОХЛАЧЕВА Людмила Владимировна,107,29.32,КОТЛЯРОВ Евгений Михайлович,78,21.37
Ростовская область,61,MUNICIPAL,mun_sm,"Муниципальный совет, одномандатный округ",Выборы депутатов Собрания депутатов Семикаракорского городского поселения Семикаракорского района Ростовской области шестого созыва,7 - Семикаракорский четырехмандатный,1,1,5,543,490,490,490,90.24,True,1.63,ЯНОВСКАЯ Ольга Анатольевна,135,27.55,ГЛАЗУНОВ Игорь Анатольевич,127,25.92,ЖАБИН Иван Тимофеевич,106,21.63
Ростовская область,61,MUNICIPAL,mun_mm,"Муниципальный совет, многомандатный округ",Выборы депутатов Собрания депутатов Семичанского сельского поселения шестого созыва,Семичанский десятимандатный избирательный округ,1,10,11,57,51,51,260,89.47,True,2.69,БАРДАКОВА Ирина Алексеевна,28,10.77,ГИЛЕВИЧ Светлана Леонидовна,28,10.77,АНДРОНОВ Иван Викторович,27,10.38
Ростовская область,61,MUNICIPAL,mun_mm,"Муниципальный совет, многомандатный округ",Выборы депутатов Собрания депутатов Сетраковского сельского поселения Чертковского района Ростовской области шестого созыва,Сетраковский,1,7,9,33,30,30,162,90.91,True,9.26,КАРПЕНКО Александр Михайлович,26,16.05,СЕТРАКОВА Марина Сергеевна,25,15.43,БОНДАРЕВА Алина Владимировна,24,14.81
Ростовская область,61,MUNICIPAL,mun_mm,"Муниципальный совет, многомандатный округ",Выборы депутатов Собрания депутатов Синегорского сельского поселения шестого созыва,Синегорский многомандатный избирательный округ №1,1,10,15,297,273,270,775,91.92,True,0.39,ФАТЕЕВА Элеонора Геннадиевна,97,12.52,АДАМОВА Инна Михайловна,81,10.45,СОРОКИН Василий Николаевич,65,8.39
Ростовская область,61,MUNICIPAL,mun_sm,"Муниципальный совет, одномандатный округ",Выборы депутатов Собрания депутатов Синявского сельского поселения Неклиновского района Ростовской области шестого созыва,Синявский одномандатный избирательный округ,10,1,24,258,219,211,211,84.88,True,1.9,Демидов Николай Викторович,21,9.95,Марин Сергей Степанович,17,8.06,Селиванова Людмила Степановна,16,7.58
Ростовская область,61,MUNICIPAL,mun_mm,"Муниципальный совет, многомандатный округ",Выборы депутатов Собрания депутатов Скосырского сельского поселения шестого созыва,Скосырский многомандатный избирательный округ,1,10,12,113,107,107,487,94.69,True,1.64,ЧЕРНЫШКОВА Наталья Александровна,52,10.68,СВИБОВИЧ Артем Анатольевич,50,10.27,МУРАШКИНА Инна Алексеевна,46,9.45
Ростовская область,61,MUNICIPAL,mun_sm,"Муниципальный совет, одномандатный округ",Выборы депутатов Собрания депутатов Советинского сельского поселения Неклиновского района Ростовской области шестого созыва,Советинский одномандатный избирательный округ,10,1,25,96,86,86,86,89.58,True,3.49,Шерстюк Николай Анатольевич,12,13.95,Челленюк Юрий Васильевич,9,10.47,Резниченко Светлана Александровна,8,9.3
Ростовская область,61,MUNICIPAL,mun_mm,"Муниципальный совет, многомандатный округ",Выборы депутатов Собрания депутатов Советского сельского поселения шестого созыва,Советский десятимандатный избирательный округ,1,10,14,261,248,246,1314,95.02,True,0.76,САРАТОВ Владимир Владимирович,140,10.65,КИРСАНОВ Александр Олегович,123,9.36,АХЬЯДОВА Анастасия Сергеевна,118,8.98
Ростовская область,61,MUNICIPAL,mun_mm,"Муниципальный совет, многомандатный округ",Выборы депутатов Собрания депутатов Солонецкого сельского поселения шестого созыва,Солонецкий,1,10,12,55,53,53,256,96.36,True,0.39,ГРИЦУН Елена Владимировна,35,13.67,ПАРШИНА Елена Ивановна,33,12.89,ДМИТРИЕВА Лариса Анатольевна,31,12.11
Ростовская область,61,MUNICIPAL,mun_mm,"Муниципальный совет, многомандатный округ",Выборы депутатов Собрания депутатов Солонцовского сельского поселения шестого созыва,Солонцовский семимандатный избирательный округ №1,1,7,9,37,33,31,139,89.19,True,2.16,"ШЕВЦОВА 
Ирина 
Анатольевна",19,13.67,"ТИТОВА 
Тамара 
Петровна",18,12.95,"КРИСАНОВА 
Надежда 
Николаевна",18,12.95
Ростовская область,61,MUNICIPAL,mun_mm,"Муниципальный совет, многомандатный округ",Выборы депутатов Собрания депутатов Сохрановского сельского поселения Чертковского района Ростовской области шестого созыва,Сохрановский,1,10,12,118,117,116,409,99.15,True,0.98,ТИМЧЕНКО Владимир Васильевич,62,15.16,КУРГАНСКИЙ Сергей Александрович,52,12.71,ВАСИЛЬЧЕНКО Иван Николаевич,48,11.74
Ростовская область,61,MUNICIPAL,mun_mm,"Муниципальный совет, многомандатный округ",Выборы депутатов Собрания депутатов Среднеегорлыкского сельского поселения шестого созыва,Среднеегорыкский многомандатный избирательный округ №1,1,10,12,83,78,76,302,93.98,True,0.33,КАШИРИН Иван Федорович,42,13.91,МАКАРЕНКО Наталья Владимировна,34,11.26,ДМИТРЕНКО Татьяна Федоровна,31,10.26
Ростовская область,61,MUNICIPAL,mun_mm,"Муниципальный совет, многомандатный округ",Выборы депутатов Собрания депутатов Старостаничного сельского поселения шестого созыва,Старостаничный многомандатный избирательный округ,3,3,17,536,457,446,725,85.26,True,0.69,КУШНАРЕНКО Евгений Сергеевич,71,9.79,ТРОФИМЕНКОВА Ирина Вячеславовна,70,9.66,КАЛАШНИКОВ Денис Сергеевич,64,8.83
Ростовская область,61,MUNICIPAL,mun_mm,"Муниципальный совет, многомандатный округ",Выборы депутатов Собрания депутатов Старочеркасского сельского поселения шестого созыва,Старочеркасский многомандатный избирательный округ №1,1,10,27,189,167,161,711,88.36,True,2.25,КРИВОШАПКИНА Наталья Николаевна,71,9.99,ЛЕНИВОВА Виктория Игоревна,69,9.7,КОРНИЕНКО Александр Анатольевич,68,9.56
Ростовская область,61,MUNICIPAL,mun_mm,"Муниципальный совет, многомандатный округ",Выборы депутатов Собрания депутатов Стычновского сельского поселения шестого созыва,Стычновский,1,10,12,57,55,55,254,96.49,True,0.39,ЧИЖ Татьяна Павловна,30,11.81,ЛИСИЦА Виктор Иванович,27,10.63,АНИКЕЕВ Александр Александрович,23,9.06
Ростовская область,61,MUNICIPAL,mun_mm,"Муниципальный совет, многомандатный округ",Выборы депутатов Собрания депутатов Сулинского сельского поселения шестого созыва,Многомандатный избирательный округ Сулинского сельского поселения Миллеровского района Ростовской области,1,10,21,131,113,111,444,86.26,True,0.23,ЛОМАТЧЕНКО Иван Владимирович,53,11.94,КАРАСЕВ Александр Павлович,31,6.98,СТАХУРЛОВА Наталья Павловна,31,6.98
Ростовская область,61,MUNICIPAL,mun_mm,"Муниципальный совет, многомандатный округ",Выборы депутатов Собрания депутатов Сусатского сельского поселения Семикаракорского района Ростовской области шестого созыва,Сусатский многомандатный избирательный округ,1,10,13,223,200,199,593,89.69,True,0.0,ПАНКРАТОВА Елена Анатольевна,68,11.47,ДЕНИСОВ Андрей Михайлович,62,10.46,КОВАЛЕВА Любовь Викторовна,61,10.29
Ростовская область,61,MUNICIPAL,mun_mm,"Муниципальный совет, многомандатный округ",Выборы депутатов Собрания депутатов Суховского сельского поселения шестого созыва,Суховский,1,10,15,55,44,43,241,80.0,True,0.41,ШУМИЛИН Александр Викторович,24,9.96,БИРЮКОВА Валентина Викторовна,23,9.54,ДОЛГОПОЛОВА Марина Николаевна,22,9.13
Ростовская область,61,MUNICIPAL,mun_mm,"Муниципальный совет, многомандатный округ",Выборы депутатов Собрания депутатов Суховского сельского поселения шестого созыва,Суховский многомандатный избирательный округ,1,10,11,51,44,44,137,86.27,True,2.19,МИЛЬКИН Семен Александрович,21,15.33,ШИТОВА Наталья Петровна,15,10.95,РАЗУБАЕВ Андрей Александрович,13,9.49
Ростовская область,61,MUNICIPAL,mun_mm,"Муниципальный совет, многомандатный округ",Выборы депутатов Собрания депутатов Талловеровского сельского поселения шестого созыва,Талловеровский многомандатный избирательный округ,1,10,12,124,111,107,550,89.52,True,2.18,СТЕЦУРИНА Алла Викторовна,62,11.27,МАНАФОВА Марина Анатольевна,59,10.73,КОГТЕВ Николай Петрович,57,10.36
Ростовская область,61,MUNICIPAL,mun_mm,"Муниципальный совет, многомандатный округ",Выборы депутатов Собрания депутатов Тарасовского сельского поселения Тарасовского района Ростовской области шестого созыва,Тарасовский семимандатный избирательный округ № 1,1,4,9,294,260,258,495,88.44,True,0.0,ЦАПОК Людмила Ивановна,115,23.23,ХЛОПОНИН Павел Григорьевич,61,12.32,ИБАЕВ Саид Рабаданович,59,11.92
Ростовская область,61,MUNICIPAL,mun_mm,"Муниципальный совет, многомандатный округ",Выборы депутатов Собрания депутатов Тарасовского сельского поселения Тарасовского района Ростовской области шестого созыва,Тарасовский четырехмандатный избирательный округ № 2,1,4,6,154,133,133,209,86.36,True,2.39,БОЛДЫРЕВА Дарья Александровна,60,28.71,ХОРОШЕВСКАЯ Наталья Владимировна,38,18.18,МОТРЕ Карина Николаевна,35,16.75
Ростовская область,61,MUNICIPAL,mun_mm,"Муниципальный совет, многомандатный округ",Выборы депутатов Собрания депутатов Тарасовского сельского поселения Тарасовского района Ростовской области шестого созыва,Тарасовский четырехмандатный избирательный округ № 3,1,4,6,233,201,195,302,86.27,True,7.95,ЗАЙЦЕВА Елена Ивановна,92,30.46,РУБАНОВА Татьяна Юрьевна,68,22.52,БЕЛИЦКИЙ Владислав Сергеевич,54,17.88
Ростовская область,61,MUNICIPAL,mun_mm,"Муниципальный совет, многомандатный округ",Выборы депутатов Собрания депутатов Тацинского сельского поселения шестого созыва,Тацинский многомандатный избирательный округ,1,10,13,592,546,537,1492,92.23,True,0.0,ТКАЧУК Дмитрий Евгеньевич,235,15.75,КРУЖИЛИН Сергей Иванович,160,10.72,ВОЛЧАНСКАЯ Лилия Александровна,140,9.38
Ростовская область,61,MUNICIPAL,mun_mm,"Муниципальный совет, многомандатный округ",Выборы депутатов Собрания депутатов Терновского сельского поселения шестого созыва,Терновской семимандатный избирательный округ №1,1,7,9,25,21,21,87,84.0,True,2.3,ШМАТОВА Ольга Дмитриевна,14,16.09,КОЧЕТОВА Галина Юрьевна,13,14.94,ДЕРКАЧ Наталья Ивановна,12,13.79
Ростовская область,61,MUNICIPAL,mun_mm,"Муниципальный совет, многомандатный округ",Выборы депутатов Собрания депутатов Титовского сельского поселения шестого созыва,Многомандатный избирательный округ Титовского сельского поселения Миллеровского района Ростовской области,1,10,13,55,51,50,271,92.73,True,0.0,ШУМАЕВА Ольга Александровна,35,12.92,МИЩЕНКО Яна Александровна,26,9.59,РОШКАНЮК Игорь Сергеевич,25,9.23
Ростовская область,61,MUNICIPAL,mun_mm,"Муниципальный совет, многомандатный округ",Выборы депутатов Собрания депутатов Топилинского сельского поселения Семикаракорского района Ростовской области шестого  созыва,Топилинский многомандатный избирательный округ,1,10,12,164,142,141,497,86.59,True,3.62,ЯРОШИК Елена Витальевна,68,13.68,ОНБЫШ Елена Михайловна,64,12.88,ТАРАДИНА Оксана Петровна,56,11.27
Ростовская область,61,MUNICIPAL,mun_mm,"Муниципальный совет, многомандатный округ",Выборы депутатов Собрания депутатов Треневского сельского поселения шестого созыва,Многомандатный избирательный округ Треневского сельского поселения Миллеровского района Ростовской области,1,10,19,109,94,92,339,86.24,True,0.29,БУКША Александр Васильевич,28,8.26,ПЕТРЕНКО Виталий Иванович,25,7.37,АХМЕДОВ Исмаил Нуриевич,23,6.78
Ростовская область,61,MUNICIPAL,mun_sm,"Муниципальный совет, одномандатный округ",Выборы депутатов Собрания депутатов Троицкого сельского поселения Неклиновского района Ростовской области шестого созыва,Троицкий одномандатный избирательный округ,10,1,24,227,202,198,198,88.99,True,2.02,Туев Григорий Владимирович,22,11.11,Рябиков Евгений Михайлович,18,9.09,Бархатов Николай Николаевич,16,8.08
Ростовская область,61,MUNICIPAL,mun_mm,"Муниципальный совет, многомандатный округ",Выборы депутатов Собрания депутатов Тубянского сельского поселения шестого созыва,Тубянский семимандатный избирательный округ №1,1,7,9,48,46,45,153,95.83,True,1.96,"МАГАЛЯС 
Андрей 
Вячеславович",24,15.69,"КУСЛИЕВА 
Екатерина 
Николаевна",23,15.03,"ГАЛУШКИНА 
Анна 
Сергеевна",20,13.07
Ростовская область,61,MUNICIPAL,mun_mm,"Муниципальный совет, многомандатный округ",Выборы депутатов Собрания депутатов Туриловского сельского поселения шестого созыва,Многомандатный избирательный округ Туриловского сельского поселения Миллеровского района Ростовской области,1,10,15,69,62,61,287,89.86,True,0.0,ГЛУШКО Татьяна Ивановна,36,12.54,СЛЕПЦОВА Наталья Александровна,31,10.8,ШЕДЕНКО Елена Викторовна,28,9.76
Ростовская область,61,MUNICIPAL,mun_mm,"Муниципальный совет, многомандатный округ",Выборы депутатов Собрания депутатов Тюльпановского сельского поселения шестого созыва,Тюльпановский десятимандатный избирательный округ,1,10,13,21,19,19,74,90.48,True,0.0,КОЛЕСНИКОВА Лилия Александровна,9,12.16,АБДУЛЛАЕВ Шамиль Мусагаджиевич,8,10.81,ХУСЕНОВ Шарип Шахитович,8,10.81
Ростовская область,61,MUNICIPAL,mun_mm,"Муниципальный совет, многомандатный округ",Выборы депутатов Собрания депутатов Углегорского сельского поселения шестого созыва,Углегорский многомандатный избирательный округ,1,10,12,119,96,95,337,80.67,True,0.3,МАЛЫГИН Владимир Александрович,43,12.76,СИВКОВА Оксана Алексеевна,40,11.87,ХРАМОВА Елена Владимировна,34,10.09
Ростовская область,61,MUNICIPAL,mun_mm,"Муниципальный совет, многомандатный округ",Выборы депутатов Собрания депутатов Углеродовского городского поселения шестого созыва,Углеродовский пятимандатный избирательный округ №1,1,5,8,64,61,61,142,95.31,True,1.41,ЛИТОВЧЕНКО Константин Александрович,28,19.72,АНИКИНА Светлана Александровна,25,17.61,ГРЕВЦЕВА Елена Дмитриевна,21,14.79
Ростовская область,61,MUNICIPAL,mun_mm,"Муниципальный совет, многомандатный округ",Выборы депутатов Собрания депутатов Углеродовского городского поселения шестого созыва,Углеродовский пятимандатный избирательный округ №2,1,5,7,44,42,42,83,95.45,True,3.61,СЛИВИН Иван Павлович,25,30.12,ТИМОФЕЕВ Олег Алексеевич,16,19.28,АЛАДЬИНА Дарья Витальевна,12,14.46
Ростовская область,61,MUNICIPAL,mun_mm,"Муниципальный совет, многомандатный округ",Выборы депутатов Собрания депутатов Уляшкинского сельского поселения шестого созыва,Уляшкинский трехмандатный избирательный округ,1,3,5,28,25,25,48,89.29,True,4.17,МАНОХИН Юрий Алексеевич,19,39.58,МАКАРЕНКО Елена Михайловна,15,31.25,НАЗИМОВА Ирина Васильевна,7,14.58
Ростовская область,61,MUNICIPAL,mun_mm,"Муниципальный совет, многомандатный округ",Выборы депутатов Собрания депутатов Уляшкинского сельского поселения шестого созыва,Уляшкинский четырехмандатный избирательный округ,1,3,6,21,20,20,40,95.24,True,2.5,БОСОВ Александр Александрович,10,25.0,РЫТИКОВ Александр Сергеевич,10,25.0,СТРАХОВА Лилия Александровна,7,17.5
Ростовская область,61,MUNICIPAL,mun_mm,"Муниципальный совет, многомандатный округ",Выборы депутатов Собрания депутатов Усть-Донецкого городского поселения шестого созыва,Усть-Донецкий,3,5,26,796,753,753,2018,94.6,True,0.2,АСТАХОВ Руслан Анатольевич,147,7.28,ЧМИРЁВ Роман Алексеевич,129,6.39,КУДИН Алексей Васильевич,122,6.05
Ростовская область,61,MUNICIPAL,mun_mm,"Муниципальный совет, многомандатный округ",Выборы депутатов Собрания депутатов Уютненского сельского поселения шестого созыва,Уютненский,1,10,12,70,67,66,313,95.71,True,0.96,КРАВЦОВА Виктория Васильевна,38,12.14,ГЛАДКОВА Наталия Петровна,32,10.22,ОГРЫЗЬКО Юлия Викторовна,31,9.9
Ростовская область,61,MUNICIPAL,mun_sm,"Муниципальный совет, одномандатный округ",Выборы депутатов Собрания депутатов Федоровского сельского поселения Неклиновского района Ростовской области шестого созыва,Федоровский одномандатный избирательный округ,10,1,22,175,155,153,153,88.57,True,1.96,Кравцова Анна Александровна,19,12.42,Демьяненко Геннадий Анатольевич,16,10.46,Слинько Сергей Александрович,13,8.5
Ростовская область,61,MUNICIPAL,mun_mm,"Муниципальный совет, многомандатный округ",Выборы депутатов Собрания депутатов Федосеевского сельского поселения шестого созыва,Федосеевский десятимандатный избирательный округ,1,10,13,30,28,28,97,93.33,True,1.03,БАХАЕВ Мурад Вахаевич,15,15.46,ЯКОВЛЕВА Надежда Петровна,13,13.4,БАХАЕВ Мусади Вахаевич,12,12.37
Ростовская область,61,MUNICIPAL,mun_mm,"Муниципальный совет, многомандатный округ",Выборы депутатов Собрания депутатов Фомино-Свечниковского сельского поселения шестого созыва,Фомино-Свечниковский многомандатный избирательный округ,1,10,12,89,84,84,294,94.38,True,0.0,АФАНАСЕНКО Лариса Леонидовна,42,14.29,КАЛУЦКАЯ Ольга Ивановна,35,11.9,ФЁДОРОВА Инна Николаевна,33,11.22
Ростовская область,61,MUNICIPAL,mun_mm,"Муниципальный совет, многомандатный округ",Выборы депутатов Собрания депутатов Фоминского сельского поселения шестого созыва,Фоминский десятимандатный избирательный округ,1,10,13,33,31,30,160,93.94,True,0.62,АРХИПОВА Виктория Викторовна,20,12.5,НАЗАРЕНКО Елена Александровна,19,11.88,ПАВЛЕНКО Оксана Афитулавна,17,10.62
Ростовская область,61,MUNICIPAL,mun_mm,"Муниципальный совет, многомандатный округ",Выборы депутатов Собрания депутатов Хлеборобного сельского поселения шестого созыва,Хлеборобный многомандатный избирательный округ №1,1,10,12,118,101,101,512,85.59,True,1.56,ФОМИЧЕВА Татьяна Петровна,60,11.72,АНТЮФЕЕВА Евгения Викторовна,56,10.94,ЛАРКИНА Анна Александровна,54,10.55
Ростовская область,61,MUNICIPAL,mun_mm,"Муниципальный совет, многомандатный округ",Выборы депутатов Собрания депутатов Целинского сельского поселения шестого созыва,Целинский многомандатный избирательный округ №1,1,3,6,193,172,171,316,89.12,True,9.49,ДАВИДЕНКО Юлия Юрьевна,94,29.75,СКРЫЛЬНИКОВА Ирина Николаевна,75,23.73,ЛОХМАТОВ Сергей Николаевич,67,21.2
Ростовская область,61,MUNICIPAL,mun_mm,"Муниципальный совет, многомандатный округ",Выборы депутатов Собрания депутатов Целинского сельского поселения шестого созыва,Целинский многомандатный избирательный округ №2,1,3,5,139,118,116,196,84.89,True,2.04,ДОБРОДИЕНКО Вячеслав Юрьевич,47,23.98,ПУХОВА Ирина Александровна,42,21.43,ПИСОЦКИЙ Сергей Николаевич,39,19.9
Ростовская область,61,MUNICIPAL,mun_mm,"Муниципальный совет, многомандатный округ",Выборы депутатов Собрания депутатов Целинского сельского поселения шестого созыва,Целинский многомандатный избирательный округ №3,1,3,5,181,165,162,278,91.16,True,3.24,ИВЛЕВА Наталья Вячеславовна,80,28.78,МАРТЫНОВА Наталья Васильевна,67,24.1,РЫБКИН Михаил Григорьевич,58,20.86
Ростовская область,61,MUNICIPAL,mun_mm,"Муниципальный совет, многомандатный округ",Выборы депутатов Собрания депутатов Целинского сельского поселения шестого созыва,Целинский многомандатный избирательный округ №4,1,3,6,134,111,111,200,82.84,True,2.0,ШИРОКОВА Татьяна Владимировна,69,34.5,ЗЮГАНОВА Вера Васильевна,38,19.0,ЗАРУДНИЙ Игорь Николаевич,34,17.0
Ростовская область,61,MUNICIPAL,mun_mm,"Муниципальный совет, многомандатный округ",Выборы депутатов Собрания депутатов Целинского сельского поселения шестого созыва,Целинский многомандатный избирательный округ №5,1,3,5,141,119,116,208,84.4,True,0.96,ЖМАЕВ Сергей Васильевич,54,25.96,ПОРТНОВ Сергей Иванович,46,22.12,ПОЛЯКОВ Владимир Александрович,38,18.27
Ростовская область,61,MUNICIPAL,mun_sm,"Муниципальный совет, одномандатный округ",Выборы депутатов Собрания депутатов Цимлянского городского поселения шестого созыва,Одномандатный избирательный округ № 1,1,1,2,65,61,61,61,93.85,True,63.93,ЛАЗУРЧЕНКО Тарас Олегович,50,81.97,ТАРАН Алексей Станиславович,11,18.03,,,
Ростовская область,61,MUNICIPAL,mun_sm,"Муниципальный совет, одномандатный округ",Выборы депутатов Собрания депутатов Цимлянского городского поселения шестого созыва,Одномандатный избирательный округ № 10,1,1,3,98,90,89,89,91.84,True,10.11,ДМИТРЕНКО Вита Петровна,44,49.44,НЕФЕДОВ Сергей Викторович,35,39.33,МЕДВЕДЕВ Владимир Алексеевич,10,11.24
Ростовская область,61,MUNICIPAL,mun_sm,"Муниципальный совет, одномандатный округ",Выборы депутатов Собрания депутатов Цимлянского городского поселения шестого созыва,Одномандатный избирательный округ № 11,1,1,2,69,62,60,60,89.86,True,30.0,ХОПЕРСКОВА Оксана Анатольевна,39,65.0,КАМАЧКИН Тимур Наилевич,21,35.0,,,
Ростовская область,61,MUNICIPAL,mun_sm,"Муниципальный совет, одномандатный округ",Выборы депутатов Собрания депутатов Цимлянского городского поселения шестого созыва,Одномандатный избирательный округ № 12,1,1,3,72,67,66,66,93.06,True,39.39,САМОЙЛЕНКО Виталий Юрьевич,42,63.64,ГАСКЕВИЧ Владимир Анатольевич,16,24.24,САСОНОВ Георгий Викторович,8,12.12
Ростовская область,61,MUNICIPAL,mun_sm,"Муниципальный совет, одномандатный округ",Выборы депутатов Собрания депутатов Цимлянского городского поселения шестого созыва,Одномандатный избирательный округ № 13,1,1,3,82,77,77,77,93.9,True,12.99,КУЗНЕЦОВ Максим Алексеевич,37,48.05,САМСОНОВ Алексей Александрович,27,35.06,ПАРШИНА Оксана Анатольевна,13,16.88
Ростовская область,61,MUNICIPAL,mun_sm,"Муниципальный совет, одномандатный округ",Выборы депутатов Собрания депутатов Цимлянского городского поселения шестого созыва,Одномандатный избирательный округ № 14,1,1,2,85,76,75,75,89.41,True,22.67,ГУРОВ Дмитрий Сергеевич,46,61.33,ШЕГОТАРОВА Лилия Николаевна,29,38.67,,,
Ростовская область,61,MUNICIPAL,mun_sm,"Муниципальный совет, одномандатный округ",Выборы депутатов Собрания депутатов Цимлянского городского поселения шестого созыва,Одномандатный избирательный округ № 15,1,1,2,73,63,62,62,86.3,True,45.16,ЛЕУХОВ Сергей Александрович,45,72.58,ДОЛГОВ Александр Юрьевич,17,27.42,,,
Ростовская область,61,MUNICIPAL,mun_sm,"Муниципальный совет, одномандатный округ",Выборы депутатов Собрания депутатов Цимлянского городского поселения шестого созыва,Одномандатный избирательный округ № 2,1,1,4,64,58,57,57,90.62,True,5.26,МАРКИНА Анна Александровна,23,40.35,ИЛЬИН Дмитрий Михайлович,20,35.09,ЛОГВИН Владимир Иванович,8,14.04
Ростовская область,61,MUNICIPAL,mun_sm,"Муниципальный совет, одномандатный округ",Выборы депутатов Собрания депутатов Цимлянского городского поселения шестого созыва,Одномандатный избирательный округ № 3,1,1,2,98,86,85,85,87.76,True,12.94,НАЗАРОВ Алексей Николаевич,48,56.47,БЕССАЛЫЙ Сергей Владимирович,37,43.53,,,
Ростовская область,61,MUNICIPAL,mun_sm,"Муниципальный совет, одномандатный округ",Выборы депутатов Собрания депутатов Цимлянского городского поселения шестого созыва,Одномандатный избирательный округ № 4,1,1,3,85,74,74,74,87.06,True,5.41,ПОЦЕЛУЕВА Анастасия Евгеньевна,36,48.65,АББАСОВ Алышан Джумшуд Оглы,32,43.24,ТУШЕВА Марина Николаевна,6,8.11
Ростовская область,61,MUNICIPAL,mun_sm,"Муниципальный совет, одномандатный округ",Выборы депутатов Собрания депутатов Цимлянского городского поселения шестого созыва,Одномандатный избирательный округ № 5,1,1,2,103,94,93,93,91.26,True,22.58,ДОБРЫНИНА Екатерина Александровна,57,61.29,МОРОЗОВА Ирина Викторовна,36,38.71,,,
Ростовская область,61,MUNICIPAL,mun_sm,"Муниципальный совет, одномандатный округ",Выборы депутатов Собрания депутатов Цимлянского городского поселения шестого созыва,Одномандатный избирательный округ № 6,1,1,2,101,88,87,87,87.13,True,31.03,АНТИПОВ Сергей Анатольевич,57,65.52,КОНОВАЛОВ Владимир Сергеевич,30,34.48,,,
Ростовская область,61,MUNICIPAL,mun_sm,"Муниципальный совет, одномандатный округ",Выборы депутатов Собрания депутатов Цимлянского городского поселения шестого созыва,Одномандатный избирательный округ № 7,1,1,2,62,58,55,55,93.55,True,34.55,КРИВОШАПКИН Алексей Владимирович,37,67.27,ГУСАКОВ Дмитрий Александрович,18,32.73,,,
Ростовская область,61,MUNICIPAL,mun_sm,"Муниципальный совет, одномандатный округ",Выборы депутатов Собрания депутатов Цимлянского городского поселения шестого созыва,Одномандатный избирательный округ № 8,1,1,2,72,64,64,64,88.89,True,18.75,ХВОСТОВ Александр Викторович,38,59.38,ЗАРУЦКАЯ Ирина Николаевна,26,40.62,,,
Ростовская область,61,MUNICIPAL,mun_sm,"Муниципальный совет, одномандатный округ",Выборы депутатов Собрания депутатов Цимлянского городского поселения шестого созыва,Одномандатный избирательный округ № 9,1,1,2,81,74,73,73,91.36,True,28.77,ЩЕРБАКОВ Владимир Валентинович,47,64.38,КУЗНЕЦОВ Андриан Данилович,26,35.62,,,
Ростовская область,61,MUNICIPAL,mun_mm,"Муниципальный совет, многомандатный округ",Выборы депутатов Собрания депутатов Чалтырского сельского поселения Мясниковского района Ростовской области шестого созыва,Чалтырский,3,5,39,1028,867,857,2134,84.34,True,0.09,ХОЧКИЯН Ирина Вазгеновна,110,5.15,ХОШАФЯН Егия Еревандович,109,5.11,БУГАЯН Сусанна Асватуровна,106,4.97
Ростовская область,61,MUNICIPAL,mun_mm,"Муниципальный совет, многомандатный округ",Выборы депутатов Собрания депутатов Чертковского сельского поселения Чертковского района Ростовской области шестого созыва,Чертковский,1,15,17,731,663,656,2027,90.7,True,0.05,БАКУЛЕНКО Александр Александрович,216,10.66,ЖУКОВ Евгений Александрович,182,8.98,ЖБИР Елена Кузьминична,181,8.93
Ростовская область,61,MUNICIPAL,mun_mm,"Муниципальный совет, многомандатный округ",Выборы депутатов Собрания депутатов Чирского сельского поселения шестого созыва,Чирский десятимандатный избирательный округ,1,10,12,34,31,30,143,91.18,True,3.5,АВСЕЦИН Геннадий Васильевич,18,12.59,ВЕЛИЧКО Светлана Викторовна,15,10.49,КОРОЛЁВ Сергей Васильевич,15,10.49
Ростовская область,61,MUNICIPAL,mun_mm,"Муниципальный совет, многомандатный округ",Выборы депутатов Собрания депутатов Шаумяновского сельского поселения шестого созыва,Шаумяновский,1,10,17,66,65,62,354,98.48,True,0.0,МХИТАРЯН Нагапет Мисакович,43,12.15,ОСИПЯНЦ Артур Артёмович,36,10.17,КИРАКОСОВ Юрий Эдвардович,36,10.17
Ростовская область,61,MUNICIPAL,mun_mm,"Муниципальный совет, многомандатный округ",Выборы депутатов Собрания депутатов Шебалинского сельского поселения шестого созыва,Шебалинский десятимандатный избирательный округ,1,10,13,47,38,38,222,80.85,True,1.8,АНИКЕЕВ Владимир Алексеевич,28,12.61,СЕМЕНОВА Инна Викторовна,23,10.36,СОЛОДУНОВА Людмила Викторовна,21,9.46
Ростовская область,61,MUNICIPAL,mun_mm,"Муниципальный совет, многомандатный округ",Выборы депутатов Собрания депутатов Шептуховского сельского поселения Чертковского района Ростовской области шестого созыва,Шептуховский,1,10,13,84,78,78,260,92.86,True,1.15,КРИВОГУЗОВ Валерий Александрович,35,13.46,ХРИПУНОВ Евгений Валерьевич,32,12.31,ВЕРЕЩАК Надежда Васильевна,31,11.92
Ростовская область,61,MUNICIPAL,mun_mm,"Муниципальный совет, многомандатный округ",Выборы депутатов Собрания депутатов Широко-Атамановского сельского поселения Морозовского района Ростовской области шестого созыва,Широко-Атамановский многомандатный избирательный округ,1,10,12,109,100,100,524,91.74,True,4.96,ГЕЛИСХАНОВА Анна Петровна,62,11.83,МАВРОДИЙ Иван Николаевич,51,9.73,УТИГАЛИЕВА Ирина Александровна,51,9.73
Ростовская область,61,MUNICIPAL,mun_mm,"Муниципальный совет, многомандатный округ",Выборы депутатов Собрания депутатов Шолоховского городского поселения шестого созыва,Шолоховский многомандатный избирательный округ №1,1,3,5,89,79,79,124,88.76,True,2.42,СИДОРЕНКО Елена Сергеевна,35,28.23,СЕРГИЙЧУК Олег Викторович,27,21.77,КУДИНОВ Максим Николаевич,26,20.97
Ростовская область,61,MUNICIPAL,mun_mm,"Муниципальный совет, многомандатный округ",Выборы депутатов Собрания депутатов Шолоховского городского поселения шестого созыва,Шолоховский многомандатный избирательный округ №2,1,3,5,91,80,80,136,87.91,True,1.47,ЛЕБЕДЕНКО Сергей Михайлович,33,24.26,КРУЧИНИН Сергей Иванович,30,22.06,ВОЙТЕНКО Виталий Анатольевич,29,21.32
Ростовская область,61,MUNICIPAL,mun_mm,"Муниципальный совет, многомандатный округ",Выборы депутатов Собрания депутатов Шолоховского городского поселения шестого созыва,Шолоховский многомандатный избирательный округ №3,1,3,8,141,127,126,230,90.07,True,2.17,ВОЙНОВА Наталья Александровна,51,22.17,ЗЕЛИКОВ Дмитрий Алексеевич,49,21.3,ОРЛОВА Наталья Владимировна,32,13.91
Ростовская область,61,MUNICIPAL,mun_mm,"Муниципальный совет, многомандатный округ",Выборы депутатов Собрания депутатов Шолоховского городского поселения шестого созыва,Шолоховский многомандатный избирательный округ №4,1,3,7,117,102,101,190,87.18,True,1.05,ПЯТИБРАТОВА Светлана Ивановна,55,28.95,ШЛЯХОВ Андрей Васильевич,37,19.47,ВОРОНА Александр Иванович,24,12.63
Ростовская область,61,MUNICIPAL,mun_mm,"Муниципальный совет, многомандатный округ",Выборы депутатов Собрания депутатов Шумилинского сельского поселения шестого созыва,Шумилинский десятимандатный избирательный округ №1,1,10,12,83,79,78,367,95.18,True,3.27,"ОРЛОВА 
Татьяна 
Алексеевна",42,11.44,"КОЛОДИНА 
Татьяна 
Сергеевна",38,10.35,"ШАПОШНИКОВ 
Юрий 
Александрович",38,10.35
Ростовская область,61,MUNICIPAL,mun_mm,"Муниципальный совет, многомандатный округ",Выборы депутатов Собрания депутатов Щедровского сельского поселения Чертковского района Ростовской области шестого созыва,Щедровкий,1,10,12,88,83,82,338,94.32,True,0.3,ВОЛОХОВА Наталья Ивановна,48,14.2,СКРЫЛЬНИКОВА Татьяна Васильевна,34,10.06,ОГУЛА Любовь Александровна,33,9.76
Ростовская область,61,MUNICIPAL,mun_mm,"Муниципальный совет, многомандатный округ",Выборы депутатов Собрания депутатов Щепкинского сельского поселения шестого созыва,Щепкинский многомандатный избирательный округ №1,1,4,12,451,376,370,615,83.37,True,0.16,АНИСИМОВ Алексей Николаевич,143,23.25,ДУБРОВ Данил Алексеевич,100,16.26,САРКИСЯН Рена Ризвановна,98,15.93
Ростовская область,61,MUNICIPAL,mun_mm,"Муниципальный совет, многомандатный округ",Выборы депутатов Собрания депутатов Щепкинского сельского поселения шестого созыва,Щепкинский многомандатный избирательный округ №2,1,6,16,482,406,393,723,84.23,True,0.14,ИСТОМИНА Марина Володиевна,106,14.66,ОБЕРЕМКО Галина Викторовна,75,10.37,КОСТЮЧИК Валентина Петровна,63,8.71
Ростовская область,61,MUNICIPAL,mun_mm,"Муниципальный совет, многомандатный округ",Выборы депутатов Собрания депутатов Щепкинского сельского поселения шестого созыва,Щепкинский многомандатный избирательный округ №3,1,5,12,429,380,374,657,88.58,True,2.59,САГАМОНОВ Артур Сергеевич,91,13.85,КУШНАРЕВ Никита Александрович,81,12.33,ШЕХОВЦОВ Дмитрий Алексеевич,75,11.42
Ростовская область,61,MUNICIPAL,mun_mm,"Муниципальный совет, многомандатный округ",Выборы депутатов Собрания депутатов Южненского сельского поселения шестого созыва,Южненский,1,10,12,189,170,169,516,89.95,True,0.19,ГЛУЩЕНКО Ирина Ивановна,77,14.92,ЛУКОВСКИЙ Анатолий Евгеньевич,55,10.66,СИНЮК Ирина Владимировна,51,9.88
Ростовская область,61,MUNICIPAL,mun_mm,"Муниципальный совет, многомандатный округ",Выборы депутатов Собрания депутатов Юловского сельского поселения шестого созыва,Юловский,1,10,13,139,131,130,284,94.24,True,0.7,ИСМАИЛОВ Сохбат Фархад оглы,39,13.73,ЖДАНОВА Наталья Александровна,34,11.97,ЕРИНА Елена Ивановна,27,9.51
Ростовская область,61,MUNICIPAL,mun_mm,"Муниципальный совет, многомандатный округ",Выборы депутатов Собрания депутатов Юловского сельского поселения шестого созыва,Юловский многомандатный избирательный округ №1,1,10,13,116,106,103,403,91.38,True,0.99,ЧИКУНОВА Валентина Владимировна,54,13.4,КОРЯГИНА Людмила Викторовна,42,10.42,ВЕЛИТАРСКИЙ Андрей Анатольевич,41,10.17
Ростовская область,61,MUNICIPAL,mun_sm,"Муниципальный совет, одномандатный округ",Дополнительные выборы депутатов Азовской городской Думы восьмого созыва по одномандатным избирательным округам № 7 и № 21,Двадцать первый,1,1,6,285,245,243,243,85.96,True,23.46,МИХИДЕНКО Елена Александровна,115,47.33,СИМАКОВ Игорь Борисович,58,23.87,ПРАСОЛ Юлия Викторовна,28,11.52
Ростовская область,61,MUNICIPAL,mun_sm,"Муниципальный совет, одномандатный округ",Дополнительные выборы депутатов Азовской городской Думы восьмого созыва по одномандатным избирательным округам № 7 и № 21,Седьмой,1,1,6,243,217,213,213,89.3,True,26.29,ТРИТЯК Сергей Владимирович,102,47.89,ШАПАРЕВА Алина Павловна,46,21.6,КОРНЕЙЧУК Михаил Евгеньевич,28,13.15
Ростовская область,61,REGIONAL,reg_sm,"Заксобрание, одномандатный округ",Дополнительные выборы депутата Законодательного Собрания Ростовской области седьмого созыва по Ворошиловскому (западному) одномандатному избирательному округу № 30,Ворошиловский (западный),1,1,6,7486,6652,6578,6578,88.86,True,11.55,ОЧХИКИДЗЕ Автандил Сергеевич,2102,31.96,ОСЬКИНА Наталья Владимировна,1342,20.4,РУМЯНЦЕВА Любовь Васильевна,989,15.03
Свердловская область,66,FEDERAL,duma_sm,"Госдума, одномандатный округ",Выборы депутатов Государственной Думы Федерального Собрания Российской Федерации девятого созыва,Свердловская область – Асбестовский,18,1,4,43074,38836,38432,38432,90.16,True,21.18,РЯБЦЕВА Жанна Анатольевна,17052,44.37,ШАБАНОВ Евгений Михайлович,8913,23.19,МУСАЛЬНИКОВА Наталья Владимировна,7054,18.35
Свердловская область,66,FEDERAL,duma_sm,"Госдума, одномандатный округ",Выборы депутатов Государственной Думы Федерального Собрания Российской Федерации девятого созыва,Свердловская область – Березовский,5,1,7,55432,50673,50166,50166,91.41,True,30.79,СМИРНОВ Владимир Викторович,21891,43.64,КРАЕВ Рант Кароевич,6446,12.85,ПОПОВ Игорь Николаевич,6253,12.46
Свердловская область,66,FEDERAL,duma_sm,"Госдума, одномандатный округ",Выборы депутатов Государственной Думы Федерального Собрания Российской Федерации девятого созыва,Свердловская область – Каменск-Уральский,7,1,5,48692,44319,43871,43871,91.02,True,20.81,КОВПАК Лев Игоревич,18287,41.68,КУНЦЕВИЧ Любовь Андреевна,9156,20.87,ГОРДЕЕВ Олег Сергеевич,6567,14.97
Свердловская область,66,FEDERAL,duma_sm,"Госдума, одномандатный округ",Выборы депутатов Государственной Думы Федерального Собрания Российской Федерации девятого созыва,Свердловская область – Нижнетагильский,11,1,6,49057,44407,44039,44039,90.52,True,21.96,СВАЛОВ Алексей Германович,19006,43.16,БОЯРКИН Михаил Валентинович,9336,21.2,КОЗИН Сергей Сергеевич,4709,10.69
Свердловская область,66,FEDERAL,duma_sm,"Госдума, одномандатный округ",Выборы депутатов Государственной Думы Федерального Собрания Российской Федерации девятого созыва,Свердловская область – Первоуральский,15,1,8,35994,32082,31774,31774,89.13,True,23.3,МУЦОЕВ Зелимхан Аликоевич,12148,38.23,БАЖЕНОВ Андрей Владимирович,4744,14.93,ПАНАСЕНКО Александр Владимирович,4058,12.77
Свердловская область,66,FEDERAL,duma_sm,"Госдума, одномандатный округ",Выборы депутатов Государственной Думы Федерального Собрания Российской Федерации девятого созыва,Свердловская область – Свердловский,4,1,5,54251,49461,49042,49042,91.17,True,17.51,АЛЬШЕВСКИХ Андрей Геннадьевич,20719,42.25,ДЕМИН Александр Вячеславович,12133,24.74,СКОМОРОХОВА Римма Вениаминовна,6172,12.59
Свердловская область,66,FEDERAL,duma_sm,"Госдума, одномандатный округ",Выборы депутатов Государственной Думы Федерального Собрания Российской Федерации девятого созыва,Свердловская область – Серовский,21,1,6,45508,41659,41313,41313,91.54,True,35.19,БИДОНЬКО Сергей Юрьевич,20638,49.96,МОЛОКОВ Валерий Юрьевич,6099,14.76,ЧУДОВ Игорь Владимирович,5243,12.69
Свердловская область,66,FEDERAL,duma_pl,"Госдума, партсписок",Выборы депутатов Государственной Думы Федерального Собрания Российской Федерации девятого созыва,,81,1,10,332008,301437,300308,300308,90.79,True,30.08,Единая Россия,141391,47.08,Новые люди,51069,17.01,КПРФ,35623,11.86
Свердловская область,66,MUNICIPAL,mun_mm,"Муниципальный совет, многомандатный округ",Выборы депутатов Думы Арамильского городского округа восьмого созыва,Трехмандатный избирательный округ №1,1,3,13,341,315,310,682,92.38,True,2.05,РОМАНОВА Наталья Александровна,120,17.6,ВОЛКОВ Алексей Константинович,115,16.86,ХВОСТОВ Валерий Владимирович,77,11.29
Свердловская область,66,MUNICIPAL,mun_mm,"Муниципальный совет, многомандатный округ",Выборы депутатов Думы Арамильского городского округа восьмого созыва,Трехмандатный избирательный округ №2,1,3,12,407,371,367,804,91.15,True,3.61,ЦАРЕВ Евгений Борисович,138,17.16,ИПАТОВ Сергей Юрьевич,135,16.79,ГОРДЕЕВ Сергей Викторович,129,16.04
Свердловская область,66,MUNICIPAL,mun_mm,"Муниципальный совет, многомандатный округ",Выборы депутатов Думы Арамильского городского округа восьмого созыва,Трехмандатный избирательный округ №3,1,3,14,372,335,332,766,90.05,True,5.35,БАБУШКИН Иван Владимирович,164,21.41,АВАКЯН Павел Леонидович,124,16.19,ПИЛЬБЕРГ Эдуард Артурович,111,14.49
Свердловская область,66,MUNICIPAL,mun_mm,"Муниципальный совет, многомандатный округ",Выборы депутатов Думы Арамильского городского округа восьмого созыва,Трехмандатный избирательный округ №4,1,3,12,342,311,311,701,90.94,True,1.28,АГАДЖАНОВА Лейла Ализадаевна,134,19.12,ИРТУГАНОВА Наталья Николаевна,127,18.12,УМАНСКИЙ Константин Васильевич,117,16.69
Свердловская область,66,MUNICIPAL,mun_mm,"Муниципальный совет, многомандатный округ",Выборы депутатов Думы Арамильского городского округа восьмого созыва,Трехмандатный избирательный округ №5,1,3,10,329,298,293,647,90.58,True,0.62,БАРХАТОВА Анна Сергеевна,139,21.48,ПЕРВУХИНА Татьяна Александровна,111,17.16,ФЕДОРОВ Геннадий Викторович,106,16.38
Свердловская область,66,MUNICIPAL,mun_sm,"Муниципальный совет, одномандатный округ",Выборы депутатов Думы Артемовского муниципального округа восьмого созыва,Одномандатный избирательный округ №1,1,1,4,168,153,150,150,91.07,True,34.0,МАКЕЕВА Елена Александровна,77,51.33,ТРЕБУШКОВА Ксения Алексеевна,26,17.33,БУРАКОВА Ирина Васильевна,25,16.67
Свердловская область,66,MUNICIPAL,mun_sm,"Муниципальный совет, одномандатный округ",Выборы депутатов Думы Артемовского муниципального округа восьмого созыва,Одномандатный избирательный округ №10,1,1,3,181,164,164,164,90.61,True,37.8,АБДРАХМАНОВА Алена Радиковна,99,60.37,САФРОНОВА Валентина Вадимовна,37,22.56,ОГАНЕСЯН Изабелла Ваграмовна,28,17.07
Свердловская область,66,MUNICIPAL,mun_sm,"Муниципальный совет, одномандатный округ",Выборы депутатов Думы Артемовского муниципального округа восьмого созыва,Одномандатный избирательный округ №11,1,1,2,214,194,194,194,90.65,True,3.09,ПОПЕРЕЧНЫЙ Игорь Григорьевич,100,51.55,СМИРНОВА Любовь Ивановна,94,48.45,,,
Свердловская область,66,MUNICIPAL,mun_sm,"Муниципальный совет, одномандатный округ",Выборы депутатов Думы Артемовского муниципального округа восьмого созыва,Одномандатный избирательный округ №12,1,1,2,181,174,173,173,96.13,True,16.76,БАБКИН Игорь Владимирович,101,58.38,ПАТУШИНСКИЙ Виктор Юрьевич,72,41.62,,,
Свердловская область,66,MUNICIPAL,mun_sm,"Муниципальный совет, одномандатный округ",Выборы депутатов Думы Артемовского муниципального округа восьмого созыва,Одномандатный избирательный округ №13,1,1,3,184,165,160,160,89.67,True,36.88,УПОРОВА Екатерина Юрьевна,98,61.25,МЕЛЕНТЬЕВ Вадим Евгеньевич,39,24.38,ДЖАЛАЛОВ Иван Леонович,23,14.38
Свердловская область,66,MUNICIPAL,mun_sm,"Муниципальный совет, одномандатный округ",Выборы депутатов Думы Артемовского муниципального округа восьмого созыва,Одномандатный избирательный округ №14,1,1,4,192,177,175,175,92.19,True,23.43,МИХАЛЕВ Евгений Сергеевич,79,45.14,МАГЛЮК Елена Александровна,38,21.71,ИГНАТЬЕВА Наталия Викторовна,37,21.14
Свердловская область,66,MUNICIPAL,mun_sm,"Муниципальный совет, одномандатный округ",Выборы депутатов Думы Артемовского муниципального округа восьмого созыва,Одномандатный избирательный округ №15,1,1,3,168,144,143,143,85.71,True,16.78,ПЕТРОВА Татьяна Владимировна,64,44.76,ПОНОМАРЕВА Марина Юрьевна,40,27.97,ФАДЕЕВА Лидия Николаевна,39,27.27
Свердловская область,66,MUNICIPAL,mun_sm,"Муниципальный совет, одномандатный округ",Выборы депутатов Думы Артемовского муниципального округа восьмого созыва,Одномандатный избирательный округ №16,1,1,2,225,204,201,201,90.67,True,76.12,КУЗЬМИНЫХ Михаил Петрович,177,88.06,ТИМОФЕЕВ Сергей Николаевич,24,11.94,,,
Свердловская область,66,MUNICIPAL,mun_sm,"Муниципальный совет, одномандатный округ",Выборы депутатов Думы Артемовского муниципального округа восьмого созыва,Одномандатный избирательный округ №17,1,1,3,197,189,185,185,95.94,True,6.49,ЗОРИНА Галина Степановна,81,43.78,ЕРГАШЕВ Василий Николаевич,69,37.3,РЯЗАНОВ Максим Александрович,35,18.92
Свердловская область,66,MUNICIPAL,mun_sm,"Муниципальный совет, одномандатный округ",Выборы депутатов Думы Артемовского муниципального округа восьмого созыва,Одномандатный избирательный округ №18,1,1,2,152,136,134,134,89.47,True,34.33,ВЯЛКОВ Михаил Сергеевич,90,67.16,ОЛЬКОВ Александр Алексеевич,44,32.84,,,
Свердловская область,66,MUNICIPAL,mun_sm,"Муниципальный совет, одномандатный округ",Выборы депутатов Думы Артемовского муниципального округа восьмого созыва,Одномандатный избирательный округ №19,1,1,2,161,134,130,130,83.23,True,46.15,СЫСОЛЯТИНА Светлана Юрьевна,95,73.08,УПОРОВА Анастасия Владимировна,35,26.92,,,
Свердловская область,66,MUNICIPAL,mun_sm,"Муниципальный совет, одномандатный округ",Выборы депутатов Думы Артемовского муниципального округа восьмого созыва,Одномандатный избирательный округ №2,1,1,3,202,179,179,179,88.61,True,32.96,ГЛАДКИХ Антон Александрович,105,58.66,КУЗЬМИН Анатолий Николаевич,46,25.7,ПРОЗОРОВА Ольга Александровна,28,15.64
Свердловская область,66,MUNICIPAL,mun_sm,"Муниципальный совет, одномандатный округ",Выборы депутатов Думы Артемовского муниципального округа восьмого созыва,Одномандатный избирательный округ №20,1,1,2,178,156,153,153,87.64,True,15.03,СУХАРЕВ Дмитрий Александрович,88,57.52,САЙГАШКИНА Надежда Юрьевна,65,42.48,,,
Свердловская область,66,MUNICIPAL,mun_sm,"Муниципальный совет, одномандатный округ",Выборы депутатов Думы Артемовского муниципального округа восьмого созыва,Одномандатный избирательный округ №3,1,1,5,213,204,201,201,95.77,True,24.38,ПОПОВ Игорь Николаевич,100,49.75,АЗЯСЕВ Николай Владимирович,51,25.37,МАСЛОВ Александр Анатольевич,34,16.92
Свердловская область,66,MUNICIPAL,mun_sm,"Муниципальный совет, одномандатный округ",Выборы депутатов Думы Артемовского муниципального округа восьмого созыва,Одномандатный избирательный округ №4,1,1,3,173,166,165,165,95.95,True,32.73,КУЧИН Алексей Николаевич,95,57.58,МИХАЙЛОВА Ксения Рудольфовна,41,24.85,ЕФРЕМОВ Максим Александрович,29,17.58
Свердловская область,66,MUNICIPAL,mun_sm,"Муниципальный совет, одномандатный округ",Выборы депутатов Думы Артемовского муниципального округа восьмого созыва,Одномандатный избирательный округ №5,1,1,2,227,209,207,207,92.07,True,10.14,МУХАЧЁВ Андрей Анатольевич,114,55.07,ТОПОРКОВА Надежда Викторовна,93,44.93,,,
Свердловская область,66,MUNICIPAL,mun_sm,"Муниципальный совет, одномандатный округ",Выборы депутатов Думы Артемовского муниципального округа восьмого созыва,Одномандатный избирательный округ №6,1,1,2,261,243,242,242,93.1,True,14.88,КАЙГОРОДОВА Валентина Георгиевна,139,57.44,ЦЕЛИЩЕВА Галина Валентиновна,103,42.56,,,
Свердловская область,66,MUNICIPAL,mun_sm,"Муниципальный совет, одномандатный округ",Выборы депутатов Думы Артемовского муниципального округа восьмого созыва,Одномандатный избирательный округ №7,1,1,2,166,154,150,150,92.77,True,18.67,КОРЕЛИН Михаил Сергеевич,89,59.33,ЧЕРВЯКОВ Василий Владимирович,61,40.67,,,
Свердловская область,66,MUNICIPAL,mun_sm,"Муниципальный совет, одномандатный округ",Выборы депутатов Думы Артемовского муниципального округа восьмого созыва,Одномандатный избирательный округ №8,1,1,3,177,158,156,156,89.27,True,49.36,ВЯТКИН Павел Владимирович,105,67.31,КАСИМКИНА Елена Николаевна (Типаева),28,17.95,КАЗАКОВА Марина Викторовна,23,14.74
Свердловская область,66,MUNICIPAL,mun_sm,"Муниципальный совет, одномандатный округ",Выборы депутатов Думы Артемовского муниципального округа восьмого созыва,Одномандатный избирательный округ №9,1,1,3,181,159,155,155,87.85,True,11.61,ЧУПРАКОВА Юлия Васильевна,64,41.29,КЛЮКИНА Анна Геннадьевна,46,29.68,АБРАМОВ Александр Сергеевич,45,29.03
Свердловская область,66,MUNICIPAL,mun_sm,"Муниципальный совет, одномандатный округ",Выборы депутатов Думы Артинского муниципального округа,Одномандатный избирательный округ №1,1,1,3,101,86,83,83,85.15,True,10.84,ГИМАЗОВ Явдат Муллаянович,41,49.4,РОЖКОВА Марина Анатольевна,32,38.55,СЕМЕЙКИН Юрий Александрович,10,12.05
Свердловская область,66,MUNICIPAL,mun_sm,"Муниципальный совет, одномандатный округ",Выборы депутатов Думы Артинского муниципального округа,Одномандатный избирательный округ №10,1,1,2,95,81,78,78,85.26,True,5.13,ВЛАСОВ Андрей Александрович,41,52.56,ВЛАСОВ Вячеслав Кронидович,37,47.44,,,
Свердловская область,66,MUNICIPAL,mun_sm,"Муниципальный совет, одномандатный округ",Выборы депутатов Думы Артинского муниципального округа,Одномандатный избирательный округ №11,1,1,3,122,111,109,109,90.98,True,12.84,ХУДЯКОВ Владимир Анатольевич,56,51.38,БУЛАТОВ Михаил Августинович,42,38.53,ИЛЬЮШКИНА Светлана Владимировна,11,10.09
Свердловская область,66,MUNICIPAL,mun_sm,"Муниципальный совет, одномандатный округ",Выборы депутатов Думы Артинского муниципального округа,Одномандатный избирательный округ №12,1,1,2,82,73,71,71,89.02,True,38.03,БАХАРЕВ Александр Владимирович,49,69.01,ГОЛОВАНОВА Людмила Михайловна,22,30.99,,,
Свердловская область,66,MUNICIPAL,mun_sm,"Муниципальный совет, одномандатный округ",Выборы депутатов Думы Артинского муниципального округа,Одномандатный избирательный округ №13,1,1,2,85,81,80,80,95.29,True,10.0,ОВЧИННИКОВ Владимир Иванович,44,55.0,ЧЕБЫКИНА Елена Петровна,36,45.0,,,
Свердловская область,66,MUNICIPAL,mun_sm,"Муниципальный совет, одномандатный округ",Выборы депутатов Думы Артинского муниципального округа,Одномандатный избирательный округ №14,1,1,3,77,68,67,67,88.31,True,14.93,ЯРУШНИКОВ Сергей Владимирович,32,47.76,БОДУНОВ Андрей Сергеевич,22,32.84,ФОМИН Алексей Викторович,13,19.4
Свердловская область,66,MUNICIPAL,mun_sm,"Муниципальный совет, одномандатный округ",Выборы депутатов Думы Артинского муниципального округа,Одномандатный избирательный округ №15,1,1,3,87,83,82,82,95.4,True,24.39,ПАНАЧЕВА Ольга Геннадьевна,41,50.0,ВОРОНИНА Вера Ивановна,21,25.61,БОДУНОВ Александр Дмитриевич,20,24.39
Свердловская область,66,MUNICIPAL,mun_sm,"Муниципальный совет, одномандатный округ",Выборы депутатов Думы Артинского муниципального округа,Одномандатный избирательный округ №2,1,1,4,89,69,69,69,77.53,True,5.8,БОГАТЫРЕВ Владимир Олегович,25,36.23,РЯБОВА Наталья Аркадьевна,21,30.43,АРХИПОВА Елена Анатольевна,17,24.64
Свердловская область,66,MUNICIPAL,mun_sm,"Муниципальный совет, одномандатный округ",Выборы депутатов Думы Артинского муниципального округа,Одномандатный избирательный округ №3,1,1,3,90,77,75,75,85.56,True,17.33,САБУРОВА Надежда Игоревна,38,50.67,ДЮБИН Алексей Валерьевич,25,33.33,КОРОТАЕВ Александр Владимирович,12,16.0
Свердловская область,66,MUNICIPAL,mun_sm,"Муниципальный совет, одномандатный округ",Выборы депутатов Думы Артинского муниципального округа,Одномандатный избирательный округ №4,1,1,3,50,46,44,44,92.0,True,11.36,ЗЛОБИН Сергей Юрьевич,19,43.18,ИСТОМИН Владимир Иванович,14,31.82,ВЛАСОВ Вадим Васильевич,11,25.0
Свердловская область,66,MUNICIPAL,mun_sm,"Муниципальный совет, одномандатный округ",Выборы депутатов Думы Артинского муниципального округа,Одномандатный избирательный округ №5,1,1,2,77,65,65,65,84.42,True,7.69,НИКОЛАЕВА Валентина Ивановна,35,53.85,ВЯТЧЕННИКОВ Андрей Владимирович,30,46.15,,,
Свердловская область,66,MUNICIPAL,mun_sm,"Муниципальный совет, одномандатный округ",Выборы депутатов Думы Артинского муниципального округа,Одномандатный избирательный округ №6,1,1,2,87,76,72,72,87.36,True,0.0,ИСКОРЦЕВА Наталья Владимировна,36,50.0,НЕКРАСОВ Николай Васильевич,36,50.0,,,
Свердловская область,66,MUNICIPAL,mun_sm,"Муниципальный совет, одномандатный округ",Выборы депутатов Думы Артинского муниципального округа,Одномандатный избирательный округ №7,1,1,2,60,53,51,51,88.33,True,9.8,КРЫЛОСОВ Михаил Александрович,28,54.9,ПОЛОВНИКОВ Сергей Федорович,23,45.1,,,
Свердловская область,66,MUNICIPAL,mun_sm,"Муниципальный совет, одномандатный округ",Выборы депутатов Думы Артинского муниципального округа,Одномандатный избирательный округ №8,1,1,2,113,105,103,103,92.92,True,30.1,КАРДАШИН Александр Викторович,67,65.05,ЕЛЬКИН Марат Валерьевич,36,34.95,,,
Свердловская область,66,MUNICIPAL,mun_sm,"Муниципальный совет, одномандатный округ",Выборы депутатов Думы Артинского муниципального округа,Одномандатный избирательный округ №9,1,1,4,114,107,105,105,93.86,True,4.76,ГОЛЫХ Ольга Александровна,38,36.19,ВОЛКОВ Владимир Сергеевич,33,31.43,МЕДОВ Сергей Викторович,24,22.86
Свердловская область,66,MUNICIPAL,mun_mm,"Муниципальный совет, многомандатный округ",Выборы депутатов Думы Ачитского муниципального округа,Арийский,1,3,7,157,136,133,233,86.62,True,0.0,НИКИТИНА Екатерина Александровна,44,18.88,ВОЛОКИТИНА Ольга Викторовна,40,17.17,КАРДАШИН Алексей Васильевич,36,15.45
Свердловская область,66,MUNICIPAL,mun_mm,"Муниципальный совет, многомандатный округ",Выборы депутатов Думы Ачитского муниципального округа,Ачитский,2,3,14,503,473,468,895,94.04,True,0.56,ИБРАГИМОВ Рустам Ильдарович,157,17.54,НОВОСЕЛОВ Дмитрий Александрович,102,11.4,ЧАЙНИКОВ Александр Михайлович,78,8.72
Свердловская область,66,MUNICIPAL,mun_mm,"Муниципальный совет, многомандатный округ",Выборы депутатов Думы Ачитского муниципального округа,Русскопотамский,1,3,6,168,151,150,274,89.88,True,1.46,ВЕРЗАКОВА Ирина Леонидовна,60,21.9,ВАСИЛЬЕВА Наталья Александровна,57,20.8,ХОХРЯКОВА Ольга Анатольевна,52,18.98
Свердловская область,66,MUNICIPAL,mun_mm,"Муниципальный совет, многомандатный округ",Выборы депутатов Думы Ачитского муниципального округа,Уфимский,1,3,7,152,139,136,248,91.45,True,2.82,РОГОЖНИКОВ Сергей Николаевич,69,27.82,ЮШКОВА Любовь Алексеевна,48,19.35,МАСЛОВ Сергей Владимирович,35,14.11
Свердловская область,66,MUNICIPAL,mun_mm,"Муниципальный совет, многомандатный округ",Выборы депутатов Думы Байкаловского муниципального района Свердловской области,Баженовский,1,5,8,249,227,226,462,91.16,True,4.55,ТАРАСОВА Светлана Юрьевна,88,19.05,БЕДРИНА Дина Леонидовна,78,16.88,БЕЛОНОГОВА Марина Сергеевна,77,16.67
Свердловская область,66,MUNICIPAL,mun_mm,"Муниципальный совет, многомандатный округ",Выборы депутатов Думы Байкаловского муниципального района Свердловской области,Байкаловский,1,5,8,430,404,401,832,93.95,True,2.4,БАХАРЕВА Елена Аркадьевна,169,20.31,КУЛИКОВ Игорь Юрьевич,135,16.23,БОРОВИКОВ Игорь Анатольевич,129,15.5
Свердловская область,66,MUNICIPAL,mun_mm,"Муниципальный совет, многомандатный округ",Выборы депутатов Думы Байкаловского муниципального района Свердловской области,Краснополянский,1,5,7,160,143,142,222,89.38,True,4.5,ЧАЩИН Сергей Алексеевич,55,24.77,БОЯРКИНА Татьяна Николаевна,40,18.02,ЛЫЖИНА Вера Юрьевна,39,17.57
Свердловская область,66,MUNICIPAL,mun_sm,"Муниципальный совет, одномандатный округ",Выборы депутатов Думы Белоярского муниципального округа Свердловской области,Одномандатный избирательный округ № 1,1,1,3,151,139,138,138,92.05,True,39.86,МОШКИН Олег Сергеевич,86,62.32,БРУСНИЦЫН Игорь Алексеевич,31,22.46,ПЕСТЕРЕВА Анна Юрьевна,21,15.22
Свердловская область,66,MUNICIPAL,mun_sm,"Муниципальный совет, одномандатный округ",Выборы депутатов Думы Белоярского муниципального округа Свердловской области,Одномандатный избирательный округ № 10,1,1,4,77,65,65,65,84.42,True,4.62,КАЗАКОВ Евгений Валентинович,24,36.92,РУССКИХ Нина Викторовна,21,32.31,СЕЛЮНИН Вячеслав Александрович,16,24.62
Свердловская область,66,MUNICIPAL,mun_sm,"Муниципальный совет, одномандатный округ",Выборы депутатов Думы Белоярского муниципального округа Свердловской области,Одномандатный избирательный округ № 11,1,1,3,73,62,59,59,84.93,True,32.2,МАНОЛИ Сергей Георгиевич,36,61.02,ОРЛОВ Сергей Геннадьевич,17,28.81,БАШАРИНА Евгения Юрьевна,6,10.17
Свердловская область,66,MUNICIPAL,mun_sm,"Муниципальный совет, одномандатный округ",Выборы депутатов Думы Белоярского муниципального округа Свердловской области,Одномандатный избирательный округ № 12,1,1,3,147,124,122,122,84.35,True,24.59,БУЧЕЛЬНИКОВ Александр Витальевич,64,52.46,ТОЛМАЧЕВА Александра Валерьевна,34,27.87,КОВАЛЕВ Михаил Юрьевич,24,19.67
Свердловская область,66,MUNICIPAL,mun_sm,"Муниципальный совет, одномандатный округ",Выборы депутатов Думы Белоярского муниципального округа Свердловской области,Одномандатный избирательный округ № 13,1,1,5,109,83,79,79,76.15,True,32.91,СЕЛИВЕРСТОВ Александр Владимирович,45,56.96,ЛАДЫНИНА Людмила Александровна,19,24.05,ВОЛОЧАЙ Наталья Александровна,6,7.59
Свердловская область,66,MUNICIPAL,mun_sm,"Муниципальный совет, одномандатный округ",Выборы депутатов Думы Белоярского муниципального округа Свердловской области,Одномандатный избирательный округ № 14,1,1,4,112,95,92,92,84.82,True,19.57,КОКОУЛИН Вадим Алексеевич,42,45.65,КУВШИННИКОВ Антон Александрович,24,26.09,ГАНЬЖИНА Юлия Сергеевна,14,15.22
Свердловская область,66,MUNICIPAL,mun_sm,"Муниципальный совет, одномандатный округ",Выборы депутатов Думы Белоярского муниципального округа Свердловской области,Одномандатный избирательный округ № 15,1,1,5,173,152,147,147,87.86,True,8.84,ТИМОФЕЕВА Светлана Владимировна,51,34.69,ГОГОЛЕВ Алексей Викторович,38,25.85,ГАФАРОВ Ильдар Рафисович,24,16.33
Свердловская область,66,MUNICIPAL,mun_sm,"Муниципальный совет, одномандатный округ",Выборы депутатов Думы Белоярского муниципального округа Свердловской области,Одномандатный избирательный округ № 16,1,1,4,222,179,176,176,80.63,True,29.55,СЛЕПУХИН Александр Андреевич,90,51.14,ХОЛОИМЕНКО Вадим Евгеньевич,38,21.59,РУССКИХ Марина Юрьевна,29,16.48
Свердловская область,66,MUNICIPAL,mun_sm,"Муниципальный совет, одномандатный округ",Выборы депутатов Думы Белоярского муниципального округа Свердловской области,Одномандатный избирательный округ № 17,1,1,4,107,96,94,94,89.72,True,9.57,ХАРЛАНОВ Александр Владимирович,41,43.62,ВОРОБЬЕВ Андрей Александрович,32,34.04,ТАШКИНОВА Анастасия Александровна,13,13.83
Свердловская область,66,MUNICIPAL,mun_sm,"Муниципальный совет, одномандатный округ",Выборы депутатов Думы Белоярского муниципального округа Свердловской области,Одномандатный избирательный округ № 18,1,1,4,207,181,178,178,87.44,True,60.11,КУНГУРОВА Ирина Владимировна,131,73.6,ЧЕРКАШИН Валерий Николаевич,24,13.48,ДАНИЛОВ Кирилл Андреевич,12,6.74
Свердловская область,66,MUNICIPAL,mun_sm,"Муниципальный совет, одномандатный округ",Выборы депутатов Думы Белоярского муниципального округа Свердловской области,Одномандатный избирательный округ № 19,1,1,6,159,142,141,141,89.31,True,17.73,РЕФАТ Валерия Анатольевна,65,46.1,БЕКЕТОВ Владимир Александрович,40,28.37,ЖУКОВ Роман Викторович,17,12.06
Свердловская область,66,MUNICIPAL,mun_sm,"Муниципальный совет, одномандатный округ",Выборы депутатов Думы Белоярского муниципального округа Свердловской области,Одномандатный избирательный округ № 2,1,1,3,116,102,100,100,87.93,True,29.0,БОБРОВ Алексей Анатольевич,58,58.0,УФИМЦЕВ Сергей Сергеевич,29,29.0,ЧЕРЕВКОВА Юлия Сергеевна,13,13.0
Свердловская область,66,MUNICIPAL,mun_sm,"Муниципальный совет, одномандатный округ",Выборы депутатов Думы Белоярского муниципального округа Свердловской области,Одномандатный избирательный округ № 20,1,1,3,198,179,172,172,90.4,True,16.86,ЗОЛОТНИЦКИЙ Сергей Владимирович,85,49.42,ЦАН Ирина Сергеевна,56,32.56,ТУТЫНИН Александр Иванович,31,18.02
Свердловская область,66,MUNICIPAL,mun_sm,"Муниципальный совет, одномандатный округ",Выборы депутатов Думы Белоярского муниципального округа Свердловской области,Одномандатный избирательный округ № 3,1,1,4,197,182,181,181,92.39,True,49.17,КУЗЬМИН Сергей Леонидович,116,64.09,АЛЯУТДИНОВ Марат Халилович,27,14.92,ЕЛИКАРОВ Даниил Владиславович,23,12.71
Свердловская область,66,MUNICIPAL,mun_sm,"Муниципальный совет, одномандатный округ",Выборы депутатов Думы Белоярского муниципального округа Свердловской области,Одномандатный избирательный округ № 4,1,1,3,116,94,94,94,81.03,True,4.26,ДОМРАЧЕВ Максим Михайлович,41,43.62,КОЛЫШКИН Дмитрий Александрович,37,39.36,РЯБОШАПКА Евгений Сергеевич,16,17.02
Свердловская область,66,MUNICIPAL,mun_sm,"Муниципальный совет, одномандатный округ",Выборы депутатов Думы Белоярского муниципального округа Свердловской области,Одномандатный избирательный округ № 5,1,1,3,101,86,84,84,85.15,True,15.48,БОГАТОВ Василий Шаравдинович,39,46.43,ЛЮБИМОВ Сергей Викторович,26,30.95,БЕЛОУСОВА Юлия Вячеславовна,19,22.62
Свердловская область,66,MUNICIPAL,mun_sm,"Муниципальный совет, одномандатный округ",Выборы депутатов Думы Белоярского муниципального округа Свердловской области,Одномандатный избирательный округ № 6,1,1,4,137,120,120,120,87.59,True,24.17,СТЕПАНЕНКО Сергей Викторович,65,54.17,МИНЯЗЕВ Игорь Рафхатович,36,30.0,БЫКОВ Сергей Юрьевич,12,10.0
Свердловская область,66,MUNICIPAL,mun_sm,"Муниципальный совет, одномандатный округ",Выборы депутатов Думы Белоярского муниципального округа Свердловской области,Одномандатный избирательный округ № 7,1,1,5,117,98,94,94,83.76,True,19.15,КОТУГИН Василий Юрьевич,46,48.94,СИДОРОВ Сергей Валерьевич,28,29.79,МАТВЕЕВ Андрей Владимирович,8,8.51
Свердловская область,66,MUNICIPAL,mun_sm,"Муниципальный совет, одномандатный округ",Выборы депутатов Думы Белоярского муниципального округа Свердловской области,Одномандатный избирательный округ № 9,1,1,3,115,101,99,99,87.83,True,66.67,КОШКАРЕВ Владимир Валентинович,77,77.78,ЖУКОВА Зинфира Тагировна,11,11.11,ПРИВАЛОВ Антон Андреевич,11,11.11
Свердловская область,66,MUNICIPAL,mun_sm,"Муниципальный совет, одномандатный округ",Выборы депутатов Думы Белоярского муниципального округа Свердловской области,Одномандатный избирательный округ №8,1,1,3,116,101,100,100,87.07,True,30.0,АСРИБАБАЯН Эрик Рафикович,59,59.0,БЕЛЯЕВ Игорь Николаевич,29,29.0,ГОРБУНОВ Сергей Евгеньевич,12,12.0
Свердловская область,66,MUNICIPAL,mun_mm,"Муниципальный совет, многомандатный округ",Выборы депутатов Думы Березовского муниципального округа,Пятимандатный избирательный округ №1,1,5,12,1567,1438,1419,3505,91.77,True,5.53,ДЕРГАЧЕВ Александр Игоревич,661,18.86,ПАТРУШЕВ Александр Михайлович,580,16.55,КИСЕЛЁВА Анна Владимировна,491,14.01
Свердловская область,66,MUNICIPAL,mun_mm,"Муниципальный совет, многомандатный округ",Выборы депутатов Думы Березовского муниципального округа,Пятимандатный избирательный округ №2,1,5,19,1444,1315,1285,3601,91.07,True,5.97,МИРСАИТОВ Вагиз Фаридович,557,15.47,ПЕСТОВ Николай Владимирович,538,14.94,ДОРОХИН Алексей Владимирович,504,14.0
Свердловская область,66,MUNICIPAL,mun_mm,"Муниципальный совет, многомандатный округ",Выборы депутатов Думы Березовского муниципального округа,Пятимандатный избирательный округ №3,1,5,15,1604,1488,1464,3794,92.77,True,4.72,ЧЕРДЫНЦЕВ Кирилл Анатольевич,753,19.85,ОЧКАНОВА Светлана Владимировна,551,14.52,КОЛПАКОВА Светлана Борисовна,549,14.47
Свердловская область,66,MUNICIPAL,mun_mm,"Муниципальный совет, многомандатный округ",Выборы депутатов Думы Березовского муниципального округа,Пятимандатный избирательный округ №4,1,5,14,1320,1194,1178,2986,90.45,True,4.52,СКРЯБИН Александр Евгеньевич,539,18.05,БРУСНИЦИН Андрей Викторович,425,14.23,ПЕРМЯКОВА Татьяна Геннадьевна,411,13.76
Свердловская область,66,MUNICIPAL,mun_mm,"Муниципальный совет, многомандатный округ",Выборы депутатов Думы Березовского муниципального округа,Пятимандатный избирательный округ №5,1,5,9,1320,1192,1171,3029,90.3,True,3.9,ГОРЕВОЙ Алексей Николаевич,657,21.69,ГОРЛИН Михаил Викторович,467,15.42,АРТЕМЬЕВА Татьяна Борисовна,453,14.96
Свердловская область,66,MUNICIPAL,mun_mm,"Муниципальный совет, многомандатный округ",Выборы депутатов Думы Ивдельского муниципального округа восьмого созыва,Пятимандатный избирательный округ №1,1,5,10,415,374,372,761,90.12,True,1.31,МИХЕЛЬ Владимир Давыдович,135,17.74,КОЧКИН Сергей Владимирович,104,13.67,МИКЛИНА Елена Михайловна,99,13.01
Свердловская область,66,MUNICIPAL,mun_mm,"Муниципальный совет, многомандатный округ",Выборы депутатов Думы Ивдельского муниципального округа восьмого созыва,Пятимандатный избирательный округ №2,1,5,7,459,426,420,797,92.81,True,0.13,ГУЩИНА Ольга Анатольевна,133,16.69,ЯНКОВСКАЯ Ольга Викторовна,133,16.69,КАЩЕЕВ Александр Андреевич,133,16.69
Свердловская область,66,MUNICIPAL,mun_mm,"Муниципальный совет, многомандатный округ",Выборы депутатов Думы Ивдельского муниципального округа восьмого созыва,Пятимандатный избирательный округ №3,1,5,9,257,230,225,423,89.49,True,0.24,ОБОРИН Василий Геннадьевич,75,17.73,ПФУНД Ирина Анатольевна,68,16.08,ЧИСТЯКОВ Андрей Владимирович,61,14.42
Свердловская область,66,MUNICIPAL,mun_sm,"Муниципальный совет, одномандатный округ",Выборы депутатов Думы Каменск-Уральского городского округа девятого созыва,Одномандатный избирательный округ №1,1,1,5,473,435,427,427,91.97,True,35.13,ГОРСКИХ Максим Андреевич,238,55.74,КАРПОВ Дмитрий Витальевич,88,20.61,ДУБКОВ Андрей Валентинович,54,12.65
Свердловская область,66,MUNICIPAL,mun_sm,"Муниципальный совет, одномандатный округ",Выборы депутатов Думы Каменск-Уральского городского округа девятого созыва,Одномандатный избирательный округ №10,1,1,2,558,515,508,508,92.29,True,27.56,ГЕРАСКИН Сергей Алексеевич,324,63.78,ТОМИН Егор Сергеевич,184,36.22,,,
Свердловская область,66,MUNICIPAL,mun_sm,"Муниципальный совет, одномандатный округ",Выборы депутатов Думы Каменск-Уральского городского округа девятого созыва,Одномандатный избирательный округ №11,1,1,5,632,593,587,587,93.83,True,18.4,ЧИЖОВ Сергей Владимирович,257,43.78,БЕЛЫХ Екатерина Владимировна,149,25.38,ВЛАСОВСКИХ Светлана Александровна,101,17.21
Свердловская область,66,MUNICIPAL,mun_sm,"Муниципальный совет, одномандатный округ",Выборы депутатов Думы Каменск-Уральского городского округа девятого созыва,Одномандатный избирательный округ №12,1,1,3,581,544,538,538,93.63,True,39.96,ЧЕРНОСКУТОВ Юрий Николаевич,335,62.27,ВЛАСОВА Ирина Юрьевна,120,22.3,МЕЩЕРЕКОВА Изида Ильясовна,83,15.43
Свердловская область,66,MUNICIPAL,mun_sm,"Муниципальный совет, одномандатный округ",Выборы депутатов Думы Каменск-Уральского городского округа девятого созыва,Одномандатный избирательный округ №13,1,1,6,452,413,403,403,91.37,True,23.08,НОВИКОВА Ольга Валерьевна,187,46.4,ВИХАРЕВ Андрей Андреевич,94,23.33,ЗАВЬЯЛОВ Дмитрий Вячеславович,48,11.91
Свердловская область,66,MUNICIPAL,mun_sm,"Муниципальный совет, одномандатный округ",Выборы депутатов Думы Каменск-Уральского городского округа девятого созыва,Одномандатный избирательный округ №14,1,1,5,674,626,622,622,92.88,True,24.12,БОРОВКОВ Александр Владимирович,279,44.86,СЕРЕБРЯКОВ Андрей Александрович,129,20.74,ГЛАЗУНОВА Мария Евгеньевна,109,17.52
Свердловская область,66,MUNICIPAL,mun_sm,"Муниципальный совет, одномандатный округ",Выборы депутатов Думы Каменск-Уральского городского округа девятого созыва,Одномандатный избирательный округ №15,1,1,3,583,531,522,522,91.08,True,50.38,ПЫЖОВ Сергей Владимирович,354,67.82,ОВЧИННИКОВ Алексей Александрович,91,17.43,ХАРИНА Лариса Игоревна,77,14.75
Свердловская область,66,MUNICIPAL,mun_sm,"Муниципальный совет, одномандатный округ",Выборы депутатов Думы Каменск-Уральского городского округа девятого созыва,Одномандатный избирательный округ №16,1,1,5,497,450,443,443,90.54,True,26.64,МОИСЕЕВ Сергей Игоревич,197,44.47,САМОХИН Иван Сергеевич,79,17.83,ИСАЕВА Юлия Александровна,78,17.61
Свердловская область,66,MUNICIPAL,mun_sm,"Муниципальный совет, одномандатный округ",Выборы депутатов Думы Каменск-Уральского городского округа девятого созыва,Одномандатный избирательный округ №17,1,1,4,875,812,805,805,92.8,True,28.57,ДЕГТЯРЕВ Денис Александрович,419,52.05,ТЕПИКИН Евгений Анатольевич,189,23.48,ЗОЛОТАРЁВА Олеся Владиславовна,144,17.89
Свердловская область,66,MUNICIPAL,mun_sm,"Муниципальный совет, одномандатный округ",Выборы депутатов Думы Каменск-Уральского городского округа девятого созыва,Одномандатный избирательный округ №18,1,1,3,552,513,506,506,92.93,True,1.98,МАКАРОВ Вячеслав Сергеевич,246,48.62,БИКТАШЕВ Руслан Талипович,236,46.64,ОСТРОВСКИЙ Сергей Владимирович,24,4.74
Свердловская область,66,MUNICIPAL,mun_sm,"Муниципальный совет, одномандатный округ",Выборы депутатов Думы Каменск-Уральского городского округа девятого созыва,Одномандатный избирательный округ №19,1,1,5,476,430,425,425,90.34,True,5.65,КАРПОВ Александр Иванович,154,36.24,ГАВРИЛИН Алексей Анатольевич,130,30.59,ГИЛЕВ Глеб Макарович,57,13.41
Свердловская область,66,MUNICIPAL,mun_sm,"Муниципальный совет, одномандатный округ",Выборы депутатов Думы Каменск-Уральского городского округа девятого созыва,Одномандатный избирательный округ №2,1,1,5,467,427,422,422,91.43,True,26.78,АВЕРИНСКИЙ Валерий Николаевич,206,48.82,МУХАМЕТОВ Эдуард Марсельевич,93,22.04,КОЧНЕВ Денис Александрович,79,18.72
Свердловская область,66,MUNICIPAL,mun_sm,"Муниципальный совет, одномандатный округ",Выборы депутатов Думы Каменск-Уральского городского округа девятого созыва,Одномандатный избирательный округ №20,1,1,5,461,432,428,428,93.71,True,29.44,ТЕРЕНТЬЕВ Валентин Игоревич,222,51.87,ТАРЕЙКИНА Галина Анатольевна,96,22.43,ИДИАТУЛИН Борис Рифович,58,13.55
Свердловская область,66,MUNICIPAL,mun_sm,"Муниципальный совет, одномандатный округ",Выборы депутатов Думы Каменск-Уральского городского округа девятого созыва,Одномандатный избирательный округ №21,1,1,4,427,398,394,394,93.21,True,47.72,ХОМИЦЕВИЧ Виталий Валерьевич,263,66.75,БУТРИК Евгений Юрьевич,75,19.04,ТРУСОВА Александра Николаевна,39,9.9
Свердловская область,66,MUNICIPAL,mun_sm,"Муниципальный совет, одномандатный округ",Выборы депутатов Думы Каменск-Уральского городского округа девятого созыва,Одномандатный избирательный округ №22,1,1,6,425,392,389,389,92.24,True,21.08,ИОСАВА Мария Викторовна,164,42.16,ЧАЙНИКОВ Александр Владимирович,82,21.08,ГОНЧАРОВ Александр Алексеевич,63,16.2
Свердловская область,66,MUNICIPAL,mun_sm,"Муниципальный совет, одномандатный округ",Выборы депутатов Думы Каменск-Уральского городского округа девятого созыва,Одномандатный избирательный округ №23,1,1,4,419,390,384,384,93.08,True,17.97,КУКАРИН Александр Владимирович,193,50.26,БАХАРЕВА Ольга Владимировна,124,32.29,МИХАЙЛОВ Вячеслав Геннадьевич,50,13.02
Свердловская область,66,MUNICIPAL,mun_sm,"Муниципальный совет, одномандатный округ",Выборы депутатов Думы Каменск-Уральского городского округа девятого созыва,Одномандатный избирательный округ №24,1,1,3,348,315,312,312,90.52,True,11.86,ДОБРЫГИНА Татьяна Ивановна,143,45.83,ЕМЕЛЬЯНОВА Ольга Юрьевна,106,33.97,ПЕСТЕРЕВ Андрей Николаевич,63,20.19
Свердловская область,66,MUNICIPAL,mun_sm,"Муниципальный совет, одномандатный округ",Выборы депутатов Думы Каменск-Уральского городского округа девятого созыва,Одномандатный избирательный округ №25,1,1,4,287,261,252,252,90.94,True,32.94,ПОПКОВА Марина Анатольевна,138,54.76,ПОРТНЯГИНА Елена Геннадьевна,55,21.83,РАШКИН Игорь Борисович,31,12.3
Свердловская область,66,MUNICIPAL,mun_sm,"Муниципальный совет, одномандатный округ",Выборы депутатов Думы Каменск-Уральского городского округа девятого созыва,Одномандатный избирательный округ №3,1,1,5,522,490,485,485,93.87,True,27.01,КОВАЛЬЧУК Дмитрий Мирославович,219,45.15,ПУШКАРЕВ Олег Владимирович,88,18.14,КАРПОВ Александр Витальевич,82,16.91
Свердловская область,66,MUNICIPAL,mun_sm,"Муниципальный совет, одномандатный округ",Выборы депутатов Думы Каменск-Уральского городского округа девятого созыва,Одномандатный избирательный округ №4,1,1,4,585,554,549,549,94.7,True,27.87,КОНОВАЛЕНКО Оксана Михайловна,308,56.1,ПАДЕРИН Александр Анатольевич,155,28.23,ГУДЕНКО Кристина Викторовна,54,9.84
Свердловская область,66,MUNICIPAL,mun_sm,"Муниципальный совет, одномандатный округ",Выборы депутатов Думы Каменск-Уральского городского округа девятого созыва,Одномандатный избирательный округ №5,1,1,5,484,452,450,450,93.39,True,6.22,ЧЕШИХИН Эдуард Петрович,195,43.33,МАЙОРОВА Юлия Александровна,167,37.11,КОТОВА Юлия Сергеевна,55,12.22
Свердловская область,66,MUNICIPAL,mun_sm,"Муниципальный совет, одномандатный округ",Выборы депутатов Думы Каменск-Уральского городского округа девятого созыва,Одномандатный избирательный округ №6,1,1,5,462,427,423,423,92.42,True,24.11,ИЛЬИЧЕВ Евгений Юрьевич,190,44.92,БЛЮМЕНШТЕЙН Даниил Сергеевич,88,20.8,СОТНИКОВ Александр Сергеевич,75,17.73
Свердловская область,66,MUNICIPAL,mun_sm,"Муниципальный совет, одномандатный округ",Выборы депутатов Думы Каменск-Уральского городского округа девятого созыва,Одномандатный избирательный округ №7,1,1,5,565,524,519,519,92.74,True,33.91,ЛОСЕВА Елена Анатольевна,259,49.9,ЕРМИЛОВ Никита Олегович,83,15.99,ЧЕРВОТКИН Андрей Юрьевич,78,15.03
Свердловская область,66,MUNICIPAL,mun_sm,"Муниципальный совет, одномандатный округ",Выборы депутатов Думы Каменск-Уральского городского округа девятого созыва,Одномандатный избирательный округ №8,1,1,4,547,509,504,504,93.05,True,47.02,ГОРБУНОВ Алексей Вячеславович,326,64.68,ЗАГАЙНОВ Ярослав Леонидович,89,17.66,СТЕЛЬМАХ Александр Николаевич,64,12.7
Свердловская область,66,MUNICIPAL,mun_sm,"Муниципальный совет, одномандатный округ",Выборы депутатов Думы Каменск-Уральского городского округа девятого созыва,Одномандатный избирательный округ №9,1,1,4,621,574,567,567,92.43,True,18.52,КАШПАР Сергей Александрович,258,45.5,СОЛОВОЙ Вячеслав Васильевич,153,26.98,ПАПУЛОВСКИХ Светлана Игоревна,96,16.93
Свердловская область,66,MUNICIPAL,mun_mm,"Муниципальный совет, многомандатный округ",Выборы депутатов Думы Каменского муниципального округа Свердловской области восьмого созыва,Пятимандатный избирательный округ №1,1,5,11,783,712,701,1684,90.93,True,0.59,СОКОЛОВА Марина Алексеевна,241,14.31,ПОШЛЯКОВ Дмитрий Юрьевич,217,12.89,ФЕДОРОВ Сергей Иванович,210,12.47
Свердловская область,66,MUNICIPAL,mun_mm,"Муниципальный совет, многомандатный округ",Выборы депутатов Думы Каменского муниципального округа Свердловской области восьмого созыва,Пятимандатный избирательный округ №2,1,5,8,808,715,706,1520,88.49,True,0.59,КУЗНЕЦОВ Алексей Витальевич,295,19.41,ЛИСИЦИНА Галина Тимофеевна,221,14.54,ЛАГУТИН Геннадий Викторович,194,12.76
Свердловская область,66,MUNICIPAL,mun_mm,"Муниципальный совет, многомандатный округ",Выборы депутатов Думы Каменского муниципального округа Свердловской области восьмого созыва,Пятимандатный избирательный округ №3,1,5,10,994,889,876,1998,89.44,True,0.5,ПЕРШИНА Елена Анатольевна,312,15.62,ЗОЗИНА Зульфия Тагировна,275,13.76,АНТРОПОВА Татьяна Валентиновна,256,12.81
Свердловская область,66,MUNICIPAL,mun_mm,"Муниципальный совет, многомандатный округ",Выборы депутатов Думы Камышловского городского округа девятого созыва,Пятимандатный избирательный округ №1,1,5,19,593,552,547,1595,93.09,True,1.69,ВИЛЬД Светлана Анатольевна,211,13.23,ОЗОРНИН Сергей Владимирович,168,10.53,ЧЕРКАССКИХ Александр Геннадьевич,154,9.66
Свердловская область,66,MUNICIPAL,mun_mm,"Муниципальный совет, многомандатный округ",Выборы депутатов Думы Камышловского городского округа девятого созыва,Пятимандатный избирательный округ №2,1,5,22,710,664,660,2040,93.52,True,0.1,СИМОНОВ Андрей Сергеевич,224,10.98,ХОХРЯКОВА Марина Александровна,201,9.85,ТЕМИРБАЕВ Радик Минхаилович,190,9.31
Свердловская область,66,MUNICIPAL,mun_mm,"Муниципальный совет, многомандатный округ",Выборы депутатов Думы Камышловского городского округа девятого созыва,Пятимандатный избирательный округ №3,1,5,16,684,637,634,1704,93.13,True,1.82,БОЧКАРЕВА Елена Еварестовна,198,11.62,ЧИКУНОВА Татьяна Анатольевна,187,10.97,БАРНЯКОВА Елена Валерьевна,180,10.56
Свердловская область,66,MUNICIPAL,mun_sm,"Муниципальный совет, одномандатный округ",Выборы депутатов Думы Кушвинского муниципального округа пятого созыва,Одномандатный избирательный округ №1,1,1,2,137,122,120,120,89.05,True,26.67,СИДОРОВ Александр Николаевич,76,63.33,ШУРЫГИН Александр Александрович,44,36.67,,,
Свердловская область,66,MUNICIPAL,mun_sm,"Муниципальный совет, одномандатный округ",Выборы депутатов Думы Кушвинского муниципального округа пятого созыва,Одномандатный избирательный округ №10,1,1,3,88,80,80,80,90.91,True,17.5,ШАДРИНА Мария Игоревна,38,47.5,ДОЩАТОВ Илья Петрович,24,30.0,САДЫКОВА Анна Александровна,18,22.5
Свердловская область,66,MUNICIPAL,mun_sm,"Муниципальный совет, одномандатный округ",Выборы депутатов Думы Кушвинского муниципального округа пятого созыва,Одномандатный избирательный округ №11,1,1,3,97,85,84,84,87.63,True,23.81,МУРИКОВА Алевтина Радиевна,47,55.95,ВЯТСКИХ Денис Александрович,27,32.14,ЗАГИДУЛЛИН Руслан Раисович,10,11.9
Свердловская область,66,MUNICIPAL,mun_sm,"Муниципальный совет, одномандатный округ",Выборы депутатов Думы Кушвинского муниципального округа пятого созыва,Одномандатный избирательный округ №12,1,1,2,96,84,84,84,87.5,True,9.52,АХМЕТОВА Оксана Владимировна,46,54.76,ПЕТКЕВИЧ Геннадий Петрович,38,45.24,,,
Свердловская область,66,MUNICIPAL,mun_sm,"Муниципальный совет, одномандатный округ",Выборы депутатов Думы Кушвинского муниципального округа пятого созыва,Одномандатный избирательный округ №13,1,1,2,119,104,104,104,87.39,True,1.92,КАЗАКОВ Александр Николаевич,53,50.96,НОВИКОВ Роман Андреевич,51,49.04,,,
Свердловская область,66,MUNICIPAL,mun_sm,"Муниципальный совет, одномандатный округ",Выборы депутатов Думы Кушвинского муниципального округа пятого созыва,Одномандатный избирательный округ №14,1,1,2,104,95,94,94,91.35,True,29.79,САПРЫКИН Евгений Валерьевич,61,64.89,ГРОМ Николай Викторович,33,35.11,,,
Свердловская область,66,MUNICIPAL,mun_sm,"Муниципальный совет, одномандатный округ",Выборы депутатов Думы Кушвинского муниципального округа пятого созыва,Одномандатный избирательный округ №15,1,1,3,143,126,124,124,88.11,True,17.74,НОВИКОВА Анастасия Юрьевна,63,50.81,КЛИМОВ Вячеслав Юрьевич,41,33.06,ГУБИН Олег Юрьевич,20,16.13
Свердловская область,66,MUNICIPAL,mun_sm,"Муниципальный совет, одномандатный округ",Выборы депутатов Думы Кушвинского муниципального округа пятого созыва,Одномандатный избирательный округ №16,1,1,2,115,93,92,92,80.87,True,19.57,ДАНИЛКИН Александр Анатольевич,55,59.78,СЕРГЕЕВ Алексей Юрьевич,37,40.22,,,
Свердловская область,66,MUNICIPAL,mun_sm,"Муниципальный совет, одномандатный округ",Выборы депутатов Думы Кушвинского муниципального округа пятого созыва,Одномандатный избирательный округ №17,1,1,2,144,131,129,129,90.97,True,8.53,БЛИНОВ Михаил Густавович,70,54.26,ИСАКОВА Кристина Сергеевна,59,45.74,,,
Свердловская область,66,MUNICIPAL,mun_sm,"Муниципальный совет, одномандатный округ",Выборы депутатов Думы Кушвинского муниципального округа пятого созыва,Одномандатный избирательный округ №18,1,1,2,104,94,93,93,90.38,True,48.39,ПОЛЯНСКИЙ Сергей Геннадьевич,69,74.19,ПАНАСЕНКО Сергей Степанович,24,25.81,,,
Свердловская область,66,MUNICIPAL,mun_sm,"Муниципальный совет, одномандатный округ",Выборы депутатов Думы Кушвинского муниципального округа пятого созыва,Одномандатный избирательный округ №19,1,1,2,132,118,117,117,89.39,True,48.72,ВЕТРОВА Наталья Викторовна,87,74.36,КОЛДЫРЕВ Леонид Васильевич,30,25.64,,,
Свердловская область,66,MUNICIPAL,mun_sm,"Муниципальный совет, одномандатный округ",Выборы депутатов Думы Кушвинского муниципального округа пятого созыва,Одномандатный избирательный округ №2,1,1,3,145,135,132,132,93.1,True,36.36,КОРОТКИХ Дмитрий Владимирович,79,59.85,ЖЕЛЕЗКОВА Любовь Сергеевна,31,23.48,ЧЕРЕВКОВА Юлия Сергеевна (МАЛЬЦЕВА),22,16.67
Свердловская область,66,MUNICIPAL,mun_sm,"Муниципальный совет, одномандатный округ",Выборы депутатов Думы Кушвинского муниципального округа пятого созыва,Одномандатный избирательный округ №20,1,1,3,99,84,84,84,84.85,True,52.38,ЗУЛЬХИДЖИНА Ольга Александровна,59,70.24,ШУМИЛОВА Светлана Эдуардовна,15,17.86,РАДОЛОВ Василий Николаевич,10,11.9
Свердловская область,66,MUNICIPAL,mun_sm,"Муниципальный совет, одномандатный округ",Выборы депутатов Думы Кушвинского муниципального округа пятого созыва,Одномандатный избирательный округ №3,1,1,2,100,91,91,91,91.0,True,34.07,ХАРЕВСКАЯ Анастасия Вадимовна,61,67.03,АКСЕНОВ Иван Сергеевич,30,32.97,,,
Свердловская область,66,MUNICIPAL,mun_sm,"Муниципальный совет, одномандатный округ",Выборы депутатов Думы Кушвинского муниципального округа пятого созыва,Одномандатный избирательный округ №4,1,1,4,126,117,116,116,92.86,True,30.17,САВИН Анатолий Леонидович,65,56.03,АЛЕКСЕЕВ Никита Валерьевич,30,25.86,СЛЕПУХИН Евгений Сергеевич,12,10.34
Свердловская область,66,MUNICIPAL,mun_sm,"Муниципальный совет, одномандатный округ",Выборы депутатов Думы Кушвинского муниципального округа пятого созыва,Одномандатный избирательный округ №5,1,1,3,120,105,104,104,87.5,True,22.12,ГРЕХОВ Михаил Борисович,52,50.0,КОЖИНОВА Ирина Сергеевна,29,27.88,ШАТОВ Никита Александрович,23,22.12
Свердловская область,66,MUNICIPAL,mun_sm,"Муниципальный совет, одномандатный округ",Выборы депутатов Думы Кушвинского муниципального округа пятого созыва,Одномандатный избирательный округ №6,1,1,2,143,130,126,126,90.91,True,15.87,СОРОКИН Владимир Николаевич,73,57.94,ГАГАРИН Юрий Викторович,53,42.06,,,
Свердловская область,66,MUNICIPAL,mun_sm,"Муниципальный совет, одномандатный округ",Выборы депутатов Думы Кушвинского муниципального округа пятого созыва,Одномандатный избирательный округ №7,1,1,2,117,107,102,102,91.45,True,3.92,ДЕГТЯННИКОВ Вячеслав Николаевич,53,51.96,СКАЧКОВ Михаил Сергеевич,49,48.04,,,
Свердловская область,66,MUNICIPAL,mun_sm,"Муниципальный совет, одномандатный округ",Выборы депутатов Думы Кушвинского муниципального округа пятого созыва,Одномандатный избирательный округ №8,1,1,3,104,94,94,94,90.38,True,18.09,МЕЛЬНИКОВ Алексей Александрович,48,51.06,ШИХОВ Виталий Сергеевич,31,32.98,КАРАЕВ Давид Михайлович,15,15.96
Свердловская область,66,MUNICIPAL,mun_sm,"Муниципальный совет, одномандатный округ",Выборы депутатов Думы Кушвинского муниципального округа пятого созыва,Одномандатный избирательный округ №9,1,1,2,110,94,93,93,85.45,True,16.13,НИКОЛАЕВ Роман Сергеевич,54,58.06,МАМЕДОВ Рустам Фазаиль оглы,39,41.94,,,
Свердловская область,66,MUNICIPAL,mun_mm,"Муниципальный совет, многомандатный округ",Выборы депутатов Думы Малышевского муниципального округа восьмого созыва,Двухмандатный избирательный округ №1,1,2,6,57,49,48,70,85.96,True,12.86,ЧУЧАЛИН Вадим Леонидович,30,42.86,БЕРДЫШЕВ Антон Владимирович,17,24.29,ПРИМЕНКО Александр Владимирович,8,11.43
Свердловская область,66,MUNICIPAL,mun_mm,"Муниципальный совет, многомандатный округ",Выборы депутатов Думы Малышевского муниципального округа восьмого созыва,Трехмандатный избирательный округ №2,1,2,9,85,74,73,112,87.06,True,0.89,БРОДОВИКОВА Ирина Викторовна,30,26.79,ПАХАЛУЕВ Дмитрий Олегович,26,23.21,БИРЮЧЕВА Анна Сергеевна,25,22.32
Свердловская область,66,MUNICIPAL,mun_mm,"Муниципальный совет, многомандатный округ",Выборы депутатов Думы Малышевского муниципального округа восьмого созыва,Трехмандатный избирательный округ №4,1,2,8,79,61,57,84,77.22,True,3.57,ШУСТОВ Дмитрий Александрович,22,26.19,НОСОВА Любовь Евгеньевна,14,16.67,УФИМЦЕВ Владимир Петрович,11,13.1
Свердловская область,66,MUNICIPAL,mun_mm,"Муниципальный совет, многомандатный округ",Выборы депутатов Думы Малышевского муниципального округа восьмого созыва,Трехмандатный избирательный округ №5,1,2,9,92,88,84,127,95.65,True,1.57,ВОРОНЦОВ Алексей Леонидович,23,18.11,СКАЧКОВА Светлана Викторовна,23,18.11,ТЕМЕРЕВА Наталья Борисовна,21,16.54
Свердловская область,66,MUNICIPAL,mun_mm,"Муниципальный совет, многомандатный округ",Выборы депутатов Думы Малышевского муниципального округа восьмого созыва,Четырехмандатный избирательный округ №3,1,2,12,136,117,116,191,86.03,True,5.76,САМИХОВА Елена Ивановна,49,25.65,ЕЖОВА Светлана Валентиновна,33,17.28,ОСИНЦЕВА Ирина Николаевна,22,11.52
Свердловская область,66,MUNICIPAL,mun_mm,"Муниципальный совет, многомандатный округ",Выборы депутатов Думы Слободо-Туринского муниципального района восьмого созыва,Четырехмандатный избирательный округ №1,1,4,8,260,246,244,418,94.62,True,0.48,ВОХМЯНИН Василий Алексеевич,81,19.38,СОБОЛЕВ Антон Витальевич,69,16.51,КОШЕЛЕВА Лариса Александровна,60,14.35
Свердловская область,66,MUNICIPAL,mun_mm,"Муниципальный совет, многомандатный округ",Выборы депутатов Думы Слободо-Туринского муниципального района восьмого созыва,Четырехмандатный избирательный округ №2,1,4,6,350,328,328,623,93.71,True,0.0,ТОЛАХ Альберт Николаевич,152,24.4,ШАЙКИН Антон Константинович,140,22.47,ЗАХАРОВА Татьяна Николаевна,106,17.01
Свердловская область,66,MUNICIPAL,mun_mm,"Муниципальный совет, многомандатный округ",Выборы депутатов Думы Слободо-Туринского муниципального района восьмого созыва,Четырехмандатный избирательный округ №3,1,4,7,188,172,171,267,91.49,True,4.12,ПОТАПОВА Наталья Валерьевна,75,28.09,СПИЦЫНА Маргарита Юрьевна,54,20.22,ЛАВРОВ Владимир Николаевич,49,18.35
Свердловская область,66,MUNICIPAL,mun_mm,"Муниципальный совет, многомандатный округ",Выборы депутатов Думы Слободо-Туринского муниципального района восьмого созыва,Четырехмандатный избирательный округ №4,1,4,7,131,119,119,213,90.84,True,2.82,ЧЕРНОВ Сергей Александрович,49,23.0,ЛУКИН Алексей Евгеньевич,45,21.13,ЖДАНОВ Михаил Геннадьевич,36,16.9
Свердловская область,66,MUNICIPAL,mun_mm,"Муниципальный совет, многомандатный округ",Выборы депутатов Думы Талицкого муниципального округа восьмого созыва,Четырехмандатный избирательный округ №1,1,4,7,722,661,652,1228,91.55,True,2.93,ЯРОВИКОВ Андрей Анатольевич,295,24.02,ЗАБАННЫХ Елена Геннадьевна,260,21.17,МУРАШКИНА Наталья Петровна,177,14.41
Свердловская область,66,MUNICIPAL,mun_mm,"Муниципальный совет, многомандатный округ",Выборы депутатов Думы Талицкого муниципального округа восьмого созыва,Четырехмандатный избирательный округ №2,1,4,7,664,593,588,1097,89.31,True,6.11,СМОЛИНА Ольга Олеговна,209,19.05,ФАЛОВ Евгений Евгеньевич,199,18.14,ЧАПАЕВ Виктор Васильевич,198,18.05
Свердловская область,66,MUNICIPAL,mun_mm,"Муниципальный совет, многомандатный округ",Выборы депутатов Думы Талицкого муниципального округа восьмого созыва,Четырехмандатный избирательный округ №3,1,4,7,445,392,389,712,88.09,True,0.0,ПАЛИЦЫНА Наталья Геннадьевна,171,24.02,ТОЛКАЧЁВ Антон Александрович,126,17.7,МЕЛЕХОВ Андрей Сергеевич,112,15.73
Свердловская область,66,MUNICIPAL,mun_mm,"Муниципальный совет, многомандатный округ",Выборы депутатов Думы Талицкого муниципального округа восьмого созыва,Четырехмандатный избирательный округ №4,1,4,7,401,335,330,622,83.54,True,5.63,ДЕМЬЯНОВ Игорь Егорович,133,21.38,РЫЖКОВ Андрей Николаевич,106,17.04,ОЩУКОВА Галина Николаевна,105,16.88
Свердловская область,66,MUNICIPAL,mun_mm,"Муниципальный совет, многомандатный округ",Выборы депутатов Думы Талицкого муниципального округа восьмого созыва,Четырехмандатный избирательный округ №5,1,4,6,288,242,239,373,84.03,True,0.27,ТОЛКАЧЕВ Александр Викторович,95,25.47,КАЛУГИН Алексей Павлович,77,20.64,СОКОЛОВ Константин Викторович,67,17.96
Свердловская область,66,MUNICIPAL,mun_sm,"Муниципальный совет, одномандатный округ",Выборы депутатов Думы Тугулымского муниципального округа Свердловской области восьмого созыва,Одномандатный избирательный округ №1,1,1,2,89,78,74,74,87.64,True,27.03,ГЕЙЕР Роман Александрович,47,63.51,МАРЧЕНКО Мария Александровна,27,36.49,,,
Свердловская область,66,MUNICIPAL,mun_sm,"Муниципальный совет, одномандатный округ",Выборы депутатов Думы Тугулымского муниципального округа Свердловской области восьмого созыва,Одномандатный избирательный округ №10,1,1,3,23,19,19,19,82.61,True,42.11,ЛУШНИКОВ Владимир Васильевич,12,63.16,НИКОЛАЕВА Татьяна Алексеевна,4,21.05,АГАПИТОВ Владимир Яковлевич,3,15.79
Свердловская область,66,MUNICIPAL,mun_sm,"Муниципальный совет, одномандатный округ",Выборы депутатов Думы Тугулымского муниципального округа Свердловской области восьмого созыва,Одномандатный избирательный округ №11,1,1,3,36,30,30,30,83.33,True,23.33,СУНЦОВ Степан Викторович,15,50.0,ПЕЛЫМСКАЯ Анна Александровна,8,26.67,ЛАНСКИХ Виктория Афонасьевна,7,23.33
Свердловская область,66,MUNICIPAL,mun_sm,"Муниципальный совет, одномандатный округ",Выборы депутатов Думы Тугулымского муниципального округа Свердловской области восьмого созыва,Одномандатный избирательный округ №12,1,1,2,33,26,26,26,78.79,True,53.85,ЛАСКИН Василий Юрьевич,20,76.92,ШЕНИНА Юлия Николаевна,6,23.08,,,
Свердловская область,66,MUNICIPAL,mun_sm,"Муниципальный совет, одномандатный округ",Выборы депутатов Думы Тугулымского муниципального округа Свердловской области восьмого созыва,Одномандатный избирательный округ №13,1,1,3,73,60,59,59,82.19,True,54.24,ЖАЗИТОВ Жантемир Жазитович,44,74.58,СТЕБЕКОВ Николай Алексеевич,12,20.34,ЛУГИНИН Иван Александрович,3,5.08
Свердловская область,66,MUNICIPAL,mun_sm,"Муниципальный совет, одномандатный округ",Выборы депутатов Думы Тугулымского муниципального округа Свердловской области восьмого созыва,Одномандатный избирательный округ №14,1,1,2,34,30,29,29,88.24,True,44.83,АБЕЛЬМАЖАНОВА Оксана Владимировна,21,72.41,ПУСТЫННИКОВ Владимир Константинович,8,27.59,,,
Свердловская область,66,MUNICIPAL,mun_sm,"Муниципальный совет, одномандатный округ",Выборы депутатов Думы Тугулымского муниципального округа Свердловской области восьмого созыва,Одномандатный избирательный округ №15,1,1,3,58,48,46,46,82.76,True,2.17,КИРИЧЕНКО Ульяна Александровна,19,41.3,САХАРОВА Наталья Борисовна,18,39.13,БАЖИНА-БОЛЬБАТ Наталья Григорьевна,9,19.57
Свердловская область,66,MUNICIPAL,mun_sm,"Муниципальный совет, одномандатный округ",Выборы депутатов Думы Тугулымского муниципального округа Свердловской области восьмого созыва,Одномандатный избирательный округ №2,1,1,2,107,93,90,90,86.92,True,53.33,СОЛДАТОВ Николай Владимирович,69,76.67,ИВАНОВА Марина Сергеевна,21,23.33,,,
Свердловская область,66,MUNICIPAL,mun_sm,"Муниципальный совет, одномандатный округ",Выборы депутатов Думы Тугулымского муниципального округа Свердловской области восьмого созыва,Одномандатный избирательный округ №3,1,1,2,99,92,91,91,92.93,True,29.67,ДЮПИН Евгений Валерьевич,59,64.84,ТАРАСОВ Владимир Олегович,32,35.16,,,
Свердловская область,66,MUNICIPAL,mun_sm,"Муниципальный совет, одномандатный округ",Выборы депутатов Думы Тугулымского муниципального округа Свердловской области восьмого созыва,Одномандатный избирательный округ №4,1,1,2,103,97,96,96,94.17,True,22.92,АНКУШЕВА Галина Аркадьевна,59,61.46,КУЗНЕЦОВА Елена Александровна,37,38.54,,,
Свердловская область,66,MUNICIPAL,mun_sm,"Муниципальный совет, одномандатный округ",Выборы депутатов Думы Тугулымского муниципального округа Свердловской области восьмого созыва,Одномандатный избирательный округ №5,1,1,2,53,45,44,44,84.91,True,50.0,ПАТЫСЬЕВА Виолетта Петровна,33,75.0,РУСАКОВА Марина Геннадьевна,11,25.0,,,
Свердловская область,66,MUNICIPAL,mun_sm,"Муниципальный совет, одномандатный округ",Выборы депутатов Думы Тугулымского муниципального округа Свердловской области восьмого созыва,Одномандатный избирательный округ №6,1,1,2,32,25,25,25,78.12,True,20.0,КОРОЛЕВ Александр Юрьевич,15,60.0,РОГОЗИНА Наталья Анатольевна,10,40.0,,,
Свердловская область,66,MUNICIPAL,mun_sm,"Муниципальный совет, одномандатный округ",Выборы депутатов Думы Тугулымского муниципального округа Свердловской области восьмого созыва,Одномандатный избирательный округ №7,1,1,2,52,42,42,42,80.77,True,33.33,КОЛМОГОРОВА Ольга Владимировна,28,66.67,СПИРИН Андрей Николаевич,14,33.33,,,
Свердловская область,66,MUNICIPAL,mun_sm,"Муниципальный совет, одномандатный округ",Выборы депутатов Думы Тугулымского муниципального округа Свердловской области восьмого созыва,Одномандатный избирательный округ №8,1,1,2,43,35,34,34,81.4,True,17.65,ТИТАРЬ Елена Анатольевна,20,58.82,ГОЛОВ Андрей Александрович,14,41.18,,,
Свердловская область,66,MUNICIPAL,mun_sm,"Муниципальный совет, одномандатный округ",Выборы депутатов Думы Тугулымского муниципального округа Свердловской области восьмого созыва,Одномандатный избирательный округ №9,1,1,3,54,48,48,48,88.89,True,18.75,УЛЬЯНОВ Роман Сергеевич,23,47.92,ЧЕРЕПАНОВ Николай Дмитриевич,14,29.17,ШАРАПОВА Валентина Владимировна,11,22.92
Свердловская область,66,MUNICIPAL,mun_mm,"Муниципальный совет, многомандатный округ",Выборы депутатов Думы Унже-Павинского сельского поселения шестого созыва,Унже-Павинский восьмимандатный избирательный округ,1,8,10,11,11,11,49,100.0,True,0.0,ЖУЧКОВ Василий Григорьевич,7,14.29,САВЧЕНКОВ Александр Николаевич,7,14.29,ЧАРИКОВ Никита Владимирович,6,12.24
Свердловская область,66,MUNICIPAL,mun_mm,"Муниципальный совет, многомандатный округ",Выборы депутатов Думы Шалинского муниципального округа,Пятимандатный избирательный округ №1,1,5,15,420,381,379,1043,90.71,True,0.19,ШЕШЕНИНА Юлия Викторовна,109,10.45,АСАИНОВА Наталья Васильевна,104,9.97,ДЕРГУНОВ Александр Викторович,101,9.68
Свердловская область,66,MUNICIPAL,mun_mm,"Муниципальный совет, многомандатный округ",Выборы депутатов Думы Шалинского муниципального округа,Пятимандатный избирательный округ №2,1,5,13,268,217,215,431,80.97,True,0.23,ХАРИН Сергей Иванович,79,18.33,ИГНАТЬЕВ Александр Владимирович,50,11.6,БОДНАР Светлана Васильевна,46,10.67
Свердловская область,66,MUNICIPAL,mun_mm,"Муниципальный совет, многомандатный округ",Выборы депутатов Думы Шалинского муниципального округа,Пятимандатный избирательный округ №3,1,5,14,331,287,282,649,86.71,True,0.31,ДРОБИНА Елена Степановна,71,10.94,КОТОВ Владимир Александрович,68,10.48,ЗВЕРЕВ Николай Семёнович,67,10.32
Свердловская область,66,MUNICIPAL,mun_mm,"Муниципальный совет, многомандатный округ",Выборы депутатов Думы городского округа Верх-Нейвинский шестого созыва,Пятимандатный избирательный округ №1,1,5,16,53,44,44,112,83.02,True,0.0,ХАЗИЕВ Геннадий Мухаметович,22,19.64,РЫХТЕР Оксана Валериановна,14,12.5,ЧЕРЕПАНОВ Владислав Иванович,12,10.71
Свердловская область,66,MUNICIPAL,mun_mm,"Муниципальный совет, многомандатный округ",Выборы депутатов Думы городского округа Верх-Нейвинский шестого созыва,Пятимандатный избирательный округ №2,1,5,11,78,65,63,125,83.33,True,2.4,ПАНОВА Галина Николаевна,25,20.0,СУХАНОВА Юлия Викторовна,25,20.0,ПЛОХИХ Елена Сергеевна,16,12.8
Свердловская область,66,MUNICIPAL,mun_mm,"Муниципальный совет, многомандатный округ",Выборы депутатов Думы городского округа Верхнее Дуброво Свердловской области,Пятимандатный избирательный округ №1,1,5,11,107,97,96,220,90.65,True,0.91,МЕДЯНЦЕВА Юлия Борисовна,29,13.18,ШИШКИН Алексей Борисович,29,13.18,САЛТЫКОВА Юлия Александровна,24,10.91
Свердловская область,66,MUNICIPAL,mun_mm,"Муниципальный совет, многомандатный округ",Выборы депутатов Думы городского округа Верхнее Дуброво Свердловской области,Пятимандатный избирательный округ №2,1,5,12,132,114,112,240,86.36,True,2.08,ВОВК Ирина Викторовна,51,21.25,ЯКОВЛЕВ Михаил Юрьевич,33,13.75,КАМАТОВА Олеся Альбертовна,24,10.0
Свердловская область,66,MUNICIPAL,mun_mm,"Муниципальный совет, многомандатный округ",Выборы депутатов Думы городского округа ЗАТО Свободный Свердловской области восьмого созыва,Пятимандатный избирательный округ №1,1,5,9,156,134,132,329,85.9,True,1.52,САЛОМАТИНА Елена Викторовна,70,21.28,БЕМ Светлана Владимировна,50,15.2,ГЛУЩЕНКО Анастасия Викторовна,49,14.89
Свердловская область,66,MUNICIPAL,mun_mm,"Муниципальный совет, многомандатный округ",Выборы депутатов Думы городского округа ЗАТО Свободный Свердловской области восьмого созыва,Пятимандатный избирательный округ №2,1,5,8,205,190,189,435,92.68,True,2.3,ХИЗУЕВ Рашидхан Газимагомедович,93,21.38,ШАМАНОВА Олеся Геннадьевна,80,18.39,КРАУЗЕ Роман Викторович,74,17.01
Свердловская область,66,MUNICIPAL,mun_sm,"Муниципальный совет, одномандатный округ",Выборы депутатов Думы городского округа Красноуфимск восьмого созыва,Одномандатный избирательный округ №1,1,1,3,135,120,120,120,88.89,True,26.67,ТОМИЛОВА Юлия Анатольевна,65,54.17,МИХАЙЛОВ Андрей Алексеевич,33,27.5,ОРЛОВА Елена Сергеевна,22,18.33
Свердловская область,66,MUNICIPAL,mun_sm,"Муниципальный совет, одномандатный округ",Выборы депутатов Думы городского округа Красноуфимск восьмого созыва,Одномандатный избирательный округ №10,1,1,2,148,135,133,133,91.22,True,38.35,ЛЕНЬ Ирина Владимировна,92,69.17,ПЕТУХОВ Михаил Михайлович,41,30.83,,,
Свердловская область,66,MUNICIPAL,mun_sm,"Муниципальный совет, одномандатный округ",Выборы депутатов Думы городского округа Красноуфимск восьмого созыва,Одномандатный избирательный округ №11,1,1,3,131,120,120,120,91.6,True,24.17,ПРОСВИРНИНА Татьяна Юрьевна,65,54.17,НАВРОЦКИЙ Алексей Васильевич,36,30.0,РУБЦОВА Валентина Геннадьевна,19,15.83
Свердловская область,66,MUNICIPAL,mun_sm,"Муниципальный совет, одномандатный округ",Выборы депутатов Думы городского округа Красноуфимск восьмого созыва,Одномандатный избирательный округ №12,1,1,2,99,90,88,88,90.91,True,34.09,МЕРЕЖНИКОВА Лариса Владимировна,59,67.05,ПОЛИКАНОВ Михаил Иванович,29,32.95,,,
Свердловская область,66,MUNICIPAL,mun_sm,"Муниципальный совет, одномандатный округ",Выборы депутатов Думы городского округа Красноуфимск восьмого созыва,Одномандатный избирательный округ №13,1,1,3,100,90,89,89,90.0,True,28.09,ИНОЗЕМЦЕВ Владимир Иванович,52,58.43,ПОНОМАРЕВА Татьяна Павловна,27,30.34,КЕССЛЕР Евгения Владимировна,10,11.24
Свердловская область,66,MUNICIPAL,mun_sm,"Муниципальный совет, одномандатный округ",Выборы депутатов Думы городского округа Красноуфимск восьмого созыва,Одномандатный избирательный округ №14,1,1,3,114,107,106,106,93.86,True,24.53,РАДЧЕНКО Александр Николаевич,55,51.89,КЛИМОВ Игорь Юрьевич,29,27.36,РЕЗАНОВА Татьяна Викторовна,22,20.75
Свердловская область,66,MUNICIPAL,mun_sm,"Муниципальный совет, одномандатный округ",Выборы депутатов Думы городского округа Красноуфимск восьмого созыва,Одномандатный избирательный округ №15,1,1,2,88,75,73,73,85.23,True,69.86,ЗИМИН Михаил Александрович,62,84.93,ФАХРУТДИНОВ Рафаэль Талгатович,11,15.07,,,
Свердловская область,66,MUNICIPAL,mun_sm,"Муниципальный совет, одномандатный округ",Выборы депутатов Думы городского округа Красноуфимск восьмого созыва,Одномандатный избирательный округ №16,1,1,2,99,88,88,88,88.89,True,25.0,СТЕПАНОВ Сергей Михайлович,55,62.5,ТАШКИН Евгений Владимирович,33,37.5,,,
Свердловская область,66,MUNICIPAL,mun_sm,"Муниципальный совет, одномандатный округ",Выборы депутатов Думы городского округа Красноуфимск восьмого созыва,Одномандатный избирательный округ №17,1,1,2,125,112,110,110,89.6,True,10.91,ЗАТРАВКИН Владимир Павлович,61,55.45,КОРОМЫСЛОВ Сергей Васильевич,49,44.55,,,
Свердловская область,66,MUNICIPAL,mun_sm,"Муниципальный совет, одномандатный округ",Выборы депутатов Думы городского округа Красноуфимск восьмого созыва,Одномандатный избирательный округ №18,1,1,2,103,98,97,97,95.15,True,21.65,МЕДВЕДЕВА Татьяна Михайловна,59,60.82,ЛИПИНА Елена Анатольевна,38,39.18,,,
Свердловская область,66,MUNICIPAL,mun_sm,"Муниципальный совет, одномандатный округ",Выборы депутатов Думы городского округа Красноуфимск восьмого созыва,Одномандатный избирательный округ №19,1,1,2,142,132,129,129,92.96,True,30.23,ЖАБРОВ Павел Михайлович,84,65.12,БАЛУЕВА Татьяна Анатольевна,45,34.88,,,
Свердловская область,66,MUNICIPAL,mun_sm,"Муниципальный совет, одномандатный округ",Выборы депутатов Думы городского округа Красноуфимск восьмого созыва,Одномандатный избирательный округ №2,1,1,5,123,108,106,106,87.8,True,46.23,ЧУКАНОВ Владимир Иванович,68,64.15,КИСЛИЦЫНА Ольга Сергеевна,19,17.92,ГОРДЕЕВА Светлана Геннадьевна,9,8.49
Свердловская область,66,MUNICIPAL,mun_sm,"Муниципальный совет, одномандатный округ",Выборы депутатов Думы городского округа Красноуфимск восьмого созыва,Одномандатный избирательный округ №20,1,1,3,91,80,78,78,87.91,True,14.1,ГУЛЯЕВА Юлия Владимировна,35,44.87,МЕРЕЖНИКОВА Наталья Александровна,24,30.77,КУЗНЕЦОВА Александра Николаевна,19,24.36
Свердловская область,66,MUNICIPAL,mun_sm,"Муниципальный совет, одномандатный округ",Выборы депутатов Думы городского округа Красноуфимск восьмого созыва,Одномандатный избирательный округ №3,1,1,3,105,97,96,96,92.38,True,36.46,РОНКИН Андрей Давыдович,59,61.46,КОСТИН Александр Сергеевич,24,25.0,ПРИЕМЩИКОВ Михаил Сергеевич,13,13.54
Свердловская область,66,MUNICIPAL,mun_sm,"Муниципальный совет, одномандатный округ",Выборы депутатов Думы городского округа Красноуфимск восьмого созыва,Одномандатный избирательный округ №4,1,1,3,122,113,112,112,92.62,True,46.43,КОПЫРКИНА Екатерина Валерьевна,72,64.29,ВЛАСОВ Вадим Васильевич,20,17.86,ХРИПУНКОВ Алексей Васильевич,20,17.86
Свердловская область,66,MUNICIPAL,mun_sm,"Муниципальный совет, одномандатный округ",Выборы депутатов Думы городского округа Красноуфимск восьмого созыва,Одномандатный избирательный округ №5,1,1,3,87,82,82,82,94.25,True,39.02,ПАСТУХОВА Светлана Михайловна,49,59.76,БИКМУХАМЕТОВА Айгуль Айратовна,17,20.73,БАЛЕЕВСКИХ Андрей Леонидович,16,19.51
Свердловская область,66,MUNICIPAL,mun_sm,"Муниципальный совет, одномандатный округ",Выборы депутатов Думы городского округа Красноуфимск восьмого созыва,Одномандатный избирательный округ №6,1,1,2,127,117,115,115,92.13,True,21.74,ГРЯЗНОВА Юлия Владимировна,70,60.87,ГОРДЕЕВ Владимир Васильевич,45,39.13,,,
Свердловская область,66,MUNICIPAL,mun_sm,"Муниципальный совет, одномандатный округ",Выборы депутатов Думы городского округа Красноуфимск восьмого созыва,Одномандатный избирательный округ №7,1,1,3,115,105,104,104,91.3,True,33.65,КАЗАНЦЕВА Анастасия Павловна,64,61.54,РОДИОНОВА Анна Валерьевна,29,27.88,КЕССЛЕР Алексей Викторович,11,10.58
Свердловская область,66,MUNICIPAL,mun_sm,"Муниципальный совет, одномандатный округ",Выборы депутатов Думы городского округа Красноуфимск восьмого созыва,Одномандатный избирательный округ №8,1,1,2,126,115,114,114,91.27,True,28.07,СОКОЛОВ Сергей Леонидович,73,64.04,ПОСКИНА Алла Александровна,41,35.96,,,
Свердловская область,66,MUNICIPAL,mun_sm,"Муниципальный совет, одномандатный округ",Выборы депутатов Думы городского округа Красноуфимск восьмого созыва,Одномандатный избирательный округ №9,1,1,3,127,125,123,123,98.43,True,47.15,АРТЕМЬЕВСКИХ Вадим Валерьевич,82,66.67,ГОЛУБЦОВА Юлия Анатольевна,24,19.51,ГАФУРОВ Валерьян Рауфович,17,13.82
Свердловская область,66,MUNICIPAL,mun_mm,"Муниципальный совет, многомандатный округ",Выборы депутатов Думы городского округа Рефтинский восьмого созыва,Пятимандатный избирательный округ №1,1,5,15,307,282,280,668,91.86,True,0.6,ЗЯЙКИНА Анна Леонидовна,84,12.57,ЦЫЛЕВА Юлия Евгеньевна,84,12.57,СЕРЕБРО Алексей Михайлович,70,10.48
Свердловская область,66,MUNICIPAL,mun_mm,"Муниципальный совет, многомандатный округ",Выборы депутатов Думы городского округа Рефтинский восьмого созыва,Пятимандатный избирательный округ №2,1,5,15,306,276,270,739,90.2,True,0.68,ЕВЛЕНТЬЕВА Елена Валентиновна,107,14.48,ПАСЫНКОВ Александр Викторович,94,12.72,ПЕРМИНОВ Егор Андреевич,88,11.91
Свердловская область,66,MUNICIPAL,mun_mm,"Муниципальный совет, многомандатный округ",Выборы депутатов Думы городского округа Рефтинский восьмого созыва,Пятимандатный избирательный округ №3,1,5,13,284,250,248,615,88.03,True,0.49,КОМАРОВ Алексей Владимирович,68,11.06,СТАРОДУМОВА Елена Алексеевна,65,10.57,ЮРКИНА Ольга Ивановна,62,10.08
Свердловская область,66,MUNICIPAL,mun_mm,"Муниципальный совет, многомандатный округ",Выборы депутатов Думы муниципального образования Алапаевское пятого созыва,Трехмандатный избирательный округ №1,1,3,9,189,166,166,278,87.83,True,1.8,КНЯЗЕВ Сергей Александрович,56,20.14,БЫЧКОВА Ольга Николаевна,49,17.63,БУТОРИН Игорь Васильевич,47,16.91
Свердловская область,66,MUNICIPAL,mun_mm,"Муниципальный совет, многомандатный округ",Выборы депутатов Думы муниципального образования Алапаевское пятого созыва,Трехмандатный избирательный округ №2,1,3,10,230,208,205,372,90.43,True,0.27,БЫЧКОВА Наталья Владимировна,77,20.7,СОКОЛИНСКАЯ Юлия Владимировна,51,13.71,СЫСОЕВА Ольга Викторовна,48,12.9
Свердловская область,66,MUNICIPAL,mun_mm,"Муниципальный совет, многомандатный округ",Выборы депутатов Думы муниципального образования Алапаевское пятого созыва,Трехмандатный избирательный округ №3,1,3,11,229,210,210,399,91.7,True,5.01,ТОМИЛОВ Максим Сергеевич,77,19.3,ЛЕОНТЬЕВ Егор Александрович,60,15.04,КУЗЬМИНЫХ Зоя Павловна,55,13.78
Свердловская область,66,MUNICIPAL,mun_mm,"Муниципальный совет, многомандатный округ",Выборы депутатов Думы муниципального образования Алапаевское пятого созыва,Трехмандатный избирательный округ №4,1,3,7,163,144,141,263,88.34,True,1.14,ЕРМАКОВ Иван Андреевич,68,25.86,ШАЛАЕВ Александр Иванович,50,19.01,ХАРЛОВ Александр Сергеевич,43,16.35
Свердловская область,66,MUNICIPAL,mun_mm,"Муниципальный совет, многомандатный округ",Выборы депутатов Думы муниципального образования Алапаевское пятого созыва,Трехмандатный избирательный округ №5,1,3,8,251,220,219,422,87.65,True,1.9,ЕЛФИМОВА Ольга Анатольевна,91,21.56,ДУНАЕВ Андрей Викторович,67,15.88,КОКШАРОВ Александр Александрович,66,15.64
Свердловская область,66,MUNICIPAL,mun_mm,"Муниципальный совет, многомандатный округ",Выборы депутатов Думы муниципального округа Верхний Тагил восьмого созыва,Четырехмандатный избирательный округ №1,1,4,10,217,204,203,475,94.01,True,2.74,ВИХЕРТ Сергей Яковлевич,90,18.95,КУЛЬНЕВА Елена Александровна,69,14.53,ФУРСАЕВА Алёна Олеговна,63,13.26
Свердловская область,66,MUNICIPAL,mun_mm,"Муниципальный совет, многомандатный округ",Выборы депутатов Думы муниципального округа Верхний Тагил восьмого созыва,Четырехмандатный избирательный округ №2,1,4,8,283,258,254,534,91.17,True,2.43,НЕХАЙ Елена Александровна,109,20.41,ОСТАНИНА Надежда Викторовна,81,15.17,КОРЧАГИН Иван Юрьевич,80,14.98
Свердловская область,66,MUNICIPAL,mun_mm,"Муниципальный совет, многомандатный округ",Выборы депутатов Думы муниципального округа Верхний Тагил восьмого созыва,Четырехмандатный избирательный округ №3,1,4,9,251,229,223,460,91.24,True,4.35,ВОРОНКИНА Яна Алексеевна,104,22.61,МЕЛЬНИКОВ Александр Павлович,83,18.04,АБРАМЕНКОВ Александр Анатольевич,74,16.09
Свердловская область,66,MUNICIPAL,mun_mm,"Муниципальный совет, многомандатный округ",Выборы депутатов Думы муниципального округа Верхний Тагил восьмого созыва,Четырехмандатный избирательный округ №4,1,4,10,261,228,225,495,87.36,True,0.81,ФАДЕЕВ Дмитрий Анатольевич,84,16.97,БИККИНИНА Венера Ямиловна,75,15.15,КОРОЛЬКО Елена Валериевна,70,14.14
Свердловская область,66,MUNICIPAL,mun_mm,"Муниципальный совет, многомандатный округ",Выборы депутатов Думы муниципального округа Дегтярск Свердловской области восьмого созыва,Трехмандатный избирательный округ №1,1,3,9,120,105,102,194,87.5,True,3.09,БРЕХОВА Татьяна Владимировна,39,20.1,НЕЛЮБИНА Светлана Николаевна,39,20.1,ГАНЦЕВ Денис Владимирович,32,16.49
Свердловская область,66,MUNICIPAL,mun_mm,"Муниципальный совет, многомандатный округ",Выборы депутатов Думы муниципального округа Дегтярск Свердловской области восьмого созыва,Трехмандатный избирательный округ №2,1,3,12,127,104,104,216,81.89,True,0.46,ЛАПТЕВА Светлана Владимировна,43,19.91,ОКУЛОВ Виктор Иванович,29,13.43,КРАСНОВА Анна Юрьевна,26,12.04
Свердловская область,66,MUNICIPAL,mun_mm,"Муниципальный совет, многомандатный округ",Выборы депутатов Думы муниципального округа Дегтярск Свердловской области восьмого созыва,Трехмандатный избирательный округ №3,1,3,10,110,95,94,196,86.36,True,1.02,РАХИМОВ Дмитрий Фаритович,44,22.45,БУСАХИН Игорь Николаевич,29,14.8,УЗКИХ Ольга Михайловна,29,14.8
Свердловская область,66,MUNICIPAL,mun_mm,"Муниципальный совет, многомандатный округ",Выборы депутатов Думы муниципального округа Дегтярск Свердловской области восьмого созыва,Трехмандатный избирательный округ №4,1,3,8,92,77,76,151,83.7,True,0.66,СОЛОВЬЕВА Елена Борисовна,28,18.54,МИХИН Александр Николаевич,21,13.91,РАХИМОВ Александр Фаритович,20,13.25
Свердловская область,66,MUNICIPAL,mun_mm,"Муниципальный совет, многомандатный округ",Выборы депутатов Думы муниципального округа Дегтярск Свердловской области восьмого созыва,Трехмандатный избирательный округ №5,1,3,14,90,77,75,156,85.56,True,0.64,ЛАПТЕВ Сергей Викторович,28,17.95,ДЬЯКОВА Надежда Владимировна,20,12.82,КОНДРАТЬЕВ Евгений Валентинович,14,8.97
Свердловская область,66,MUNICIPAL,mun_sm,"Муниципальный совет, одномандатный округ",Выборы депутатов Думы муниципального округа Заречный восьмого созыва,Одномандатный избирательный округ №1,1,1,2,101,89,89,89,88.12,True,19.1,ИЗГАГИН Олег Михайлович,53,59.55,ПУШКАРЁВА Валентина Николаевна,36,40.45,,,
Свердловская область,66,MUNICIPAL,mun_sm,"Муниципальный совет, одномандатный округ",Выборы депутатов Думы муниципального округа Заречный восьмого созыва,Одномандатный избирательный округ №10,1,1,3,100,94,93,93,94.0,True,26.88,ПЕТУНИНА Галина Федоровна,49,52.69,ЯКИМОВА Анна Владимировна,24,25.81,ГУСЕВА Альбина Анатольевна,20,21.51
Свердловская область,66,MUNICIPAL,mun_sm,"Муниципальный совет, одномандатный округ",Выборы депутатов Думы муниципального округа Заречный восьмого созыва,Одномандатный избирательный округ №11,1,1,2,133,116,116,116,87.22,True,41.38,САРНАЦКИЙ Дмитрий Вадимович,82,70.69,ДАКАЛОВ Виктор Сергеевич,34,29.31,,,
Свердловская область,66,MUNICIPAL,mun_sm,"Муниципальный совет, одномандатный округ",Выборы депутатов Думы муниципального округа Заречный восьмого созыва,Одномандатный избирательный округ №12,1,1,2,105,91,90,90,86.67,True,11.11,КИРИЛЛОВ Олег Петрович,50,55.56,МОРДАКИН Антон Игоревич,40,44.44,,,
Свердловская область,66,MUNICIPAL,mun_sm,"Муниципальный совет, одномандатный округ",Выборы депутатов Думы муниципального округа Заречный восьмого созыва,Одномандатный избирательный округ №13,1,1,3,144,128,127,127,88.89,True,24.41,КАЛИНИЧЕНКО Любовь Петровна,64,50.39,ВЕДЕРНИКОВ Николай Васильевич,33,25.98,ТАТАРИНОВА Марина Олеговна,30,23.62
Свердловская область,66,MUNICIPAL,mun_sm,"Муниципальный совет, одномандатный округ",Выборы депутатов Думы муниципального округа Заречный восьмого созыва,Одномандатный избирательный округ №14,1,1,3,138,129,126,126,93.48,True,47.62,ШИБАЕВА Татьяна Юрьевна,83,65.87,КИРЧАНОВА Галина Владимировна,23,18.25,НЕСКОРОДЕЕВА Екатерина Андреевна,20,15.87
Свердловская область,66,MUNICIPAL,mun_sm,"Муниципальный совет, одномандатный округ",Выборы депутатов Думы муниципального округа Заречный восьмого созыва,Одномандатный избирательный округ №15,1,1,2,117,113,112,112,96.58,True,23.21,РАСКОВАЛОВ Андрей Владимирович,69,61.61,ЗУБЦОВ Николай Антонович,43,38.39,,,
Свердловская область,66,MUNICIPAL,mun_sm,"Муниципальный совет, одномандатный округ",Выборы депутатов Думы муниципального округа Заречный восьмого созыва,Одномандатный избирательный округ №16,1,1,2,149,135,131,131,90.6,True,28.24,ПОЛИЩУК Игорь Анатольевич,84,64.12,ВАШУРИН Вячеслав Владимирович,47,35.88,,,
Свердловская область,66,MUNICIPAL,mun_sm,"Муниципальный совет, одномандатный округ",Выборы депутатов Думы муниципального округа Заречный восьмого созыва,Одномандатный избирательный округ №17,1,1,4,142,128,128,128,90.14,True,2.34,КАЙЗЕР Евгений Владимирович,50,39.06,ЛАДЕЙЩИКОВА Татьяна Олеговна,47,36.72,НИКИТИН Алексей Геннадьевич,25,19.53
Свердловская область,66,MUNICIPAL,mun_sm,"Муниципальный совет, одномандатный округ",Выборы депутатов Думы муниципального округа Заречный восьмого созыва,Одномандатный избирательный округ №18,1,1,2,113,98,97,97,86.73,True,9.28,КРИВОШЕИН Сергей Алексеевич,53,54.64,ПЕТРОВ Никита Сергеевич,44,45.36,,,
Свердловская область,66,MUNICIPAL,mun_sm,"Муниципальный совет, одномандатный округ",Выборы депутатов Думы муниципального округа Заречный восьмого созыва,Одномандатный избирательный округ №19,1,1,2,145,134,134,134,92.41,True,77.61,ГАЛИМОВА Гульсиня Ибрагимовна,119,88.81,КУВИЛА Арсений Михайлович,15,11.19,,,
Свердловская область,66,MUNICIPAL,mun_sm,"Муниципальный совет, одномандатный округ",Выборы депутатов Думы муниципального округа Заречный восьмого созыва,Одномандатный избирательный округ №2,1,1,7,110,102,101,101,92.73,True,23.76,ЗАТОРСКИЙ Александр Викторович,39,38.61,БАЛЕЕВСКИХ Павел Георгиевич,15,14.85,КОНОПЛЁВ Сергей Сергеевич,13,12.87
Свердловская область,66,MUNICIPAL,mun_sm,"Муниципальный совет, одномандатный округ",Выборы депутатов Думы муниципального округа Заречный восьмого созыва,Одномандатный избирательный округ №20,1,1,4,203,186,182,182,91.63,True,24.73,ЧЕРМАКОВ Александр Михайлович,98,53.85,ЛЕОНОВ Евгений Владимирович,53,29.12,ЕЛАНЦЕВА Елена Ивановна,24,13.19
Свердловская область,66,MUNICIPAL,mun_sm,"Муниципальный совет, одномандатный округ",Выборы депутатов Думы муниципального округа Заречный восьмого созыва,Одномандатный избирательный округ №3,1,1,4,109,93,90,90,85.32,True,43.33,ЧИСТЯКОВ Алексей Сергеевич,52,57.78,ГАВРИКОВ Максим Игоревич,13,14.44,МАХНЕВ Сергей Анатольевич,13,14.44
Свердловская область,66,MUNICIPAL,mun_sm,"Муниципальный совет, одномандатный округ",Выборы депутатов Думы муниципального округа Заречный восьмого созыва,Одномандатный избирательный округ №4,1,1,4,101,93,91,91,92.08,True,31.87,ГРИШИНА Валентина Сергеевна,47,51.65,МЕФОДЬЕВА Светлана Юрьевна,18,19.78,МУЗЛОВ Сергей Викторович,17,18.68
Свердловская область,66,MUNICIPAL,mun_sm,"Муниципальный совет, одномандатный округ",Выборы депутатов Думы муниципального округа Заречный восьмого созыва,Одномандатный избирательный округ №5,1,1,3,116,105,102,102,90.52,True,39.22,КУЗНЕЦОВ Андрей Анатольевич,63,61.76,КОРНИЛЬЦЕВА Елена Владимировна,23,22.55,РОМАНОВА Анна Андреевна,16,15.69
Свердловская область,66,MUNICIPAL,mun_sm,"Муниципальный совет, одномандатный округ",Выборы депутатов Думы муниципального округа Заречный восьмого созыва,Одномандатный избирательный округ №6,1,1,3,124,112,112,112,90.32,True,59.82,НОСОВ Юрий Валентинович,85,75.89,ПАЦИАНСКАЯ Мария Александровна,18,16.07,ДУНАЕВА Татьяна Валерьевна,9,8.04
Свердловская область,66,MUNICIPAL,mun_sm,"Муниципальный совет, одномандатный округ",Выборы депутатов Думы муниципального округа Заречный восьмого созыва,Одномандатный избирательный округ №7,1,1,3,113,104,104,104,92.04,True,2.88,ДУБРОВСКИЙ Константин Сергеевич,43,41.35,ОЛЕЙНИКОВ Виталий Викторович,40,38.46,ТРУБИНА Ольга Николаевна,21,20.19
Свердловская область,66,MUNICIPAL,mun_sm,"Муниципальный совет, одномандатный округ",Выборы депутатов Думы муниципального округа Заречный восьмого созыва,Одномандатный избирательный округ №8,1,1,2,177,158,156,156,89.27,True,1.28,ТУКАНОВ Александр Сергеевич,79,50.64,КУНЬЩИКОВ Павел Викторович,77,49.36,,,
Свердловская область,66,MUNICIPAL,mun_sm,"Муниципальный совет, одномандатный округ",Выборы депутатов Думы муниципального округа Заречный восьмого созыва,Одномандатный избирательный округ №9,1,1,4,100,95,95,95,95.0,True,6.32,ВАХРУШЕВА Людмила Владимировна,33,34.74,БУБНОВ Александр Валерьевич,27,28.42,БУТАКОВ Юрий Павлович,22,23.16
Свердловская область,66,MUNICIPAL,mun_mm,"Муниципальный совет, многомандатный округ",Выборы депутатов Думы муниципального округа Карпинск девятого созыва,Четырехмандатный избирательный округ №1,1,4,7,482,453,448,1163,93.98,True,7.48,ШВЕЙЦЕР Юрий Рудольфович,237,20.38,БЕРЕТ Мария Васильевна,226,19.43,ГЛУХОВА Ольга Анатольевна,213,18.31
Свердловская область,66,MUNICIPAL,mun_mm,"Муниципальный совет, многомандатный округ",Выборы депутатов Думы муниципального округа Карпинск девятого созыва,Четырехмандатный избирательный округ №2,1,4,7,538,506,500,1222,94.05,True,3.11,БОБЫЛЕВА Ирина Олеговна,236,19.31,ВАКОРИНА Марина Евгеньевна,235,19.23,ПРИПОРОВА Анна Николаевна,226,18.49
Свердловская область,66,MUNICIPAL,mun_mm,"Муниципальный совет, многомандатный округ",Выборы депутатов Думы муниципального округа Карпинск девятого созыва,Четырехмандатный избирательный округ №3,1,4,10,560,530,526,1438,94.64,True,8.21,ИСАКОВА Елена Юрьевна,312,21.7,СВЕШНИКОВ Олег Григорьевич,279,19.4,ПАНЕВА Лариса Вячеславовна,247,17.18
Свердловская область,66,MUNICIPAL,mun_mm,"Муниципальный совет, многомандатный округ",Выборы депутатов Думы муниципального округа Карпинск девятого созыва,Четырехмандатный избирательный округ №4,1,4,10,475,440,431,1201,92.63,True,3.33,ЕРЕМЕЕВ Сергей Борисович,220,18.32,САФРОНОВА Ольга Владимировна,189,15.74,МАНАЦКАЯ Лариса Юрьевна,185,15.4
Свердловская область,66,MUNICIPAL,mun_mm,"Муниципальный совет, многомандатный округ",Выборы депутатов Думы муниципального округа Карпинск девятого созыва,Четырехмандатный избирательный округ №5,1,4,6,500,440,436,882,88.0,True,2.61,БУДЫЛИНА Татьяна Олеговна,183,20.75,РЕЗВАН Евгений Иванович,171,19.39,ПАНИНА Лия Борисовна,167,18.93
Свердловская область,66,MUNICIPAL,mun_mm,"Муниципальный совет, многомандатный округ",Выборы депутатов Думы муниципального округа Нижняя Салда Свердловской области восьмого созыва,Трехмандатный избирательный округ №1,1,3,7,307,291,289,531,94.79,True,2.64,ТИХОНОВ Евгений Николаевич,119,22.41,ПОТЕХИН Алексей Николаевич,115,21.66,ЗАКИРОВА Нина Николаевна,102,19.21
Свердловская область,66,MUNICIPAL,mun_mm,"Муниципальный совет, многомандатный округ",Выборы депутатов Думы муниципального округа Нижняя Салда Свердловской области восьмого созыва,Трехмандатный избирательный округ №2,1,3,8,341,317,311,583,92.96,True,1.37,ГУДКОВА Ольга Федоровна,134,22.98,МАЛЫШЕВА Ксения Вячеславовна,104,17.84,БЕССОНОВА Анастасия Петровна,93,15.95
Свердловская область,66,MUNICIPAL,mun_mm,"Муниципальный совет, многомандатный округ",Выборы депутатов Думы муниципального округа Нижняя Салда Свердловской области восьмого созыва,Трехмандатный избирательный округ №3,1,3,8,336,319,311,567,94.94,True,3.53,СЫСОЕВ Андрей Борисович,123,21.69,ХАБИБУЛИНА Мария Александровна,118,20.81,ВОЛКОВА Светлана Дмитриевна,96,16.93
Свердловская область,66,MUNICIPAL,mun_mm,"Муниципальный совет, многомандатный округ",Выборы депутатов Думы муниципального округа Нижняя Салда Свердловской области восьмого созыва,Трехмандатный избирательный округ №4,1,3,7,349,316,311,580,90.54,True,6.55,МАТВЕЕВА Елена Владимировна,132,22.76,МЕДВЕДЕВ Александр Васильевич,103,17.76,КОМПАНИЦ Виктор Павлович,101,17.41
Свердловская область,66,MUNICIPAL,mun_mm,"Муниципальный совет, многомандатный округ",Выборы депутатов Думы муниципального округа Нижняя Салда Свердловской области восьмого созыва,Трехмандатный избирательный округ №5,1,3,6,202,175,174,280,86.63,True,3.57,АЛЕКСАНДРОВ Александр Викторович,99,35.36,СУДАКОВА Мария Сергеевна,49,17.5,ХЛЕБНИКОВА Алёна Павловна,46,16.43
Свердловская область,66,MUNICIPAL,mun_mm,"Муниципальный совет, многомандатный округ",Выборы депутатов Думы муниципального округа Пелым восьмого созыва,Пятимандатный избирательный округ №1,1,5,7,134,128,126,284,95.52,True,3.17,СМИРНОВА Татьяна Александровна,67,23.59,ВЕТОШКИН Валентин Сергеевич,57,20.07,КУШНИР Наталья Павловна,47,16.55
Свердловская область,66,MUNICIPAL,mun_mm,"Муниципальный совет, многомандатный округ",Выборы депутатов Думы муниципального округа Пелым восьмого созыва,Пятимандатный избирательный округ №2,1,5,10,124,116,116,240,93.55,True,0.0,УЛЬЯНОВА Ирина Анатольевна,46,19.17,ШЕВЧЕНКО Ольга Анатольевна,39,16.25,ДАРОВСКИХ Татьяна Алексеевна,32,13.33
Свердловская область,66,MUNICIPAL,mun_mm,"Муниципальный совет, многомандатный округ",Выборы депутатов Думы муниципального округа Среднеуральск Свердловской области восьмого созыва,Трехмандатный избирательный округ №1,1,3,10,314,282,278,563,89.81,True,0.71,МИСЮКОВ Александр Сергеевич,93,16.52,ЯКОВЛЕВ Александр Михайлович,76,13.5,КИРШИНА Анна Евгеньевна,75,13.32
Свердловская область,66,MUNICIPAL,mun_mm,"Муниципальный совет, многомандатный округ",Выборы депутатов Думы муниципального округа Среднеуральск Свердловской области восьмого созыва,Трехмандатный избирательный округ №2,1,3,10,262,240,238,513,91.6,True,0.39,КУЛАГИНА Светлана Алексеевна,96,18.71,КАЛАШНИКОВА Елена Рудольфовна,93,18.13,КУЛАКОВ Сергей Владимирович,79,15.4
Свердловская область,66,MUNICIPAL,mun_mm,"Муниципальный совет, многомандатный округ",Выборы депутатов Думы муниципального округа Среднеуральск Свердловской области восьмого созыва,Трехмандатный избирательный округ №3,1,3,12,248,221,219,457,89.11,True,2.19,СЮЗЕВА Елена Сергеевна,89,19.47,ЧЕРЕПАНОВ Сергей Николаевич,58,12.69,КАСЬЯНЕНКО Андрей Алексеевич,53,11.6
Свердловская область,66,MUNICIPAL,mun_mm,"Муниципальный совет, многомандатный округ",Выборы депутатов Думы муниципального округа Среднеуральск Свердловской области восьмого созыва,Трехмандатный избирательный округ №4,1,3,11,275,243,242,507,88.36,True,3.55,МИХЕЕВ Игорь Анатольевич,84,16.57,ЛАПТЕВА Лариса Геннадьевна,79,15.58,ТУМАКОВ Кирилл Владимирович,77,15.19
Свердловская область,66,MUNICIPAL,mun_mm,"Муниципальный совет, многомандатный округ",Выборы депутатов Думы муниципального округа Среднеуральск Свердловской области восьмого созыва,Трехмандатный избирательный округ №5,1,3,10,343,311,306,655,90.67,True,5.95,РОН Наталья Викторовна,131,20.0,СИМИСИНОВА Татьяна Борисовна,131,20.0,АБАДЖЯН Арсен Матевосович,106,16.18
Свердловская область,66,MUNICIPAL,mun_mm,"Муниципальный совет, многомандатный округ",Выборы депутатов Думы муниципального округа Староуткинск Свердловской области восьмого созыва,Один десятимандатный избирательный округ,1,10,14,106,88,88,359,83.02,True,0.0,НИКИТИНА Любовь Геннадьевна,39,10.86,ШУЛЬГИНА Тамара Павловна,35,9.75,ЕФТИН Артём Александрович,33,9.19
Свердловская область,66,MUNICIPAL,mun_mm,"Муниципальный совет, многомандатный округ",Выборы депутатов Режевской Думы девятого созыва,Четырехмандатный избирательный округ №1,1,4,12,568,519,507,1255,91.37,True,1.12,ШАРОВА Марина Султановна,189,15.06,ЛАПОЧКИНА Татьяна Валерьевна,170,13.55,НИКОЛАЕВА Светлана Леонидовна,164,13.07
Свердловская область,66,MUNICIPAL,mun_mm,"Муниципальный совет, многомандатный округ",Выборы депутатов Режевской Думы девятого созыва,Четырехмандатный избирательный округ №2,1,4,15,501,440,437,1067,87.82,True,0.47,ШИШКАНОВА Светлана Валерьевна,128,12.0,ДЖАЛАЛОВ Леон Иванович,103,9.65,ПЕРШИН Александр Петрович,97,9.09
Свердловская область,66,MUNICIPAL,mun_mm,"Муниципальный совет, многомандатный округ",Выборы депутатов Режевской Думы девятого созыва,Четырехмандатный избирательный округ №3,1,4,19,482,433,423,1124,89.83,True,0.18,БОЯРСКИХ Иван Витальевич,143,12.72,ТЕТЕРИНА Екатерина Александровна,97,8.63,СУРНИН Руслан Валерьевич,89,7.92
Свердловская область,66,MUNICIPAL,mun_mm,"Муниципальный совет, многомандатный округ",Выборы депутатов Режевской Думы девятого созыва,Четырехмандатный избирательный округ №4,1,4,22,465,413,409,1141,88.82,True,0.44,МИНЕЕВ Константин Андреевич,117,10.25,КОРОБЕЙНИКОВА Ирина Геннадьевна,113,9.9,НЕШАТАЕВ Геннадий Леонидович,106,9.29
Свердловская область,66,MUNICIPAL,mun_mm,"Муниципальный совет, многомандатный округ",Выборы депутатов Режевской Думы девятого созыва,Четырехмандатный избирательный округ №5,1,4,16,492,444,438,1132,90.24,True,0.71,СУРНИН Евгений Витальевич,146,12.9,САГАН Елена Николаевна,111,9.81,ШЕЛКОВАЯ Юлия Николаевна,99,8.75
Свердловская область,66,MUNICIPAL,mun_mm,"Муниципальный совет, многомандатный округ",Выборы депутатов Таборинской районной Думы восьмого созыва,Многомандатный избирательный округ № 1,1,5,8,80,73,72,153,91.25,True,0.65,БАУЭР Юрий Константинович,32,20.92,СКВОРЦОВА Любовь Николаевна,25,16.34,СТЕПАНОВА Валентина Валентиновна,25,16.34
Свердловская область,66,MUNICIPAL,mun_mm,"Муниципальный совет, многомандатный округ",Выборы депутатов Таборинской районной Думы восьмого созыва,Многомандатный избирательный округ № 2,1,5,9,83,76,75,204,91.57,True,3.92,КРЕКТУНОВА Нина Леонидовна,43,21.08,ПЕТРЕНКО Алексей Петрович,29,14.22,КРЕКТУНОВА Мария Александровна,28,13.73
Свердловская область,66,MUNICIPAL,mun_mm,"Муниципальный совет, многомандатный округ",Выборы депутатов Таборинской районной Думы восьмого созыва,Многомандатный избирательный округ № 3,1,5,7,69,64,62,125,92.75,True,2.4,ЗАЙЦЕВА Евгения Васильевна,32,25.6,ШУРУХНОВА Наталия Васильевна,20,16.0,СОКОЛОВСКИЙ Сергей Александрович,18,14.4
Свердловская область,66,MUNICIPAL,mun_mm,"Муниципальный совет, многомандатный округ",Дополнительные выборы депутатов Думы городского округа Верхняя Пышма по пятимандатному избирательному округу № 3,Пятимандатный избирательный округ №3,1,2,7,2156,2000,1970,2876,92.76,True,11.34,БЕРСЕНЕВ Андрей Сергеевич,836,29.07,ЗАРЫГИН Александр Александрович,684,23.78,ЗИАТДИНОВ Ринат Фирдинатович,358,12.45
Свердловская область,66,REGIONAL,reg_pl,"Заксобрание, партсписок",Выборы депутатов Законодательного Собрания Свердловской области,,98,1,5,332008,301437,298402,298402,90.79,True,24.69,Единая Россия,133356,44.69,Новые люди,59680,20.0,КПРФ,41629,13.95
Свердловская область,66,REGIONAL,reg_sm,"Заксобрание, одномандатный округ",Выборы депутатов Законодательного Собрания Свердловской области,Алапаевский,1,1,6,9771,8841,8719,8719,90.48,True,29.56,СТАРКОВ Евгений Вадимович,3982,45.67,КОСТИН Константин Васильевич,1405,16.11,НАУМИК Ольга Викторовна,1035,11.87
Свердловская область,66,REGIONAL,reg_sm,"Заксобрание, одномандатный округ",Выборы депутатов Законодательного Собрания Свердловской области,Асбестовский,1,1,5,12906,11638,11478,11478,90.18,True,21.7,ЗУБАРЕВ Михаил Валерьевич,5040,43.91,ШАБАНОВ Евгений Михайлович,2549,22.21,МУСАЛЬНИКОВА Наталья Владимировна,1983,17.28
Свердловская область,66,REGIONAL,reg_sm,"Заксобрание, одномандатный округ",Выборы депутатов Законодательного Собрания Свердловской области,Белоярский,1,1,6,12449,11096,10937,10937,89.13,True,27.37,ВЕГНЕР Вячеслав Михайлович,4367,39.93,ПОПОВ Евгений Семенович,1374,12.56,КАЗАНЦЕВ Захар Андреевич,1362,12.45
Свердловская область,66,REGIONAL,reg_sm,"Заксобрание, одномандатный округ",Выборы депутатов Законодательного Собрания Свердловской области,Березовский,1,1,5,14870,13619,13433,13433,91.59,True,34.6,ПИСЦОВ Евгений Рудольфович,6599,49.13,БУРМАК Екатерина Андреевна,1951,14.52,КРАЕВ Рант Кароевич,1934,14.4
Свердловская область,66,REGIONAL,reg_sm,"Заксобрание, одномандатный округ",Выборы депутатов Законодательного Собрания Свердловской области,Богдановичский,1,1,6,8797,7896,7829,7829,89.76,True,39.38,БАБУШКИНА Людмила Валентиновна,4051,51.74,ЛЫЖИН Владимир Афонасьевич,968,12.36,ХРУНЕВ Виктор Андреевич,799,10.21
Свердловская область,66,REGIONAL,reg_sm,"Заксобрание, одномандатный округ",Выборы депутатов Законодательного Собрания Свердловской области,Верх-Исетский,1,1,5,16100,14653,14465,14465,91.01,True,20.13,МЕЛЕХИН Сергей Владимирович,6047,41.8,ВИНОГРАДОВА Ирина Маратовна,3135,21.67,НИКОЛАЕВ Николай Николаевич,2062,14.26
Свердловская область,66,REGIONAL,reg_sm,"Заксобрание, одномандатный округ",Выборы депутатов Законодательного Собрания Свердловской области,Верхнепышминский,1,1,6,13676,12483,12336,12336,91.28,True,32.9,СМИРНОВ Алексей Николаевич,6024,48.83,ОРЛОВА Олеся Владимировна,1965,15.93,ЩЕПИН Андрей Юрьевич,1372,11.12
Свердловская область,66,REGIONAL,reg_sm,"Заксобрание, одномандатный округ",Выборы депутатов Законодательного Собрания Свердловской области,Дзержинский,1,1,5,13319,11898,11746,11746,89.33,True,19.52,РОЩУПКИН Владимир Николаевич,4944,42.09,БОЯРКИН Михаил Валентинович,2651,22.57,МЕДВЕДЕВ Александр Олегович,1784,15.19
Свердловская область,66,REGIONAL,reg_sm,"Заксобрание, одномандатный округ",Выборы депутатов Законодательного Собрания Свердловской области,Железнодорожный,1,1,6,15104,13792,13624,13624,91.31,True,19.64,НОЖЕНКО Дмитрий Юрьевич,5044,37.02,КАРГИН Павел Алексеевич,2368,17.38,СИЛИВОНЧИК Елена Николаевна,1808,13.27
Свердловская область,66,REGIONAL,reg_sm,"Заксобрание, одномандатный округ",Выборы депутатов Законодательного Собрания Свердловской области,Ирбитский,1,1,4,10117,9292,9167,9167,91.85,True,32.81,БАЧЕРИКОВ Григорий Александрович,4768,52.01,ИЛЬИНЫХ Илья Владимирович,1760,19.2,БАЖЕНОВА Наталья Александровна,1358,14.81
Свердловская область,66,REGIONAL,reg_sm,"Заксобрание, одномандатный округ",Выборы депутатов Законодательного Собрания Свердловской области,Каменск-Уральский,1,1,4,12973,12007,11874,11874,92.55,True,15.73,ЯКИМОВ Виктор Васильевич,4721,39.76,БИКТАШЕВ Руслан Талипович,2853,24.03,БАХАРЕВА Ольга Владимировна,2538,21.37
Свердловская область,66,REGIONAL,reg_sm,"Заксобрание, одномандатный округ",Выборы депутатов Законодательного Собрания Свердловской области,Кировский,1,1,4,14479,13264,13092,13092,91.61,True,23.54,КЛИМЕНКО Михаил Николаевич,6032,46.07,БОСЫХ Александр Александрович,2950,22.53,ПЛЕЧКО Олеся Александровна,2567,19.61
Свердловская область,66,REGIONAL,reg_sm,"Заксобрание, одномандатный округ",Выборы депутатов Законодательного Собрания Свердловской области,Краснотурьинский,1,1,5,13748,12514,12367,12367,91.02,True,25.33,СОКОЛЮК Петр Михайлович,5449,44.06,НИКИТИН Алексей Леонидович,2316,18.73,ШИРОКИХ Юрий Николаевич,1815,14.68
Свердловская область,66,REGIONAL,reg_sm,"Заксобрание, одномандатный округ",Выборы депутатов Законодательного Собрания Свердловской области,Красноуральский,1,1,6,14259,13116,12965,12965,91.98,True,29.39,ЖАМИЛОВ Сергей Альбертович,5962,45.99,МОЛОКОВ Валерий Юрьевич,2151,16.59,НОВИКОВ Роман Андреевич,1509,11.64
Свердловская область,66,REGIONAL,reg_sm,"Заксобрание, одномандатный округ",Выборы депутатов Законодательного Собрания Свердловской области,Красноуфимский,1,1,5,9507,8497,8391,8391,89.38,True,26.09,АБЗАЛОВ Альберт Феликсович,3903,46.51,МЕДОВ Сергей Викторович,1714,20.43,ФОМИН Алексей Викторович,1377,16.41
Свердловская область,66,REGIONAL,reg_sm,"Заксобрание, одномандатный округ",Выборы депутатов Законодательного Собрания Свердловской области,Ленинский,1,1,6,17452,15955,15752,15752,91.42,True,33.37,МАСЛАКОВ Виктор Викторович,7574,48.08,ДЫМШАКОВ Дмитрий Сергеевич,2317,14.71,КАРАКОЗ Денис Викторович,1549,9.83
Свердловская область,66,REGIONAL,reg_sm,"Заксобрание, одномандатный округ",Выборы депутатов Законодательного Собрания Свердловской области,Ленинский города Нижний Тагил,1,1,5,10840,9786,9666,9666,90.28,True,21.73,ПОГУДИН Вячеслав Викторович,3874,40.08,ГЛЕБОВ Дмитрий Михайлович,1774,18.35,ВАСИНА Екатерина Михайловна,1530,15.83
Свердловская область,66,REGIONAL,reg_sm,"Заксобрание, одномандатный округ",Выборы депутатов Законодательного Собрания Свердловской области,Октябрьский,1,1,6,13392,12162,11996,11996,90.82,True,31.18,ЗЯБЛИЦЕВ Евгений Геннадьевич,5576,46.48,АРТЮХ Арсений Евгеньевич,1836,15.31,ХАВАНЦЕВ Денис Анатольевич,1290,10.75
Свердловская область,66,REGIONAL,reg_sm,"Заксобрание, одномандатный округ",Выборы депутатов Законодательного Собрания Свердловской области,Орджоникидзевский,1,1,6,15010,13767,13582,13582,91.72,True,39.67,ШИПУЛИН Антон Владимирович,7084,52.16,ЗАКИРОВА Татьяна Михайловна,1696,12.49,ЛЕЖАНКИН Никита Дмитриевич,1658,12.21
Свердловская область,66,REGIONAL,reg_sm,"Заксобрание, одномандатный округ",Выборы депутатов Законодательного Собрания Свердловской области,Первоуральский,1,1,5,15020,13582,13389,13389,90.43,True,14.84,БУЛАТОВ Павел Леонидович,4654,34.76,ПАНАСЕНКО Александр Владимирович,2667,19.92,АРЖАННИКОВА Марина Викторовна,2427,18.13
Свердловская область,66,REGIONAL,reg_sm,"Заксобрание, одномандатный округ",Выборы депутатов Законодательного Собрания Свердловской области,Ревдинский,1,1,6,11396,10015,9873,9873,87.88,True,37.39,СЕРЕБРЕННИКОВ Александр Васильевич,4793,48.55,АНТОНЕНКО Максим Александрович,1101,11.15,ТЮРИКОВ Александр Александрович,1099,11.13
Свердловская область,66,REGIONAL,reg_sm,"Заксобрание, одномандатный округ",Выборы депутатов Законодательного Собрания Свердловской области,Серовский,1,1,5,12612,11470,11332,11332,90.95,True,28.89,ЖУКОВ Дмитрий Геннадьевич,5366,47.35,ЧУДОВ Игорь Владимирович,2092,18.46,ШАРАПОВ Антон Александрович,1944,17.15
Свердловская область,66,REGIONAL,reg_sm,"Заксобрание, одномандатный округ",Выборы депутатов Законодательного Собрания Свердловской области,Сысертский,1,1,6,13752,12398,12211,12211,90.15,True,24.84,КАРЯКИН Сергей Васильевич,4852,39.73,КУНЦЕВИЧ Любовь Андреевна,1819,14.9,ГОРДЕЕВ Олег Сергеевич,1816,14.87
Свердловская область,66,REGIONAL,reg_sm,"Заксобрание, одномандатный округ",Выборы депутатов Законодательного Собрания Свердловской области,Тагилстроевский,1,1,6,14154,12854,12710,12710,90.82,True,21.86,РАДАЕВ Владимир Григорьевич,4783,37.63,ТРАЧУК Федор Михайлович,2005,15.77,ЛИФАНОВ Евгений Юрьевич,1694,13.33
Свердловская область,66,REGIONAL,reg_sm,"Заксобрание, одномандатный округ",Выборы депутатов Законодательного Собрания Свердловской области,Чкаловский,1,1,6,16305,14842,14636,14636,91.03,True,22.65,ПАВЛЕНКО Сергей Александрович,5738,39.2,ОСИНЦЕВ Михаил Дмитриевич,2423,16.56,ИВАЧЕВА Виктория Михайловна,2321,15.86
Смоленская область,67,FEDERAL,duma_sm,"Госдума, одномандатный округ",Выборы депутатов Государственной Думы Федерального Собрания Российской Федерации девятого созыва,Смоленская область – Смоленский,29,1,7,109037,102067,101291,101291,93.61,True,5.75,БАБАКОВ Александр Михайлович,31988,31.58,ЯКИМОВ Сергей Сергеевич,26168,25.83,ВОЙТОВ Алексей Михайлович,14037,13.86
Смоленская область,67,FEDERAL,duma_pl,"Госдума, партсписок",Выборы депутатов Государственной Думы Федерального Собрания Российской Федерации девятого созыва,,29,1,10,109037,102067,101847,101847,93.61,True,40.13,Единая Россия,55669,54.66,Новые люди,14793,14.52,ЛДПР,10097,9.91
Томская область,70,FEDERAL,duma_sm,"Госдума, одномандатный округ",Выборы депутатов Государственной Думы Федерального Собрания Российской Федерации девятого созыва,Томская область – Томский,23,1,6,96431,87721,86977,86977,90.97,True,19.91,ЛЕОНТЬЕВ Илья Алексеевич,34446,39.6,НЕМЦЕВА Галина Григорьевна,17127,19.69,ЧОЛАХЯН Владимир Тамазович,10872,12.5
Томская область,70,FEDERAL,duma_pl,"Госдума, партсписок",Выборы депутатов Государственной Думы Федерального Собрания Российской Федерации девятого созыва,,23,1,10,96431,87721,87359,87359,90.97,True,33.74,Единая Россия,43224,49.48,Новые люди,13753,15.74,КПРФ,10027,11.48
Томская область,70,MUNICIPAL,mun_mm,"Муниципальный совет, многомандатный округ",Выборы депутатов Совета Молчановского сельского поселения шестого созыва,Пятимандатный избирательный округ №1,1,5,12,312,296,290,601,94.87,True,0.33,САДОВНИКОВА Лилия Анатольевна,112,18.64,ШЕЛУДЯКОВ Никита Сергеевич,98,16.31,АНТОНЕНКО Игорь Петрович,63,10.48
Томская область,70,MUNICIPAL,mun_mm,"Муниципальный совет, многомандатный округ",Выборы депутатов Совета Молчановского сельского поселения шестого созыва,Пятимандатный избирательный округ №2,1,5,8,296,278,276,513,93.92,True,4.68,БЕРГ Дарья Юрьевна,105,20.47,ГАЛУЗО Валентина Александровна,102,19.88,СЫСОЕВ Владимир Геннадьевич,93,18.13
Томская область,70,MUNICIPAL,mun_sm,"Муниципальный совет, одномандатный округ",Дополнительные выборы депутата Думы Каргасокского района седьмого созыва по двухмандатному избирательному округу №4,Четвертый,1,1,2,113,99,98,98,87.61,True,18.37,ВИНОКУРОВ Сергей Сергеевич,58,59.18,КАНДАУРОВ Евгений Валерьевич,40,40.82,,,
Томская область,70,MUNICIPAL,mun_mm,"Муниципальный совет, многомандатный округ",Дополнительные выборы депутатов Совета Зональненского сельского поселения шестого созыва по пятимандатному избирательному округу № 3,Пятимандатный избирательный округ № 3,1,2,6,1100,1019,1010,1485,92.64,True,5.39,МЕЙРАН Светлана Ивановна,455,30.64,КОМАРОВ Илья Андреевич,384,25.86,ГЛАЗКИН Сергей Николаевич,304,20.47
Томская область,70,REGIONAL,reg_pl,"Заксобрание, партсписок",Выборы депутатов Законодательной Думы Томской области восьмого созыва,,21,1,5,96431,87721,86858,86858,90.97,True,29.3,Единая Россия,40943,47.14,Новые люди,15497,17.84,КПРФ,11735,13.51
Томская область,70,REGIONAL,reg_sm,"Заксобрание, одномандатный округ",Выборы депутатов Законодательной Думы Томской области восьмого созыва,ОДНОМАНДАТНЫЙ ИЗБИРАТЕЛЬНЫЙ ОКРУГ № 1,1,1,5,4538,4146,4097,4097,91.36,True,29.68,ПУШКАРЕВ Иван Иванович,1982,48.38,ПЕРВУШИНА Инга Владимировна,766,18.7,ТЕСТОВА Наталия Юрьевна,746,18.21
Томская область,70,REGIONAL,reg_sm,"Заксобрание, одномандатный округ",Выборы депутатов Законодательной Думы Томской области восьмого созыва,ОДНОМАНДАТНЫЙ ИЗБИРАТЕЛЬНЫЙ ОКРУГ № 10,1,1,6,7954,7369,7300,7300,92.65,True,38.68,КОТОВ Сергей Алексеевич,3632,49.75,ЗАЖИЦКАЯ Наталья Юрьевна,808,11.07,БРОДСКИЙ Владимир Маркович,770,10.55
Томская область,70,REGIONAL,reg_sm,"Заксобрание, одномандатный округ",Выборы депутатов Законодательной Думы Томской области восьмого созыва,ОДНОМАНДАТНЫЙ ИЗБИРАТЕЛЬНЫЙ ОКРУГ № 11,1,1,6,6650,6125,6049,6049,92.11,True,19.57,ОСИПЦОВ Валерий Николаевич,2402,39.71,РОСТОВЦЕВ Александр Валерьевич,1218,20.14,СЫРКИН Евгений Николаевич,716,11.84
Томская область,70,REGIONAL,reg_sm,"Заксобрание, одномандатный округ",Выборы депутатов Законодательной Думы Томской области восьмого созыва,ОДНОМАНДАТНЫЙ ИЗБИРАТЕЛЬНЫЙ ОКРУГ № 12,1,1,5,3900,3604,3565,3565,92.41,True,34.36,ДЯГИЛЕВ Максим Александрович,1830,51.33,СОЛОМИН Станислав Альбертович,605,16.97,ГАЗИЗОВ Денис Рифович,530,14.87
Томская область,70,REGIONAL,reg_sm,"Заксобрание, одномандатный округ",Выборы депутатов Законодательной Думы Томской области восьмого созыва,ОДНОМАНДАТНЫЙ ИЗБИРАТЕЛЬНЫЙ ОКРУГ № 13,1,1,5,4544,4046,3980,3980,89.04,True,13.64,НИКУЛ Андрей Александрович,1464,36.78,ГАЛИМОВ-ЕРМАК Константин Викторович,921,23.14,РАДИОНОВА Екатерина Ивановна,615,15.45
Томская область,70,REGIONAL,reg_sm,"Заксобрание, одномандатный округ",Выборы депутатов Законодательной Думы Томской области восьмого созыва,ОДНОМАНДАТНЫЙ ИЗБИРАТЕЛЬНЫЙ ОКРУГ № 14,1,1,5,4606,4055,4013,4013,88.04,True,30.48,КОЗЛОВСКАЯ Оксана Витальевна,1950,48.59,СТЕПЫКИН Евгений Витальевич,727,18.12,КОРНЯКОВ Андрей Олегович,592,14.75
Томская область,70,REGIONAL,reg_sm,"Заксобрание, одномандатный округ",Выборы депутатов Законодательной Думы Томской области восьмого созыва,ОДНОМАНДАТНЫЙ ИЗБИРАТЕЛЬНЫЙ ОКРУГ № 15,1,1,4,4620,4150,4099,4099,89.83,True,28.54,БАТРАГАРЕЕВ Игорь Юрьевич,2020,49.28,РАДЧЕНКО Софья Андреевна,850,20.74,МИШИН Сергей Владимирович,680,16.59
Томская область,70,REGIONAL,reg_sm,"Заксобрание, одномандатный округ",Выборы депутатов Законодательной Думы Томской области восьмого созыва,ОДНОМАНДАТНЫЙ ИЗБИРАТЕЛЬНЫЙ ОКРУГ № 16,1,1,5,5699,5191,5124,5124,91.09,True,13.99,ДРОЗДОВ Юрий Викторович,1987,38.78,УСТИНОВА Мария Владимировна,1270,24.79,ГЛАЗКОВ Сергей Владимирович,875,17.08
Томская область,70,REGIONAL,reg_sm,"Заксобрание, одномандатный округ",Выборы депутатов Законодательной Думы Томской области восьмого созыва,ОДНОМАНДАТНЫЙ ИЗБИРАТЕЛЬНЫЙ ОКРУГ № 17,1,1,5,2771,2475,2441,2441,89.32,True,22.94,КАДАШНИКОВ Дмитрий Михайлович,1038,42.52,ПЕТРОВА Дарья Андреевна,478,19.58,САДОВИК Владимир Леонидович,392,16.06
Томская область,70,REGIONAL,reg_sm,"Заксобрание, одномандатный округ",Выборы депутатов Законодательной Думы Томской области восьмого созыва,ОДНОМАНДАТНЫЙ ИЗБИРАТЕЛЬНЫЙ ОКРУГ № 18,1,1,5,2899,2515,2478,2478,86.75,True,33.58,СЕРГЕЕНКО Геннадий Николаевич,1173,47.34,КУХАЛЬСКИЙ Сергей Борисович,341,13.76,КУЛЕШ Алексей Александрович,328,13.24
Томская область,70,REGIONAL,reg_sm,"Заксобрание, одномандатный округ",Выборы депутатов Законодательной Думы Томской области восьмого созыва,ОДНОМАНДАТНЫЙ ИЗБИРАТЕЛЬНЫЙ ОКРУГ № 19,1,1,6,5613,5104,5044,5044,90.93,True,28.73,СОБКАНЮК Екатерина Мефодиевна,2255,44.71,ГУБИН Александр Сергеевич,806,15.98,СИТНИКОВА Наталья Владимировна,683,13.54
Томская область,70,REGIONAL,reg_sm,"Заксобрание, одномандатный округ",Выборы депутатов Законодательной Думы Томской области восьмого созыва,ОДНОМАНДАТНЫЙ ИЗБИРАТЕЛЬНЫЙ ОКРУГ № 2,1,1,5,4174,3827,3775,3775,91.69,True,21.38,РЕЗНИКОВ Владимир Тихонович,1576,41.75,ЦИН-ДЭ-ШАНЬ Александр Андреевич,769,20.37,СТЕПИЧЕВ Роман Валерьевич,596,15.79
Томская область,70,REGIONAL,reg_sm,"Заксобрание, одномандатный округ",Выборы депутатов Законодательной Думы Томской области восьмого созыва,ОДНОМАНДАТНЫЙ ИЗБИРАТЕЛЬНЫЙ ОКРУГ № 20,1,1,5,3537,3232,3202,3202,91.38,True,31.42,ЯВРУМЯН Паруйр Амаякович,1530,47.78,ПИРОГОВА Дарья Геннадьевна,524,16.36,ГОЛУБОВСКИЙ Юрий Петрович,503,15.71
Томская область,70,REGIONAL,reg_sm,"Заксобрание, одномандатный округ",Выборы депутатов Законодательной Думы Томской области восьмого созыва,ОДНОМАНДАТНЫЙ ИЗБИРАТЕЛЬНЫЙ ОКРУГ № 21,1,1,5,2090,1883,1854,1854,90.1,True,22.92,НИКУЛИН Дмитрий Васильевич,742,40.02,ФЁДОРОВ Алексей Геннадьевич,317,17.1,БАЖИНА Марина Евгеньевна,312,16.83
Томская область,70,REGIONAL,reg_sm,"Заксобрание, одномандатный округ",Выборы депутатов Законодательной Думы Томской области восьмого созыва,ОДНОМАНДАТНЫЙ ИЗБИРАТЕЛЬНЫЙ ОКРУГ № 3,1,1,4,4720,4341,4289,4289,91.97,True,14.71,ГРАБЦЕВИЧ Ирина Борисовна,1871,43.62,НЕМЦЕВА Галина Григорьевна,1240,28.91,ЧУНАРЁВ Александр Андреевич,800,18.65
Томская область,70,REGIONAL,reg_sm,"Заксобрание, одномандатный округ",Выборы депутатов Законодательной Думы Томской области восьмого созыва,ОДНОМАНДАТНЫЙ ИЗБИРАТЕЛЬНЫЙ ОКРУГ № 4,1,1,5,4716,4334,4287,4287,91.9,True,31.02,АВТОМОНОВ Сергей Борисович,1997,46.58,ПОЛОНЯНКИН Юрий Сергеевич,667,15.56,РУДЕНКО Снежана Владимировна,640,14.93
Томская область,70,REGIONAL,reg_sm,"Заксобрание, одномандатный округ",Выборы депутатов Законодательной Думы Томской области восьмого созыва,ОДНОМАНДАТНЫЙ ИЗБИРАТЕЛЬНЫЙ ОКРУГ № 5,1,1,6,4342,3911,3858,3858,90.07,True,28.75,ПРАВДИН Олег Георгиевич,1768,45.83,САННИКОВА Анна Александровна,659,17.08,САВИЦКИЙ Алексей Николаевич,385,9.98
Томская область,70,REGIONAL,reg_sm,"Заксобрание, одномандатный округ",Выборы депутатов Законодательной Думы Томской области восьмого созыва,ОДНОМАНДАТНЫЙ ИЗБИРАТЕЛЬНЫЙ ОКРУГ № 6,1,1,5,4300,3885,3838,3838,90.35,True,22.67,АСТАПЕНКО Павел Андреевич,1577,41.09,БЕРЕЗОВИКОВ Сергей Иванович,707,18.42,АЛИМПИЕВ Дмитрий Олегович,610,15.89
Томская область,70,REGIONAL,reg_sm,"Заксобрание, одномандатный округ",Выборы депутатов Законодательной Думы Томской области восьмого созыва,ОДНОМАНДАТНЫЙ ИЗБИРАТЕЛЬНЫЙ ОКРУГ № 7,1,1,3,4483,4105,4053,4053,91.57,True,13.3,КРАСНИЦКАЯ Наталья Викторовна,1947,48.04,ПЕТРОВ Андрей Геннадьевич,1408,34.74,КОСТЫРИНА Диана Игоревна,698,17.22
Томская область,70,REGIONAL,reg_sm,"Заксобрание, одномандатный округ",Выборы депутатов Законодательной Думы Томской области восьмого созыва,ОДНОМАНДАТНЫЙ ИЗБИРАТЕЛЬНЫЙ ОКРУГ № 8,1,1,5,4763,4368,4309,4309,91.71,True,34.02,ПАНОВ Сергей Юрьевич,2192,50.87,СОЛОВЬЕВ Вячеслав Вячеславович,726,16.85,ПОЛЕВЕЧКО Александр Михайлович,609,14.13
Томская область,70,REGIONAL,reg_sm,"Заксобрание, одномандатный округ",Выборы депутатов Законодательной Думы Томской области восьмого созыва,ОДНОМАНДАТНЫЙ ИЗБИРАТЕЛЬНЫЙ ОКРУГ № 9,1,1,5,5512,5055,4997,4997,91.71,True,31.9,СТЕПАНОВ Игорь Ардалионович,2424,48.51,РЕХТИНА Екатерина Александровна,830,16.61,ЮДЕНКО Павел Николаевич,593,11.87
Удмуртская Республика,18,FEDERAL,duma_sm,"Госдума, одномандатный округ",Выборы депутатов Государственной Думы Федерального Собрания Российской Федерации девятого созыва,Удмуртская Республика – Ижевский,18,1,8,69938,65229,64657,64657,93.27,True,35.09,ГАРИН Олег Владимирович,32328,50.0,БАЛАХОНЦЕВ Юрий Анатольевич,9643,14.91,ШЕСТАКОВ Станислав Семенович,8347,12.91
Удмуртская Республика,18,FEDERAL,duma_sm,"Госдума, одномандатный округ",Выборы депутатов Государственной Думы Федерального Собрания Российской Федерации девятого созыва,Удмуртская Республика – Удмуртский,17,1,6,66612,62089,61506,61506,93.21,True,27.2,ИСАЕВ Андрей Константинович,28202,45.85,ЖУРАВЛЕВА Татьяна Сергеевна,11474,18.66,ГВОЗДАК Иван Михайлович,8644,14.05
Удмуртская Республика,18,FEDERAL,duma_pl,"Госдума, партсписок",Выборы депутатов Государственной Думы Федерального Собрания Российской Федерации девятого созыва,,35,1,10,136550,127318,126907,126907,93.24,True,37.72,Единая Россия,67564,53.24,Новые люди,19695,15.52,КПРФ,14884,11.73
Удмуртская Республика,18,MUNICIPAL,mun_pl,"Муниципальный совет, партсписок","Выборы депутатов Совета депутатов муниципального образования ""Муниципальный округ Алнашский район Удмуртской Республики"" второго созыва",,14,1,5,1930,1844,1828,1828,95.54,True,56.67,Единая Россия,1261,68.98,КПРФ,225,12.31,Новые люди,174,9.52
Удмуртская Республика,18,MUNICIPAL,mun_sm,"Муниципальный совет, одномандатный округ","Выборы депутатов Совета депутатов муниципального образования ""Муниципальный округ Алнашский район Удмуртской Республики"" второго созыва",Азаматовский,1,1,4,127,123,122,122,96.85,True,50.0,КРУТИКОВ Анатолий Николаевич,84,68.85,УТРОБИН Александр Валерьевич,23,18.85,ЕРОШКИНА Лариса Антоновна,12,9.84
Удмуртская Республика,18,MUNICIPAL,mun_sm,"Муниципальный совет, одномандатный округ","Выборы депутатов Совета депутатов муниципального образования ""Муниципальный округ Алнашский район Удмуртской Республики"" второго созыва",Асановский,1,1,3,129,122,121,121,94.57,True,45.45,НИКОЛАЕВ Николай Геннадьевич,82,67.77,КОЛЕСНИКОВ Александр Николаевич,27,22.31,ЧИРКОВ Антон Андреевич,12,9.92
Удмуртская Республика,18,MUNICIPAL,mun_sm,"Муниципальный совет, одномандатный округ","Выборы депутатов Совета депутатов муниципального образования ""Муниципальный округ Алнашский район Удмуртской Республики"" второго созыва",Байтеряковский,1,1,4,123,117,116,116,95.12,True,50.0,БАРАНОВА Людмила Владимировна,83,71.55,ТИМАШЕВ Игорь Валерьевич,25,21.55,КОЛЕСНИКОВ Богдан Русланович,6,5.17
Удмуртская Республика,18,MUNICIPAL,mun_sm,"Муниципальный совет, одномандатный округ","Выборы депутатов Совета депутатов муниципального образования ""Муниципальный округ Алнашский район Удмуртской Республики"" второго созыва",Варзи-Ятчинский,1,1,2,100,95,92,92,95.0,True,63.04,АКСАРЕЕВ Алексей Николаевич,75,81.52,СЕРДЮК Анастасия Александровна,17,18.48,,,
Удмуртская Республика,18,MUNICIPAL,mun_sm,"Муниципальный совет, одномандатный округ","Выборы депутатов Совета депутатов муниципального образования ""Муниципальный округ Алнашский район Удмуртской Республики"" второго созыва",Восточный,1,1,3,189,179,176,176,94.71,True,61.93,ВАСИЛЬЕВ Дмитрий Иванович,133,75.57,МЕЛЬНИКОВ Иван Рудольфович,24,13.64,БЕРКУТОВ Павел Александрович,19,10.8
Удмуртская Республика,18,MUNICIPAL,mun_sm,"Муниципальный совет, одномандатный округ","Выборы депутатов Совета депутатов муниципального образования ""Муниципальный округ Алнашский район Удмуртской Республики"" второго созыва",Западный,1,1,4,169,164,160,160,97.04,True,22.5,ЧЕРНЫШЕВ Алексей Александрович,82,51.25,КОРНЕВ Александр Фадеевич,46,28.75,ЗАЙЦЕВА Анастасия Ивановна,27,16.88
Удмуртская Республика,18,MUNICIPAL,mun_sm,"Муниципальный совет, одномандатный округ","Выборы депутатов Совета депутатов муниципального образования ""Муниципальный округ Алнашский район Удмуртской Республики"" второго созыва",Кузебаевский,1,1,3,92,89,89,89,96.74,True,32.58,ЗЛОБИН Андрей Валерьевич,55,61.8,КРАСИЛЬНИКОВ Иван Геннадиевич,26,29.21,БОГАТЫРЕВ Константин Олегович,8,8.99
Удмуртская Республика,18,MUNICIPAL,mun_sm,"Муниципальный совет, одномандатный округ","Выборы депутатов Совета депутатов муниципального образования ""Муниципальный округ Алнашский район Удмуртской Республики"" второго созыва",Лялинский,1,1,4,99,98,96,96,98.99,True,65.62,ЛЕБЕДЕВ Алексей Вячеславович,75,78.12,КОНЮХОВ Николай Петрович,12,12.5,ШАМШУРИН Владислав Константинович,6,6.25
Удмуртская Республика,18,MUNICIPAL,mun_sm,"Муниципальный совет, одномандатный округ","Выборы депутатов Совета депутатов муниципального образования ""Муниципальный округ Алнашский район Удмуртской Республики"" второго созыва",Писеевский,1,1,4,148,138,136,136,93.24,True,72.79,МИХАЙЛОВ Николай Иванович,111,81.62,ВЕЛИЧИНСКИЙ Андрей Сергеевич,12,8.82,ФУРДЬ Мирослав Станиславович,9,6.62
Удмуртская Республика,18,MUNICIPAL,mun_sm,"Муниципальный совет, одномандатный округ","Выборы депутатов Совета депутатов муниципального образования ""Муниципальный округ Алнашский район Удмуртской Республики"" второго созыва",Северный,1,1,4,188,179,177,177,95.21,True,44.07,ЧИБУГАЕВ Александр Николаевич,115,64.97,ЗОТОВ Максим Вячеславович,37,20.9,КЛЮЕВ Михаил Александрович,14,7.91
Удмуртская Республика,18,MUNICIPAL,mun_sm,"Муниципальный совет, одномандатный округ","Выборы депутатов Совета депутатов муниципального образования ""Муниципальный округ Алнашский район Удмуртской Республики"" второго созыва",Староутчанский,1,1,4,148,140,138,138,94.59,True,23.91,ПОСАДОВ Олег Владиславович,81,58.7,КУТЕЕВА Юлия Геннадьевна,48,34.78,КОЛУПАЕВА Дарья Александровна,5,3.62
Удмуртская Республика,18,MUNICIPAL,mun_sm,"Муниципальный совет, одномандатный округ","Выборы депутатов Совета депутатов муниципального образования ""Муниципальный округ Алнашский район Удмуртской Республики"" второго созыва",Техникумовский,1,1,4,122,118,118,118,96.72,True,62.71,КАНИШИНА Мария Анатольевна,93,78.81,БУДНИК Анна Алексеевна,19,16.1,АСТРАХАНЦЕВ Артем Александрович,5,4.24
Удмуртская Республика,18,MUNICIPAL,mun_sm,"Муниципальный совет, одномандатный округ","Выборы депутатов Совета депутатов муниципального образования ""Муниципальный округ Алнашский район Удмуртской Республики"" второго созыва",Тоймобашский,1,1,3,129,122,120,120,94.57,True,70.83,ДЕНИСОВА Татьяна Семеновна,97,80.83,СИТДИКОВ Айрат Эльдарович,12,10.0,СТРЕЛКОВА Ирина Валентиновна,11,9.17
Удмуртская Республика,18,MUNICIPAL,mun_sm,"Муниципальный совет, одномандатный округ","Выборы депутатов Совета депутатов муниципального образования ""Муниципальный округ Алнашский район Удмуртской Республики"" второго созыва",Южный,1,1,4,167,160,159,159,95.81,True,25.79,КОЛПАКОВА Галина Ивановна,81,50.94,МЕЧИН Михаил Сергеевич,40,25.16,ИВАНОВ Анатолий Сергеевич,29,18.24
Удмуртская Республика,18,MUNICIPAL,mun_pl,"Муниципальный совет, партсписок","Выборы депутатов Совета депутатов муниципального образования ""Муниципальный округ Балезинский район Удмуртской Республики"" второго созыва",,10,1,5,2965,2769,2746,2746,93.39,True,36.05,Единая Россия,1423,51.82,Новые люди,433,15.77,КПРФ,377,13.73
Удмуртская Республика,18,MUNICIPAL,mun_sm,"Муниципальный совет, одномандатный округ","Выборы депутатов Совета депутатов муниципального образования ""Муниципальный округ Балезинский район Удмуртской Республики"" второго созыва",Азинский,1,1,3,282,273,269,269,96.81,True,30.11,СЕЛЕЗНЕВ Вениамин Леонидович,147,54.65,СТРЕЛКОВ Олег Рафаилович,66,24.54,ЗЯНКИНА Ольга Евгеньевна,56,20.82
Удмуртская Республика,18,MUNICIPAL,mun_sm,"Муниципальный совет, одномандатный округ","Выборы депутатов Совета депутатов муниципального образования ""Муниципальный округ Балезинский район Удмуртской Республики"" второго созыва",Восточный,1,1,3,259,228,224,224,88.03,True,34.82,КНЯЗЕВ Сергей Петрович,132,58.93,ВОРОНИН Василий Анатольевич,54,24.11,ЗЕМБЕКОВ Владислав Сергеевич,38,16.96
Удмуртская Республика,18,MUNICIPAL,mun_sm,"Муниципальный совет, одномандатный округ","Выборы депутатов Совета депутатов муниципального образования ""Муниципальный округ Балезинский район Удмуртской Республики"" второго созыва",Железнодорожный,1,1,2,331,311,306,306,93.96,True,45.75,ТРАПЕЗНИКОВА Ирина Альфредовна,223,72.88,ВОЛКОВА Ульяна Руслановна,83,27.12,,,
Удмуртская Республика,18,MUNICIPAL,mun_sm,"Муниципальный совет, одномандатный округ","Выборы депутатов Совета депутатов муниципального образования ""Муниципальный округ Балезинский район Удмуртской Республики"" второго созыва",Западный,1,1,4,333,313,310,310,93.99,True,25.16,ПОПОВА Мария Андреевна,157,50.65,ГУБИНА Асия Касимовна,79,25.48,ТЕТЕРИНА Мария Олеговна,43,13.87
Удмуртская Республика,18,MUNICIPAL,mun_sm,"Муниципальный совет, одномандатный округ","Выборы депутатов Совета депутатов муниципального образования ""Муниципальный округ Балезинский район Удмуртской Республики"" второго созыва",Кожильский,1,1,4,384,369,361,361,96.09,True,50.97,КАСИМОВА Раиса Альбертовна,237,65.65,ПРОШИН Александр Сергеевич,53,14.68,ЗЛОБИНА Наталия Вениаминовна,38,10.53
Удмуртская Республика,18,MUNICIPAL,mun_sm,"Муниципальный совет, одномандатный округ","Выборы депутатов Совета депутатов муниципального образования ""Муниципальный округ Балезинский район Удмуртской Республики"" второго созыва",Кооперативный,1,1,4,256,244,243,243,95.31,True,21.4,ВАСИЛЬЕВА Мадына Владимировна,109,44.86,НАГОВИЦЫНА Алена Леонидовна,57,23.46,ЕЛЬЦОВА Ольга Николаевна,41,16.87
Удмуртская Республика,18,MUNICIPAL,mun_sm,"Муниципальный совет, одномандатный округ","Выборы депутатов Совета депутатов муниципального образования ""Муниципальный округ Балезинский район Удмуртской Республики"" второго созыва",Росовский,1,1,5,236,217,215,215,91.95,True,27.91,СИТНИКОВ Кирилл Сергеевич,100,46.51,ЖУЙКОВ Сергей Виталиевич,40,18.6,КОРЕПАНОВА Людмила Владимировна,31,14.42
Удмуртская Республика,18,MUNICIPAL,mun_sm,"Муниципальный совет, одномандатный округ","Выборы депутатов Совета депутатов муниципального образования ""Муниципальный округ Балезинский район Удмуртской Республики"" второго созыва",Северный,1,1,3,287,273,270,270,95.12,True,51.85,ВАРАНКИНА Тамара Ивановна,186,68.89,ЛЕКОМЦЕВА Эльза Нурулловна,46,17.04,ЖАРКОВ Станислав Владимирович,38,14.07
Удмуртская Республика,18,MUNICIPAL,mun_sm,"Муниципальный совет, одномандатный округ","Выборы депутатов Совета депутатов муниципального образования ""Муниципальный округ Балезинский район Удмуртской Республики"" второго созыва",Эркешевский,1,1,4,317,292,286,286,92.11,True,42.66,ПЕРШИНА Лариса Борисовна,173,60.49,МАКСИМОВА Ольга Борисовна,51,17.83,КАСАТКИН Евгений Анатольевич,37,12.94
Удмуртская Республика,18,MUNICIPAL,mun_sm,"Муниципальный совет, одномандатный округ","Выборы депутатов Совета депутатов муниципального образования ""Муниципальный округ Балезинский район Удмуртской Республики"" второго созыва",Южный,1,1,3,280,249,248,248,88.93,True,48.39,ГЛАВАТСКИХ Сергей Юрьевич,167,67.34,КОПАНЕВ Максим Станиславович,47,18.95,ЛЯЛИН Михаил Владимирович,34,13.71
Удмуртская Республика,18,MUNICIPAL,mun_pl,"Муниципальный совет, партсписок","Выборы депутатов Совета депутатов муниципального образования ""Муниципальный округ Вавожский район Удмуртской Республики"" второго созыва",,10,1,5,1427,1333,1321,1321,93.41,True,54.66,Единая Россия,900,68.13,КПРФ,178,13.47,Новые люди,125,9.46
Удмуртская Республика,18,MUNICIPAL,mun_sm,"Муниципальный совет, одномандатный округ","Выборы депутатов Совета депутатов муниципального образования ""Муниципальный округ Вавожский район Удмуртской Республики"" второго созыва",Больше-Волковский,1,1,2,118,108,104,104,91.53,True,59.62,МАТВЕЕВ Андрей Григорьевич,83,79.81,ЛОМАКИН Кирилл Андреевич,21,20.19,,,
Удмуртская Республика,18,MUNICIPAL,mun_sm,"Муниципальный совет, одномандатный округ","Выборы депутатов Совета депутатов муниципального образования ""Муниципальный округ Вавожский район Удмуртской Республики"" второго созыва",Водзимоньинский,1,1,4,123,114,114,114,92.68,True,85.09,КРАСИЛЬНИКОВ Владимир Анатольевич,103,90.35,ФУРДЬ Мирослав Станиславович,6,5.26,СИДОРОВ Иван Сергеевич,5,4.39
Удмуртская Республика,18,MUNICIPAL,mun_sm,"Муниципальный совет, одномандатный округ","Выборы депутатов Совета депутатов муниципального образования ""Муниципальный округ Вавожский район Удмуртской Республики"" второго созыва",Восточный,1,1,4,174,162,161,161,93.1,True,57.76,САВЕЛЬЕВ Валерий Семенович,116,72.05,КУКЛИН Артем Владимирович,23,14.29,БЕРКУТОВ Павел Александрович,14,8.7
Удмуртская Республика,18,MUNICIPAL,mun_sm,"Муниципальный совет, одномандатный округ","Выборы депутатов Совета депутатов муниципального образования ""Муниципальный округ Вавожский район Удмуртской Республики"" второго созыва",Гурезь-Пудгинский,1,1,4,115,109,108,108,94.78,True,45.37,СНИГИРЕВА Валентина Алексеевна,68,62.96,МОШКИН Михаил Владимирович,19,17.59,РЕПИНА Раиса Викторовна,14,12.96
Удмуртская Республика,18,MUNICIPAL,mun_sm,"Муниципальный совет, одномандатный округ","Выборы депутатов Совета депутатов муниципального образования ""Муниципальный округ Вавожский район Удмуртской Республики"" второго созыва",Западный,1,1,4,230,216,214,214,93.91,True,60.28,МУХАЧЁВ Василий Геннадьевич,156,72.9,КОЛЗИН Вячеслав Семенович,27,12.62,СКОБЕЛЕВ Вячеслав Васильевич,17,7.94
Удмуртская Республика,18,MUNICIPAL,mun_sm,"Муниципальный совет, одномандатный округ","Выборы депутатов Совета депутатов муниципального образования ""Муниципальный округ Вавожский район Удмуртской Республики"" второго созыва",Какможский,1,1,3,103,93,92,92,90.29,True,52.17,СТАРКОВ Владимир Анатольевич,63,68.48,БАБКИН Алексей Викторович,15,16.3,КОЛЕСНИКОВ Богдан Русланович,14,15.22
Удмуртская Республика,18,MUNICIPAL,mun_sm,"Муниципальный совет, одномандатный округ","Выборы депутатов Совета депутатов муниципального образования ""Муниципальный округ Вавожский район Удмуртской Республики"" второго созыва",Нюрдор-Котьинский,1,1,4,123,118,117,117,95.93,True,43.59,СИВКОВ Василий Васильевич,71,60.68,МУРТУЗОВ Девран Фаррухович,20,17.09,КИСЛИЦЫНА Наталья Алексеевна,15,12.82
Удмуртская Республика,18,MUNICIPAL,mun_sm,"Муниципальный совет, одномандатный округ","Выборы депутатов Совета депутатов муниципального образования ""Муниципальный округ Вавожский район Удмуртской Республики"" второго созыва",Северный,1,1,3,216,204,200,200,94.44,True,49.0,СУЛИМОВА Екатерина Николаевна,142,71.0,ГАРАЕВ Алексей Сергеевич,44,22.0,СМИРНОВ Денис Олегович,14,7.0
Удмуртская Республика,18,MUNICIPAL,mun_sm,"Муниципальный совет, одномандатный округ","Выборы депутатов Совета депутатов муниципального образования ""Муниципальный округ Вавожский район Удмуртской Республики"" второго созыва",Тыловыл-Пельгинский,1,1,6,82,76,76,76,92.68,True,1.32,ЛОЖКИН Александр Валерьевич,27,35.53,АБАШЕВ Тимур Гинаятуллович,26,34.21,АЗМАНОВ Евгений Николаевич,13,17.11
Удмуртская Республика,18,MUNICIPAL,mun_sm,"Муниципальный совет, одномандатный округ","Выборы депутатов Совета депутатов муниципального образования ""Муниципальный округ Вавожский район Удмуртской Республики"" второго созыва",Центральный,1,1,3,143,133,131,131,93.01,True,51.15,ОРЛОВ Руслан Вячеславович,94,71.76,ШАРАПОВ Сергей Анатольевич,27,20.61,ПЕСТЕРЕВ Дмитрий Анатольевич,10,7.63
Удмуртская Республика,18,MUNICIPAL,mun_pl,"Муниципальный совет, партсписок","Выборы депутатов Совета депутатов муниципального образования ""Муниципальный округ Воткинский район Удмуртской Республики"" второго созыва",,15,1,5,1710,1579,1564,1564,92.34,True,43.16,Единая Россия,923,59.02,Новые люди,248,15.86,КПРФ,169,10.81
Удмуртская Республика,18,MUNICIPAL,mun_sm,"Муниципальный совет, одномандатный округ","Выборы депутатов Совета депутатов муниципального образования ""Муниципальный округ Воткинский район Удмуртской Республики"" второго созыва",Березовский,1,1,4,133,119,118,118,89.47,True,50.0,ЦЫПЛЕНКОВА Екатерина Авдеевна,78,66.1,ШАМШУРИН Владислав Константинович,19,16.1,ЖАРКОВ Станислав Владимирович,11,9.32
Удмуртская Республика,18,MUNICIPAL,mun_sm,"Муниципальный совет, одномандатный округ","Выборы депутатов Совета депутатов муниципального образования ""Муниципальный округ Воткинский район Удмуртской Республики"" второго созыва",Болгуринский,1,1,3,110,102,102,102,92.73,True,49.02,ПЕРЕВОЗЧИКОВ Валерий Александрович,72,70.59,ВОРОБЬЕВА Ангелина Александровна,22,21.57,ЗВЕЗДИН Константин Александрович,8,7.84
Удмуртская Республика,18,MUNICIPAL,mun_sm,"Муниципальный совет, одномандатный округ","Выборы депутатов Совета депутатов муниципального образования ""Муниципальный округ Воткинский район Удмуртской Республики"" второго созыва",Большекиварский,1,1,4,141,129,128,128,91.49,True,66.41,ДОКУЧАЕВ Павел Владимирович,98,76.56,КУРАТОВА Лидия Сергеевна,13,10.16,СИДОРОВ Иван Сергеевич,9,7.03
Удмуртская Республика,18,MUNICIPAL,mun_sm,"Муниципальный совет, одномандатный округ","Выборы депутатов Совета депутатов муниципального образования ""Муниципальный округ Воткинский район Удмуртской Республики"" второго созыва",Верхнеталицкий,1,1,4,92,87,84,84,94.57,True,33.33,БЕЗНОСОВ Владимир Валентинович,50,59.52,МАЗУНИН Александр Олегович,22,26.19,ЛЯМИНА Софья Ивановна,8,9.52
Удмуртская Республика,18,MUNICIPAL,mun_sm,"Муниципальный совет, одномандатный округ","Выборы депутатов Совета депутатов муниципального образования ""Муниципальный округ Воткинский район Удмуртской Республики"" второго созыва",Волковский,1,1,3,95,77,76,76,81.05,True,34.21,КРАСНИКОВА Елена Александровна,47,61.84,ЕРОШКИНА Лариса Антоновна,21,27.63,ОВСЯННИКОВ Владислав Витальевич,8,10.53
Удмуртская Республика,18,MUNICIPAL,mun_sm,"Муниципальный совет, одномандатный округ","Выборы депутатов Совета депутатов муниципального образования ""Муниципальный округ Воткинский район Удмуртской Республики"" второго созыва",Гавриловский,1,1,4,137,130,128,128,94.89,True,59.38,СТАРУХИН Александр Владимирович,95,74.22,СМОЛЬНИКОВ Денис Тимофеевич,19,14.84,КРИВОЩЕКОВА Нина Васильевна,11,8.59
Удмуртская Республика,18,MUNICIPAL,mun_sm,"Муниципальный совет, одномандатный округ","Выборы депутатов Совета депутатов муниципального образования ""Муниципальный округ Воткинский район Удмуртской Республики"" второго созыва",Июльский,1,1,4,129,120,116,116,93.02,True,37.93,БОГАТЫРЕВА Екатерина Пиминовна,67,57.76,МИНАГУЛОВА Анастасия Александровна,23,19.83,ВОЛОДОМАНОВ Олег Владимирович,19,16.38
Удмуртская Республика,18,MUNICIPAL,mun_sm,"Муниципальный совет, одномандатный округ","Выборы депутатов Совета депутатов муниципального образования ""Муниципальный округ Воткинский район Удмуртской Республики"" второго созыва",Камский,1,1,3,84,77,76,76,91.67,True,7.89,НАЗАРОВ Михаил Алексеевич,35,46.05,ВОЛКОВ Алексей Юрьевич,29,38.16,КАЗАНЦЕВ Дмитрий Николаевич,12,15.79
Удмуртская Республика,18,MUNICIPAL,mun_sm,"Муниципальный совет, одномандатный округ","Выборы депутатов Совета депутатов муниципального образования ""Муниципальный округ Воткинский район Удмуртской Республики"" второго созыва",Кварсинский,1,1,4,162,154,154,154,95.06,True,58.44,СЕНТЯКОВ Денис Викторович,111,72.08,ГУДКОВ Сергей Николаевич,21,13.64,ГЕРАСИМОВ Владислав Анатольевич,13,8.44
Удмуртская Республика,18,MUNICIPAL,mun_sm,"Муниципальный совет, одномандатный округ","Выборы депутатов Совета депутатов муниципального образования ""Муниципальный округ Воткинский район Удмуртской Республики"" второго созыва",Кукуевский,1,1,4,89,79,78,78,88.76,True,56.41,ВОРОТОВ Егор Валерьевич,55,70.51,ХОДЫРЕВ Олег Геннадьевич,11,14.1,ФАХРУТДИНОВ Ренат Раулевич,8,10.26
Удмуртская Республика,18,MUNICIPAL,mun_sm,"Муниципальный совет, одномандатный округ","Выборы депутатов Совета депутатов муниципального образования ""Муниципальный округ Воткинский район Удмуртской Республики"" второго созыва",Первомайский,1,1,2,110,99,98,98,90.0,True,67.35,ВЬЮЖАНИНА Татьяна Ивановна,82,83.67,ОРЛОВА Анастасия Олеговна,16,16.33,,,
Удмуртская Республика,18,MUNICIPAL,mun_sm,"Муниципальный совет, одномандатный округ","Выборы депутатов Совета депутатов муниципального образования ""Муниципальный округ Воткинский район Удмуртской Республики"" второго созыва",Перевозинский,1,1,4,121,114,114,114,94.21,True,71.93,ЛОЖКИН Павел Иванович,92,80.7,ХАМЗИН Руслан Дамирович,10,8.77,СИТДИКОВ Айрат Эльдарович,6,5.26
Удмуртская Республика,18,MUNICIPAL,mun_sm,"Муниципальный совет, одномандатный округ","Выборы депутатов Совета депутатов муниципального образования ""Муниципальный округ Воткинский район Удмуртской Республики"" второго созыва",Светлянский,1,1,4,95,94,91,91,98.95,True,38.46,БОБРОВА Ольга Леонидовна,52,57.14,УРВАНЦЕВ Геннадий Александрович,17,18.68,ВОСТРОКНУТОВ Дмитрий Владимирович,14,15.38
Удмуртская Республика,18,MUNICIPAL,mun_sm,"Муниципальный совет, одномандатный округ","Выборы депутатов Совета депутатов муниципального образования ""Муниципальный округ Воткинский район Удмуртской Республики"" второго созыва",Строительный,1,1,4,135,125,123,123,92.59,True,50.41,СНИГИРЕВ Сергей Федорович,79,64.23,ЧЕРНЫШЕВ Никита Александрович,17,13.82,РАЧКОВ-ЗУБОВ Сергей Сергеевич,16,13.01
Удмуртская Республика,18,MUNICIPAL,mun_sm,"Муниципальный совет, одномандатный округ","Выборы депутатов Совета депутатов муниципального образования ""Муниципальный округ Воткинский район Удмуртской Республики"" второго созыва",Центральный,1,1,2,77,73,72,72,94.81,True,27.78,КАВЕРЗИН Эдуард Анатольевич,46,63.89,ТРОФИМОВ Виталий Игоревич,26,36.11,,,
Удмуртская Республика,18,MUNICIPAL,mun_mm,"Муниципальный совет, многомандатный округ","Выборы депутатов Совета депутатов муниципального образования ""Муниципальный округ Глазовский район Удмуртской Республики"" второго созыва",Восточный,1,2,5,198,182,181,257,91.92,True,9.34,ТУКТАРЕВА Александра Антоновна,84,32.68,НЕВОСТРУЕВ Алексей Владимирович,72,28.02,БЕГИШЕВ Андрей Витальевич,48,18.68
Удмуртская Республика,18,MUNICIPAL,mun_mm,"Муниципальный совет, многомандатный округ","Выборы депутатов Совета депутатов муниципального образования ""Муниципальный округ Глазовский район Удмуртской Республики"" второго созыва",Гулековский,1,2,5,108,104,104,158,96.3,True,0.63,РЕМНЯКОВ Василий Валентинович,43,27.22,КАСИМОВ Ильшат Ильгизарович,39,24.68,ТРОНИН Вениамин Семенович,38,24.05
Удмуртская Республика,18,MUNICIPAL,mun_mm,"Муниципальный совет, многомандатный округ","Выборы депутатов Совета депутатов муниципального образования ""Муниципальный округ Глазовский район Удмуртской Республики"" второго созыва",Заречный,1,2,4,169,152,152,215,89.94,True,11.63,БУЛДАКОВ Роман Алексеевич,84,39.07,ВАГИНА Надежда Рудольфовна,65,30.23,ВЛАСОВА Елена Владимировна,40,18.6
Удмуртская Республика,18,MUNICIPAL,mun_mm,"Муниципальный совет, многомандатный округ","Выборы депутатов Совета депутатов муниципального образования ""Муниципальный округ Глазовский район Удмуртской Республики"" второго созыва",Кожильский,1,2,4,120,111,111,169,92.5,True,14.2,БУРОВ Сергей Леонидович,74,43.79,ЕЛЬЦОВ Иван Иванович,51,30.18,МАТУШКИН Сергей Геннадьевич,27,15.98
Удмуртская Республика,18,MUNICIPAL,mun_mm,"Муниципальный совет, многомандатный округ","Выборы депутатов Совета депутатов муниципального образования ""Муниципальный округ Глазовский район Удмуртской Республики"" второго созыва",Октябрьский,1,2,6,141,129,128,195,91.49,True,16.41,МЫШКИНА Елена Викторовна,107,54.87,НАГОВИЦЫН Сергей Андреевич,49,25.13,ТУРУНЦЕВА Надежда Викторовна,17,8.72
Удмуртская Республика,18,MUNICIPAL,mun_mm,"Муниципальный совет, многомандатный округ","Выборы депутатов Совета депутатов муниципального образования ""Муниципальный округ Глазовский район Удмуртской Республики"" второго созыва",Понинский,1,2,5,169,165,164,252,97.63,True,17.86,ЛУКИН Павел Николаевич,98,38.89,ТРЕТЬЯКОВА Надежда Вениаминовна,74,29.37,БОГОВЕЕВ Иван Альбертович,29,11.51
Удмуртская Республика,18,MUNICIPAL,mun_mm,"Муниципальный совет, многомандатный округ","Выборы депутатов Совета депутатов муниципального образования ""Муниципальный округ Глазовский район Удмуртской Республики"" второго созыва",Пригородный,1,2,6,175,160,158,248,91.43,True,8.47,НИКИТИН Александр Валерьевич,73,29.44,ЦЕЛОУСОВ Дмитрий Николаевич,58,23.39,КАЙСИНА Светлана Федоровна,37,14.92
Удмуртская Республика,18,MUNICIPAL,mun_mm,"Муниципальный совет, многомандатный округ","Выборы депутатов Совета депутатов муниципального образования ""Муниципальный округ Глазовский район Удмуртской Республики"" второго созыва",Штанигуртский,1,2,6,131,121,116,172,92.37,True,12.21,УШАКОВ Роман Валерьевич,65,37.79,СИМАНОВ Андрей Владимирович,43,25.0,ВОРОНЧИХИН Александр Витальевич,22,12.79
Удмуртская Республика,18,MUNICIPAL,mun_mm,"Муниципальный совет, многомандатный округ","Выборы депутатов Совета депутатов муниципального образования ""Муниципальный округ Глазовский район Удмуртской Республики"" второго созыва",Южный,1,2,3,135,133,130,189,98.52,True,26.98,ПЕТРЕНКО Петр Юрьевич,82,43.39,ВАСИЛЬЕВА Валентина Владимировна,79,41.8,ТЕРСКИЙ Роман Владимирович,28,14.81
Удмуртская Республика,18,MUNICIPAL,mun_sm,"Муниципальный совет, одномандатный округ","Выборы депутатов Совета депутатов муниципального образования ""Муниципальный округ Граховский район Удмуртской Республики"" второго созыва",Аэродромный,1,1,2,33,31,31,31,93.94,True,74.19,МАРКИНА Елена Владимировна - За,27,87.1,МАРКИНА Елена Владимировна - Против,4,12.9,,,
Удмуртская Республика,18,MUNICIPAL,mun_sm,"Муниципальный совет, одномандатный округ","Выборы депутатов Совета депутатов муниципального образования ""Муниципальный округ Граховский район Удмуртской Республики"" второго созыва",Верхнеигринский,1,1,3,17,16,16,16,94.12,True,62.5,БАРБАРИСОВ Игорь Леонидович,13,81.25,КУЗНЕЦОВ Юрий Анатольевич,3,18.75,ШАРАФЕЕВА Василя Фирзинатовна,0,0.0
Удмуртская Республика,18,MUNICIPAL,mun_sm,"Муниципальный совет, одномандатный округ","Выборы депутатов Совета депутатов муниципального образования ""Муниципальный округ Граховский район Удмуртской Республики"" второго созыва",Гагаринский,1,1,2,66,65,65,65,98.48,True,56.92,ШАМАЕВА Валентина Анатольевна,51,78.46,ИВАНОВА Надежда Леонидовна,14,21.54,,,
Удмуртская Республика,18,MUNICIPAL,mun_sm,"Муниципальный совет, одномандатный округ","Выборы депутатов Совета депутатов муниципального образования ""Муниципальный округ Граховский район Удмуртской Республики"" второго созыва",Каменский,1,1,2,32,29,29,29,90.62,True,65.52,МИНЕЕВА Елена Геннадьевна,24,82.76,БУКИН Геннадий Вадимович,5,17.24,,,
Удмуртская Республика,18,MUNICIPAL,mun_sm,"Муниципальный совет, одномандатный округ","Выборы депутатов Совета депутатов муниципального образования ""Муниципальный округ Граховский район Удмуртской Республики"" второго созыва",Котловско-Зареченский,1,1,2,23,21,20,20,91.3,True,80.0,ХРАМОВА Валентина Владимировна,18,90.0,БАТАЛОВА Мария Агеевна,2,10.0,,,
Удмуртская Республика,18,MUNICIPAL,mun_sm,"Муниципальный совет, одномандатный округ","Выборы депутатов Совета депутатов муниципального образования ""Муниципальный округ Граховский район Удмуртской Республики"" второго созыва",Лолошур-Возжинский,1,1,2,25,22,22,22,88.0,True,45.45,ГРАХОВ Борис Иванович,16,72.73,КУСАЕВА Алина Анатольевна,6,27.27,,,
Удмуртская Республика,18,MUNICIPAL,mun_sm,"Муниципальный совет, одномандатный округ","Выборы депутатов Совета депутатов муниципального образования ""Муниципальный округ Граховский район Удмуртской Республики"" второго созыва",Мари-Возжайский,1,1,3,15,14,14,14,93.33,True,57.14,ХАЛИТОВА Ольга Николаевна,11,78.57,ЯКОВЛЕВ Алексей Андреевич,3,21.43,КОЛУПАЕВА Дарья Александровна,0,0.0
Удмуртская Республика,18,MUNICIPAL,mun_sm,"Муниципальный совет, одномандатный округ","Выборы депутатов Совета депутатов муниципального образования ""Муниципальный округ Граховский район Удмуртской Республики"" второго созыва",Набережный,1,1,2,55,52,49,49,94.55,True,42.86,ПЕТРОВА Татьяна Леонидовна,35,71.43,СИДОРОВ Иван Сергеевич,14,28.57,,,
Удмуртская Республика,18,MUNICIPAL,mun_sm,"Муниципальный совет, одномандатный округ","Выборы депутатов Совета депутатов муниципального образования ""Муниципальный округ Граховский район Удмуртской Республики"" второго созыва",Новогорский,1,1,3,19,17,17,17,89.47,True,70.59,СЕМИКЕЕВ Николай Валентинович,14,82.35,СКРЯБИНА Юлиана Сергеевна,2,11.76,СИТДИКОВ Айрат Эльдарович,1,5.88
Удмуртская Республика,18,MUNICIPAL,mun_sm,"Муниципальный совет, одномандатный округ","Выборы депутатов Совета депутатов муниципального образования ""Муниципальный округ Граховский район Удмуртской Республики"" второго созыва",Первомайский,1,1,2,38,35,34,34,92.11,True,70.59,БАЛОБАНОВА Светлана Валерьевна,29,85.29,ВОРОБЬЕВА Ангелина Александровна,5,14.71,,,
Удмуртская Республика,18,MUNICIPAL,mun_sm,"Муниципальный совет, одномандатный округ","Выборы депутатов Совета депутатов муниципального образования ""Муниципальный округ Граховский район Удмуртской Республики"" второго созыва",Порымский,1,1,3,19,16,16,16,84.21,True,50.0,ИСКАКОВА Римма Александровна,12,75.0,ШАБАЛИН Алексей Никитич,4,25.0,СОЛОМЕННИКОВ Иван Михайлович,0,0.0
Удмуртская Республика,18,MUNICIPAL,mun_sm,"Муниципальный совет, одномандатный округ","Выборы депутатов Совета депутатов муниципального образования ""Муниципальный округ Граховский район Удмуртской Республики"" второго созыва",Советский,1,1,2,35,34,34,34,97.14,True,23.53,НЕПОГОДИНА Елена Павловна - За,21,61.76,НЕПОГОДИНА Елена Павловна - Против,13,38.24,,,
Удмуртская Республика,18,MUNICIPAL,mun_sm,"Муниципальный совет, одномандатный округ","Выборы депутатов Совета депутатов муниципального образования ""Муниципальный округ Граховский район Удмуртской Республики"" второго созыва",Староигринский,1,1,2,12,11,11,11,91.67,True,81.82,КРЕСТЬЯНИНОВА Ольга Алексеевна - За,10,90.91,КРЕСТЬЯНИНОВА Ольга Алексеевна - Против,1,9.09,,,
Удмуртская Республика,18,MUNICIPAL,mun_sm,"Муниципальный совет, одномандатный округ","Выборы депутатов Совета депутатов муниципального образования ""Муниципальный округ Граховский район Удмуртской Республики"" второго созыва",Староятчинский,1,1,2,23,19,19,19,82.61,True,15.79,БЫЗОВ Евгений Андреевич - За,11,57.89,БЫЗОВ Евгений Андреевич - Против,8,42.11,,,
Удмуртская Республика,18,MUNICIPAL,mun_sm,"Муниципальный совет, одномандатный округ","Выборы депутатов Совета депутатов муниципального образования ""Муниципальный округ Граховский район Удмуртской Республики"" второго созыва",Школьный,1,1,2,41,37,37,37,90.24,True,78.38,ТРЕФИЛОВА Роза Александровна - За,33,89.19,ТРЕФИЛОВА Роза Александровна - Против,4,10.81,,,
Удмуртская Республика,18,MUNICIPAL,mun_sm,"Муниципальный совет, одномандатный округ","Выборы депутатов Совета депутатов муниципального образования ""Муниципальный округ Граховский район Удмуртской Республики"" второго созыва",Юрашско-Благодатновский,1,1,2,17,16,16,16,94.12,True,50.0,ШАРОВ Андрей Владимирович,12,75.0,КОБЕЛЕВ Анатолий Яковлевич,4,25.0,,,
Удмуртская Республика,18,MUNICIPAL,mun_mm,"Муниципальный совет, многомандатный округ","Выборы депутатов Совета депутатов муниципального образования ""Муниципальный округ Дебёсский район Удмуртской Республики"" второго созыва",Восточный,1,2,3,244,236,234,309,96.72,True,21.04,АВЕРКИЕВА Ирина Витальевна,142,45.95,ВАСИЛЬЕВ Сергей Валериевич,116,37.54,КОПАНЕВ Максим Станиславович,51,16.5
Удмуртская Республика,18,MUNICIPAL,mun_mm,"Муниципальный совет, многомандатный округ","Выборы депутатов Совета депутатов муниципального образования ""Муниципальный округ Дебёсский район Удмуртской Республики"" второго созыва",Заречномедлинский,1,2,3,132,122,121,186,92.42,True,22.58,ДЬЯКОНОВ Николай Валентинович,92,49.46,КУТЯВИН Андрей Николаевич,68,36.56,ВОЛКОВ Иван Александрович,26,13.98
Удмуртская Республика,18,MUNICIPAL,mun_mm,"Муниципальный совет, многомандатный округ","Выборы депутатов Совета депутатов муниципального образования ""Муниципальный округ Дебёсский район Удмуртской Республики"" второго созыва",Северный,1,2,3,232,215,212,278,92.67,True,17.99,ГЛАВАТСКИХ Николай Леонидович,118,42.45,СТЕПАНОВА Ольга Рафаиловна,105,37.77,АЛЕКСЕЕВ Георгий Альбертович,55,19.78
Удмуртская Республика,18,MUNICIPAL,mun_mm,"Муниципальный совет, многомандатный округ","Выборы депутатов Совета депутатов муниципального образования ""Муниципальный округ Дебёсский район Удмуртской Республики"" второго созыва",Советский,1,2,4,163,156,153,227,95.71,True,2.64,РЫКОВ Алексей Николаевич,70,30.84,БАЙДАЛИНА Снежана Владимировна,63,27.75,БАБЕНКОВ Александр Юрьевич,57,25.11
Удмуртская Республика,18,MUNICIPAL,mun_mm,"Муниципальный совет, многомандатный округ","Выборы депутатов Совета депутатов муниципального образования ""Муниципальный округ Дебёсский район Удмуртской Республики"" второго созыва",Сюрногуртский,1,2,3,162,151,148,198,93.21,True,18.69,ЮГОВА Ирина Степановна,107,54.04,ЕЛЬЧЕНКОВ Михаил Геннадьевич,64,32.32,КОЛУПАЕВА Дарья Александровна,27,13.64
Удмуртская Республика,18,MUNICIPAL,mun_mm,"Муниципальный совет, многомандатный округ","Выборы депутатов Совета депутатов муниципального образования ""Муниципальный округ Дебёсский район Удмуртской Республики"" второго созыва",Тольёнский,1,2,4,149,131,128,191,87.92,True,28.8,ЛЕКОМЦЕВ Вячеслав Витальевич,92,48.17,СЕМЕНОВА Любовь Арефьевна,72,37.7,КОЛЕСНИКОВА Маргарита Алексеевна,17,8.9
Удмуртская Республика,18,MUNICIPAL,mun_mm,"Муниципальный совет, многомандатный округ","Выборы депутатов Совета депутатов муниципального образования ""Муниципальный округ Дебёсский район Удмуртской Республики"" второго созыва",Тыловайский,1,2,4,122,108,108,153,88.52,True,15.69,АЛЕКСАНДРОВ Иван Васильевич,59,38.56,КОРОБОВА Нэля Леонидовна,51,33.33,ПОЗДЕЕВ Владимир Валентинович,27,17.65
Удмуртская Республика,18,MUNICIPAL,mun_mm,"Муниципальный совет, многомандатный округ","Выборы депутатов Совета депутатов муниципального образования ""Муниципальный округ Дебёсский район Удмуртской Республики"" второго созыва",Центральный,1,2,3,176,165,163,214,93.75,True,18.69,ВЛАДЫКИНА Светлана Ивановна,108,50.47,ВАХРУШЕВ Александр Николаевич,73,34.11,ЖАРКОВ Станислав Владимирович,33,15.42
Удмуртская Республика,18,MUNICIPAL,mun_pl,"Муниципальный совет, партсписок","Выборы депутатов Совета депутатов муниципального образования ""Муниципальный округ Завьяловский район Удмуртской Республики"" второго созыва",,20,1,5,10333,9554,9435,9435,92.46,True,33.34,Единая Россия,4706,49.88,Новые люди,1560,16.53,КПРФ,1320,13.99
Удмуртская Республика,18,MUNICIPAL,mun_sm,"Муниципальный совет, одномандатный округ","Выборы депутатов Совета депутатов муниципального образования ""Муниципальный округ Завьяловский район Удмуртской Республики"" второго созыва",Братский,1,1,5,514,468,464,464,91.05,True,4.74,КОНОРЮКОВ Алексей Александрович,145,31.25,ДАДОЯН Артур Сарибекович,123,26.51,КОРОВКИН Денис Сергеевич,86,18.53
Удмуртская Республика,18,MUNICIPAL,mun_sm,"Муниципальный совет, одномандатный округ","Выборы депутатов Совета депутатов муниципального образования ""Муниципальный округ Завьяловский район Удмуртской Республики"" второго созыва",Восточный,1,1,4,418,384,380,380,91.87,True,29.74,ЧУВАШЕВ Петр Вениаминович,213,56.05,ЛЮКИН Анатолий Петрович,100,26.32,ВАГИЗОВА Ольга Андреевна,37,9.74
Удмуртская Республика,18,MUNICIPAL,mun_sm,"Муниципальный совет, одномандатный округ","Выборы депутатов Совета депутатов муниципального образования ""Муниципальный округ Завьяловский район Удмуртской Республики"" второго созыва",Геологический,1,1,5,516,481,476,476,93.22,True,10.92,МАКАРОВ Андрей Евгеньевич,185,38.87,ЧЕТКАРЕВ Алексей Николаевич,133,27.94,ТРУБАЧЕВ Дмитрий Вячеславович,75,15.76
Удмуртская Республика,18,MUNICIPAL,mun_sm,"Муниципальный совет, одномандатный округ","Выборы депутатов Совета депутатов муниципального образования ""Муниципальный округ Завьяловский район Удмуртской Республики"" второго созыва",Завьяловский,1,1,4,572,536,526,526,93.71,True,31.18,ФОМИН Дмитрий Григорьевич,297,56.46,КРИВОНОГОВ Александр Владимирович,133,25.29,ОРЕШКОВ Роман Петрович,58,11.03
Удмуртская Республика,18,MUNICIPAL,mun_sm,"Муниципальный совет, одномандатный округ","Выборы депутатов Совета депутатов муниципального образования ""Муниципальный округ Завьяловский район Удмуртской Республики"" второго созыва",Камский,1,1,5,452,415,410,410,91.81,True,39.02,ВОЕВОДИН Павел Анатольевич,225,54.88,ДАВКОВ Сергей Гурьянович,65,15.85,ЯКОВЛЕВ Дмитрий Иванович,49,11.95
Удмуртская Республика,18,MUNICIPAL,mun_sm,"Муниципальный совет, одномандатный округ","Выборы депутатов Совета депутатов муниципального образования ""Муниципальный округ Завьяловский район Удмуртской Республики"" второго созыва",Лесной,1,1,2,415,386,383,383,93.01,True,36.81,ШАРАФИЕВ Рустам Илзинатович,262,68.41,СКОБЕЛЕВ Юрий Олегович,121,31.59,,,
Удмуртская Республика,18,MUNICIPAL,mun_sm,"Муниципальный совет, одномандатный округ","Выборы депутатов Совета депутатов муниципального образования ""Муниципальный округ Завьяловский район Удмуртской Республики"" второго созыва",Луговой,1,1,5,568,533,529,529,93.84,True,45.94,ЧЕТКАРЕВА Наталья Сергеевна,307,58.03,АЮПОВА Эльза Миннуллаевна,64,12.1,ГОРЛОВ Андрей Васильевич,61,11.53
Удмуртская Республика,18,MUNICIPAL,mun_sm,"Муниципальный совет, одномандатный округ","Выборы депутатов Совета депутатов муниципального образования ""Муниципальный округ Завьяловский район Удмуртской Республики"" второго созыва",Первомайский,1,1,4,459,413,409,409,89.98,True,27.87,КЫЧАНОВ Николай Николаевич,202,49.39,ХАЗИНУРОВА Алсу Рафильевна,88,21.52,ОСТАНИН Вадим Викторович,71,17.36
Удмуртская Республика,18,MUNICIPAL,mun_sm,"Муниципальный совет, одномандатный округ","Выборы депутатов Совета депутатов муниципального образования ""Муниципальный округ Завьяловский район Удмуртской Республики"" второго созыва",Пироговский,1,1,3,429,397,392,392,92.54,True,1.79,ГИЛЬМУТДИНОВ Айрат Талгатович,150,38.27,БОТАЛОВ Борис Евгеньевич,143,36.48,СОКОВИКОВ Вадим Олегович,99,25.26
Удмуртская Республика,18,MUNICIPAL,mun_sm,"Муниципальный совет, одномандатный округ","Выборы депутатов Совета депутатов муниципального образования ""Муниципальный округ Завьяловский район Удмуртской Республики"" второго созыва",Полевой,1,1,5,454,417,413,413,91.85,True,32.45,БЕЛОВ Владимир Валерьевич,241,58.35,НАГОВИЦЫН Антон Владимирович,107,25.91,ЧУРИН Роман Леонидович,33,7.99
Удмуртская Республика,18,MUNICIPAL,mun_sm,"Муниципальный совет, одномандатный округ","Выборы депутатов Совета депутатов муниципального образования ""Муниципальный округ Завьяловский район Удмуртской Республики"" второго созыва",Пригородный,1,1,3,427,403,396,396,94.38,True,16.41,ИЛЬИН Валерий Викторович,215,54.29,МОРОЗОВ Александр Николаевич,150,37.88,БУЗИКОВ Харис Ахматуллович,31,7.83
Удмуртская Республика,18,MUNICIPAL,mun_sm,"Муниципальный совет, одномандатный округ","Выборы депутатов Совета депутатов муниципального образования ""Муниципальный округ Завьяловский район Удмуртской Республики"" второго созыва",Северный,1,1,5,587,538,528,528,91.65,True,24.81,ГЛАВАТСКИХ Леонид Игоревич,236,44.7,ЖАРКОВ Станислав Владимирович,105,19.89,КАСИМОВ Рамиль Ринатович,75,14.2
Удмуртская Республика,18,MUNICIPAL,mun_sm,"Муниципальный совет, одномандатный округ","Выборы депутатов Совета депутатов муниципального образования ""Муниципальный округ Завьяловский район Удмуртской Республики"" второго созыва",Сельский,1,1,4,480,449,442,442,93.54,True,25.79,СМЕЛОВ Юрий Елисеевич,214,48.42,АГЕЕВ Михаил Александрович,100,22.62,КОСАЧЕВА Надежда Степановна,79,17.87
Удмуртская Республика,18,MUNICIPAL,mun_sm,"Муниципальный совет, одномандатный округ","Выборы депутатов Совета депутатов муниципального образования ""Муниципальный округ Завьяловский район Удмуртской Республики"" второго созыва",Удмуртский,1,1,4,498,450,442,442,90.36,True,11.31,ЛЕОНТЬЕВА Зоя Валентиновна,173,39.14,ПАСЫНКОВ Владимир Валентинович,123,27.83,ПОНОМАРЕВА Анастасия Андреевна,102,23.08
Удмуртская Республика,18,MUNICIPAL,mun_sm,"Муниципальный совет, одномандатный округ","Выборы депутатов Совета депутатов муниципального образования ""Муниципальный округ Завьяловский район Удмуртской Республики"" второго созыва",Уральский,1,1,3,380,342,336,336,90.0,True,19.05,ПЕТУХОВ Андрей Геннадьевич,172,51.19,ЗЕЛЕНИН Андрей Евгеньевич,108,32.14,КЕЖОВ Денис Александрович,56,16.67
Удмуртская Республика,18,MUNICIPAL,mun_sm,"Муниципальный совет, одномандатный округ","Выборы депутатов Совета депутатов муниципального образования ""Муниципальный округ Завьяловский район Удмуртской Республики"" второго созыва",Хохряковский,1,1,4,491,455,445,445,92.67,True,39.55,ЮРЬЕВ Анатолий Сергеевич,269,60.45,БЕХТЕРЕВА Ольга Алексеевна,93,20.9,ЧУКАВИН Георгий Сергеевич,44,9.89
Удмуртская Республика,18,MUNICIPAL,mun_sm,"Муниципальный совет, одномандатный округ","Выборы депутатов Совета депутатов муниципального образования ""Муниципальный округ Завьяловский район Удмуртской Республики"" второго созыва",Центральный,1,1,5,531,495,492,492,93.22,True,29.47,КРЮКОВ Илья Николаевич,235,47.76,КРОПАЧЕВ Алексей Владимирович,90,18.29,ВАЛИЕВ Рустам Тимирзагитович,69,14.02
Удмуртская Республика,18,MUNICIPAL,mun_sm,"Муниципальный совет, одномандатный округ","Выборы депутатов Совета депутатов муниципального образования ""Муниципальный округ Завьяловский район Удмуртской Республики"" второго созыва",Шишкинский,1,1,4,935,873,855,855,93.37,True,31.11,ЕГОРОВА Гузалия Махмутовна,419,49.01,ГРИГОРЬЕВ Сергей Михайлович,153,17.89,ХОЛБОТАЕВ Владислав Денисович,153,17.89
Удмуртская Республика,18,MUNICIPAL,mun_sm,"Муниципальный совет, одномандатный округ","Выборы депутатов Совета депутатов муниципального образования ""Муниципальный округ Завьяловский район Удмуртской Республики"" второго созыва",Южный,1,1,4,472,432,423,423,91.53,True,28.84,ЮЗМИЕВ Ренат Миннегомарович,207,48.94,СПОЛОХОВА Эльза Рифгатовна,85,20.09,КУЗНЕЦОВ Валерий Николаевич,82,19.39
Удмуртская Республика,18,MUNICIPAL,mun_sm,"Муниципальный совет, одномандатный округ","Выборы депутатов Совета депутатов муниципального образования ""Муниципальный округ Завьяловский район Удмуртской Республики"" второго созыва",Ягульский,1,1,3,735,687,675,675,93.47,True,24.15,ЛАРИОНОВА Ирина Сергеевна,357,52.89,АСТРАХАНЦЕВ Артем Александрович,194,28.74,РАФАИЛОВ Алексей Викторович,124,18.37
Удмуртская Республика,18,MUNICIPAL,mun_sm,"Муниципальный совет, одномандатный округ","Выборы депутатов Совета депутатов муниципального образования ""Муниципальный округ Игринский район Удмуртской Республики"" второго созыва",Железнодорожный,1,1,3,165,158,154,154,95.76,True,20.78,ГУСЕВ Сергей Иванович,75,48.7,ВАХРУШЕВА Татьяна Николаевна,43,27.92,КЛЮЕВ Михаил Александрович,36,23.38
Удмуртская Республика,18,MUNICIPAL,mun_sm,"Муниципальный совет, одномандатный округ","Выборы депутатов Совета депутатов муниципального образования ""Муниципальный округ Игринский район Удмуртской Республики"" второго созыва",Западный,1,1,4,145,137,134,134,94.48,True,45.52,РИМШИНА Ирина Николаевна,80,59.7,ГРИШИН Александр Геннадьевич,19,14.18,ЧИРКОВ Денис Юрьевич,18,13.43
Удмуртская Республика,18,MUNICIPAL,mun_sm,"Муниципальный совет, одномандатный округ","Выборы депутатов Совета депутатов муниципального образования ""Муниципальный округ Игринский район Удмуртской Республики"" второго созыва",Зуринский,1,1,2,120,106,105,105,88.33,True,29.52,ТРОНИНА Олеся Владимировна,68,64.76,ЖАРКОВ Станислав Владимирович,37,35.24,,,
Удмуртская Республика,18,MUNICIPAL,mun_sm,"Муниципальный совет, одномандатный округ","Выборы депутатов Совета депутатов муниципального образования ""Муниципальный округ Игринский район Удмуртской Республики"" второго созыва",Кабачигуртский,1,1,2,142,135,134,134,95.07,True,31.34,ЧУРАКОВ Олег Николаевич,88,65.67,ЛЯЛИН Михаил Владимирович,46,34.33,,,
Удмуртская Республика,18,MUNICIPAL,mun_sm,"Муниципальный совет, одномандатный округ","Выборы депутатов Совета депутатов муниципального образования ""Муниципальный округ Игринский район Удмуртской Республики"" второго созыва",Комсомольский,1,1,3,152,134,133,133,88.16,True,33.08,МИКИАШВИЛИ Михаил Автондилович,84,63.16,ФЕОКТИСТОВА Дарья Андреевна,40,30.08,ЗЕМБЕКОВ Владислав Сергеевич,9,6.77
Удмуртская Республика,18,MUNICIPAL,mun_sm,"Муниципальный совет, одномандатный округ","Выборы депутатов Совета депутатов муниципального образования ""Муниципальный округ Игринский район Удмуртской Республики"" второго созыва",Лесной,1,1,3,144,128,123,123,88.89,True,43.9,ЗОНОВ Олег Николаевич,80,65.04,МЕЗЕНЦЕВ Дмитрий Васильевич,26,21.14,ГРИНЁВ Никита Александрович,17,13.82
Удмуртская Республика,18,MUNICIPAL,mun_sm,"Муниципальный совет, одномандатный округ","Выборы депутатов Совета депутатов муниципального образования ""Муниципальный округ Игринский район Удмуртской Республики"" второго созыва",Льнозаводской,1,1,2,162,148,146,146,91.36,True,57.53,ШКЛЯЕВА Нина Александровна,115,78.77,АЛЕКСЕЕВ Георгий Альбертович,31,21.23,,,
Удмуртская Республика,18,MUNICIPAL,mun_sm,"Муниципальный совет, одномандатный округ","Выборы депутатов Совета депутатов муниципального образования ""Муниципальный округ Игринский район Удмуртской Республики"" второго созыва",Микрорайонный,1,1,2,169,162,158,158,95.86,True,45.57,БИКМАНСУРОВ Наиль Раульевич,115,72.78,НИКИТИНА Раиса Анатольевна,43,27.22,,,
Удмуртская Республика,18,MUNICIPAL,mun_sm,"Муниципальный совет, одномандатный округ","Выборы депутатов Совета депутатов муниципального образования ""Муниципальный округ Игринский район Удмуртской Республики"" второго созыва",Мирный,1,1,3,154,148,146,146,96.1,True,45.89,ГЕРЕЕВ Степан Николаевич,95,65.07,СИМОНОВ Ростислав Анатольевич,28,19.18,ПИКОВ Владимир Викторович,23,15.75
Удмуртская Республика,18,MUNICIPAL,mun_sm,"Муниципальный совет, одномандатный округ","Выборы депутатов Совета депутатов муниципального образования ""Муниципальный округ Игринский район Удмуртской Республики"" второго созыва",Новозятцинский,1,1,3,126,117,115,115,92.86,True,9.57,ШКЛЯЕВ Евгений Павлович,51,44.35,БУТОЛИН Иван Сергеевич,40,34.78,СЫСОЕВ Владимир Владимирович,24,20.87
Удмуртская Республика,18,MUNICIPAL,mun_sm,"Муниципальный совет, одномандатный округ","Выборы депутатов Совета депутатов муниципального образования ""Муниципальный округ Игринский район Удмуртской Республики"" второго созыва",Промысловый,1,1,3,172,166,164,164,96.51,True,28.66,КАЛАШНИКОВ Алексей Владимирович,87,53.05,КОРЕПАНОВА Екатерина Андреевна,40,24.39,КОРЕПАНОВ Данил Валерьевич,37,22.56
Удмуртская Республика,18,MUNICIPAL,mun_sm,"Муниципальный совет, одномандатный округ","Выборы депутатов Совета депутатов муниципального образования ""Муниципальный округ Игринский район Удмуртской Республики"" второго созыва",Пушкинский,1,1,3,128,121,121,121,94.53,True,0.0,МОЗГИН Сергей Михайлович,46,38.02,ТЮЛЬКИНА Наталья Александровна,46,38.02,ЛЕКОМЦЕВА Кира Андреевна,29,23.97
Удмуртская Республика,18,MUNICIPAL,mun_sm,"Муниципальный совет, одномандатный округ","Выборы депутатов Совета депутатов муниципального образования ""Муниципальный округ Игринский район Удмуртской Республики"" второго созыва",Северный,1,1,2,185,171,169,169,92.43,True,38.46,ПИНЕГИН Антон Викторович,117,69.23,ХРИСТОФОРОВ Юрий Васильевич,52,30.77,,,
Удмуртская Республика,18,MUNICIPAL,mun_sm,"Муниципальный совет, одномандатный округ","Выборы депутатов Совета депутатов муниципального образования ""Муниципальный округ Игринский район Удмуртской Республики"" второго созыва",Сепский,1,1,2,138,120,117,117,86.96,True,45.3,ШКЛЯЕВ Олег Игоревич,85,72.65,ЧЕРЕПАНОВ Зияр Эдуардович,32,27.35,,,
Удмуртская Республика,18,MUNICIPAL,mun_sm,"Муниципальный совет, одномандатный округ","Выборы депутатов Совета депутатов муниципального образования ""Муниципальный округ Игринский район Удмуртской Республики"" второго созыва",Советский,1,1,3,150,143,143,143,95.33,True,41.26,САЛАМАТОВА Екатерина Семеновна,91,63.64,БОДРОВ Сергей Владимирович,32,22.38,КАСИМОВ Кирилл Артурович,20,13.99
Удмуртская Республика,18,MUNICIPAL,mun_sm,"Муниципальный совет, одномандатный округ","Выборы депутатов Совета депутатов муниципального образования ""Муниципальный округ Игринский район Удмуртской Республики"" второго созыва",Сундурский,1,1,4,174,159,157,157,91.38,True,44.59,ДАНИЛОВ Сергей Андреевич,98,62.42,НЭВЭЛА Юрий Андреевич,28,17.83,ХАЗИНУРОВА Алсу Рафильевна,22,14.01
Удмуртская Республика,18,MUNICIPAL,mun_sm,"Муниципальный совет, одномандатный округ","Выборы депутатов Совета депутатов муниципального образования ""Муниципальный округ Игринский район Удмуртской Республики"" второго созыва",Факельский,1,1,3,141,130,128,128,92.2,True,17.97,ЕМЕЛЬЯНОВА Елена Николаевна,69,53.91,ВАХРУШЕВ Иван Олегович,46,35.94,ВОТЯКОВ Никита Александрович,13,10.16
Удмуртская Республика,18,MUNICIPAL,mun_sm,"Муниципальный совет, одномандатный округ","Выборы депутатов Совета депутатов муниципального образования ""Муниципальный округ Игринский район Удмуртской Республики"" второго созыва",Центральный,1,1,3,181,167,166,166,92.27,True,33.13,ЧИРКОВ Александр Владимирович,93,56.02,ИЛЬИНА Мария Андреевна,38,22.89,КУДРЯШОВ Владимир Валерьевич,35,21.08
Удмуртская Республика,18,MUNICIPAL,mun_sm,"Муниципальный совет, одномандатный округ","Выборы депутатов Совета депутатов муниципального образования ""Муниципальный округ Игринский район Удмуртской Республики"" второго созыва",Чутырский,1,1,3,130,118,116,116,90.77,True,0.86,АНТОНОВ Станислав Витальевич,53,45.69,ПЕРЕВОЗЧИКОВА Марина Александровна,52,44.83,КОПАНЕВ Максим Станиславович,11,9.48
Удмуртская Республика,18,MUNICIPAL,mun_sm,"Муниципальный совет, одномандатный округ","Выборы депутатов Совета депутатов муниципального образования ""Муниципальный округ Игринский район Удмуртской Республики"" второго созыва",Юбилейный,1,1,2,125,118,116,116,94.4,True,24.14,КОРЕПАНОВ Сергей Владимирович,72,62.07,ОЛИН Лев Николаевич,44,37.93,,,
Удмуртская Республика,18,MUNICIPAL,mun_sm,"Муниципальный совет, одномандатный округ","Выборы депутатов Совета депутатов муниципального образования ""Муниципальный округ Каракулинский район Удмуртской Республики"" второго созыва",Арзамасцевский,1,1,2,48,43,42,42,89.58,True,52.38,ГЛУХОВ Алексей Геннадьевич,32,76.19,ТЕБЕНЬКОВ Владимир Михайлович,10,23.81,,,
Удмуртская Республика,18,MUNICIPAL,mun_sm,"Муниципальный совет, одномандатный округ","Выборы депутатов Совета депутатов муниципального образования ""Муниципальный округ Каракулинский район Удмуртской Республики"" второго созыва",Быргындинский,1,1,2,37,32,31,31,86.49,True,3.23,КОРОСТИН Пётр Леонидович,16,51.61,СИДОРОВ Иван Сергеевич,15,48.39,,,
Удмуртская Республика,18,MUNICIPAL,mun_sm,"Муниципальный совет, одномандатный округ","Выборы депутатов Совета депутатов муниципального образования ""Муниципальный округ Каракулинский район Удмуртской Республики"" второго созыва",Вятский,1,1,2,61,60,60,60,98.36,True,36.67,ШМЕЛЁВ Владимир Анатольевич,41,68.33,ВОРОБЬЕВА Ангелина Александровна,19,31.67,,,
Удмуртская Республика,18,MUNICIPAL,mun_sm,"Муниципальный совет, одномандатный округ","Выборы депутатов Совета депутатов муниципального образования ""Муниципальный округ Каракулинский район Удмуртской Республики"" второго созыва",Галановский,1,1,2,50,47,46,46,94.0,True,30.43,АРИСТОВ Михаил Николаевич,30,65.22,ЯКОВЛЕВ Алексей Андреевич,16,34.78,,,
Удмуртская Республика,18,MUNICIPAL,mun_sm,"Муниципальный совет, одномандатный округ","Выборы депутатов Совета депутатов муниципального образования ""Муниципальный округ Каракулинский район Удмуртской Республики"" второго созыва",Ильинский,1,1,3,100,95,95,95,95.0,True,36.84,УСТЮГОВА Гульнара Шамильевна,62,65.26,ЛАИШЕВЦЕВ Алексей Геннадьевич,27,28.42,МУХАМЕТДЕЕВА Роза Раисовна,6,6.32
Удмуртская Республика,18,MUNICIPAL,mun_sm,"Муниципальный совет, одномандатный округ","Выборы депутатов Совета депутатов муниципального образования ""Муниципальный округ Каракулинский район Удмуртской Республики"" второго созыва",Каманинский,1,1,2,96,89,89,89,92.71,True,48.31,МАНДРЫГИНА Марина Сергеевна,66,74.16,ГАЛИМУЛЛИНА Ирина Викторовна,23,25.84,,,
Удмуртская Республика,18,MUNICIPAL,mun_sm,"Муниципальный совет, одномандатный округ","Выборы депутатов Совета депутатов муниципального образования ""Муниципальный округ Каракулинский район Удмуртской Республики"" второго созыва",Кулюшевский,1,1,2,39,34,33,33,87.18,True,39.39,ИСАЕНКО Юрий Павлович,23,69.7,СЕРЕБРЯКОВ Рудольф Федорович,10,30.3,,,
Удмуртская Республика,18,MUNICIPAL,mun_sm,"Муниципальный совет, одномандатный округ","Выборы депутатов Совета депутатов муниципального образования ""Муниципальный округ Каракулинский район Удмуртской Республики"" второго созыва",Малокалмашинский,1,1,2,29,26,25,25,89.66,True,12.0,ОЛЬШЕВСКИЙ Сергей Александрович,14,56.0,СЕРДЮК Анастасия Александровна,11,44.0,,,
Удмуртская Республика,18,MUNICIPAL,mun_sm,"Муниципальный совет, одномандатный округ","Выборы депутатов Совета депутатов муниципального образования ""Муниципальный округ Каракулинский район Удмуртской Республики"" второго созыва",Ныргындинский,1,1,2,44,42,40,40,95.45,True,20.0,КОРОСТИН Леонард Леонидович,24,60.0,СИТДИКОВ Айрат Эльдарович,16,40.0,,,
Удмуртская Республика,18,MUNICIPAL,mun_sm,"Муниципальный совет, одномандатный округ","Выборы депутатов Совета депутатов муниципального образования ""Муниципальный округ Каракулинский район Удмуртской Республики"" второго созыва",Пинязьский,1,1,2,49,43,41,41,87.76,True,51.22,ГРЕБЕНЕВ Дмитрий Николаевич,31,75.61,ЗАВЬЯЛОВА Мария Владимировна,10,24.39,,,
Удмуртская Республика,18,MUNICIPAL,mun_sm,"Муниципальный совет, одномандатный округ","Выборы депутатов Совета депутатов муниципального образования ""Муниципальный округ Каракулинский район Удмуртской Республики"" второго созыва",Прикамский,1,1,3,74,72,71,71,97.3,True,40.85,ТУРЧЕНКО Иван Леонидович,44,61.97,ЧЕРНИЦЫН Виктор Юрьевич,15,21.13,ЗВЕЗДИН Константин Александрович,12,16.9
Удмуртская Республика,18,MUNICIPAL,mun_sm,"Муниципальный совет, одномандатный округ","Выборы депутатов Совета депутатов муниципального образования ""Муниципальный округ Каракулинский район Удмуртской Республики"" второго созыва",Северный,1,1,2,90,84,84,84,93.33,True,64.29,ЧУМАКОВА Ольга Владимировна,69,82.14,ПЕВЗНЕР Глеб Маркович,15,17.86,,,
Удмуртская Республика,18,MUNICIPAL,mun_sm,"Муниципальный совет, одномандатный округ","Выборы депутатов Совета депутатов муниципального образования ""Муниципальный округ Каракулинский район Удмуртской Республики"" второго созыва",Центральный,1,1,3,82,80,79,79,97.56,True,16.46,МУХАЧЕВ Александр Вячеславович,43,54.43,ПОДКИНА Людмила Витальевна,30,37.97,ЮБЕРОВА Мария Алексеевна,6,7.59
Удмуртская Республика,18,MUNICIPAL,mun_sm,"Муниципальный совет, одномандатный округ","Выборы депутатов Совета депутатов муниципального образования ""Муниципальный округ Каракулинский район Удмуртской Республики"" второго созыва",Чегандинский,1,1,2,68,60,58,58,88.24,True,62.07,СУДАКОВ Михаил Николаевич - За,47,81.03,СУДАКОВ Михаил Николаевич - Против,11,18.97,,,
Удмуртская Республика,18,MUNICIPAL,mun_sm,"Муниципальный совет, одномандатный округ","Выборы депутатов Совета депутатов муниципального образования ""Муниципальный округ Каракулинский район Удмуртской Республики"" второго созыва",Юбилейный,1,1,2,81,77,75,75,95.06,True,36.0,ШАДРИН Игорь Николаевич - За,51,68.0,ШАДРИН Игорь Николаевич - Против,24,32.0,,,
Удмуртская Республика,18,MUNICIPAL,mun_sm,"Муниципальный совет, одномандатный округ","Выборы депутатов Совета депутатов муниципального образования ""Муниципальный округ Кезский район Удмуртской Республики"" второго созыва",Александровский,1,1,2,118,99,98,98,83.9,True,65.31,ВОЛОСКОВ Сергей Михайлович,81,82.65,ЛАПТЕВ Владислав Дмитриевич,17,17.35,,,
Удмуртская Республика,18,MUNICIPAL,mun_sm,"Муниципальный совет, одномандатный округ","Выборы депутатов Совета депутатов муниципального образования ""Муниципальный округ Кезский район Удмуртской Республики"" второго созыва",Аникинский,1,1,3,110,103,103,103,93.64,True,34.95,ЖИГАЛОВА Елена Владимировна,60,58.25,МАКСИМОВА Алина Александровна,24,23.3,КОРШУНОВ Олег Владимирович,19,18.45
Удмуртская Республика,18,MUNICIPAL,mun_sm,"Муниципальный совет, одномандатный округ","Выборы депутатов Совета депутатов муниципального образования ""Муниципальный округ Кезский район Удмуртской Республики"" второго созыва",Большекезский,1,1,2,113,106,103,103,93.81,True,10.68,КОРОТАЕВ Михаил Анатольевич,57,55.34,ГЛАВАТСКИХ Валентина Геннадьевна,46,44.66,,,
Удмуртская Республика,18,MUNICIPAL,mun_sm,"Муниципальный совет, одномандатный округ","Выборы депутатов Совета депутатов муниципального образования ""Муниципальный округ Кезский район Удмуртской Республики"" второго созыва",Восточный,1,1,3,67,54,53,53,80.6,True,39.62,САЛЬНИКОВ Данил Александрович,32,60.38,ЖАРКОВ Станислав Владимирович,11,20.75,СИМОНОВ Ростислав Анатольевич,10,18.87
Удмуртская Республика,18,MUNICIPAL,mun_sm,"Муниципальный совет, одномандатный округ","Выборы депутатов Совета депутатов муниципального образования ""Муниципальный округ Кезский район Удмуртской Республики"" второго созыва",Западный,1,1,2,78,71,70,70,91.03,True,28.57,БУТОЛИНА Лариса Валерьевна,45,64.29,ГОРБУШИН Андрей Владимирович,25,35.71,,,
Удмуртская Республика,18,MUNICIPAL,mun_sm,"Муниципальный совет, одномандатный округ","Выборы депутатов Совета депутатов муниципального образования ""Муниципальный округ Кезский район Удмуртской Республики"" второго созыва",Заринский,1,1,2,95,84,84,84,88.42,True,11.9,САБУРОВА Надежда Ивановна,47,55.95,ЮФЕРЕВА Людмила Николаевна,37,44.05,,,
Удмуртская Республика,18,MUNICIPAL,mun_sm,"Муниципальный совет, одномандатный округ","Выборы депутатов Совета депутатов муниципального образования ""Муниципальный округ Кезский район Удмуртской Республики"" второго созыва",Камский,1,1,2,78,71,71,71,91.03,True,40.85,МАЛКОВ Андрей Николаевич,50,70.42,НИКОЛАЕВА Оксана Анатольевна,21,29.58,,,
Удмуртская Республика,18,MUNICIPAL,mun_sm,"Муниципальный совет, одномандатный округ","Выборы депутатов Совета депутатов муниципального образования ""Муниципальный округ Кезский район Удмуртской Республики"" второго созыва",Кузьминский,1,1,4,85,69,69,69,81.18,True,63.77,МУФТАХОВ Рашид Фаттахутдинович,53,76.81,КОРЕПАНОВ Константин Николаевич,9,13.04,ЗАВЬЯЛОВА Мария Владимировна,5,7.25
Удмуртская Республика,18,MUNICIPAL,mun_sm,"Муниципальный совет, одномандатный округ","Выборы депутатов Совета депутатов муниципального образования ""Муниципальный округ Кезский район Удмуртской Республики"" второго созыва",Мирный,1,1,2,108,102,100,100,94.44,True,74.0,МАРКОВ Константин Евгениевич,87,87.0,ГЕЙДАРОВ Валех Байхан Оглы,13,13.0,,,
Удмуртская Республика,18,MUNICIPAL,mun_sm,"Муниципальный совет, одномандатный округ","Выборы депутатов Совета депутатов муниципального образования ""Муниципальный округ Кезский район Удмуртской Республики"" второго созыва",Озонский,1,1,2,88,82,79,79,93.18,True,26.58,ДЕРЕНДЯЕВА Ирина Петровна,50,63.29,КОРЕПАНОВ Сергей Владимирович,29,36.71,,,
Удмуртская Республика,18,MUNICIPAL,mun_sm,"Муниципальный совет, одномандатный округ","Выборы депутатов Совета депутатов муниципального образования ""Муниципальный округ Кезский район Удмуртской Республики"" второго созыва",Олыпский,1,1,3,81,73,73,73,90.12,True,63.01,БЕЛОСЛУДЦЕВ Евгений Вячеславович,57,78.08,КОПАНЕВ Максим Станиславович,11,15.07,ЛЕКОМЦЕВА Кира Андреевна,5,6.85
Удмуртская Республика,18,MUNICIPAL,mun_sm,"Муниципальный совет, одномандатный округ","Выборы депутатов Совета депутатов муниципального образования ""Муниципальный округ Кезский район Удмуртской Республики"" второго созыва",Поселковый,1,1,3,104,99,99,99,95.19,True,60.61,ГУЩИНА Татьяна Валериевна,73,73.74,СМАКУЛОВ Сергей Юрьевич,13,13.13,СТЕПАНОВ Алексей Леонидович,13,13.13
Удмуртская Республика,18,MUNICIPAL,mun_sm,"Муниципальный совет, одномандатный округ","Выборы депутатов Совета депутатов муниципального образования ""Муниципальный округ Кезский район Удмуртской Республики"" второго созыва",Промышленный,1,1,2,94,87,87,87,92.55,True,58.62,АНТОНОВ Андрей Владимирович,69,79.31,МАРКОВА Мария Павловна,18,20.69,,,
Удмуртская Республика,18,MUNICIPAL,mun_sm,"Муниципальный совет, одномандатный округ","Выборы депутатов Совета депутатов муниципального образования ""Муниципальный округ Кезский район Удмуртской Республики"" второго созыва",Рабочий,1,1,2,123,113,112,112,91.87,True,39.29,СЕРЕБРЕННИКОВА Елена Станиславовна,78,69.64,ПОРОШИНА Екатерина Серафимовна,34,30.36,,,
Удмуртская Республика,18,MUNICIPAL,mun_sm,"Муниципальный совет, одномандатный округ","Выборы депутатов Совета депутатов муниципального образования ""Муниципальный округ Кезский район Удмуртской Республики"" второго созыва",Северный,1,1,2,112,99,98,98,88.39,True,22.45,ВАУЛИНА Марина Яковлевна,60,61.22,ИГНАТЬЕВА Алена Владимировна,38,38.78,,,
Удмуртская Республика,18,MUNICIPAL,mun_sm,"Муниципальный совет, одномандатный округ","Выборы депутатов Совета депутатов муниципального образования ""Муниципальный округ Кезский район Удмуртской Республики"" второго созыва",Сырзаводской,1,1,2,136,130,129,129,95.59,True,31.78,ДИМИТРИЕВ Иван Николаевич,85,65.89,ЕЛИСЕЕВ Захар Иванович,44,34.11,,,
Удмуртская Республика,18,MUNICIPAL,mun_sm,"Муниципальный совет, одномандатный округ","Выборы депутатов Совета депутатов муниципального образования ""Муниципальный округ Кезский район Удмуртской Республики"" второго созыва",Чепецкий,1,1,3,118,112,112,112,94.92,True,78.57,БОГДАНОВ Алексей Зикфридович,97,86.61,КАСИМОВ Кирилл Артурович,9,8.04,ЗЕМБЕКОВ Владислав Сергеевич,6,5.36
Удмуртская Республика,18,MUNICIPAL,mun_sm,"Муниципальный совет, одномандатный округ","Выборы депутатов Совета депутатов муниципального образования ""Муниципальный округ Кезский район Удмуртской Республики"" второго созыва",Элеваторский,1,1,2,87,79,79,79,90.8,True,1.27,ВАУЛИНА Екатерина Лаврентьевна,40,50.63,МАРКОВ Валерий Викторович,39,49.37,,,
Удмуртская Республика,18,MUNICIPAL,mun_sm,"Муниципальный совет, одномандатный округ","Выборы депутатов Совета депутатов муниципального образования ""Муниципальный округ Кезский район Удмуртской Республики"" второго созыва",Южный,1,1,2,76,66,66,66,86.84,True,3.03,КОРЕПАНОВ Иван Федорович,34,51.52,МАКСИМОВ Николай Сергеевич,32,48.48,,,
Удмуртская Республика,18,MUNICIPAL,mun_sm,"Муниципальный совет, одномандатный округ","Выборы депутатов Совета депутатов муниципального образования ""Муниципальный округ Кезский район Удмуртской Республики"" второго созыва",Юскинский,1,1,3,45,44,43,43,97.78,True,65.12,ЛЕКОМЦЕВ Станислав Валерьевич,34,79.07,НИКИТИНА Александра Николаевна,6,13.95,МАРКОВ Евгений Александрович,3,6.98
Удмуртская Республика,18,MUNICIPAL,mun_mm,"Муниципальный совет, многомандатный округ","Выборы депутатов Совета депутатов муниципального образования ""Муниципальный округ Кизнерский район Удмуртской Республики"" второго созыва",Вятский,1,2,4,153,142,138,207,92.81,True,10.14,ТИМОФЕЕВА Екатерина Константиновна,69,33.33,ИВАНОВ Александр Михайлович,64,30.92,ВАРАВИНОВА Мария Васильевна,43,20.77
Удмуртская Республика,18,MUNICIPAL,mun_mm,"Муниципальный совет, многомандатный округ","Выборы депутатов Совета депутатов муниципального образования ""Муниципальный округ Кизнерский район Удмуртской Республики"" второго созыва",Липовский,1,2,3,188,181,181,263,96.28,True,0.38,СУВОРОВА Галина Владимировна,126,47.91,ОРЛОВА Татьяна Александровна,69,26.24,МАЧАРАШВИЛИ Екатерина Рамазиевна,68,25.86
Удмуртская Республика,18,MUNICIPAL,mun_mm,"Муниципальный совет, многомандатный округ","Выборы депутатов Совета депутатов муниципального образования ""Муниципальный округ Кизнерский район Удмуртской Республики"" второго созыва",Северо-Западный,1,2,4,125,121,121,185,96.8,True,11.35,ЧЕРНЫШОВА Маргарита Леонидовна,64,34.59,БЕЛОУСОВА Ольга Николаевна,62,33.51,ТРЕФИЛОВА Лариса Леонидовна,41,22.16
Удмуртская Республика,18,MUNICIPAL,mun_mm,"Муниципальный совет, многомандатный округ","Выборы депутатов Совета депутатов муниципального образования ""Муниципальный округ Кизнерский район Удмуртской Республики"" второго созыва",Сосновый,1,2,4,175,167,165,248,95.43,True,19.35,АКАЧЕВА Ираида Николаевна,97,39.11,НАЗАРОВ Сергей Петрович,84,33.87,МИХАЙЛОВ Николай Юриевич,36,14.52
Удмуртская Республика,18,MUNICIPAL,mun_mm,"Муниципальный совет, многомандатный округ","Выборы депутатов Совета депутатов муниципального образования ""Муниципальный округ Кизнерский район Удмуртской Республики"" второго созыва",Тыжминский,1,2,3,217,205,204,284,94.47,True,11.27,ХУРАМШИНА Татьяна Федоровна,142,50.0,ВАСЕНИНА Эльвира Вазировна,87,30.63,НИКИТИН Олег Викторович,55,19.37
Удмуртская Республика,18,MUNICIPAL,mun_mm,"Муниципальный совет, многомандатный округ","Выборы депутатов Совета депутатов муниципального образования ""Муниципальный округ Кизнерский район Удмуртской Республики"" второго созыва",Центральный,1,2,3,203,193,192,266,95.07,True,12.03,ШАМОВ Анатолий Вячеславович,126,47.37,НЕВОСТРУЕВ Алексей Евгеньевич,86,32.33,АСТРАХАНЦЕВ Александр Андреевич,54,20.3
Удмуртская Республика,18,MUNICIPAL,mun_mm,"Муниципальный совет, многомандатный округ","Выборы депутатов Совета депутатов муниципального образования ""Муниципальный округ Кизнерский район Удмуртской Республики"" второго созыва",Школьный,1,2,3,219,209,209,270,95.43,True,1.48,КОБЕЛЕВА Надежда Михайловна,164,60.74,ЧЕБОТАРЕВ Олег Игоревич,55,20.37,ИЛЮХИН Руслан Александрович,51,18.89
Удмуртская Республика,18,MUNICIPAL,mun_mm,"Муниципальный совет, многомандатный округ","Выборы депутатов Совета депутатов муниципального образования ""Муниципальный округ Кизнерский район Удмуртской Республики"" второго созыва",Юго-Восточный,1,2,3,104,98,97,144,94.23,True,27.08,ТРОИЦКИЙ Алексей Викторович,63,43.75,КУМАЕВА Елена Вячеславовна,60,41.67,СЕКЕРИН Геннадий Михайлович,21,14.58
Удмуртская Республика,18,MUNICIPAL,mun_mm,"Муниципальный совет, многомандатный округ","Выборы депутатов Совета депутатов муниципального образования ""Муниципальный округ Кизнерский район Удмуртской Республики"" второго созыва",Южный,1,2,5,151,144,141,210,95.36,True,25.71,АРИСТАРХОВА Любовь Михайловна,87,41.43,ЗАЙЦЕВА Индира Зуфаровна,74,35.24,КЫРГАНОВ Павел Александрович,20,9.52
Удмуртская Республика,18,MUNICIPAL,mun_pl,"Муниципальный совет, партсписок","Выборы депутатов Совета депутатов муниципального образования ""Муниципальный округ Киясовский район Удмуртской Республики"" второго созыва",,10,1,5,861,792,785,785,91.99,True,44.59,Единая Россия,463,58.98,Новые люди,113,14.39,ЛДПР,85,10.83
Удмуртская Республика,18,MUNICIPAL,mun_sm,"Муниципальный совет, одномандатный округ","Выборы депутатов Совета депутатов муниципального образования ""Муниципальный округ Киясовский район Удмуртской Республики"" второго созыва",Атабаевский,1,1,3,62,58,58,58,93.55,True,43.1,САМАРОВА Ирина Николаевна,37,63.79,ДУДИН Алексей Иванович,12,20.69,ЮХНИН Денис Григорьевич,9,15.52
Удмуртская Республика,18,MUNICIPAL,mun_sm,"Муниципальный совет, одномандатный округ","Выборы депутатов Совета депутатов муниципального образования ""Муниципальный округ Киясовский район Удмуртской Республики"" второго созыва",Ермолаевский,1,1,3,79,71,69,69,89.87,True,0.0,РЫБОЛОВЛЕВ Анатолий Иванович,28,40.58,ШИЛОВ Александр Геннадьевич,28,40.58,МИРАЕВ Михаил Юрьевич,13,18.84
Удмуртская Республика,18,MUNICIPAL,mun_sm,"Муниципальный совет, одномандатный округ","Выборы депутатов Совета депутатов муниципального образования ""Муниципальный округ Киясовский район Удмуртской Республики"" второго созыва",Западный,1,1,4,90,84,84,84,93.33,True,36.9,МАКСИМОВА Ирина Михайловна,47,55.95,ГЛУХОВ Павел Викторович,16,19.05,ЛОЩАКОВ Алексей Владимирович,14,16.67
Удмуртская Республика,18,MUNICIPAL,mun_sm,"Муниципальный совет, одномандатный округ","Выборы депутатов Совета депутатов муниципального образования ""Муниципальный округ Киясовский район Удмуртской Республики"" второго созыва",Карамас-Пельгинский,1,1,5,71,68,67,67,95.77,True,73.13,ГАБИТОВА Татьяна Юрьевна,54,80.6,ШАДРИНА Ксения Дмитриевна,5,7.46,СИТДИКОВ Руслан Равилевич,4,5.97
Удмуртская Республика,18,MUNICIPAL,mun_sm,"Муниципальный совет, одномандатный округ","Выборы депутатов Совета депутатов муниципального образования ""Муниципальный округ Киясовский район Удмуртской Республики"" второго созыва",Лутохинский,1,1,3,93,82,82,82,88.17,True,21.95,КАМАШЕВ Юрий Леонидович,46,56.1,ТАНАЕВ Олег Петрович,28,34.15,АМИНОВ Ильяс Рашитович,8,9.76
Удмуртская Республика,18,MUNICIPAL,mun_sm,"Муниципальный совет, одномандатный округ","Выборы депутатов Совета депутатов муниципального образования ""Муниципальный округ Киясовский район Удмуртской Республики"" второго созыва",Мушаковский,1,1,4,92,73,72,72,79.35,True,63.89,МАЗИТОВ Фирдинат Гильмигаянович,54,75.0,ВОРОБЬЕВА Ангелина Александровна,8,11.11,ВЫСОЦКИЙ Владислав Львович,6,8.33
Удмуртская Республика,18,MUNICIPAL,mun_sm,"Муниципальный совет, одномандатный округ","Выборы депутатов Совета депутатов муниципального образования ""Муниципальный округ Киясовский район Удмуртской Республики"" второго созыва",Набережный,1,1,2,105,98,97,97,93.33,True,52.58,ШАКИРОВА Ольга Геннадьевна,74,76.29,ЛОЩАКОВА Оксана Леонидовна,23,23.71,,,
Удмуртская Республика,18,MUNICIPAL,mun_sm,"Муниципальный совет, одномандатный округ","Выборы депутатов Совета депутатов муниципального образования ""Муниципальный округ Киясовский район Удмуртской Республики"" второго созыва",Первомайский,1,1,2,55,53,53,53,96.36,True,9.43,СИДОРОВ Иван Сергеевич,29,54.72,ГОЛОВКИН Алексей Валентинович,24,45.28,,,
Удмуртская Республика,18,MUNICIPAL,mun_sm,"Муниципальный совет, одномандатный округ","Выборы депутатов Совета депутатов муниципального образования ""Муниципальный округ Киясовский район Удмуртской Республики"" второго созыва",Подгорновский,1,1,3,58,53,52,52,91.38,True,53.85,СИБИРЯКОВ Иван Михайлович,38,73.08,ЛОЩАКОВА Наталья Леонидовна,10,19.23,АГАФОНОВ Арсений Алексеевич,4,7.69
Удмуртская Республика,18,MUNICIPAL,mun_sm,"Муниципальный совет, одномандатный округ","Выборы депутатов Совета депутатов муниципального образования ""Муниципальный округ Киясовский район Удмуртской Республики"" второго созыва",Центральный,1,1,5,156,152,151,151,97.44,True,3.31,КУЛАЛАЕВ Сергей Юрьевич,62,41.06,КОРОБЕЙНИКОВ Александр Владимирович,57,37.75,БЕЗРУКИХ Артём Алексеевич,15,9.93
Удмуртская Республика,18,MUNICIPAL,mun_pl,"Муниципальный совет, партсписок","Выборы депутатов Совета депутатов муниципального образования ""Муниципальный округ Красногорский район Удмуртской Республики"" второго созыва",,8,1,5,922,878,875,875,95.23,True,35.2,Единая Россия,481,54.97,КПРФ,173,19.77,Новые люди,114,13.03
Удмуртская Республика,18,MUNICIPAL,mun_sm,"Муниципальный совет, одномандатный округ","Выборы депутатов Совета депутатов муниципального образования ""Муниципальный округ Красногорский район Удмуртской Республики"" второго созыва",Агрикольский,1,1,2,136,130,128,128,95.59,True,34.38,ЖУЙКОВ Юрий Григорьевич,86,67.19,КАРАВАЕВ Василий Алексеевич,42,32.81,,,
Удмуртская Республика,18,MUNICIPAL,mun_sm,"Муниципальный совет, одномандатный округ","Выборы депутатов Совета депутатов муниципального образования ""Муниципальный округ Красногорский район Удмуртской Республики"" второго созыва",Валамазский,1,1,4,82,74,73,73,90.24,True,32.88,ЧУМАКОВ Алексей Владимирович,40,54.79,БОГОВЕЕВ Иван Альбертович,16,21.92,ТЕРСКИЙ Роман Владимирович,9,12.33
Удмуртская Республика,18,MUNICIPAL,mun_sm,"Муниципальный совет, одномандатный округ","Выборы депутатов Совета депутатов муниципального образования ""Муниципальный округ Красногорский район Удмуртской Республики"" второго созыва",Заречный,1,1,2,114,107,106,106,93.86,True,49.06,КОЛОТОВА Юлия Владимировна,79,74.53,ЖАРКОВ Станислав Владимирович,27,25.47,,,
Удмуртская Республика,18,MUNICIPAL,mun_sm,"Муниципальный совет, одномандатный округ","Выборы депутатов Совета депутатов муниципального образования ""Муниципальный округ Красногорский район Удмуртской Республики"" второго созыва",Комсомольский,1,1,2,110,108,108,108,98.18,True,42.59,ФИЛИППОВА Ольга Юрьевна,77,71.3,ИНДЮКОВ Алексей Викторович,31,28.7,,,
Удмуртская Республика,18,MUNICIPAL,mun_sm,"Муниципальный совет, одномандатный округ","Выборы депутатов Совета депутатов муниципального образования ""Муниципальный округ Красногорский район Удмуртской Республики"" второго созыва",Красногорский,1,1,3,155,150,150,150,96.77,True,31.33,БАБИНЦЕВ Виктор Игоревич,87,58.0,СТАРОДУМОВ Михаил Валериевич,40,26.67,ТУРУНЦЕВА Надежда Викторовна,23,15.33
Удмуртская Республика,18,MUNICIPAL,mun_sm,"Муниципальный совет, одномандатный округ","Выборы депутатов Совета депутатов муниципального образования ""Муниципальный округ Красногорский район Удмуртской Республики"" второго созыва",Курьинский,1,1,4,70,64,64,64,91.43,True,21.88,СУХИХ Владимир Арсентьевич,36,56.25,БАЖЕНОВА Ольга Сергеевна,22,34.38,МАТУШКИН Сергей Геннадьевич,4,6.25
Удмуртская Республика,18,MUNICIPAL,mun_sm,"Муниципальный совет, одномандатный округ","Выборы депутатов Совета депутатов муниципального образования ""Муниципальный округ Красногорский район Удмуртской Республики"" второго созыва",Святогорский,1,1,3,123,119,118,118,96.75,True,53.39,ИВАНОВ Владимир Николаевич,82,69.49,АНДРЕЕВА Людмила Николаевна,19,16.1,ШУДЕГОВА Александра Викторовна,17,14.41
Удмуртская Республика,18,MUNICIPAL,mun_sm,"Муниципальный совет, одномандатный округ","Выборы депутатов Совета депутатов муниципального образования ""Муниципальный округ Красногорский район Удмуртской Республики"" второго созыва",Центральный,1,1,3,132,126,126,126,95.45,True,55.56,СУШЕНЦОВА Татьяна Владимировна,95,75.4,ВОРОНЧИХИН Александр Витальевич,25,19.84,МАКСИМОВ Дмитрий Инокентьевич,6,4.76
Удмуртская Республика,18,MUNICIPAL,mun_pl,"Муниципальный совет, партсписок","Выборы депутатов Совета депутатов муниципального образования ""Муниципальный округ Малопургинский район Удмуртской Республики"" второго созыва",,15,1,5,3477,3334,3314,3314,95.89,True,50.63,Единая Россия,2125,64.12,Новые люди,447,13.49,КПРФ,366,11.04
Удмуртская Республика,18,MUNICIPAL,mun_sm,"Муниципальный совет, одномандатный округ","Выборы депутатов Совета депутатов муниципального образования ""Муниципальный округ Малопургинский район Удмуртской Республики"" второго созыва",Баграш-Бигринский,1,1,4,273,265,265,265,97.07,True,4.53,ДЫГАЕВ Олег Николаевич,115,43.4,СЕРГЕЕВА Людмила Николаевна,103,38.87,ДЕРИШЕВА Анна Валерьевна,24,9.06
Удмуртская Республика,18,MUNICIPAL,mun_sm,"Муниципальный совет, одномандатный округ","Выборы депутатов Совета депутатов муниципального образования ""Муниципальный округ Малопургинский район Удмуртской Республики"" второго созыва",Бурановский,1,1,4,192,185,183,183,96.35,True,32.79,НАУМОВА Лариса Анатольевна,110,60.11,АРАНКУЛОВА Диана Вячеславовна,50,27.32,ВОЛКОВ Дмитрий Иванович,17,9.29
Удмуртская Республика,18,MUNICIPAL,mun_sm,"Муниципальный совет, одномандатный округ","Выборы депутатов Совета депутатов муниципального образования ""Муниципальный округ Малопургинский район Удмуртской Республики"" второго созыва",Ильинский,1,1,4,176,172,172,172,97.73,True,71.51,ПЛОТНИКОВ Николай Васильевич,138,80.23,ПОМЫТКИН Александр Сергеевич,15,8.72,ВОЛКОВА Алёна Геннадьевна,11,6.4
Удмуртская Республика,18,MUNICIPAL,mun_sm,"Муниципальный совет, одномандатный округ","Выборы депутатов Совета депутатов муниципального образования ""Муниципальный округ Малопургинский район Удмуртской Республики"" второго созыва",Колхозный,1,1,4,273,262,260,260,95.97,True,16.92,ПРОНЬКИН Петр Александрович,131,50.38,БАСОВ Пётр Сергеевич,87,33.46,ФРОЛОВ Андрей Дмитриевич,34,13.08
Удмуртская Республика,18,MUNICIPAL,mun_sm,"Муниципальный совет, одномандатный округ","Выборы депутатов Совета депутатов муниципального образования ""Муниципальный округ Малопургинский район Удмуртской Республики"" второго созыва",Лесной,1,1,4,234,214,211,211,91.45,True,41.71,МУРАШОВ Александр Алексеевич,133,63.03,АКМАНАЕВ Тимур Евгеньевич,45,21.33,АБРАМОВ Олег Евгеньевич,22,10.43
Удмуртская Республика,18,MUNICIPAL,mun_sm,"Муниципальный совет, одномандатный округ","Выборы депутатов Совета депутатов муниципального образования ""Муниципальный округ Малопургинский район Удмуртской Республики"" второго созыва",Норьинский,1,1,4,229,217,215,215,94.76,True,54.88,ВЕРЁВКИН Фёдор Владимирович,152,70.7,КОРЕПАНОВА Снежана Васильевна,34,15.81,СИДОРОВ Иван Сергеевич,15,6.98
Удмуртская Республика,18,MUNICIPAL,mun_sm,"Муниципальный совет, одномандатный округ","Выборы депутатов Совета депутатов муниципального образования ""Муниципальный округ Малопургинский район Удмуртской Республики"" второго созыва",Пионерский,1,1,4,246,237,236,236,96.34,True,40.68,КОЧИН Дмитрий Кузьмич,145,61.44,ЗЕЛЕНИН Константин Петрович,49,20.76,БАГИШЕВ Михаил Михайлович,34,14.41
Удмуртская Республика,18,MUNICIPAL,mun_sm,"Муниципальный совет, одномандатный округ","Выборы депутатов Совета депутатов муниципального образования ""Муниципальный округ Малопургинский район Удмуртской Республики"" второго созыва",Постольский,1,1,3,165,154,154,154,93.33,True,24.03,ВЕРЕВКИН Андрей Сергеевич,88,57.14,ЧЕТВЕРИКОВ Дмитрий Михайлович,51,33.12,ЛИПИН Яков Вячеславович,15,9.74
Удмуртская Республика,18,MUNICIPAL,mun_sm,"Муниципальный совет, одномандатный округ","Выборы депутатов Совета депутатов муниципального образования ""Муниципальный округ Малопургинский район Удмуртской Республики"" второго созыва",Пугачевский,1,1,3,242,238,236,236,98.35,True,19.92,ЗВОРЫГИН Павел Григорьевич,122,51.69,ВОЛОГЖАНИН Павел Николаевич,75,31.78,ГОРОДИЛОВ Сергей Анатольевич,39,16.53
Удмуртская Республика,18,MUNICIPAL,mun_sm,"Муниципальный совет, одномандатный округ","Выборы депутатов Совета депутатов муниципального образования ""Муниципальный округ Малопургинский район Удмуртской Республики"" второго созыва",Старомоньинский,1,1,2,221,215,212,212,97.29,True,75.47,ЯСОНОВ Бронислав Васильевич,186,87.74,ГАЛИМУЛЛИНА Ирина Викторовна,26,12.26,,,
Удмуртская Республика,18,MUNICIPAL,mun_sm,"Муниципальный совет, одномандатный округ","Выборы депутатов Совета депутатов муниципального образования ""Муниципальный округ Малопургинский район Удмуртской Республики"" второго созыва",Удмуртский,1,1,5,221,213,211,211,96.38,True,52.61,РУБЛЁВ Алексей Николаевич,139,65.88,ФАЛАЛЕЕВ Денис Игоревич,28,13.27,СТЕПАНОВА Снежана Владимировна,23,10.9
Удмуртская Республика,18,MUNICIPAL,mun_sm,"Муниципальный совет, одномандатный округ","Выборы депутатов Совета депутатов муниципального образования ""Муниципальный округ Малопургинский район Удмуртской Республики"" второго созыва",Уромский,1,1,4,178,164,160,160,92.13,True,75.0,КОРОВИН Пётр Николаевич,132,82.5,ЮШКОВА Алёна Николаевна,12,7.5,СИТДИКОВ Айрат Эльдарович,10,6.25
Удмуртская Республика,18,MUNICIPAL,mun_sm,"Муниципальный совет, одномандатный округ","Выборы депутатов Совета депутатов муниципального образования ""Муниципальный округ Малопургинский район Удмуртской Республики"" второго созыва",Школьный,1,1,5,405,396,393,393,97.78,True,34.86,КОЛЧИНА Наталья Сергеевна,214,54.45,АЛЕКСЕЕВ Георгий Леонидович,77,19.59,ЧУТАЕВА Марина Евгеньевна,50,12.72
Удмуртская Республика,18,MUNICIPAL,mun_sm,"Муниципальный совет, одномандатный округ","Выборы депутатов Совета депутатов муниципального образования ""Муниципальный округ Малопургинский район Удмуртской Республики"" второго созыва",Юго-Восточный,1,1,3,194,182,179,179,93.81,True,73.74,БИЧУРИН Александр Валентинович,150,83.8,ВОЛОГЖАНИН Николай Павлович,18,10.06,ЛЕОНТЬЕВ Павел Юрьевич,11,6.15
Удмуртская Республика,18,MUNICIPAL,mun_sm,"Муниципальный совет, одномандатный округ","Выборы депутатов Совета депутатов муниципального образования ""Муниципальный округ Малопургинский район Удмуртской Республики"" второго созыва",Юго-Западный,1,1,4,228,220,218,218,96.49,True,58.72,ПЕТУХОВ Иван Петрович,156,71.56,ВОЛКОВ Сергей Николаевич,28,12.84,ПОПОВ Сергей Александрович,20,9.17
Удмуртская Республика,18,MUNICIPAL,mun_pl,"Муниципальный совет, партсписок","Выборы депутатов Совета депутатов муниципального образования ""Муниципальный округ Можгинский район Удмуртской Республики"" второго созыва",,10,1,5,2391,2229,2209,2209,93.22,True,47.67,Единая Россия,1351,61.16,КПРФ,298,13.49,ЛДПР,237,10.73
Удмуртская Республика,18,MUNICIPAL,mun_sm,"Муниципальный совет, одномандатный округ","Выборы депутатов Совета депутатов муниципального образования ""Муниципальный округ Можгинский район Удмуртской Республики"" второго созыва",Большеучинский,1,1,3,253,239,238,238,94.47,True,65.97,ШИЛИН Максим Сергеевич,187,78.57,ДЕРЮГИН Александр Валерьевич,30,12.61,ДРЯГИНА Регина Анатольевна,21,8.82
Удмуртская Республика,18,MUNICIPAL,mun_sm,"Муниципальный совет, одномандатный округ","Выборы депутатов Совета депутатов муниципального образования ""Муниципальный округ Можгинский район Удмуртской Республики"" второго созыва",Валинский,1,1,3,273,252,247,247,92.31,True,61.94,ЛУППОВА Екатерина Васильевна,191,77.33,СЕМЁНОВ Иван Владимирович,38,15.38,ФУРДЬ Мирослав Станиславович,18,7.29
Удмуртская Республика,18,MUNICIPAL,mun_sm,"Муниципальный совет, одномандатный округ","Выборы депутатов Совета депутатов муниципального образования ""Муниципальный округ Можгинский район Удмуртской Республики"" второго созыва",Льнозаводский,1,1,3,205,197,196,196,96.1,True,66.33,НИКОЛАЕВ Валерий Александрович,155,79.08,ВОЛКОВА Ульяна Руслановна,25,12.76,КОЛЕСНИКОВ Богдан Русланович,16,8.16
Удмуртская Республика,18,MUNICIPAL,mun_sm,"Муниципальный совет, одномандатный округ","Выборы депутатов Совета депутатов муниципального образования ""Муниципальный округ Можгинский район Удмуртской Республики"" второго созыва",Можгинский,1,1,3,270,249,246,246,92.22,True,49.59,ТИМОФЕЕВ Иван Владимирович,174,70.73,ЕМЕЛЬЯНОВ Игорь Васильевич,52,21.14,ДЖАУЛЬ Анатолий Леонидович,20,8.13
Удмуртская Республика,18,MUNICIPAL,mun_sm,"Муниципальный совет, одномандатный округ","Выборы депутатов Совета депутатов муниципального образования ""Муниципальный округ Можгинский район Удмуртской Республики"" второго созыва",Полевой,1,1,2,213,202,200,200,94.84,True,59.0,МЕЛЬНИКОВ Евгений Анатольевич,159,79.5,ВЕЛИЧИНСКИЙ Андрей Сергеевич,41,20.5,,,
Удмуртская Республика,18,MUNICIPAL,mun_sm,"Муниципальный совет, одномандатный округ","Выборы депутатов Совета депутатов муниципального образования ""Муниципальный округ Можгинский район Удмуртской Республики"" второго созыва",Северный,1,1,3,147,133,130,130,90.48,True,47.69,АЛЕКСЕЕВ Александр Николаевич,87,66.92,ОЛЕСОВ Иван Сергеевич,25,19.23,ДРЯГИН Александр Андреевич,18,13.85
Удмуртская Республика,18,MUNICIPAL,mun_sm,"Муниципальный совет, одномандатный округ","Выборы депутатов Совета депутатов муниципального образования ""Муниципальный округ Можгинский район Удмуртской Республики"" второго созыва",Сюгаильский,1,1,2,266,252,252,252,94.74,True,43.65,ВЛАСОВ Евгений Павлович,181,71.83,СМИРНОВ Рустам Анатольевич,71,28.17,,,
Удмуртская Республика,18,MUNICIPAL,mun_sm,"Муниципальный совет, одномандатный округ","Выборы депутатов Совета депутатов муниципального образования ""Муниципальный округ Можгинский район Удмуртской Республики"" второго созыва",Сюгинский,1,1,4,407,369,362,362,90.66,True,62.43,ЧУВАШОВ Олег Анатольевич,264,72.93,МАРКОВА Сара Павловна,38,10.5,КОЗЮКОВ Михаил Александрович,35,9.67
Удмуртская Республика,18,MUNICIPAL,mun_sm,"Муниципальный совет, одномандатный округ","Выборы депутатов Совета депутатов муниципального образования ""Муниципальный округ Можгинский район Удмуртской Республики"" второго созыва",Тракторский,1,1,3,135,121,120,120,89.63,True,49.17,ЗОРИН Василий Александрович,80,66.67,КУТЛЫБАЕВ Дмитрий Анатольевич,21,17.5,КРИВОШЕИН Дмитрий Владимирович,19,15.83
Удмуртская Республика,18,MUNICIPAL,mun_sm,"Муниципальный совет, одномандатный округ","Выборы депутатов Совета депутатов муниципального образования ""Муниципальный округ Можгинский район Удмуртской Республики"" второго созыва",Южный,1,1,5,222,215,213,213,96.85,True,3.76,ЕФИМОВ Валентин Анатольевич,79,37.09,ЧАУЗОВ Михаил Сергеевич,71,33.33,ВОРОБЬЕВА Регина Александровна,26,12.21
Удмуртская Республика,18,MUNICIPAL,mun_sm,"Муниципальный совет, одномандатный округ","Выборы депутатов Совета депутатов муниципального образования ""Муниципальный округ Сарапульский район Удмуртской Республики"" второго созыва",Одномандатный избирательный округ №1,1,1,4,80,73,71,71,91.25,True,25.35,ШКАРУПА Владимир Александрович,36,50.7,БЕЛЯЕВ Андрей Вадимович,18,25.35,БЕЗРУКИХ Артём Алексеевич,12,16.9
Удмуртская Республика,18,MUNICIPAL,mun_sm,"Муниципальный совет, одномандатный округ","Выборы депутатов Совета депутатов муниципального образования ""Муниципальный округ Сарапульский район Удмуртской Республики"" второго созыва",Одномандатный избирательный округ №10,1,1,4,91,88,87,87,96.7,True,48.28,ПОПОВ Александр Юрьевич,55,63.22,ЮХНИН Денис Григорьевич,13,14.94,ТЕТЕРИН Леонид Викторович,12,13.79
Удмуртская Республика,18,MUNICIPAL,mun_sm,"Муниципальный совет, одномандатный округ","Выборы депутатов Совета депутатов муниципального образования ""Муниципальный округ Сарапульский район Удмуртской Республики"" второго созыва",Одномандатный избирательный округ №11,1,1,4,106,92,90,90,86.79,True,15.56,РУБЦОВ Олег Викторович,37,41.11,ТРЕТЬЯКОВ Николай Васильевич,23,25.56,МАМАЕВ Иван Андреевич,17,18.89
Удмуртская Республика,18,MUNICIPAL,mun_sm,"Муниципальный совет, одномандатный округ","Выборы депутатов Совета депутатов муниципального образования ""Муниципальный округ Сарапульский район Удмуртской Республики"" второго созыва",Одномандатный избирательный округ №12,1,1,2,131,117,116,116,89.31,True,34.48,СТУПНИКОВА Мария Викторовна,78,67.24,ШКАПОВ Алексей Юрьевич,38,32.76,,,
Удмуртская Республика,18,MUNICIPAL,mun_sm,"Муниципальный совет, одномандатный округ","Выборы депутатов Совета депутатов муниципального образования ""Муниципальный округ Сарапульский район Удмуртской Республики"" второго созыва",Одномандатный избирательный округ №13,1,1,4,122,112,111,111,91.8,True,12.61,СОМОВ Владимир Владимирович,47,42.34,ЖУЙКОВ Никита Владимирович,33,29.73,КОНОПЛЕВА Людмила Александровна,26,23.42
Удмуртская Республика,18,MUNICIPAL,mun_sm,"Муниципальный совет, одномандатный округ","Выборы депутатов Совета депутатов муниципального образования ""Муниципальный округ Сарапульский район Удмуртской Республики"" второго созыва",Одномандатный избирательный округ №14,1,1,3,146,136,136,136,93.15,True,0.0,ГИМИЛЯНОВА Марина Сергеевна,55,40.44,ТРУНИН Илья Александрович,55,40.44,ГАДЖИЕВ Эльгиз Айдынович,26,19.12
Удмуртская Республика,18,MUNICIPAL,mun_sm,"Муниципальный совет, одномандатный округ","Выборы депутатов Совета депутатов муниципального образования ""Муниципальный округ Сарапульский район Удмуртской Республики"" второго созыва",Одномандатный избирательный округ №15,1,1,4,115,106,105,105,92.17,True,52.38,БАЙКОВ Виталий Анатольевич,69,65.71,МИТРОШИН Дмитрий Владимирович,14,13.33,ДЬЯЧЕНКО Никита Николаевич,11,10.48
Удмуртская Республика,18,MUNICIPAL,mun_sm,"Муниципальный совет, одномандатный округ","Выборы депутатов Совета депутатов муниципального образования ""Муниципальный округ Сарапульский район Удмуртской Республики"" второго созыва",Одномандатный избирательный округ №2,1,1,3,62,55,54,54,88.71,True,48.15,КОРНЕВ Вячеслав Валентинович,37,68.52,ЩЕКЛЕИНА Дарья Станиславовна,11,20.37,КРУТЯКОВ Константин Валерьевич,6,11.11
Удмуртская Республика,18,MUNICIPAL,mun_sm,"Муниципальный совет, одномандатный округ","Выборы депутатов Совета депутатов муниципального образования ""Муниципальный округ Сарапульский район Удмуртской Республики"" второго созыва",Одномандатный избирательный округ №3,1,1,2,102,93,92,92,91.18,True,45.65,САДЫКОВ Руслан Рафисович,67,72.83,БИЗЯЕВА Лия Андреевна,25,27.17,,,
Удмуртская Республика,18,MUNICIPAL,mun_sm,"Муниципальный совет, одномандатный округ","Выборы депутатов Совета депутатов муниципального образования ""Муниципальный округ Сарапульский район Удмуртской Республики"" второго созыва",Одномандатный избирательный округ №4,1,1,3,93,87,84,84,93.55,True,34.52,БЫКОВ Андрей Васильевич,50,59.52,ГИЛЕМОВ Артур Рашитович,21,25.0,КРУТЯКОВ Ярослав Константинович,13,15.48
Удмуртская Республика,18,MUNICIPAL,mun_sm,"Муниципальный совет, одномандатный округ","Выборы депутатов Совета депутатов муниципального образования ""Муниципальный округ Сарапульский район Удмуртской Республики"" второго созыва",Одномандатный избирательный округ №5,1,1,4,55,44,42,42,80.0,True,52.38,АКМАЛЕТДИНОВ Шамиль Газитдинович,31,73.81,ШАРАФУЛЛИН Альберт Фидаисович,9,21.43,ШАБЛЫКИН Николай Сергеевич,2,4.76
Удмуртская Республика,18,MUNICIPAL,mun_sm,"Муниципальный совет, одномандатный округ","Выборы депутатов Совета депутатов муниципального образования ""Муниципальный округ Сарапульский район Удмуртской Республики"" второго созыва",Одномандатный избирательный округ №6,1,1,4,103,94,93,93,91.26,True,30.11,АБАЛТУСОВ Александр Геннадьевич,48,51.61,ШАБЛЫКИНА Вера Михайловна,20,21.51,ШАДРИНА Ксения Дмитриевна,18,19.35
Удмуртская Республика,18,MUNICIPAL,mun_sm,"Муниципальный совет, одномандатный округ","Выборы депутатов Совета депутатов муниципального образования ""Муниципальный округ Сарапульский район Удмуртской Республики"" второго созыва",Одномандатный избирательный округ №7,1,1,4,82,73,72,72,89.02,True,41.67,ЛИКВИНЦЕВА Татьяна Прокопьевна,47,65.28,ЗАРИПОВА Юлия Минталиповна,17,23.61,КАРИМОВА Нафиса Загировна,4,5.56
Удмуртская Республика,18,MUNICIPAL,mun_sm,"Муниципальный совет, одномандатный округ","Выборы депутатов Совета депутатов муниципального образования ""Муниципальный округ Сарапульский район Удмуртской Республики"" второго созыва",Одномандатный избирательный округ №8,1,1,4,73,65,60,60,89.04,True,26.67,ШАДРИНА Светлана Геннадьевна,31,51.67,ЮШКОВ Дмитрий Владимирович,15,25.0,НАЙМУШИН Антон Дмитриевич,11,18.33
Удмуртская Республика,18,MUNICIPAL,mun_sm,"Муниципальный совет, одномандатный округ","Выборы депутатов Совета депутатов муниципального образования ""Муниципальный округ Сарапульский район Удмуртской Республики"" второго созыва",Одномандатный избирательный округ №9,1,1,4,88,79,78,78,89.77,True,47.44,ГЛУХОВ Андрей Валентинович,48,61.54,МЕРЗЛЯКОВА Ольга Николаевна,11,14.1,НИГМАТУЛЛИН Руслан Газимович,10,12.82
Удмуртская Республика,18,MUNICIPAL,mun_pl,"Муниципальный совет, партсписок","Выборы депутатов Совета депутатов муниципального образования ""Муниципальный округ Селтинский район Удмуртской Республики"" второго созыва",,10,1,5,790,725,718,718,91.77,True,49.72,Единая Россия,451,62.81,КПРФ,94,13.09,Новые люди,86,11.98
Удмуртская Республика,18,MUNICIPAL,mun_sm,"Муниципальный совет, одномандатный округ","Выборы депутатов Совета депутатов муниципального образования ""Муниципальный округ Селтинский район Удмуртской Республики"" второго созыва",Западный,1,1,3,64,48,47,47,75.0,True,57.45,ПЕТУХОВА Нелли Викторовна,34,72.34,БАЕВА Марина Александровна,7,14.89,КОРЕПАНОВА Александра Александровна,6,12.77
Удмуртская Республика,18,MUNICIPAL,mun_sm,"Муниципальный совет, одномандатный округ","Выборы депутатов Совета депутатов муниципального образования ""Муниципальный округ Селтинский район Удмуртской Республики"" второго созыва",Копкинский,1,1,2,43,40,40,40,93.02,True,55.0,БИБАНАЕВА Лариса Анатольевна,31,77.5,ЛУЩИКОВА Диана Сергеевна,9,22.5,,,
Удмуртская Республика,18,MUNICIPAL,mun_sm,"Муниципальный совет, одномандатный округ","Выборы депутатов Совета депутатов муниципального образования ""Муниципальный округ Селтинский район Удмуртской Республики"" второго созыва",Ленинский,1,1,3,91,86,86,86,94.51,True,3.49,ЛИМОНОВА Ирина Павловна,39,45.35,РУССКИХ Андрей Викторович,36,41.86,УСАС Вероника Денисовна,11,12.79
Удмуртская Республика,18,MUNICIPAL,mun_sm,"Муниципальный совет, одномандатный округ","Выборы депутатов Совета депутатов муниципального образования ""Муниципальный округ Селтинский район Удмуртской Республики"" второго созыва",Новомоньинский,1,1,5,47,44,44,44,93.62,True,40.91,ШТУМФ Филипп Сергеевич,26,59.09,ШАПКИН Денис Николаевич,8,18.18,ВАХРУШЕВА Надежда Михайловна,5,11.36
Удмуртская Республика,18,MUNICIPAL,mun_sm,"Муниципальный совет, одномандатный округ","Выборы депутатов Совета депутатов муниципального образования ""Муниципальный округ Селтинский район Удмуртской Республики"" второго созыва",Пролетарский,1,1,3,115,106,105,105,92.17,True,55.24,ОРЛОВ Александр Михайлович,78,74.29,БЛИНОВА Асия Ярулловна,20,19.05,ЧЕРНОВ Андрей Николаевич,7,6.67
Удмуртская Республика,18,MUNICIPAL,mun_sm,"Муниципальный совет, одномандатный округ","Выборы депутатов Совета депутатов муниципального образования ""Муниципальный округ Селтинский район Удмуртской Республики"" второго созыва",Северный,1,1,2,87,80,76,76,91.95,True,84.21,БАТУЕВ Сергей Иванович,70,92.11,ПЕСКИШЕВА Анастасия Александровна,6,7.89,,,
Удмуртская Республика,18,MUNICIPAL,mun_sm,"Муниципальный совет, одномандатный округ","Выборы депутатов Совета депутатов муниципального образования ""Муниципальный округ Селтинский район Удмуртской Республики"" второго созыва",Солнечный,1,1,4,67,64,62,62,95.52,True,45.16,БУШМЕЛЕВ Сергей Валентинович,40,64.52,ГРЕБИН Владимир Андреевич,12,19.35,ВАХРУШЕВА Светлана Николаевна,8,12.9
Удмуртская Республика,18,MUNICIPAL,mun_sm,"Муниципальный совет, одномандатный округ","Выборы депутатов Совета депутатов муниципального образования ""Муниципальный округ Селтинский район Удмуртской Республики"" второго созыва",Удмуртский,1,1,3,139,134,133,133,96.4,True,43.61,ЗОРИН Владимир Юрьевич,84,63.16,ВАХРУШЕВА Дарья Сергеевна,26,19.55,КОСТЫЛЕВ Александр Анатольевич,23,17.29
Удмуртская Республика,18,MUNICIPAL,mun_sm,"Муниципальный совет, одномандатный округ","Выборы депутатов Совета депутатов муниципального образования ""Муниципальный округ Селтинский район Удмуртской Республики"" второго созыва",Центральный,1,1,2,76,67,67,67,88.16,True,28.36,ТРУДОЛЮБОВ Игорь Анатольевич,43,64.18,ФЕДОРОВ Олег Владимирович,24,35.82,,,
Удмуртская Республика,18,MUNICIPAL,mun_sm,"Муниципальный совет, одномандатный округ","Выборы депутатов Совета депутатов муниципального образования ""Муниципальный округ Селтинский район Удмуртской Республики"" второго созыва",Югдонский,1,1,4,61,56,54,54,91.8,True,35.19,СТОЛБОВ Леонид Алексеевич,32,59.26,ШУДЕГОВ Юрий Аркадьевич,13,24.07,ВАХРУШЕВА Надежда Николаевна,7,12.96
Удмуртская Республика,18,MUNICIPAL,mun_pl,"Муниципальный совет, партсписок","Выборы депутатов Совета депутатов муниципального образования ""Муниципальный округ Сюмсинский район Удмуртской Республики"" второго созыва",,8,1,5,1161,1071,1065,1065,92.25,True,45.92,Единая Россия,652,61.22,КПРФ,163,15.31,Новые люди,139,13.05
Удмуртская Республика,18,MUNICIPAL,mun_sm,"Муниципальный совет, одномандатный округ","Выборы депутатов Совета депутатов муниципального образования ""Муниципальный округ Сюмсинский район Удмуртской Республики"" второго созыва",Западный,1,1,5,156,148,148,148,94.87,True,52.03,ФАЛАЛЕЕВА Наталия Дмитриевна,97,65.54,АЛЕКСАНДРОВ Николай Алексеевич,20,13.51,КУЛИКОВ Иван Иванович,18,12.16
Удмуртская Республика,18,MUNICIPAL,mun_sm,"Муниципальный совет, одномандатный округ","Выборы депутатов Совета депутатов муниципального образования ""Муниципальный округ Сюмсинский район Удмуртской Республики"" второго созыва",Заречный,1,1,3,154,149,147,147,96.75,True,66.67,ЛОБОВИКОВ Дмитрий Васильевич,117,79.59,СТУДИТСКИХ Алексей Николаевич,19,12.93,БЯКОВ Даниил Дмитриевич,11,7.48
Удмуртская Республика,18,MUNICIPAL,mun_sm,"Муниципальный совет, одномандатный округ","Выборы депутатов Совета депутатов муниципального образования ""Муниципальный округ Сюмсинский район Удмуртской Республики"" второго созыва",Лесной,1,1,4,193,182,181,181,94.3,True,38.12,КОРЯКИНА Надежда Иосифовна,109,60.22,ЗЕЛЕНЦОВ Павел Михайлович,40,22.1,ПЕРЕВОЗЧИКОВ Игорь Феликсович,27,14.92
Удмуртская Республика,18,MUNICIPAL,mun_sm,"Муниципальный совет, одномандатный округ","Выборы депутатов Совета депутатов муниципального образования ""Муниципальный округ Сюмсинский район Удмуртской Республики"" второго созыва",Набережный,1,1,3,74,66,65,65,89.19,True,67.69,КОПАНЕВ Александр Витальевич,51,78.46,РАХМЕТУЛИН Тимур Талгатович,7,10.77,ШУБИН Ефим Николаевич,7,10.77
Удмуртская Республика,18,MUNICIPAL,mun_sm,"Муниципальный совет, одномандатный округ","Выборы депутатов Совета депутатов муниципального образования ""Муниципальный округ Сюмсинский район Удмуртской Республики"" второго созыва",Новый,1,1,4,147,134,132,132,91.16,True,46.97,МЕРКУШЕВА Елена Анатольевна,88,66.67,СМИРНОВ Владимир Сергеевич,26,19.7,МОСОЛОВА Лариса Юрьевна,11,8.33
Удмуртская Республика,18,MUNICIPAL,mun_sm,"Муниципальный совет, одномандатный округ","Выборы депутатов Совета депутатов муниципального образования ""Муниципальный округ Сюмсинский район Удмуртской Республики"" второго созыва",Торфяной,1,1,2,193,176,175,175,91.19,True,54.29,СТАРКОВ Михаил Николаевич,135,77.14,ЗЕЛЕНЦОВ Михаил Евгеньевич,40,22.86,,,
Удмуртская Республика,18,MUNICIPAL,mun_sm,"Муниципальный совет, одномандатный округ","Выборы депутатов Совета депутатов муниципального образования ""Муниципальный округ Сюмсинский район Удмуртской Республики"" второго созыва",Центральный,1,1,4,143,128,127,127,89.51,True,30.71,ПАНТЮХИНА Анна Алексеевна,72,56.69,ОВЕЧКИН Станислав Анатольевич,33,25.98,ПУШИН Андрей Викторович,12,9.45
Удмуртская Республика,18,MUNICIPAL,mun_sm,"Муниципальный совет, одномандатный округ","Выборы депутатов Совета депутатов муниципального образования ""Муниципальный округ Сюмсинский район Удмуртской Республики"" второго созыва",Школьный,1,1,2,101,88,87,87,87.13,True,40.23,СКРЯБИНА Светлана Георгиевна,61,70.11,СОЧНЕВ Юрий Григорьевич,26,29.89,,,
Удмуртская Республика,18,MUNICIPAL,mun_pl,"Муниципальный совет, партсписок","Выборы депутатов Совета депутатов муниципального образования ""Муниципальный округ Увинский район Удмуртской Республики"" второго созыва",,16,1,5,2998,2811,2789,2789,93.76,True,42.85,Единая Россия,1640,58.8,Новые люди,445,15.96,КПРФ,338,12.12
Удмуртская Республика,18,MUNICIPAL,mun_sm,"Муниципальный совет, одномандатный округ","Выборы депутатов Совета депутатов муниципального образования ""Муниципальный округ Увинский район Удмуртской Республики"" второго созыва",Булайский,1,1,4,176,170,168,168,96.59,True,30.95,ЯБЛОКОВ Виктор Олегович,92,54.76,АГИНОВ Николай Николаевич,40,23.81,ЛУЩИКОВА Диана Сергеевна,20,11.9
Удмуртская Республика,18,MUNICIPAL,mun_sm,"Муниципальный совет, одномандатный округ","Выборы депутатов Совета депутатов муниципального образования ""Муниципальный округ Увинский район Удмуртской Республики"" второго созыва",Каркалайский,1,1,3,215,199,195,195,92.56,True,32.31,КАЗАКОВ Максим Геннадьевич,116,59.49,ПЕРЕВОЗЧИКОВ Игорь Феликсович,53,27.18,МУРАШОВА Марина Геннадьевна,26,13.33
Удмуртская Республика,18,MUNICIPAL,mun_sm,"Муниципальный совет, одномандатный округ","Выборы депутатов Совета депутатов муниципального образования ""Муниципальный округ Увинский район Удмуртской Республики"" второго созыва",Кыйлудский,1,1,3,155,143,140,140,92.26,True,35.71,ГРОМОВ Сергей Владимирович,85,60.71,ВОРОБЬЕВА Ангелина Александровна,35,25.0,СЕВЕРЮХИНА Надежда Федоровна,20,14.29
Удмуртская Республика,18,MUNICIPAL,mun_sm,"Муниципальный совет, одномандатный округ","Выборы депутатов Совета депутатов муниципального образования ""Муниципальный округ Увинский район Удмуртской Республики"" второго созыва",Лесозаводский,1,1,3,147,138,138,138,93.88,True,55.8,ОСТАНИН Сергей Павлович,99,71.74,ПОГУДИН Олег Владимирович,22,15.94,ВАХРУШЕВА Надежда Николаевна,17,12.32
Удмуртская Республика,18,MUNICIPAL,mun_sm,"Муниципальный совет, одномандатный округ","Выборы депутатов Совета депутатов муниципального образования ""Муниципальный округ Увинский район Удмуртской Республики"" второго созыва",Некрасовский,1,1,2,165,154,153,153,93.33,True,37.25,ОДИНЦОВ Константин Владимирович,105,68.63,МАКСИМОВА Ольга Александровна,48,31.37,,,
Удмуртская Республика,18,MUNICIPAL,mun_sm,"Муниципальный совет, одномандатный округ","Выборы депутатов Совета депутатов муниципального образования ""Муниципальный округ Увинский район Удмуртской Республики"" второго созыва",Нылгинский,1,1,3,159,147,146,146,92.45,True,30.82,ЗАПОЛЬСКИХ Иван Сергеевич,88,60.27,ЛЕОНТЬЕВ Вениамин Иванович,43,29.45,КАТИНА Алевтина Александровна,15,10.27
Удмуртская Республика,18,MUNICIPAL,mun_sm,"Муниципальный совет, одномандатный округ","Выборы депутатов Совета депутатов муниципального образования ""Муниципальный округ Увинский район Удмуртской Республики"" второго созыва",Первомайский,1,1,3,184,172,171,171,93.48,True,57.31,КУДРЯВЦЕВ Андрей Николаевич,123,71.93,ПОГУДИН Александр Сергеевич,25,14.62,КУЛИКОВ Иван Иванович,23,13.45
Удмуртская Республика,18,MUNICIPAL,mun_sm,"Муниципальный совет, одномандатный округ","Выборы депутатов Совета депутатов муниципального образования ""Муниципальный округ Увинский район Удмуртской Республики"" второго созыва",Петропавловский,1,1,4,132,125,124,124,94.7,True,31.45,АСАДУЛЛАЕВ Роман Фахраддинович,63,50.81,МАЛЬЦЕВА Екатерина Сергеевна,24,19.35,БЯКОВ Даниил Дмитриевич,20,16.13
Удмуртская Республика,18,MUNICIPAL,mun_sm,"Муниципальный совет, одномандатный округ","Выборы депутатов Совета депутатов муниципального образования ""Муниципальный округ Увинский район Удмуртской Республики"" второго созыва",Полевой,1,1,2,237,230,226,226,97.05,True,34.51,КОРОТАЕВ Павел Алексеевич,152,67.26,КУЛИКОВА Ирина Владимировна,74,32.74,,,
Удмуртская Республика,18,MUNICIPAL,mun_sm,"Муниципальный совет, одномандатный округ","Выборы депутатов Совета депутатов муниципального образования ""Муниципальный округ Увинский район Удмуртской Республики"" второго созыва",Поршур-Туклинский,1,1,4,203,192,189,189,94.58,True,55.03,АНТОНОВ Андрей Викторович,129,68.25,КОРЕПАНОВА Александра Александровна,25,13.23,СИТДИКОВ Айрат Эльдарович,18,9.52
Удмуртская Республика,18,MUNICIPAL,mun_sm,"Муниципальный совет, одномандатный округ","Выборы депутатов Совета депутатов муниципального образования ""Муниципальный округ Увинский район Удмуртской Республики"" второго созыва",Советский,1,1,3,225,214,210,210,95.11,True,60.48,ЕЛКИН Виктор Валентинович,157,74.76,ШИЛЯЕВ Андрей Владимирович,30,14.29,ВАХРУШЕВА Дарья Сергеевна,23,10.95
Удмуртская Республика,18,MUNICIPAL,mun_sm,"Муниципальный совет, одномандатный округ","Выборы депутатов Совета депутатов муниципального образования ""Муниципальный округ Увинский район Удмуртской Республики"" второго созыва",Ува-Туклинский,1,1,3,182,167,166,166,91.76,True,29.52,ОЖЕГОВ Виктор Юрьевич,100,60.24,ЗАВОЙСКИХ Ольга Геннадьевна,51,30.72,КУЗЬМИНА Алина Владиславовна,15,9.04
Удмуртская Республика,18,MUNICIPAL,mun_sm,"Муниципальный совет, одномандатный округ","Выборы депутатов Совета депутатов муниципального образования ""Муниципальный округ Увинский район Удмуртской Республики"" второго созыва",Удугучинский,1,1,4,130,112,112,112,86.15,True,36.61,ВАХРУШЕВ Александр Васильевич,67,59.82,ЖИДЕЛЕВ Михаил Владимирович,26,23.21,ЯКОВЛЕВ Алексей Андреевич,13,11.61
Удмуртская Республика,18,MUNICIPAL,mun_sm,"Муниципальный совет, одномандатный округ","Выборы депутатов Совета депутатов муниципального образования ""Муниципальный округ Увинский район Удмуртской Республики"" второго созыва",Центральный,1,1,3,232,221,217,217,95.26,True,53.0,МИТРЮКОВА Ирина Александровна,149,68.66,ЦЕЙТЛИНА Светлана Васильевна,34,15.67,ШУБИН Ефим Николаевич,34,15.67
Удмуртская Республика,18,MUNICIPAL,mun_sm,"Муниципальный совет, одномандатный округ","Выборы депутатов Совета депутатов муниципального образования ""Муниципальный округ Увинский район Удмуртской Республики"" второго созыва",Школьный,1,1,2,213,202,200,200,94.84,True,39.0,ТРЕФИЛОВ Денис Владимирович,139,69.5,СЕНТЕМОВ Андрей Викторович,61,30.5,,,
Удмуртская Республика,18,MUNICIPAL,mun_sm,"Муниципальный совет, одномандатный округ","Выборы депутатов Совета депутатов муниципального образования ""Муниципальный округ Увинский район Удмуртской Республики"" второго созыва",Южный,1,1,3,243,225,225,225,92.59,True,59.11,ГРЕБНЕВА Елена Валентиновна,165,73.33,УСАС Вероника Денисовна,32,14.22,РАХМЕТУЛИН Тимур Талгатович,28,12.44
Удмуртская Республика,18,MUNICIPAL,mun_pl,"Муниципальный совет, партсписок","Выборы депутатов Совета депутатов муниципального образования ""Муниципальный округ Шарканский район Удмуртской Республики"" второго созыва",,16,1,5,2251,2117,2097,2097,94.05,True,57.03,Единая Россия,1444,68.86,Новые люди,248,11.83,КПРФ,168,8.01
Удмуртская Республика,18,MUNICIPAL,mun_sm,"Муниципальный совет, одномандатный округ","Выборы депутатов Совета депутатов муниципального образования ""Муниципальный округ Шарканский район Удмуртской Республики"" второго созыва",Одномандатный избирательный округ №1,1,1,3,135,130,127,127,96.3,True,58.27,КОСАРЕВ Дмитрий Александрович,95,74.8,ВЛАСОВ Илья Владимирович,21,16.54,ЖАРКОВ Станислав Владимирович,11,8.66
Удмуртская Республика,18,MUNICIPAL,mun_sm,"Муниципальный совет, одномандатный округ","Выборы депутатов Совета депутатов муниципального образования ""Муниципальный округ Шарканский район Удмуртской Республики"" второго созыва",Одномандатный избирательный округ №10,1,1,4,159,143,142,142,89.94,True,62.68,ПАРИФОНОВ Александр Валерьянович,106,74.65,АХМЕТШИНА Екатерина Анатольевна,17,11.97,ГРИГОРЬЕВА Вера Игоревна,14,9.86
Удмуртская Республика,18,MUNICIPAL,mun_sm,"Муниципальный совет, одномандатный округ","Выборы депутатов Совета депутатов муниципального образования ""Муниципальный округ Шарканский район Удмуртской Республики"" второго созыва",Одномандатный избирательный округ №11,1,1,2,233,230,229,229,98.71,True,70.31,ПЕРЕВОЗЧИКОВ Сергей Александрович,195,85.15,ВОСТРОКНУТОВ Дмитрий Владимирович,34,14.85,,,
Удмуртская Республика,18,MUNICIPAL,mun_sm,"Муниципальный совет, одномандатный округ","Выборы депутатов Совета депутатов муниципального образования ""Муниципальный округ Шарканский район Удмуртской Республики"" второго созыва",Одномандатный избирательный округ №12,1,1,4,148,142,139,139,95.95,True,56.12,ГУМЕННИКОВ Дмитрий Александрович,95,68.35,ДЕВЯТКОВ Максим Сергеевич,17,12.23,ШИРЯЕВ Сергей Андреевич,15,10.79
Удмуртская Республика,18,MUNICIPAL,mun_sm,"Муниципальный совет, одномандатный округ","Выборы депутатов Совета депутатов муниципального образования ""Муниципальный округ Шарканский район Удмуртской Республики"" второго созыва",Одномандатный избирательный округ №13,1,1,3,187,178,175,175,95.19,True,72.57,ПЕРЕВОЗЧИКОВ Александр Николаевич,143,81.71,БУШМЕЛЕВ Михаил Андреевич,16,9.14,УРМАНОВА Елена Фархадовна,16,9.14
Удмуртская Республика,18,MUNICIPAL,mun_sm,"Муниципальный совет, одномандатный округ","Выборы депутатов Совета депутатов муниципального образования ""Муниципальный округ Шарканский район Удмуртской Республики"" второго созыва",Одномандатный избирательный округ №14,1,1,3,173,166,164,164,95.95,True,55.49,ОРЛОВ Дмитрий Леонидович,121,73.78,ДАНИЛОВ Василий Александрович,30,18.29,ЯМШАНОВ Михаил Антонович,13,7.93
Удмуртская Республика,18,MUNICIPAL,mun_sm,"Муниципальный совет, одномандатный округ","Выборы депутатов Совета депутатов муниципального образования ""Муниципальный округ Шарканский район Удмуртской Республики"" второго созыва",Одномандатный избирательный округ №15,1,1,3,157,149,146,146,94.9,True,32.88,СОКОЛОВ Сергей Леонидович,84,57.53,ШИЛОХВОСТОВ Александр Николаевич,36,24.66,БУТОЛИНА Алевтина Михайловна,26,17.81
Удмуртская Республика,18,MUNICIPAL,mun_sm,"Муниципальный совет, одномандатный округ","Выборы депутатов Совета депутатов муниципального образования ""Муниципальный округ Шарканский район Удмуртской Республики"" второго созыва",Одномандатный избирательный округ №16,1,1,4,149,137,136,136,91.95,True,13.97,ПЕСТОВ Дмитрий Павлович,56,41.18,АРДАШЕВА Татьяна Леонидовна,37,27.21,БЕЛЬТЮКОВ Леонид Флеганович,26,19.12
Удмуртская Республика,18,MUNICIPAL,mun_sm,"Муниципальный совет, одномандатный округ","Выборы депутатов Совета депутатов муниципального образования ""Муниципальный округ Шарканский район Удмуртской Республики"" второго созыва",Одномандатный избирательный округ №2,1,1,3,112,98,97,97,87.5,True,52.58,ХОХРЯКОВА Татьяна Аркадьевна,67,69.07,ГЛАЗЫРИНА Екатерина Сергеевна,16,16.49,КОПАНЕВ Максим Станиславович,14,14.43
Удмуртская Республика,18,MUNICIPAL,mun_sm,"Муниципальный совет, одномандатный округ","Выборы депутатов Совета депутатов муниципального образования ""Муниципальный округ Шарканский район Удмуртской Республики"" второго созыва",Одномандатный избирательный округ №3,1,1,4,91,83,81,81,91.21,True,30.86,МОХОВ Александр Анатольевич,45,55.56,ГУЩИН Геннадий Алексеевич,20,24.69,КУРАТОВА Лидия Сергеевна,11,13.58
Удмуртская Республика,18,MUNICIPAL,mun_sm,"Муниципальный совет, одномандатный округ","Выборы депутатов Совета депутатов муниципального образования ""Муниципальный округ Шарканский район Удмуртской Республики"" второго созыва",Одномандатный избирательный округ №4,1,1,4,97,90,90,90,92.78,True,64.44,КУРБАТОВ Андрей Владимирович,70,77.78,ДОБРЯКОВ Юрий Анатольевич,12,13.33,СМОЛЬНИКОВ Денис Тимофеевич,5,5.56
Удмуртская Республика,18,MUNICIPAL,mun_sm,"Муниципальный совет, одномандатный округ","Выборы депутатов Совета депутатов муниципального образования ""Муниципальный округ Шарканский район Удмуртской Республики"" второго созыва",Одномандатный избирательный округ №5,1,1,4,95,91,90,90,95.79,True,66.67,БАТАНОГОВ Яков Владимирович,71,78.89,КОВНЕРОВА Кристина Петровна,11,12.22,ГЛАЗЫРИН Михаил Вячеславович,5,5.56
Удмуртская Республика,18,MUNICIPAL,mun_sm,"Муниципальный совет, одномандатный округ","Выборы депутатов Совета депутатов муниципального образования ""Муниципальный округ Шарканский район Удмуртской Республики"" второго созыва",Одномандатный избирательный округ №6,1,1,2,90,80,80,80,88.89,True,47.5,ВАХРУШЕВ Петр Михайлович - За,59,73.75,ВАХРУШЕВ Петр Михайлович - Против,21,26.25,,,
Удмуртская Республика,18,MUNICIPAL,mun_sm,"Муниципальный совет, одномандатный округ","Выборы депутатов Совета депутатов муниципального образования ""Муниципальный округ Шарканский район Удмуртской Республики"" второго созыва",Одномандатный избирательный округ №7,1,1,4,135,129,129,129,95.56,True,73.64,ХОХРЯКОВ Григорий Анатольевич,106,82.17,КРИВОШЕИН Дмитрий Владимирович,11,8.53,ПЕРЕВОЗЧИКОВА Юлия Валерьевна,7,5.43
Удмуртская Республика,18,MUNICIPAL,mun_sm,"Муниципальный совет, одномандатный округ","Выборы депутатов Совета депутатов муниципального образования ""Муниципальный округ Шарканский район Удмуртской Республики"" второго созыва",Одномандатный избирательный округ №8,1,1,3,156,145,142,142,92.95,True,28.17,ХОХРЯКОВА Алёна Анатольевна,81,57.04,КОНОНОВ Александр Витальевич,41,28.87,ХОМЯКОВА Анастасия Сергеевна,20,14.08
Удмуртская Республика,18,MUNICIPAL,mun_sm,"Муниципальный совет, одномандатный округ","Выборы депутатов Совета депутатов муниципального образования ""Муниципальный округ Шарканский район Удмуртской Республики"" второго созыва",Одномандатный избирательный округ №9,1,1,3,134,126,124,124,94.03,True,36.29,КАТАЕВ Кирилл Иванович,77,62.1,СОБИН Андрей Иванович,32,25.81,ГЕРАСИМОВ Владислав Анатольевич,15,12.1
Удмуртская Республика,18,MUNICIPAL,mun_mm,"Муниципальный совет, многомандатный округ","Выборы депутатов Совета депутатов муниципального образования ""Муниципальный округ Юкаменский район Удмуртской Республики"" второго созыва",Трехмандатный избирательный округ №1,1,3,5,125,114,113,165,91.2,True,11.52,БЕКМАНСУРОВА Ирина Витальевна,51,30.91,НИКИФОРОВА Наталия Сергеевна,44,26.67,КАЛИНКИН Алексей Валерьевич,40,24.24
Удмуртская Республика,18,MUNICIPAL,mun_mm,"Муниципальный совет, многомандатный округ","Выборы депутатов Совета депутатов муниципального образования ""Муниципальный округ Юкаменский район Удмуртской Республики"" второго созыва",Трехмандатный избирательный округ №2,1,3,7,111,104,104,177,93.69,True,5.08,САЛАМАТОВ Алексей Юрьевич,51,28.81,БЕЛЬТЮКОВА Светлана Витальевна,43,24.29,ДАНИЛОВ Михаил Ардалионович,29,16.38
Удмуртская Республика,18,MUNICIPAL,mun_mm,"Муниципальный совет, многомандатный округ","Выборы депутатов Совета депутатов муниципального образования ""Муниципальный округ Юкаменский район Удмуртской Республики"" второго созыва",Трехмандатный избирательный округ №3,1,3,6,170,159,156,254,93.53,True,7.87,АРАСЛАНОВ Азат Магсумович,85,33.46,АРАСЛАНОВ Марат Зуфарович,53,20.87,ЕШМЕМЕТЬЕВ Андрей Викторович,47,18.5
Удмуртская Республика,18,MUNICIPAL,mun_mm,"Муниципальный совет, многомандатный округ","Выборы депутатов Совета депутатов муниципального образования ""Муниципальный округ Юкаменский район Удмуртской Республики"" второго созыва",Трехмандатный избирательный округ №4,1,3,6,94,82,81,125,87.23,True,0.0,ДАНИЛОВ Алексей Сергеевич,36,28.8,ЗЯМБАХТИН Константин Александрович,26,20.8,ШМУНДЯК Татьяна Владимировна,18,14.4
Удмуртская Республика,18,MUNICIPAL,mun_mm,"Муниципальный совет, многомандатный округ","Выборы депутатов Совета депутатов муниципального образования ""Муниципальный округ Юкаменский район Удмуртской Республики"" второго созыва",Трехмандатный избирательный округ №5,1,3,5,103,89,88,139,86.41,True,5.76,ЛЕОНТЬЕВА Татьяна Николаевна,42,30.22,АРАСЛАНОВА Марьям Яхиевна,41,29.5,ИВАНОВА Светлана Леонидовна,26,18.71
Удмуртская Республика,18,MUNICIPAL,mun_mm,"Муниципальный совет, многомандатный округ","Выборы депутатов Совета депутатов муниципального образования ""Муниципальный округ Юкаменский район Удмуртской Республики"" второго созыва",Трехмандатный избирательный округ №6,1,3,7,67,59,55,93,88.06,True,5.38,АБАШЕВ Булат Азатович,23,24.73,САБРЕКОВ Ильхам Басирович,17,18.28,НЕВОСТРУЕВА Дарья Александровна,16,17.2
Удмуртская Республика,18,MUNICIPAL,mun_pl,"Муниципальный совет, партсписок","Выборы депутатов Совета депутатов муниципального образования ""Муниципальный округ Якшур-Бодьинский район Удмуртской Республики"" второго созыва",,17,1,5,2566,2414,2393,2393,94.08,True,42.29,Единая Россия,1373,57.38,КПРФ,361,15.09,Новые люди,339,14.17
Удмуртская Республика,18,MUNICIPAL,mun_sm,"Муниципальный совет, одномандатный округ","Выборы депутатов Совета депутатов муниципального образования ""Муниципальный округ Якшур-Бодьинский район Удмуртской Республики"" второго созыва",Авангардный,1,1,4,139,135,133,133,97.12,True,7.52,ФЁДОРОВ Вадим Александрович,61,45.86,ВОЛКОВА Ольга Аркадьевна,51,38.35,АСТРАХАНЦЕВА Ольга Юрьевна,12,9.02
Удмуртская Республика,18,MUNICIPAL,mun_sm,"Муниципальный совет, одномандатный округ","Выборы депутатов Совета депутатов муниципального образования ""Муниципальный округ Якшур-Бодьинский район Удмуртской Республики"" второго созыва",Варавайский,1,1,4,101,87,87,87,86.14,True,12.64,ЕФРЕМОВ Владимир Георгиевич,37,42.53,ВЕДЕРНИКОВ Андрей Петрович,26,29.89,ПОПОВ Сергей Александрович,15,17.24
Удмуртская Республика,18,MUNICIPAL,mun_sm,"Муниципальный совет, одномандатный округ","Выборы депутатов Совета депутатов муниципального образования ""Муниципальный округ Якшур-Бодьинский район Удмуртской Республики"" второго созыва",Западный,1,1,4,275,264,258,258,96.0,True,32.56,ПРОТОПОПОВА Ольга Витальевна,153,59.3,ПЕРЕВОЗЧИКОВ Роман Валерьевич,69,26.74,ЧИБИРЕВ Евгений Сергеевич,21,8.14
Удмуртская Республика,18,MUNICIPAL,mun_sm,"Муниципальный совет, одномандатный округ","Выборы депутатов Совета депутатов муниципального образования ""Муниципальный округ Якшур-Бодьинский район Удмуртской Республики"" второго созыва",Кекоранский,1,1,4,107,103,102,102,96.26,True,60.78,ЛУБНИНА Светлана Викторовна,73,71.57,ВОЛОДОМАНОВ Владимир Олегович,11,10.78,КОРОВКИН Денис Сергеевич,11,10.78
Удмуртская Республика,18,MUNICIPAL,mun_sm,"Муниципальный совет, одномандатный округ","Выборы депутатов Совета депутатов муниципального образования ""Муниципальный округ Якшур-Бодьинский район Удмуртской Республики"" второго созыва",Ленинский,1,1,4,155,147,145,145,94.84,True,36.55,ИВАНОВА Эвелина Аркадьевна,86,59.31,ВАХИТОВА Наталья Викторовна,33,22.76,ФЕДОРОВ Валерий Павлович,20,13.79
Удмуртская Республика,18,MUNICIPAL,mun_sm,"Муниципальный совет, одномандатный округ","Выборы депутатов Совета депутатов муниципального образования ""Муниципальный округ Якшур-Бодьинский район Удмуртской Республики"" второго созыва",Лесной,1,1,3,141,134,130,130,95.04,True,46.92,СИЛИНА Любовь Кирилловна,86,66.15,КРУТЯКОВ Ярослав Константинович,25,19.23,ВОЛОДОМАНОВ Олег Владимирович,19,14.62
Удмуртская Республика,18,MUNICIPAL,mun_sm,"Муниципальный совет, одномандатный округ","Выборы депутатов Совета депутатов муниципального образования ""Муниципальный округ Якшур-Бодьинский район Удмуртской Республики"" второго созыва",Лынгинский,1,1,4,104,92,90,90,88.46,True,57.78,АРТАМОНОВ Дмитрий Викторович,64,71.11,АЛЕКСЕЕВ Георгий Альбертович,12,13.33,РЯБОВА Ольга Сергеевна,8,8.89
Удмуртская Республика,18,MUNICIPAL,mun_sm,"Муниципальный совет, одномандатный округ","Выборы депутатов Совета депутатов муниципального образования ""Муниципальный округ Якшур-Бодьинский район Удмуртской Республики"" второго созыва",Микрорайонный,1,1,3,168,163,162,162,97.02,True,59.26,ПОЗДЕЕВА Юлия Сергеевна,121,74.69,ЗВЕЗДИН Константин Александрович,25,15.43,ПАНЬКОВ Сергей Сергеевич,16,9.88
Удмуртская Республика,18,MUNICIPAL,mun_sm,"Муниципальный совет, одномандатный округ","Выборы депутатов Совета депутатов муниципального образования ""Муниципальный округ Якшур-Бодьинский район Удмуртской Республики"" второго созыва",Мирный,1,1,3,145,138,138,138,95.17,True,65.94,ДОБРОВОЛЬСКАЯ Елена Владимировна,109,78.99,ЛИПИН Яков Вячеславович,18,13.04,ГАДЖИЕВ Эльгиз Айдынович,11,7.97
Удмуртская Республика,18,MUNICIPAL,mun_sm,"Муниципальный совет, одномандатный округ","Выборы депутатов Совета депутатов муниципального образования ""Муниципальный округ Якшур-Бодьинский район Удмуртской Республики"" второго созыва",Мукшинский,1,1,2,110,106,106,106,96.36,True,54.72,ВЛАСОВ Олег Сергеевич,82,77.36,ИСЛАМОВ Артур Анварович,24,22.64,,,
Удмуртская Республика,18,MUNICIPAL,mun_sm,"Муниципальный совет, одномандатный округ","Выборы депутатов Совета депутатов муниципального образования ""Муниципальный округ Якшур-Бодьинский район Удмуртской Республики"" второго созыва",Пушкаревский,1,1,2,169,158,157,157,93.49,True,54.14,АРСИБЕКОВ Эдуард Витальевич,121,77.07,ТАТАРКИН Евгений Игоревич,36,22.93,,,
Удмуртская Республика,18,MUNICIPAL,mun_sm,"Муниципальный совет, одномандатный округ","Выборы депутатов Совета депутатов муниципального образования ""Муниципальный округ Якшур-Бодьинский район Удмуртской Республики"" второго созыва",Селычинский,1,1,4,167,151,150,150,90.42,True,23.33,БАЗУЕВ Дмитрий Васильевич,71,47.33,МЕНЬШИКОВ Алексей Николаевич,36,24.0,ШУТОВА Татьяна Алексеевна,25,16.67
Удмуртская Республика,18,MUNICIPAL,mun_sm,"Муниципальный совет, одномандатный округ","Выборы депутатов Совета депутатов муниципального образования ""Муниципальный округ Якшур-Бодьинский район Удмуртской Республики"" второго созыва",Старозятцинский,1,1,2,143,134,134,134,93.71,True,56.72,БЕЛОВ Андрей Валерьевич,105,78.36,МУХАМЕТДЕЕВА Роза Раисовна,29,21.64,,,
Удмуртская Республика,18,MUNICIPAL,mun_sm,"Муниципальный совет, одномандатный округ","Выборы депутатов Совета депутатов муниципального образования ""Муниципальный округ Якшур-Бодьинский район Удмуртской Республики"" второго созыва",Центральный,1,1,3,153,145,144,144,94.77,True,34.72,ВИНОГРАДОВ Андрей Николаевич,88,61.11,МАЛЫХ Михаил Николаевич,38,26.39,МАСАЛОВ Кирилл Николаевич,18,12.5
Удмуртская Республика,18,MUNICIPAL,mun_sm,"Муниципальный совет, одномандатный округ","Выборы депутатов Совета депутатов муниципального образования ""Муниципальный округ Якшур-Бодьинский район Удмуртской Республики"" второго созыва",Чернушинский,1,1,3,181,170,166,166,93.92,True,3.01,ГАЛИМУЛЛИНА Ирина Викторовна,69,41.57,ЗАВАЛИН Николай Ревельевич,64,38.55,ЦИМИНТИЯ Роини Вахтангиевич,33,19.88
Удмуртская Республика,18,MUNICIPAL,mun_sm,"Муниципальный совет, одномандатный округ","Выборы депутатов Совета депутатов муниципального образования ""Муниципальный округ Якшур-Бодьинский район Удмуртской Республики"" второго созыва",Чуровской,1,1,3,155,143,142,142,92.26,True,43.66,КИСЕЛЕВ Иван Владимирович,92,64.79,КУТЯВИН Юрий Олегович,30,21.13,ЛЕОНТЬЕВ Павел Юрьевич,20,14.08
Удмуртская Республика,18,MUNICIPAL,mun_sm,"Муниципальный совет, одномандатный округ","Выборы депутатов Совета депутатов муниципального образования ""Муниципальный округ Якшур-Бодьинский район Удмуртской Республики"" второго созыва",Якшурский,1,1,4,153,144,143,143,94.12,True,48.95,ВАХРУШЕВ Анатолий Михайлович,94,65.73,ЖДАНОВ Павел Денисович,24,16.78,ОВСЯННИКОВА Екатерина Витальевна,17,11.89
Удмуртская Республика,18,MUNICIPAL,mun_mm,"Муниципальный совет, многомандатный округ","Выборы депутатов Совета депутатов муниципального образования ""Муниципальный округ Ярский район Удмуртской Республики"" второго созыва",Больничный,1,2,6,155,149,148,227,96.13,True,11.89,БОЛТАЧЕВА Татьяна Дмитриевна,88,38.77,ДАНИЛОВА Людмила Римовна,62,27.31,ДЬЯКОНОВА Екатерина Геннадьевна,35,15.42
Удмуртская Республика,18,MUNICIPAL,mun_mm,"Муниципальный совет, многомандатный округ","Выборы депутатов Совета депутатов муниципального образования ""Муниципальный округ Ярский район Удмуртской Республики"" второго созыва",Восточный,1,2,3,87,83,83,112,95.4,True,13.39,ВАСИЛЬЕВ Валерий Анатольевич,43,38.39,СУНГУРОВА Юлия Юрьевна,42,37.5,БОГАЧ Сергей Васильевич,27,24.11
Удмуртская Республика,18,MUNICIPAL,mun_mm,"Муниципальный совет, многомандатный округ","Выборы депутатов Совета депутатов муниципального образования ""Муниципальный округ Ярский район Удмуртской Республики"" второго созыва",Горьковский,1,2,6,93,91,89,129,97.85,True,6.98,ЧИЖМИН Алексей Николаевич,44,34.11,МАКСИМОВА Ия Валерьевна,31,24.03,АРТЕМЬЕВ Александр Юрьевич,22,17.05
Удмуртская Республика,18,MUNICIPAL,mun_mm,"Муниципальный совет, многомандатный округ","Выборы депутатов Совета депутатов муниципального образования ""Муниципальный округ Ярский район Удмуртской Республики"" второго созыва",Дизьминский,1,2,5,134,122,120,189,91.04,True,2.65,КИРИЛЛОВ Кирилл Владимирович,56,29.63,НЕКРАСОВ Иван Васильевич,52,27.51,ЧИТАЕВ Шамад Вахидович,47,24.87
Удмуртская Республика,18,MUNICIPAL,mun_mm,"Муниципальный совет, многомандатный округ","Выборы депутатов Совета депутатов муниципального образования ""Муниципальный округ Ярский район Удмуртской Республики"" второго созыва",Западный,1,2,4,101,98,98,144,97.03,True,20.14,БУЛДАКОВ Михаил Вячеславович,54,37.5,ДЕМИНА Елена Юрьевна,53,36.81,КОНОНОВА Татьяна Васильевна,24,16.67
Удмуртская Республика,18,MUNICIPAL,mun_mm,"Муниципальный совет, многомандатный округ","Выборы депутатов Совета депутатов муниципального образования ""Муниципальный округ Ярский район Удмуртской Республики"" второго созыва",Северный,1,2,4,119,111,107,163,93.28,True,1.23,ЩЕПИН Михаил Евгеньевич,53,32.52,ИСЛАМОВ Ринат Маратович,44,26.99,КАМБАРОВ Сухроб Мерабоншоевич,42,25.77
Удмуртская Республика,18,MUNICIPAL,mun_mm,"Муниципальный совет, многомандатный округ","Выборы депутатов Совета депутатов муниципального образования ""Муниципальный округ Ярский район Удмуртской Республики"" второго созыва",Советский,1,2,6,135,132,131,203,97.78,True,8.37,ДАНИЛОВ Дмитрий Валерьевич,72,35.47,УШАКОВА Ирина Леонидовна,55,27.09,ВЕРЕТЕННИКОВ Николай Анатольевич,38,18.72
Удмуртская Республика,18,MUNICIPAL,mun_mm,"Муниципальный совет, многомандатный округ","Выборы депутатов Совета депутатов муниципального образования ""Муниципальный округ Ярский район Удмуртской Республики"" второго созыва",Центральный,1,2,3,98,92,90,126,93.88,True,30.16,БУДАНОВ Александр Валерьевич,64,50.79,ПОПОВА Татьяна Васильевна,50,39.68,КУТЯВИН Артемий Сергеевич,12,9.52
Удмуртская Республика,18,MUNICIPAL,mun_mm,"Муниципальный совет, многомандатный округ","Выборы депутатов Совета депутатов муниципального образования ""Муниципальный округ Ярский район Удмуртской Республики"" второго созыва",Южный,1,2,3,79,71,71,102,89.87,True,15.69,ДЮКИН Рафаил Минмуллаевич,44,43.14,ДЮКИНА Екатерина Олеговна,37,36.27,ПОЗДЕЕВ Денис Леонидович,21,20.59
Удмуртская Республика,18,MUNICIPAL,mun_mm,"Муниципальный совет, многомандатный округ","Выборы депутатов Совета депутатов муниципального образования ""Муниципальный округ Ярский район Удмуртской Республики"" второго созыва",Ярский,1,2,5,186,180,179,270,96.77,True,4.44,ЛИХАЧЕВ Евгений Юрьевич,104,38.52,ВЕРЕТЕННИКОВА Елена Анатольевна,63,23.33,ЕРДУШКИН Евгений Сергеевич,51,18.89
Удмуртская Республика,18,MUNICIPAL,mun_sm,"Муниципальный совет, одномандатный округ",Выборы депутатов Совета депутатов муниципального образования «Муниципальный округ Камбарский район Удмуртской Республики» второго созыва,Двухмандатный избирательный округ №1,1,1,6,149,131,130,130,87.92,True,2.31,СВЕТЛАКОВ Михаил Александрович,30,23.08,ЩЕКОТУРОВА Татьяна Юрьевна,27,20.77,ТЕПЛЯКОВ Алексей Михайлович,26,20.0
Удмуртская Республика,18,MUNICIPAL,mun_sm,"Муниципальный совет, одномандатный округ",Выборы депутатов Совета депутатов муниципального образования «Муниципальный округ Камбарский район Удмуртской Республики» второго созыва,Двухмандатный избирательный округ №10,1,1,3,74,69,68,68,93.24,True,16.18,ПИЛИПЕНКО Лория Владимировна,30,44.12,ЗАЛИЛОВА Юлия Викторовна,19,27.94,ЛИХАЧЕВА Ольга Викторовна,19,27.94
Удмуртская Республика,18,MUNICIPAL,mun_sm,"Муниципальный совет, одномандатный округ",Выборы депутатов Совета депутатов муниципального образования «Муниципальный округ Камбарский район Удмуртской Республики» второго созыва,Двухмандатный избирательный округ №2,1,1,4,184,178,175,175,96.74,True,14.29,ЩЕРБАК Валерий Иванович,74,42.29,ПАРЫГИН Сергей Андреевич,49,28.0,ЩЕКОТУРОВ Андрей Николаевич,45,25.71
Удмуртская Республика,18,MUNICIPAL,mun_sm,"Муниципальный совет, одномандатный округ",Выборы депутатов Совета депутатов муниципального образования «Муниципальный округ Камбарский район Удмуртской Республики» второго созыва,Двухмандатный избирательный округ №3,1,1,4,165,161,160,160,97.58,True,5.0,ПОСТНИКОВ Виталий Николаевич,58,36.25,БУТКОВСКАЯ Марина Александровна,50,31.25,ГЛУХОВ Эдуард Николаевич,39,24.38
Удмуртская Республика,18,MUNICIPAL,mun_sm,"Муниципальный совет, одномандатный округ",Выборы депутатов Совета депутатов муниципального образования «Муниципальный округ Камбарский район Удмуртской Республики» второго созыва,Двухмандатный избирательный округ №4,1,1,5,147,139,139,139,94.56,True,17.99,СЯСЬКИН Сергей Сергеевич,58,41.73,КЛИМОВСКИХ Александр Федорович,33,23.74,ЕРШОВА Светлана Анатольевна,28,20.14
Удмуртская Республика,18,MUNICIPAL,mun_sm,"Муниципальный совет, одномандатный округ",Выборы депутатов Совета депутатов муниципального образования «Муниципальный округ Камбарский район Удмуртской Республики» второго созыва,Двухмандатный избирательный округ №9,1,1,4,106,98,94,94,92.45,True,15.96,МУХАМЕДЗЯНОВ Азат Маулетзянович,45,47.87,ХАБИБУЛЛИН Фанил Наилович,30,31.91,КОРОТКОВА Анна Александровна,13,13.83
Удмуртская Республика,18,MUNICIPAL,mun_sm,"Муниципальный совет, одномандатный округ",Выборы депутатов Совета депутатов муниципального образования «Муниципальный округ Камбарский район Удмуртской Республики» второго созыва,Одномандатный избирательный округ №11,1,1,2,42,40,39,39,95.24,True,23.08,БАЛТИНА Татьяна Александровна,24,61.54,СЕЛИВАНОВА Екатерина Михайловна,15,38.46,,,
Удмуртская Республика,18,MUNICIPAL,mun_sm,"Муниципальный совет, одномандатный округ",Выборы депутатов Совета депутатов муниципального образования «Муниципальный округ Камбарский район Удмуртской Республики» второго созыва,Одномандатный избирательный округ №12,1,1,2,64,60,59,59,93.75,True,49.15,КУДАСОВ Станислав Сергеевич - За,44,74.58,КУДАСОВ Станислав Сергеевич - Против,15,25.42,,,
Удмуртская Республика,18,MUNICIPAL,mun_sm,"Муниципальный совет, одномандатный округ",Выборы депутатов Совета депутатов муниципального образования «Муниципальный округ Камбарский район Удмуртской Республики» второго созыва,Одномандатный избирательный округ №6,1,1,4,51,48,48,48,94.12,True,20.83,ВОЛКОВА Надежда Викторовна,23,47.92,ШАДРИНА Вероника Федоровна,13,27.08,ХОРИН Алексей Владимирович,10,20.83
Удмуртская Республика,18,MUNICIPAL,mun_sm,"Муниципальный совет, одномандатный округ",Выборы депутатов Совета депутатов муниципального образования «Муниципальный округ Камбарский район Удмуртской Республики» второго созыва,Одномандатный избирательный округ №7,1,1,2,55,48,48,48,87.27,True,8.33,ПОРВАЛЬ Александр Анатольевич,26,54.17,АГАФОНОВ Валентин Геннадьевич,22,45.83,,,
Удмуртская Республика,18,MUNICIPAL,mun_sm,"Муниципальный совет, одномандатный округ",Выборы депутатов Совета депутатов муниципального образования «Муниципальный округ Камбарский район Удмуртской Республики» второго созыва,Одномандатный избирательный округ №8,1,1,2,78,73,71,71,93.59,True,69.01,СУХИХ Елена Анатольевна - За,60,84.51,СУХИХ Елена Анатольевна - Против,11,15.49,,,
Удмуртская Республика,18,MUNICIPAL,mun_sm,"Муниципальный совет, одномандатный округ",Выборы депутатов Совета депутатов муниципального образования «Муниципальный округ Камбарский район Удмуртской Республики» второго созыва,Четырехмандатный избирательный округ №5,1,1,9,261,244,241,241,93.49,True,12.03,ДЕГТЕВ Александр Владимирович,67,27.8,МИТРОФАНОВ Дмитрий Владимирович,38,15.77,ФЕДОТОВА Татьяна Ивановна,31,12.86
Удмуртская Республика,18,MUNICIPAL,mun_sm,"Муниципальный совет, одномандатный округ",Дополнительные выборы депутата городской Думы муниципального образования городской округ город Можга Удмуртской Республики восьмого созыва по Дубительскому одномандатному избирательному округу №5,Дубительский,1,1,3,419,392,389,389,93.56,True,29.82,МИКРЮКОВ Олег Владимирович,213,54.76,КОМЫШЕВ Иван Александрович,97,24.94,КОРОТАЕВА Наталья Геннадьевна,79,20.31
Челябинская область,74,FEDERAL,duma_sm,"Госдума, одномандатный округ",Выборы депутатов Государственной Думы Федерального Собрания Российской Федерации девятого созыва,Челябинская область – Златоустовский,11,1,7,35111,31141,30787,30787,88.69,True,9.93,КОВАЛЁВ Антон Иванович,9075,29.48,МОТОВИЛОВ Евгений Алексеевич,6017,19.54,ШИЛОВ Валентин Сергеевич,4301,13.97
Челябинская область,74,FEDERAL,duma_sm,"Госдума, одномандатный округ",Выборы депутатов Государственной Думы Федерального Собрания Российской Федерации девятого созыва,Челябинская область – Коркинский,9,1,7,38640,33930,33591,33591,87.81,True,19.2,ГАРТУНГ Валерий Карлович,14122,42.04,РЫЖИЙ Антон Петрович,7673,22.84,КРЕПАК Полина Игоревна,4882,14.53
Челябинская область,74,FEDERAL,duma_sm,"Госдума, одномандатный округ",Выборы депутатов Государственной Думы Федерального Собрания Российской Федерации девятого созыва,Челябинская область – Магнитогорский,14,1,7,45643,40785,40415,40415,89.36,True,20.41,ДРЕМОВ Владимир Владимирович,15202,37.61,КАГАРМАНОВ Артур Азатович,6953,17.2,СИСИНА Екатерина Анатольевна,6898,17.07
Челябинская область,74,FEDERAL,duma_sm,"Госдума, одномандатный округ",Выборы депутатов Государственной Думы Федерального Собрания Российской Федерации девятого созыва,Челябинская область – Металлургический,10,1,7,41674,36866,36431,36431,88.46,True,8.94,ДЕНИСЕНКО Алексей Владимирович,10380,28.49,БАБКИН Егор Васильевич,7122,19.55,ГОРШКОВ Евгений Анатольевич,6253,17.16
Челябинская область,74,FEDERAL,duma_sm,"Госдума, одномандатный округ",Выборы депутатов Государственной Думы Федерального Собрания Российской Федерации девятого созыва,Челябинская область – Челябинский,7,1,7,38108,33484,33049,33049,87.87,True,5.19,ИЛЛЕ Евгений Георгиевич,9269,28.05,ГУЛИН Максим Алексеевич,7553,22.85,ШВЕЦОВ Василий Георгиевич,4886,14.78
Челябинская область,74,FEDERAL,duma_pl,"Госдума, партсписок",Выборы депутатов Государственной Думы Федерального Собрания Российской Федерации девятого созыва,,51,1,10,199176,176206,175557,175557,88.47,True,17.29,Единая Россия,65165,37.12,Новые люди,34810,19.83,Справедливая Россия,21758,12.39
Челябинская область,74,MUNICIPAL,mun_sm,"Муниципальный совет, одномандатный округ",Дополнительные выборы депутата Собрания депутатов  Катав-Ивановского муниципального округа Челябинской области первого созыва по одномандатному избирательному округу №8,Одномандатный избирательный округ № 8,1,1,10,124,112,110,110,90.32,True,14.55,БИСЯРИН Алексей Александрович,34,30.91,ВОРОБЬЁВ Юрий Владимирович,18,16.36,ПОДШИВАЛОВ Сергей Николаевич,17,15.45
Челябинская область,74,MUNICIPAL,mun_sm,"Муниципальный совет, одномандатный округ",Дополнительные выборы депутата Собрания депутатов Брединского муниципального округа Челябинской области первого созыва по одномандатному избирательному округу №11,Одномандатный избирательный округ №11,1,1,5,45,39,39,39,86.67,True,35.9,РУДСКИЙ Иван Дмитриевич,21,53.85,ЗЕЛЕНСКАЯ Оксана Витальевна,7,17.95,АБРАМОВ Аркадий Иванович,4,10.26
Челябинская область,74,MUNICIPAL,mun_sm,"Муниципальный совет, одномандатный округ",Дополнительные выборы депутата Собрания депутатов Верхнеуфалейского городского округа Челябинской области седьмого созыва по одномандатному избирательному округу № 11,Одномандатный избирательный округ №11,1,1,6,102,96,95,95,94.12,True,21.05,МИКАИЛОВ Теймур Захидович,39,41.05,РЕПЕТА Лариса Михайловна,19,20.0,БАИТОВ Владимир Александрович,10,10.53
Челябинская область,74,MUNICIPAL,mun_sm,"Муниципальный совет, одномандатный округ",Дополнительные выборы депутата Собрания депутатов Еманжелинского муниципального округа Челябинской области первого созыва по одномандатному избирательному округу № 14,Одномандатный избирательный округ №14,1,1,3,108,87,84,84,80.56,True,30.95,РЯБКОВА Юлия Геннадьевна,50,59.52,ШАРЫГИНА Елена Васильевна,24,28.57,АБИЕВА Анна Алексеевна,10,11.9
Челябинская область,74,MUNICIPAL,mun_sm,"Муниципальный совет, одномандатный округ",Дополнительные выборы депутата Собрания депутатов Копейского городского округа Челябинской области седьмого созыва по одномандатному избирательному округу № 3,Избирательный округ №3,1,1,5,295,264,262,262,89.49,True,15.27,АБРАМОВ Константин Владимирович,98,37.4,СУВОРИН Алексей Владимирович,58,22.14,БАРАНОВ Евгений Николаевич,49,18.7
Челябинская область,74,MUNICIPAL,mun_sm,"Муниципальный совет, одномандатный округ",Дополнительные выборы депутата Собрания депутатов Саткинского муниципального округа Челябинской области первого созыва по одномандатному избирательному округу № 17,Одномандатный избирательный округ №17,1,1,3,144,125,123,123,86.81,True,22.76,ПЕРМЯКОВ Виталий Владимирович,67,54.47,ЧЕКУЛАЕВА Татьяна Анатольевна,39,31.71,ПОТАПОВ Тимофей Александрович,17,13.82
Челябинская область,74,MUNICIPAL,mun_sm,"Муниципальный совет, одномандатный округ",Дополнительные выборы депутата Собрания депутатов Увельского муниципального округа Челябинской области первого созыва по одномандатному избирательному округу № 19,Одномандатный избирательный округ №19,1,1,4,231,207,203,203,89.61,True,3.45,САВЕНКО Александр Александрович,89,43.84,СКОРИАНТОВА Юлия Саборгалиевна,82,40.39,НЕРЕТИН Виктор Сергеевич,23,11.33
Челябинская область,74,MUNICIPAL,mun_sm,"Муниципальный совет, одномандатный округ",Дополнительные выборы депутата Собрания депутатов Уйского муниципального округа Челябинской области первого созыва по одномандатному избирательному округу №3,Одномандатный избирательный округ №3,1,1,5,52,38,38,38,73.08,True,15.79,ИВАНОВ Николай Борисович,15,39.47,АФАНАСЬЕВ Дмитрий Викторович,9,23.68,ТИТОВА Алена Михайловна,7,18.42
Челябинская область,74,MUNICIPAL,mun_sm,"Муниципальный совет, одномандатный округ",Дополнительные выборы депутата Собрания депутатов Чебаркульского муниципального округа Челябинской области первого созыва по одномандатному избирательному округу № 13,Одномандатный избирательный округ №13,1,1,4,68,65,64,64,95.59,True,32.81,БУРГУЧЕВ Андрей Геннадьевич,39,60.94,ОСТРОВСКАЯ Елена Борисовна,18,28.12,ШЕВЧЕНКО Александр Александрович,5,7.81
Челябинская область,74,MUNICIPAL,mun_sm,"Муниципальный совет, одномандатный округ",Дополнительные выборы депутата Собрания депутатов города Трехгорного Челябинской области седьмого созыва по одномандатному избирательному округу №2,Одномандатный избирательный округ №2,1,1,6,95,85,83,83,89.47,True,15.66,ДОЛИНИН Константин Владимирович,32,38.55,ПЕРВУХИН Илья Валерьевич,19,22.89,КОЗИЦЫНА Оксана Владимировна,11,13.25
Челябинская область,74,MUNICIPAL,mun_sm,"Муниципальный совет, одномандатный округ",Дополнительные выборы депутатов Собрания депутатов Аргаяшского муниципального округа Челябинской области первого созыва по одномандатным избирательным округам № 20 и №21,Одномандатный избирательный округ № 20,1,1,6,66,55,52,52,83.33,True,3.85,АХМЕТШИН Фаниль Рамильевич,19,36.54,ИРГАЛИН Альберт Мухаметжанович,17,32.69,ХАБИЕВА Аэлита Шамильевна,8,15.38
Челябинская область,74,MUNICIPAL,mun_sm,"Муниципальный совет, одномандатный округ",Дополнительные выборы депутатов Собрания депутатов Аргаяшского муниципального округа Челябинской области первого созыва по одномандатным избирательным округам № 20 и №21,Одномандатный избирательный округ № 21,1,1,3,74,59,57,57,79.73,True,14.04,КУЧУКОВ Файзулла Каюмович,25,43.86,ИЖБУЛАТОВ Эмиль Аглямович,17,29.82,АЛЬМУХАМЕТОВА Лилия Киньябаевна,15,26.32
Челябинская область,74,MUNICIPAL,mun_sm,"Муниципальный совет, одномандатный округ",Дополнительные выборы депутатов Собрания депутатов Кунашакского муниципального округа Челябинской области первого созыва по одномандатным избирательным округам № 4 и № 5,Одномандатный избирательный округ №4,1,1,6,91,81,81,81,89.01,True,33.33,АБДРАХИМОВ Максим Гарифуллович,46,56.79,ХУСАИНОВА Юлия Асыловна,19,23.46,САФИУЛЛИНА Лиана Рифовна,7,8.64
Челябинская область,74,MUNICIPAL,mun_sm,"Муниципальный совет, одномандатный округ",Дополнительные выборы депутатов Собрания депутатов Кунашакского муниципального округа Челябинской области первого созыва по одномандатным избирательным округам № 4 и № 5,Одномандатный избирательный округ №5,1,1,4,98,88,88,88,89.8,True,26.14,ХАЛИМОВА Евгения Фридриховна,48,54.55,ИШТИМИРОВ Даян Рашитович,25,28.41,ИСЛАМОВА Русалина Руслановна,12,13.64
Челябинская область,74,MUNICIPAL,mun_sm,"Муниципальный совет, одномандатный округ",Дополнительные выборы депутатов Собрания депутатов Нагайбакского муниципального округа Челябинской области первого созыва по одномандатным избирательным округам №8 и №12,Одномандатный избирательный округ №12,1,1,4,128,115,114,114,89.84,True,57.02,БАЙТЕРЯКОВА Гульнара Фазылжановна,78,68.42,ЮДИНА Василиса Григорьевна,13,11.4,СКРЕБКОВ Антон Васильевич,12,10.53
Челябинская область,74,MUNICIPAL,mun_sm,"Муниципальный совет, одномандатный округ",Дополнительные выборы депутатов Собрания депутатов Нагайбакского муниципального округа Челябинской области первого созыва по одномандатным избирательным округам №8 и №12,Одномандатный избирательный округ №8,1,1,4,53,42,41,41,79.25,True,39.02,КАДЫКЕЕВ Иван Васильевич,23,56.1,БАЙКИНА Валентина Александровна,7,17.07,КОЖЕМЯКИН Дмитрий Александрович,6,14.63
Челябинская область,74,MUNICIPAL,mun_sm,"Муниципальный совет, одномандатный округ","Дополнительные выборы депутатов Собрания депутатов Пластовского муниципального округа Челябинской области первого созыва по одномандатным избирательным округам № 4, № 10, № 12",Одномандатный избирательный округ №10,1,1,5,107,99,98,98,92.52,True,1.02,ВОЛЧЕНКО Владимир Викторович,26,26.53,СЛАВГОРОДСКАЯ Анна Федоровна,25,25.51,ГРИГОРЬЕВА Анна Александровна,21,21.43
Челябинская область,74,MUNICIPAL,mun_sm,"Муниципальный совет, одномандатный округ","Дополнительные выборы депутатов Собрания депутатов Пластовского муниципального округа Челябинской области первого созыва по одномандатным избирательным округам № 4, № 10, № 12",Одномандатный избирательный округ №12,1,1,5,106,95,95,95,89.62,True,0.0,КОТЧЕНКО Анастасия Владимировна,26,27.37,ЧЕРНЯЕВ Олег Анатольевич,26,27.37,АБАБКОВА Марья Владимировна,18,18.95
Челябинская область,74,MUNICIPAL,mun_sm,"Муниципальный совет, одномандатный округ","Дополнительные выборы депутатов Собрания депутатов Пластовского муниципального округа Челябинской области первого созыва по одномандатным избирательным округам № 4, № 10, № 12",Одномандатный избирательный округ №4,1,1,5,103,94,91,91,91.26,True,3.3,КОБЯКОВ Евгений Павлович,26,28.57,АРТЮХОВА Татьяна Юрьевна,23,25.27,РОДИН Никита Геннадьевич,18,19.78
Челябинская область,74,MUNICIPAL,mun_sm,"Муниципальный совет, одномандатный округ","Дополнительные выборы депутатов Челябинской городской Думы первого созыва по Челябинским избирательным округам № 5, 12, 25, избирательному округу № 21",Одномандатный избирательный округ №12,1,1,5,2558,2229,2200,2200,87.14,True,2.05,ДЕНИСОВ Олег Витальевич,674,30.64,ГРАМАЧКОВ Александр Юрьевич,629,28.59,БАГИН Алексей Николаевич,363,16.5
Челябинская область,74,MUNICIPAL,mun_sm,"Муниципальный совет, одномандатный округ","Дополнительные выборы депутатов Челябинской городской Думы первого созыва по Челябинским избирательным округам № 5, 12, 25, избирательному округу № 21",Одномандатный избирательный округ №21,1,1,5,2378,2087,2061,2061,87.76,True,4.8,АРХИПОВ Михаил Сергеевич,650,31.54,АБРОСИМОВ Сергей Владимирович,551,26.73,АНДРЮЩЕНКО Владимир Александрович,371,18.0
Челябинская область,74,MUNICIPAL,mun_sm,"Муниципальный совет, одномандатный округ","Дополнительные выборы депутатов Челябинской городской Думы первого созыва по Челябинским избирательным округам № 5, 12, 25, избирательному округу № 21",Одномандатный избирательный округ №25,1,1,4,2756,2468,2424,2424,89.55,True,3.42,ЕРМАКОВА Ксения Сергеевна,737,30.4,НАЦИЕВСКИЙ Константин Олегович,654,26.98,СЕРИЧЕНКО Георгий Антонович,538,22.19
Челябинская область,74,MUNICIPAL,mun_sm,"Муниципальный совет, одномандатный округ","Дополнительные выборы депутатов Челябинской городской Думы первого созыва по Челябинским избирательным округам № 5, 12, 25, избирательному округу № 21",Одномандатный избирательный округ №5,1,1,5,2773,2423,2385,2385,87.38,True,5.45,БУША Сергей Александрович,644,27.0,ШУХОВЦЕВ Артем Сергеевич,514,21.55,КОЗИЦИН Иван Сергеевич,491,20.59
Чувашская Республика - Чувашия,21,FEDERAL,duma_sm,"Госдума, одномандатный округ",Выборы депутатов Государственной Думы Федерального Собрания Российской Федерации девятого созыва,Чувашская Республика – Чувашия – Канашский,14,1,8,84683,79801,79146,79146,94.23,True,23.66,АКСАКОВ Анатолий Геннадьевич,34036,43.0,ЕГОРОВ Радимир Федорович,15312,19.35,АНДРЕЕВ Александр Михайлович,9234,11.67
Чувашская Республика - Чувашия,21,FEDERAL,duma_sm,"Госдума, одномандатный округ",Выборы депутатов Государственной Думы Федерального Собрания Российской Федерации девятого созыва,Чувашская Республика – Чувашия – Чебоксарский,12,1,7,86100,81141,80586,80586,94.24,True,44.46,САЛАЕВА Алла Леонидовна,45910,56.97,ФИЛИППОВ Александр Владимирович,10085,12.51,СТЕПАНОВ Константин Олегович,7991,9.92
Чувашская Республика - Чувашия,21,FEDERAL,duma_pl,"Госдума, партсписок",Выборы депутатов Государственной Думы Федерального Собрания Российской Федерации девятого созыва,,26,1,10,170783,160942,160340,160340,94.24,True,45.85,Единая Россия,94025,58.64,Новые люди,20515,12.79,КПРФ,17352,10.82
Чувашская Республика - Чувашия,21,MUNICIPAL,mun_sm,"Муниципальный совет, одномандатный округ",Выборы депутатов Собрания депутатов Красноармейского муниципального округа Чувашской Республики второго созыва,Алманчинский одномандатный избирательный округ № 15,1,1,3,80,78,76,76,97.5,True,55.26,ГРИГОРЬЕВА Алина Владимировна,56,73.68,ЕРМАКОВ Эдуард Юрьевич,14,18.42,ТКАЧЕВА Татьяна Анатольевна,6,7.89
Чувашская Республика - Чувашия,21,MUNICIPAL,mun_sm,"Муниципальный совет, одномандатный округ",Выборы депутатов Собрания депутатов Красноармейского муниципального округа Чувашской Республики второго созыва,Большешатьминский одномандатный избирательный округ № 8,1,1,3,113,108,106,106,95.58,True,17.92,ПЕТРОВ Валерий Иванович,56,52.83,ФИЛИППОВ Александр Владимирович,37,34.91,НИКОЛАЕВА Валерия Эдуардовна,13,12.26
Чувашская Республика - Чувашия,21,MUNICIPAL,mun_sm,"Муниципальный совет, одномандатный округ",Выборы депутатов Собрания депутатов Красноармейского муниципального округа Чувашской Республики второго созыва,Заволжский одномандатный избирательный округ № 5,1,1,2,147,141,140,140,95.92,True,60.0,СЕМЕНОВА Юлия Анатольевна,112,80.0,КРАСНОВ Геннадий Александрович,28,20.0,,,
Чувашская Республика - Чувашия,21,MUNICIPAL,mun_sm,"Муниципальный совет, одномандатный округ",Выборы депутатов Собрания депутатов Красноармейского муниципального округа Чувашской Республики второго созыва,Именевский одномандатный избирательный округ № 10,1,1,2,130,118,114,114,90.77,True,24.56,УГАСЛОВ Александр Николаевич,71,62.28,БАШМАКОВ Александр Сергеевич,43,37.72,,,
Чувашская Республика - Чувашия,21,MUNICIPAL,mun_sm,"Муниципальный совет, одномандатный округ",Выборы депутатов Собрания депутатов Красноармейского муниципального округа Чувашской Республики второго созыва,Исаковский одномандатный избирательный округ № 9,1,1,3,156,153,152,152,98.08,True,65.13,КОЗЛОВ Юрий Вениаминович,118,77.63,КУЗЬМИН Даниил Андреевич,19,12.5,НИКИТИН Валерий Васильевич,15,9.87
Чувашская Республика - Чувашия,21,MUNICIPAL,mun_sm,"Муниципальный совет, одномандатный округ",Выборы депутатов Собрания депутатов Красноармейского муниципального округа Чувашской Республики второго созыва,Караевский одномандатный избирательный округ № 11,1,1,2,186,183,182,182,98.39,True,36.26,ИВАНОВА Ирина Ивановна,124,68.13,ОСИПОВ Денис Геннадьевич,58,31.87,,,
Чувашская Республика - Чувашия,21,MUNICIPAL,mun_sm,"Муниципальный совет, одномандатный округ",Выборы депутатов Собрания депутатов Красноармейского муниципального округа Чувашской Республики второго созыва,Красноармейский одномандатный избирательный округ № 1,1,1,3,158,157,153,153,99.37,True,58.82,КОЗЛОВ Иван Михайлович,116,75.82,ТРОФИМОВ Анатолий Андреевич,26,16.99,КУЗЬМИНА Людмила Валентиновна,11,7.19
Чувашская Республика - Чувашия,21,MUNICIPAL,mun_sm,"Муниципальный совет, одномандатный округ",Выборы депутатов Собрания депутатов Красноармейского муниципального округа Чувашской Республики второго созыва,Пикшикский одномандатный избирательный округ № 7,1,1,3,135,131,129,129,97.04,True,52.71,ИЛЬИН Гордей Вениаминович,91,70.54,СКВОРЦОВ Анатолий Иванович,23,17.83,МОИСЕЕВ Роман Александрович,15,11.63
Чувашская Республика - Чувашия,21,MUNICIPAL,mun_sm,"Муниципальный совет, одномандатный округ",Выборы депутатов Собрания депутатов Красноармейского муниципального округа Чувашской Республики второго созыва,Убеевский одномандатный избирательный округ № 12,1,1,3,120,116,116,116,96.67,True,34.48,ВАСИЛЬЕВ Юрий Алексеевич,76,65.52,ФРОЛОВ Владимир Леонтьевич,36,31.03,ИЖЕЕВ Алексей Валерьевич,4,3.45
Чувашская Республика - Чувашия,21,MUNICIPAL,mun_sm,"Муниципальный совет, одномандатный округ",Выборы депутатов Собрания депутатов Красноармейского муниципального округа Чувашской Республики второго созыва,Центральный одномандатный избирательный округ № 2,1,1,4,131,129,128,128,98.47,True,39.06,ИЛЬИНА Светлана Николаевна,73,57.03,МИХАЙЛОВА Светлана Степановна,23,17.97,СОКОЛОВ Станислав Иванович,19,14.84
Чувашская Республика - Чувашия,21,MUNICIPAL,mun_sm,"Муниципальный совет, одномандатный округ",Выборы депутатов Собрания депутатов Красноармейского муниципального округа Чувашской Республики второго созыва,Чадукасинский одномандатный избирательный округ № 6,1,1,3,100,99,98,98,99.0,True,58.16,ЕГОРОВ Виталий Александрович,73,74.49,СЕРАФИМОВ Владимир Серафимович,16,16.33,САПОЖНИКОВ Александр Юрьевич,9,9.18
Чувашская Республика - Чувашия,21,MUNICIPAL,mun_sm,"Муниципальный совет, одномандатный округ",Выборы депутатов Собрания депутатов Красноармейского муниципального округа Чувашской Республики второго созыва,Школьный одномандатный избирательный округ № 4,1,1,3,153,148,142,142,96.73,True,16.9,ЗАХАРОВ Александр Львович,73,51.41,ИЛЬИНА Елена Владимировна,49,34.51,МУЛЛИНА Екатерина Алексеевна,20,14.08
Чувашская Республика - Чувашия,21,MUNICIPAL,mun_sm,"Муниципальный совет, одномандатный округ",Выборы депутатов Собрания депутатов Красноармейского муниципального округа Чувашской Республики второго созыва,Юго-Западный одномандатный избирательный округ № 3,1,1,3,188,180,180,180,95.74,True,23.33,ДУБРОВА Валентина Гурьевна,101,56.11,ФИЛИППОВА Татьяна Николаевна,59,32.78,СОРОКИН Антон Андреевич,20,11.11
Чувашская Республика - Чувашия,21,MUNICIPAL,mun_sm,"Муниципальный совет, одномандатный округ",Выборы депутатов Собрания депутатов Красноармейского муниципального округа Чувашской Республики второго созыва,Янгасинский одномандатный избирательный округ № 13,1,1,4,114,109,109,109,95.61,True,11.93,БЕЛОВ Николай Леонидович,50,45.87,ПЕТРОВ Алексей Владимирович,37,33.94,ИВАНОВ Юрий Леонидович,13,11.93
Чувашская Республика - Чувашия,21,MUNICIPAL,mun_sm,"Муниципальный совет, одномандатный округ",Выборы депутатов Собрания депутатов Красноармейского муниципального округа Чувашской Республики второго созыва,Янчеллинский одномандатный избирательный округ № 14,1,1,3,108,97,95,95,89.81,True,64.21,БЕЗЗУБОВА Татьяна Александровна,73,76.84,ГЛУХОВ Михаил Владимирович,12,12.63,ФЕДОРОВ Валерий Афанасьевич,10,10.53
Чувашская Республика - Чувашия,21,REGIONAL,reg_pl,"Заксобрание, партсписок",Выборы депутатов Государственного Совета Чувашской Республики восьмого созыва,,22,1,6,170783,160942,159542,159542,94.24,True,42.85,Единая Россия,89375,56.02,Новые люди,21015,13.17,КПРФ,19661,12.32
Чувашская Республика - Чувашия,21,REGIONAL,reg_sm,"Заксобрание, одномандатный округ",Выборы депутатов Государственного Совета Чувашской Республики восьмого созыва,Одномандатный избирательный округ №1,1,1,6,6892,6501,6441,6441,94.33,True,36.03,МАРУШИН Андрей Александрович,3445,53.49,ВЕРЯСКИН Сергей Павлович,1124,17.45,АНОШКИНА Ольга Геннадьевна,683,10.6
Чувашская Республика - Чувашия,21,REGIONAL,reg_sm,"Заксобрание, одномандатный округ",Выборы депутатов Государственного Совета Чувашской Республики восьмого созыва,Одномандатный избирательный округ №10,1,1,6,7589,7088,7018,7018,93.4,True,30.83,ВИКТОРОВ Владимир Николаевич,3644,51.92,АНДРЕЕВ Александр Михайлович,1480,21.09,ПАВЛОВ Аркадий Вячеславович,868,12.37
Чувашская Республика - Чувашия,21,REGIONAL,reg_sm,"Заксобрание, одномандатный округ",Выборы депутатов Государственного Совета Чувашской Республики восьмого созыва,Одномандатный избирательный округ №11,1,1,5,7417,6911,6841,6841,93.18,True,30.19,МЕНЬШИКОВА Ирина Петровна,3339,48.81,ФЕДОРОВ Алексей Дмитриевич,1274,18.62,АНДРЕЕВ Дмитрий Васильевич,827,12.09
Чувашская Республика - Чувашия,21,REGIONAL,reg_sm,"Заксобрание, одномандатный округ",Выборы депутатов Государственного Совета Чувашской Республики восьмого созыва,Одномандатный избирательный округ №12,1,1,6,9786,9159,9035,9035,93.59,True,35.88,МЕЛЬНИКОВ Сергей Владимирович,4555,50.42,МОРОЗОВ Максим Викторович,1313,14.53,СТЕПАНОВ Константин Олегович,1212,13.41
Чувашская Республика - Чувашия,21,REGIONAL,reg_sm,"Заксобрание, одномандатный округ",Выборы депутатов Государственного Совета Чувашской Республики восьмого созыва,Одномандатный избирательный округ №13,1,1,6,9914,9350,9244,9244,94.31,True,38.5,КУДРЯШОВ Дмитрий Юрьевич,4872,52.7,ВАСИЛЬЕВА Наталия Валерьевна,1313,14.2,МУЛЮКОВА Екатерина Петровна,1206,13.05
Чувашская Республика - Чувашия,21,REGIONAL,reg_sm,"Заксобрание, одномандатный округ",Выборы депутатов Государственного Совета Чувашской Республики восьмого созыва,Одномандатный избирательный округ №14,1,1,5,8024,7545,7461,7461,94.03,True,36.34,СЕРЕГИН Сергей Борисович,3913,52.45,РОМАНОВ Игорь Владимирович,1202,16.11,САМУКОВА Любовь Сергеевна,1100,14.74
Чувашская Республика - Чувашия,21,REGIONAL,reg_sm,"Заксобрание, одномандатный округ",Выборы депутатов Государственного Совета Чувашской Республики восьмого созыва,Одномандатный избирательный округ №15,1,1,6,7555,7132,7072,7072,94.4,True,41.77,ВЛАДИМИРОВ Артем Анатольевич,3884,54.92,СЕРЖАНТОВ Алексей Владимирович,930,13.15,ВЛАДИМИРОВ Сергей Витальевич,834,11.79
Чувашская Республика - Чувашия,21,REGIONAL,reg_sm,"Заксобрание, одномандатный округ",Выборы депутатов Государственного Совета Чувашской Республики восьмого созыва,Одномандатный избирательный округ №16,1,1,6,7173,6806,6745,6745,94.88,True,39.88,ЗОРИН Юрий Александрович,3554,52.69,КАЗАКОВ Андрей Михайлович,864,12.81,КИРГИЗОВ Николай Александрович,806,11.95
Чувашская Республика - Чувашия,21,REGIONAL,reg_sm,"Заксобрание, одномандатный округ",Выборы депутатов Государственного Совета Чувашской Республики восьмого созыва,Одномандатный избирательный округ №17,1,1,4,8867,8391,8301,8301,94.63,True,43.85,МУРЫГИН Алексей Валентинович,4900,59.03,СТЕПАНОВ Георгий Алексеевич,1260,15.18,ЗАХАРОВ Артем Евгеньевич,1135,13.67
Чувашская Республика - Чувашия,21,REGIONAL,reg_sm,"Заксобрание, одномандатный округ",Выборы депутатов Государственного Совета Чувашской Республики восьмого созыва,Одномандатный избирательный округ №18,1,1,6,7938,7516,7459,7459,94.68,True,45.85,АЛЕКСАНДРОВ Андрей Юрьевич,4345,58.25,ТКАЧЕВ Владимир Сергеевич,925,12.4,ЕФИМОВ Алексей Вячеславович,772,10.35
Чувашская Республика - Чувашия,21,REGIONAL,reg_sm,"Заксобрание, одномандатный округ",Выборы депутатов Государственного Совета Чувашской Республики восьмого созыва,Одномандатный избирательный округ №19,1,1,6,7414,6970,6897,6897,94.01,True,42.44,ШЕСТАКОВ Андрей Владимирович,3755,54.44,ДАНИЛОВ Григорий Владиславович,828,12.01,СТЕПАНОВ Федор Михайлович,811,11.76
Чувашская Республика - Чувашия,21,REGIONAL,reg_sm,"Заксобрание, одномандатный округ",Выборы депутатов Государственного Совета Чувашской Республики восьмого созыва,Одномандатный избирательный округ №2,1,1,6,7806,7592,7529,7529,97.26,True,53.13,МЕШКОВ Олег Вадимович,5025,66.74,АЛЯКИН Александр Иванович,1025,13.61,ВАХИТОВ Ирек Фердинасович,557,7.4
Чувашская Республика - Чувашия,21,REGIONAL,reg_sm,"Заксобрание, одномандатный округ",Выборы депутатов Государственного Совета Чувашской Республики восьмого созыва,Одномандатный избирательный округ №20,1,1,5,7329,6904,6831,6831,94.2,True,48.02,НИКОЛАЕВ Николай Станиславович,4322,63.27,МАЛЯСОВ Евгений Владимирович,1042,15.25,МАСЛОВ Борис Юрьевич,754,11.04
Чувашская Республика - Чувашия,21,REGIONAL,reg_sm,"Заксобрание, одномандатный округ",Выборы депутатов Государственного Совета Чувашской Республики восьмого созыва,Одномандатный избирательный округ №21,1,1,6,6763,6235,6150,6150,92.19,True,3.84,НИКОЛАЕВ Руслан Анатольевич,1760,28.62,СЕМЕНОВ Сергей Павлович,1524,24.78,ЦАПИН Владислав Геннадьевич,987,16.05
Чувашская Республика - Чувашия,21,REGIONAL,reg_sm,"Заксобрание, одномандатный округ",Выборы депутатов Государственного Совета Чувашской Республики восьмого созыва,Одномандатный избирательный округ №22,1,1,6,8110,7573,7495,7495,93.38,True,32.17,ПЕТРОВА Ольга Исааковна,3670,48.97,АНДРЕЕВ Эдуард Вячеславович,1259,16.8,ДЕМИДОВА Ирина Вячеславовна,997,13.3
Чувашская Республика - Чувашия,21,REGIONAL,reg_sm,"Заксобрание, одномандатный округ",Выборы депутатов Государственного Совета Чувашской Республики восьмого созыва,Одномандатный избирательный округ №3,1,1,6,6877,6479,6424,6424,94.21,True,40.74,ГОРБУНОВ Виктор Александрович,3574,55.64,ПОПКОВ Денис Евгеньевич,957,14.9,ЯНВАРЕВ Владимир Иванович,665,10.35
Чувашская Республика - Чувашия,21,REGIONAL,reg_sm,"Заксобрание, одномандатный округ",Выборы депутатов Государственного Совета Чувашской Республики восьмого созыва,Одномандатный избирательный округ №4,1,1,6,7547,7083,7012,7012,93.85,True,35.05,АЛЕКСЕЕВ Роман Юрьевич,3719,53.04,АЛЕКСЕЕВ Вячеслав Валерьевич,1261,17.98,ЕХЛАКОВ Игорь Юрьевич,728,10.38
Чувашская Республика - Чувашия,21,REGIONAL,reg_sm,"Заксобрание, одномандатный округ",Выборы депутатов Государственного Совета Чувашской Республики восьмого созыва,Одномандатный избирательный округ №5,1,1,5,7445,7194,7138,7138,96.63,True,49.93,ПОПОВ Юрий Алексеевич,4620,64.72,ТРОИЦКИЙ Александр Владимирович,1056,14.79,КОПТАШКИН Сергей Геннадьевич,716,10.03
Чувашская Республика - Чувашия,21,REGIONAL,reg_sm,"Заксобрание, одномандатный округ",Выборы депутатов Государственного Совета Чувашской Республики восьмого созыва,Одномандатный избирательный округ №6,1,1,6,7892,7346,7234,7234,93.08,True,34.5,ВАСИЛЬЕВ Андрей Владиславович,3450,47.69,КАТАНАЕВ Иван Сергеевич,954,13.19,КУЗЬМИНА Эльза Валериановна,954,13.19
Чувашская Республика - Чувашия,21,REGIONAL,reg_sm,"Заксобрание, одномандатный округ",Выборы депутатов Государственного Совета Чувашской Республики восьмого созыва,Одномандатный избирательный округ №7,1,1,6,7373,6981,6879,6879,94.68,True,44.29,КУЗНЕЦОВ Александр Николаевич,3815,55.46,ГУСЕВА Елена Юрьевна,768,11.16,МИХАЙЛОВ Иван Николаевич,649,9.43
Чувашская Республика - Чувашия,21,REGIONAL,reg_sm,"Заксобрание, одномандатный округ",Выборы депутатов Государственного Совета Чувашской Республики восьмого созыва,Одномандатный избирательный округ №8,1,1,5,7796,7319,7228,7228,93.88,True,35.38,СВЕШНИКОВ Владимир Васильевич,3829,52.97,ЗАХАРОВ Алексей Владимирович,1272,17.6,МАКАРОВ Владимир Вячеславович,1013,14.01
Чувашская Республика - Чувашия,21,REGIONAL,reg_sm,"Заксобрание, одномандатный округ",Выборы депутатов Государственного Совета Чувашской Республики восьмого созыва,Одномандатный избирательный округ №9,1,1,6,7276,6867,6792,6792,94.38,True,28.56,УГАСЛОВ Николай Федорович,3276,48.23,ФИЛИППОВ Александр Владимирович,1336,19.67,МАКСИМОВ Димитрий Петрович,1162,17.11
Ярославская область,76,FEDERAL,duma_sm,"Госдума, одномандатный округ",Выборы депутатов Государственной Думы Федерального Собрания Российской Федерации девятого созыва,Ярославская область – Ростовский,16,1,9,39121,36076,35744,35744,92.22,True,27.15,МОЛЧАНОВ Артём Владимирович,15443,43.2,ГРЕШНЕВИКОВ Анатолий Николаевич,5737,16.05,ГОРОХОВ Алексей Владимирович,4396,12.3
Ярославская область,76,FEDERAL,duma_sm,"Госдума, одномандатный округ",Выборы депутатов Государственной Думы Федерального Собрания Российской Федерации девятого созыва,Ярославская область – Ярославский,12,1,8,51050,47211,46782,46782,92.48,True,21.89,ЛИСИЦЫН Анатолий Иванович,19411,41.49,СКРОЗНИКОВА Анна Валерьевна,9172,19.61,КУЗНЕЦОВА Елена Дмитриевна,5562,11.89
Ярославская область,76,FEDERAL,duma_pl,"Госдума, партсписок",Выборы депутатов Государственной Думы Федерального Собрания Российской Федерации девятого созыва,,28,1,10,90171,83287,83002,83002,92.37,True,29.92,Единая Россия,38900,46.87,Новые люди,14068,16.95,КПРФ,9363,11.28
