contract_id,rc,region,ЕР,ЛДПР,ППД,Зелёные,СРЗП,Родина,КПРФ,Пенсионеры,Коммунисты России,Новые люди,uik_min,uik_max,uiks
a6m7rkBjPiMGmECArQbYvvBmsmBsvUDprjRhWo4zGrx,66,Свердловская область,2511,744,26,95,332,27,596,93,57,757,798,2513,53
7F8KCst1jSdBtVQnFD4U4ornyVkD5n5pcJbbP54J1qBP,22,Алтайский край,6369,1207,36,251,568,62,1539,235,170,1904,360,404,45
GpZP6VzsxCXzkK5RXbMZGNdiuUzjB2ckPA5ZQiWZ2f6m,50,Московская область,18554,3319,135,916,1780,380,3800,875,382,5285,1,3683,183
EghbNhnFCU7qvDY6Em8GaHxZjv8E6yi6FRjhxwHM3jDk,52,Нижегородская область,3067,702,37,190,394,71,866,141,63,1047,2394,2455,62
7Tr6g3iKuPY1KcgQp6HKzavfyBDrYm7RN5AutYw2GqDS,22,Алтайский край,7368,1482,44,277,763,87,1644,279,162,2324,108,153,46
Bf5VC2RDsNW6AdL6XqKrM2SmVTcRjsuVmiEYwR3YAhH6,22,Алтайский край,5338,1042,34,213,500,61,1345,199,155,1667,308,358,51
5m8xM7S9EvzZ7zW3om7Pk25Eo8pVJ85kbmMJc66d5dpH,40,Калужская область,1281,273,10,66,154,17,254,46,31,385,401,441,41
6LHt81ZJv3TW9inA4MFMvTjPYfzFvsEbdPHxrpLU2ytk,52,Нижегородская область,2154,563,22,106,251,45,648,105,65,869,893,962,60
6SoJFE6ttRNCD7njapM92WPhUDcq7K5cEDwXbKbcBivm,50,Московская область,759,178,4,29,90,21,176,42,21,241,2596,2632,14
J8jjoEP9fbHQKoRMYpuV8JA5QgapJyjgb8GXV5xmPtNk,61,Ростовская область,4084,1134,64,336,417,145,1415,193,135,1632,1875,1959,58
cB2uCyRHjVw6BYEqJQSpZwdjomvmY5dDWVmRtXogC68,74,Челябинская область,435,116,3,10,121,4,129,24,15,180,1623,2235,32
8c54KK1CHzLRBspRV8cmYqyEpKsQgRZ1nZeNmgZ9iZzu,31,Белгородская область,1888,421,9,47,76,13,299,70,49,327,446,482,37
BXcPUdE5Hee9QFX5ZqppX4rzGBGouHvtPpv88U8c1m3k,61,Ростовская область,4568,1106,45,259,380,144,1382,244,156,2211,1357,2621,67
En8pKdjRCJn8HDwMBrtURuEGWo3qhfDEvemUAeBaYZah,39,Калининградская область,7146,1400,91,300,670,94,1469,228,155,2078,174,252,76
5sdc1yMdyUqMrixeYS5M5tcM2iozijHcFeERuj7VY5CB,66,Свердловская область,1108,271,4,35,87,19,265,32,37,355,927,986,45
7z3X81NTmEiPTpnKVMwm9xXxCA4MAmgbK4ictNQUwc1A,60,Псковская область,2434,447,21,76,243,44,491,90,52,636,137,421,37
3tJ5AVrmsQbuocYnD4Q69HresPZo8cD2EwxAiArMcLJE,29,Архангельская область,2760,642,32,136,315,30,649,363,51,890,22,46,23
zPRWxafhuUTGY3QFCSSHCLJ8SJYm4wzfGPLwzQJ83wG,74,Челябинская область,770,228,9,19,211,8,207,28,19,389,1011,1065,47
3eXSmdef3sgry7UZSoqrep6Tp1ue2Gmo8h3ECWfPP5A7,51,Мурманская область,950,302,8,58,225,19,216,83,32,382,341,422,33
3cMHKFXrruRmmX3VRNUVerM16fuLfv8BqGpokVc2PLkk,18,Удмуртская Республика,6037,1101,38,331,601,75,1410,214,111,2044,301,353,53
9WWg9nEEaGn8MSTauDLkkZMZHLYp1jfvDqCfyPryvdop,90,Пермский край,267,95,5,18,32,2,93,37,16,123,501,521,21
3z1F3zcLre7EgbYhUo1xNRqbMad9jvv1ofnrhL3JmBvR,33,Владимирская область,603,163,5,25,57,11,145,19,17,140,627,1093,31
GvVBbUzoCyS5U8soZM1FEnZbAphD79Ety9V1bFeVPKy5,45,Курганская область,305,116,1,9,41,5,93,17,12,160,152,191,36
7tA73DGti2fLhRrsfohCZmXKFXDg415xPQGGGFw6Ssvs,66,Свердловская область,2323,584,15,55,201,29,386,77,48,648,2526,2556,31
6T3MJAnJFUF8uBFnMj2eS6NqmJJznLMi9oUPS59zoiMP,22,Алтайский край,2347,504,11,43,218,30,565,55,68,583,632,660,29
A498eZ12WYt3wcstMu7cZ9dSA6vto8fVdbcUezMBxXbe,10,Республика Карелия,614,288,7,44,302,10,216,42,25,297,292,318,26
5LrBr4Z2HFWDabP9Yda7sr9Mz7EckiGtfhSswKZphnRZ,45,Курганская область,2726,889,34,170,326,46,715,158,57,1179,823,890,62
7J4ZhAySmWnxABLNLAXRXKT66DGaDfFDTfWRdP96Ekfq,50,Московская область,1990,480,17,107,219,32,529,98,61,540,789,3764,45
45HL999DMevknVqY6wQyBE8njZqbWX3xFku9FSkUCDTf,29,Архангельская область,336,149,5,27,59,10,133,26,10,141,421,440,18
WwW3MS24NPnV1QuenYoukyxBWZN3EkW4QBk6LwLG2WH,21,Чувашская Республика - Чувашия,5498,750,29,144,556,47,1004,150,109,1310,601,2741,67
FGMJPjmYghuKZanJBQbbXmZaxemQVToYou6Vs7kWRpig,66,Свердловская область,1145,323,5,31,123,20,206,30,14,344,1825,2613,20
w6xQuAz8FPNGPeZ4anKHCaBvAR21bhPmzHn3wfXq6RY,54,Новосибирская область,473,108,8,9,32,1,118,16,16,146,1260,1326,30
DKvaFPZT1Zr5gXszJwgixAS4rRasB4qG4mqBeGm9jeRK,61,Ростовская область,709,171,7,17,50,13,158,13,29,177,2273,2320,40
4JtmqkAiiWRaj6vJWF4iCDSSv7Gi16PtJSCX4wXMi7XU,40,Калужская область,215,61,1,6,26,2,66,8,4,82,1901,1914,14
2T1eMGVFbouH73knRipzbwVJktPPb3wyGxpqjjpRZLy4,29,Архангельская область,837,377,8,45,133,14,267,50,21,364,368,387,20
VFktY5qP8ZFLLEse8R85ho15ACjaHifebJYfNeemgzP,93,Республика Крым,594,100,4,32,37,11,94,11,17,181,398,420,23
AByinnqXuGHocAKksSd8bVszS3N1DfmwmXHc2qV3mKCA,10,Республика Карелия,378,277,1,29,83,6,150,30,15,186,184,205,21
zU5U9775RBK5H9w99zyARgWF8Pqt37EXAvRy3sSRxLs,40,Калужская область,403,140,4,20,77,12,73,16,15,157,2601,2619,19
eLsWyz7zRzkCYLMpYMMrUzFZvWQ1exMGTs6DvV775Dr,66,Свердловская область,877,168,4,33,98,9,142,21,15,254,1100,2643,12
AVV7uqKL2GeGVj7FifY7jCcBwULUyUCVG2iwDmEGPGVB,21,Чувашская Республика - Чувашия,230,32,3,5,24,5,66,5,4,56,1749,1752,4
C3CrMKtfPg5kwCbnDnvFT4x3e9uJTGiTjRr82RCMT1Nv,22,Алтайский край,434,96,3,16,42,3,131,7,6,101,1194,1206,13
3vxvZdLRmDiq5bN8t2mZJ8yz9hHqWeM5xgKJuiFxXuBA,61,Ростовская область,493,51,3,14,25,15,106,10,9,71,1640,1656,17
CsYKsgYgBC1D7dP5Rk9Hh2Rp1cLQ8WF1P7roAoc3B7ob,2,Республика Алтай,792,100,0,19,22,7,99,7,16,113,202,214,13
3S2BWMmjbmuPcQjrfnez7FNV7AwUpqmR44HVESXUkXsS,21,Чувашская Республика - Чувашия,1274,137,4,15,112,2,216,46,24,243,1001,1026,26
5QvbSXfFHuqZMyy6uXpcycM7tJZLypdCAyKY63h2rhZR,35,Вологодская область,162,74,0,5,25,4,62,5,6,94,152,179,25
E53V9o8RpGhiGSaKyUdCGbg7WaT9aP7trvDs1JCvE5q3,29,Архангельская область,272,111,0,11,49,5,62,22,15,131,442,460,15
213xKKEFgWj1DvkVyv3vwfvv221r2T2pLGPczLX7zUqN,74,Челябинская область,689,219,9,22,279,13,235,38,19,356,2198,2217,20
3QUuNg7dmurs1gTDuM6sgCQL9BkVPj3J94RnEApiKSyp,90,Пермский край,192,70,1,11,23,7,84,8,6,106,3501,3522,20
3pf2nrx3KZJqeU88b71E2xoJzSDUFjA5FrzcDgtnqLAf,74,Челябинская область,494,134,2,19,129,8,157,31,24,213,1292,1312,21
9ECUuYs3es4jYdShyUC6EffS2WasMqxTX8kSbbLzmqRB,90,Пермский край,495,168,5,36,62,8,315,33,27,259,2201,2241,39
HZUNKzLBSL3pCSM9w6dfA6u8SNMWDAsa6FoaoTCt9ctv,18,Удмуртская Республика,725,133,2,17,38,7,156,6,14,181,1601,1621,20
9Zjo9FV5w5hhxdNUzeiuc4EM3Z26VCgXnzDkiEvNMg8X,52,Нижегородская область,300,76,4,7,17,2,61,4,6,82,2076,2100,23
CH55Gq16c3WWWGBni1yT3EjNuir3Ya1EsXmd2LZmJzum,90,Пермский край,216,115,2,6,38,5,146,17,11,122,5401,5426,24
EpHef4UF3YwiRFCJaEfc7ZCz8zQXwmGxaespeKaeZcPn,48,Липецкая область,292,66,1,11,13,5,96,9,7,108,601,625,25
4SQkoxtvVWeEXvF53B2sAcyzUWxqZMHAVx76fVrS6Dh2,29,Архангельская область,283,127,1,17,36,9,116,15,12,120,466,485,18
6hxAJB9XJDB3S9zjiYLade7fnghDyX9HaX9cKqQxmvVB,22,Алтайский край,993,139,3,15,58,6,171,20,32,164,1795,1814,19
DE6ALCeRvj886xWkvjvLoyebtyom2HFD5jiDnwDtYb3v,61,Ростовская область,858,171,7,12,48,38,181,22,28,198,1041,1080,40
FKgrJ53efDZsSK6Qoa19d7X1EVq39KAuZ8bcgFEpYpf1,52,Нижегородская область,100,13,1,3,6,0,30,3,6,32,1131,1163,29
8aHPptiaY8Yz9BPhY3nw4LPbvNaVEYrgyfa71rmyu7EK,66,Свердловская область,316,107,1,18,36,6,76,17,13,114,789,2732,17
F9MxXtK24N9X6GpAnvPagESrcGwxGt4sbUT4w8UATqb9,60,Псковская область,212,50,2,8,21,2,48,11,6,67,511,521,9
9sWcV1jGaBE9dTbUf8EDhc8rFsbxJZwR5NSiAKXzJ787,76,Ярославская область,170,61,1,6,44,2,32,4,2,74,101,113,13
5BCDPC4b8u4auF5xjeWgTj7viqqTcYd9zDMa9hh6RajY,67,Смоленская область,485,137,2,15,43,4,71,16,13,112,703,721,13
FqYcKx9vNCcdX4qQrChRq9ufF1Hy1mTZfipG1MoV5FaY,22,Алтайский край,894,185,3,21,114,10,180,21,18,200,952,975,24
EvdfxFZxaYAhVgZR6wiVdLMQuHTC1AdJ6kzH7Dnoy3q2,44,Костромская область,117,26,0,4,9,3,37,3,2,34,467,474,5
BCNYSdkvTUGYNq8bMopbdivB2wq2t5ruA9iCriAGPZju,66,Свердловская область,314,123,1,13,88,9,81,9,10,110,989,1019,25
DpPij9chZmZjwDMUULK6PaGH2ibT6UWoSkRUvgiASKQR,44,Костромская область,76,21,0,1,17,0,28,1,2,34,457,466,9
6HMgZ1cmzR4jpRJ9o7pDTYkRBo3CyZqLwwPE4D813tfL,45,Курганская область,408,158,3,14,44,3,108,13,16,159,757,785,21
CQ1azqj8E17moLhYWt2VeGT1GRsv6CpvjpvHtGpii7hw,90,Пермский край,418,202,5,10,37,10,128,25,22,192,3701,3722,22
B5mQEGhyu8K712zztTwsPdUAcsRsGosuUG9qdXRDUbWa,18,Удмуртская Республика,676,74,5,16,23,6,120,11,10,129,2901,2918,18
3Daf8pY5QEbqgZUyM2RBrLiNndSHGiMVMPDojtkVtEJZ,60,Псковская область,467,112,6,8,50,5,91,11,8,123,388,406,19
BLmJokNxxu5WXtmVnG6HE8KzcETT4ePk3eZ2rX2ocrm3,40,Калужская область,303,52,3,2,22,5,74,11,8,69,801,810,10
68eovf8M7htLZFDBvaLy8dt8oxie1YMUJzAB58PJhshM,54,Новосибирская область,468,133,1,13,27,6,133,21,23,116,378,413,27
3ZP7S55bjEsY3BKcZG7kiQ8fSr8ehKNkjBtfZMmGZcxp,52,Нижегородская область,264,45,0,4,24,4,61,9,12,89,1878,1914,27
239aEQj9HbwawVepMW8wgTLB5MW4YzjjKAZKccmBrewm,44,Костромская область,104,30,0,3,5,3,31,2,3,31,525,538,12
DJ9ZAMDYzL7ELopX1C78AmSwQog9mniFSimcr7ody31j,49,Магаданская область,80,27,0,5,9,1,21,5,0,29,82,86,5
9Hau5J1L7t4MgQr4hkwbzMaUzD3hFULAr3VU843C8NGc,35,Вологодская область,155,70,2,4,20,1,79,9,4,81,576,598,18
6P5riYpJw26zaxAzob6TwgfUuFu1qMUGqwnZAH21ER9E,35,Вологодская область,65,24,1,2,10,0,39,5,0,36,523,533,9
EJazKwnWeMntJERZjfd8ogTWdSDc1KxsPFpxLMPmzcfe,90,Пермский край,1224,460,17,71,179,19,489,101,32,623,4401,4450,49
xXbGfn8DBSTp4PeKYQQ8H4foSvWVGfwksAGyQnmHroy,66,Свердловская область,4478,1285,47,226,656,94,1267,210,164,1881,2334,2403,70
B1uxuBzF2A5PhVBwLEo9uM8X3AQxs2Xo8gtXDbgboToS,90,Пермский край,3061,870,44,179,453,63,1095,268,79,1450,3401,3488,46
8aVDuueXbTAGSYxj694W7bhoqDXHBVQioEA93SS92zNu,66,Свердловская область,1242,280,11,34,148,17,279,56,25,328,2447,2618,22
8DEGh3R9HeyTvCG1zyAun5GpfPnMwvM2zRXkX4Lhiyng,74,Челябинская область,2865,782,44,159,876,56,799,198,65,1479,784,2437,56
Btbey8LCJVVPBQpTV7B1mUVpwpYEpYLhNMzcBFS2cCkg,74,Челябинская область,2833,994,50,137,893,72,933,305,101,1666,145,226,81
7aQkCtrxb2Se4f1RZTZQAmLXmhkvJb89y8UG1cP4GF4h,90,Пермский край,758,410,11,55,100,17,402,86,35,396,801,926,41
6AEaqqELHbmLz8GD6v2EadZWD4ujz342BhpLEUyPztm8,90,Пермский край,1095,250,11,63,155,23,337,103,35,511,3101,3124,24
w5srA2EeutpUukXNhSoMRR5LNNjrUS1x8WE5bf1nbrZ,74,Челябинская область,885,261,10,32,524,15,282,52,21,480,1950,1986,37
4Pdbq6N2Q8Yt2cDkM9zK3CUp7ja9QGbzxo5TXA6ZCaVe,54,Новосибирская область,1998,297,8,38,164,26,324,38,43,387,43,106,51
6DWXGC375iQG7uZPahaZjNU8LFnqnTXNEXzQUKEjfesa,90,Пермский край,4785,1485,57,271,684,82,1875,390,155,2230,3201,3276,72
4MQ1HGzGeuT4PL5hzAC7s8SNrxpfrZmrrrvaiTmJ8uiv,66,Свердловская область,442,94,7,9,38,4,149,20,16,118,151,184,16
Fd3xPynXufYd6VVKxW8JJtBPkgVcZmtXSzAM9gor6o89,66,Свердловская область,1568,454,10,60,230,28,385,72,42,597,55,94,39
6MiaT6am7TCMZUtDMxfDwSeGe7YrDms5e4XuNUEa3q7P,90,Пермский край,595,220,3,37,73,7,318,69,32,270,601,635,35
EyApRibjH2eBxtoxQGgt65PDqrX2hgucUXN4jtwPECNs,66,Свердловская область,1356,254,7,32,82,12,252,33,24,308,1933,2619,16
3YwFKbzQuKFd6VPsiH8A4h6pfZNve2ZRsbyT8UvTgYqT,22,Алтайский край,1216,325,8,17,105,11,284,34,37,263,1044,1067,24
6GLFZ4zeuiAVEtttAWAyHpS8cC3SC7Xvp1mpPgoybaJ2,74,Челябинская область,1547,482,17,51,523,28,428,98,32,727,2115,2417,63
9w64rAQcQLKB16ca6oauanCoR3qWwh5XBRKHkckZGPnU,74,Челябинская область,672,208,8,30,192,17,218,41,22,380,914,948,17
HEdftmAcYwExde3oZ1HHbHPmdnzMfHyPs5qxyGmNnAHi,22,Алтайский край,4196,726,33,187,507,34,947,164,103,1352,212,244,33
Hp3j8nxDToEGsUuooGVmdV76P33xKEpzTJfFG3vgn1aB,66,Свердловская область,1637,558,19,74,221,30,502,77,47,642,1109,2603,28
4YYgKYgKrGPqCMudfuyNT31DWu1PGGn5PwD6t7vHdKiW,54,Новосибирская область,4815,971,54,227,412,80,1182,182,91,1504,1425,1494,66
8tx23Tpq9Eiu8JozBHXEWXnoGVgPE2qmybHLU9EZfn8y,66,Свердловская область,622,182,7,37,114,11,176,26,23,212,649,2726,37
Hqp2tatBn4bp4o5G4gXhaHBSszEkWgTdgB5Rx7rjJZgR,66,Свердловская область,600,121,7,20,75,10,207,21,13,213,2517,2698,10
3gdSGdUP4oYfKGQ3VNk8T7A2kLKuMWULZde7MfkJXrjp,22,Алтайский край,2751,459,8,56,194,20,472,61,62,518,1549,1591,43
57KggBVcniCT7HTBdEa95kKQYFJPLYBH9hRaZh1vhC6V,90,Пермский край,325,97,1,19,45,3,122,29,11,170,1601,1635,28
Cjt1b8FT9UTAdYTYP6UHrocuD4QXmjCPZaKRUvUhxuPG,2,Республика Алтай,1278,204,6,26,45,10,358,28,26,216,151,180,30
NAbPzw22AtL1Nt8AbXD9MWF2eG7Tsf6C9uSMeQn6De7,22,Алтайский край,861,143,4,21,71,2,147,26,23,181,1696,1713,17
6FRztWwCiXBPMCSXg5FJuZ6mY6mmys6Tfg7Zp4MhVGWs,70,Томская область,302,70,2,8,40,3,70,9,7,99,414,443,29
HGVeWshTEnUs9hRPrzci7h2eUthC2SF7cDrVf67ENnoN,70,Томская область,425,131,3,14,70,6,130,16,18,193,444,473,29
D2Z1vQCJHqBcWE5KbrmZeZAbq9RNgM79hHpfQVfzSUa,50,Московская область,6703,1440,53,309,596,129,1517,362,185,1873,2966,4202,85
3C9ZXNi8ZHXHbKVYjWU1NCbLyFWW1v83JdMZh27zM7oL,50,Московская область,9975,1949,78,454,773,149,2290,414,235,2761,1259,3646,75
CAvLa2GfbHi6HD5Vpitnh5okA8xdj4yFho1AGHT2paYJ,31,Белгородская область,368,55,4,9,24,3,69,6,9,65,897,928,28
3VL1KXfBicwdpQjsj6AJ7tkb36sHJ5gUKbJzafx4RqnK,50,Московская область,2804,522,22,110,253,39,553,157,44,747,1308,4206,35
6zPMeQRsKDpynY1RUhbfnLN98WYhfG5ZxPUiTdbp4wms,61,Ростовская область,5820,1393,81,377,509,165,1755,289,168,2194,1027,2632,59
8DXR7craDXN4bbWrJG342pagdwJPKg8J7JzXGLPxoHYa,21,Чувашская Республика - Чувашия,1379,132,8,26,66,10,283,22,25,260,201,223,23
HNGrYpeFYg7u13iRzoCJJeesFoQjDVEd4BBafY7H5R8g,11,Республика Коми,585,141,1,21,53,10,425,20,16,143,344,363,20
ChbUbkb6g7DyUJwsiRtF19ZadMhZXGkFy9xo8BSJwQyt,21,Чувашская Республика - Чувашия,10163,1573,62,270,919,80,1862,271,130,2393,1901,1958,58
6yQiKkauW6iBzgKK1ohEyNFsk9ATtE7n6GoCAYuFvNas,11,Республика Коми,822,259,2,47,89,11,396,49,22,294,399,427,29
2VKT1rKQMr2i32He6cd5gV1dwZLW41Xvdjq6HXV1tRxA,11,Республика Коми,2314,702,27,136,267,42,718,198,145,809,113,150,32
HGCVurSCUKh7GXiVKeDx8wZuUy3an675Wrs6D9oQ5n8S,50,Московская область,3606,771,22,131,328,59,836,178,119,927,2684,2965,39
6sMW99GyndzvwRaGLZDii2gcMB9BAQ7t4mc11VeYADVx,93,Республика Крым,1910,349,16,75,183,40,447,56,77,550,423,468,46
8DerGXytmjxAnodvkNQCztHQkmEwvRvVPDBNsZhNMukx,21,Чувашская Республика - Чувашия,3689,433,20,83,279,43,843,95,79,777,1701,1761,57
5hWwjsib7sVsY3NFkksQvG5HiuGG8nRRSL3j7z4pNrsm,60,Псковская область,297,52,4,6,25,7,74,9,9,63,192,205,14
62RUdzE9BL7zwm8ekxiBBx4Phby1NnGne4puP8QSMfcj,11,Республика Коми,3742,1287,41,265,388,71,1426,314,140,1400,285,339,55
F1XKamdhXp6N419qfJMWeBaTZfNGxRCtGkw8jjfMFqtz,31,Белгородская область,842,153,6,16,51,13,165,19,26,166,413,445,29
67qTTe88taRCZhYkhy177v2wFdLhWTQ9jPHhohfusyz9,52,Нижегородская область,2866,685,28,152,388,85,821,140,51,936,242,2649,49
3JF9B6QRHAK6vAWtYaJhmJmev5535qUQ9mqgSyBtyGa4,76,Ярославская область,1600,366,8,88,207,18,382,65,26,604,2301,2343,21
42f22MtUVByauMENVEX5UNvKJH26gSnmPrDu5B5H7aGy,50,Московская область,2578,447,18,123,168,32,419,83,41,547,1133,4220,20
9SXLZTdwTbetee4zBUtiFT4CZeoYnEv8eHimrgeLoRQj,61,Ростовская область,702,159,5,21,55,21,222,31,26,157,1618,1639,22
GPrTW7oqW3wtn1aAd6jXjjMCb1PZFyKLE97s5GHqHtH1,50,Московская область,2314,478,25,127,282,58,544,137,70,764,464,491,28
3NxJtUPG2hNTPcdg5EqLJYgUmz8MkgdEgA6mc56YaJ5K,40,Калужская область,1206,324,12,63,146,28,316,56,18,468,301,335,35
FhWZmYtabzqyCxhjXdosfU7e4bKN7dAWwYyAMnLQ8kLY,33,Владимирская область,1196,300,9,58,122,20,312,55,20,359,150,206,51
DQATszGzvdRdERoTVsCp6V96NwYZc1u3utXqaxLbfAAf,18,Удмуртская Республика,1424,218,7,35,77,3,274,30,20,320,3301,3330,30
HuScNZiM2oGG6iSRd4vnU6eXjqkSVPJ8wdEy8Mgf94m5,83,Ненецкий автономный округ,945,259,5,19,83,17,312,23,11,180,1,39,39
2cjMn6i6hEv5ctGdR6VFBjZrHgD7pm6SgQAKb2EjjvPT,76,Ярославская область,845,244,3,41,246,16,213,40,18,317,1601,1647,46
3X8BhgGmZF7i4tXrYL9mG3PsSzcpmzUR9btYpDS9iyMR,39,Калининградская область,772,146,9,25,59,15,149,21,15,194,514,521,8
7nG6hLnCQ9LtFoaXHbMzJ2rWshebEWZNCeWzQ2rNNStM,93,Республика Крым,1103,227,7,55,50,16,179,25,17,262,691,755,65
3CWXyaP77qK4ksjyC5kkWypjzVTQMa9M6URVyppqXdSn,35,Вологодская область,255,105,2,12,33,3,144,11,13,127,534,575,35
8mdYXJR2cRtVZwBxkvMta28qWHMecXP5Ay2VbvhHzwyn,35,Вологодская область,5053,1985,61,369,806,104,2338,462,220,2785,247,996,128
Bkaw3dSMNzmnFGzWFFD9gY1JjqYbgFN2AKVtNJYadc7L,11,Республика Коми,477,172,1,25,39,7,166,42,17,205,153,163,11
8gd9FJrW8yMoMv6m319jMt8Xo9Vt6vgZMYph1wQUnQVx,44,Костромская область,403,82,0,11,32,5,90,9,4,134,54,58,5
5yBBUWwokafJLRq4ZVujnaqPFdTiogcdEALaxWeVJU2i,53,Новгородская область,721,144,3,14,49,9,118,39,17,185,801,818,18
5Rkg2sgRjdn8WKwkSaCgoPc6kwzxhyrJQB9Kje5AjfPH,52,Нижегородская область,568,97,2,17,59,6,159,20,12,120,2104,2130,19
DogwWWr4m3xhsqX1etBR13JSWKk3mqVbaEiBZufLbjHS,60,Псковская область,445,71,1,11,31,6,58,7,5,86,472,490,18
hk5b4SNKB3rY34LM753M68epNUofG4mDQi3adtBK5N3,33,Владимирская область,709,228,5,39,63,6,182,24,15,208,255,294,39
2XFuf2tJN6KtAjrmU1gUCbsMfzPkisugsJxtvsEZBzd3,18,Удмуртская Республика,1304,104,3,23,40,4,147,12,21,180,1001,1027,27
58ULhVosyeALZqkAexXeDivJ1N8EXf5FFXGkv4iB1FGt,93,Республика Крым,1207,165,9,60,63,8,221,36,30,291,904,946,43
8eFmVZscExDg87tdDGDW9DDsgDxbrhbiCNe4aHcM7s52,50,Московская область,200,23,1,6,13,2,26,6,4,45,1640,1640,1
BHVXhsnD7Y6wXhCQitGroUS1L8nzhwSL633zWUdNxbi4,11,Республика Коми,968,269,4,31,66,8,337,44,29,238,365,384,18
2BvUJ3yKHoWF6kajydYbVNPjEBYj2zmr2gUd6rAMuMM2,40,Калужская область,680,148,6,28,44,7,155,26,13,250,2701,2715,15
9BCRPoLScxHHFpY8LAu8A9m8TJpSYks1N3oAyG192eMh,76,Ярославская область,246,100,0,14,56,2,60,15,5,70,701,717,17
4Rs1LigTUQagUpTJQVXbNRcZdpEevMsuJQNAf8hYTLEJ,53,Новгородская область,213,25,1,6,12,2,18,3,1,28,1601,1610,10
9Aqq3iPwpJHVLEYZex6s5oj6WMzbeT3yBJeHoj2yB1ot,52,Нижегородская область,168,60,2,10,21,4,63,12,5,70,1841,1870,27
8uk9KeKze8nj9YQRP1gQXWiGD17JnNyPJD9Jndee1AkZ,39,Калининградская область,360,92,1,9,33,4,70,13,6,112,431,446,16
Eu1ydjqosDEkVECKcGddc2mqxzwqaKx2reVq8BwxkK5E,39,Калининградская область,413,88,6,12,44,8,75,14,11,92,543,561,19
ANVqCoi9jwLKjd9A4Jb6teGWXZzNPANeMtBSMPy5Hyqc,48,Липецкая область,754,214,1,35,60,11,184,40,19,209,801,831,31
8MRKjFw4hfXpKsZVqW9KWk75c8c9DYo57fu1Ru1SDW1s,52,Нижегородская область,261,67,3,7,29,4,80,7,8,95,479,508,23
FpKRXok4PRLVmjebSS2AT4qDcEmEmNZQpx4UeZnhee41,35,Вологодская область,148,42,0,8,26,4,81,13,4,91,656,676,20
4ogT7ZQ6kcFwm1wDBiLVrAprRSPYmrS9x8AAZYrmbgdM,44,Костромская область,267,75,0,14,28,10,85,18,13,97,501,524,15
A5ZHfVTSSixje1VvLPh77GKc2tmQoZgHiiUsYpiGTrX8,10,Республика Карелия,117,35,0,1,80,2,31,4,7,48,212,219,8
FtMvV7epxqAUmMtesTs9noxNkNQfVzJxkbay6XcxdxVh,44,Костромская область,74,13,0,0,5,0,19,2,1,22,447,456,5
8n82abSHJETheimkWkXDUwC2AN6bgQiGkWdiawpMJozq,54,Новосибирская область,2643,503,32,121,348,51,780,116,69,997,1897,2055,37
92Z3YFWZnhLfPJLrmTE33494vkfZJk1RfKmjETTqg8qH,54,Новосибирская область,10007,2084,78,492,888,174,2688,422,205,3104,1709,2037,101
FJT56KLwJDPRGEUQaYJVngRwkFCGavQS5q7e9oA7ZLoB,54,Новосибирская область,4672,897,57,308,449,117,1260,233,86,1993,1516,1580,58
GW55vspdGZFYnnHquM2UhKMtjnjXTP2keAUs5TUCWJPE,70,Томская область,306,85,3,8,56,4,75,8,7,116,374,397,21
EYby58UqdxMAzcYPwUwFsUK5KHnpaDpPYv5ppX226g6w,54,Новосибирская область,187,44,0,6,18,1,56,6,7,66,1108,1143,20
8t4dKACHTpNS3SyPT5SncHwnPUQpCfunJUT3oobnhiFA,22,Алтайский край,579,113,1,12,31,4,105,9,10,158,1316,1324,9
BUHEWqPNH1D2rcTXXcZkQmVPp3ycrMABwbTbmR9dW7y4,70,Томская область,455,83,1,10,49,7,117,11,11,119,474,504,31
CKPx1cBBtQxwysGF3ZtyGabXRSLVCJj6y7MqVtT65DuU,54,Новосибирская область,383,100,5,7,35,8,97,10,16,122,1076,1107,21
8ATGiYr9BL5MPjUayvJiubrWkz3inpitDADWHVEubVWn,22,Алтайский край,215,48,4,3,24,0,42,7,8,61,1524,1529,6
7JJfPCPuDcNBAYipeWhGg1SQb42z5z3rgkeKW88edFEs,93,Республика Крым,2926,352,26,131,190,40,416,70,47,641,271,310,40
7N1ftRrg3VJt4i5aDGotErjSL3Ad5EAdmxGuSnpnHd73,66,Свердловская область,10139,2280,141,611,1486,156,2868,445,281,3991,1699,1776,78
3U93Xk2xkYGcXj9aL9AGPiMDHXKEFwLN9YmYfJbMgZng,18,Удмуртская Республика,3289,667,18,145,313,24,708,93,51,1031,1706,1758,29
35zgeo7dCZGevY9y86uTbyB13psPU2bRvdj51bBdb1ot,60,Псковская область,905,296,6,32,142,15,183,25,25,204,546,574,24
9pETYsHqxcMXypWg3PzXGrTA5kYk8yyD3YhqsrA9tXbm,29,Архангельская область,614,204,7,26,67,7,160,54,19,231,543,549,7
6i2EcxFr2Hss7qr5ycF1fNEHAwT9w5zXd9T62qvzH9by,40,Калужская область,1458,378,13,58,149,21,352,61,39,446,1501,1528,28
E4hJLGQQFoKe6rs7uwunWCfCyzBQaf9BEPTris7AiZNF,48,Липецкая область,1398,393,13,82,161,23,468,67,39,491,1501,1540,40
49Y9kV7MziC8WA4Nw5XLR7NUhnuVDWNc5g9TLXmdbQYB,50,Московская область,3172,603,33,157,432,68,766,172,87,878,609,3760,49
2QmNtHWtd8GpZ64UzeV8ucCyF6NXGZwCQPD9AWxXgM7j,61,Ростовская область,984,191,8,27,67,9,198,24,30,183,2581,2617,21
GJDb6seD3YxnzmpGhWkzdkjy9R4jiwzZdYSv968G3zKS,11,Республика Коми,659,290,5,41,95,18,297,66,27,284,165,186,17
D86ynXJ9BZpp88bpTRMK9s7ei1LFDj8Z6epD3BWEG2GH,31,Белгородская область,1022,188,5,24,70,13,186,38,27,253,1062,1104,41
BV9xYKAUBQhpKL5SXQPBTbpssYg7wDCRnY5unDoRj7wj,33,Владимирская область,1016,302,7,39,129,21,274,44,24,365,211,249,36
57b3nFEBfy6X3peQn4uoRSoud3aeLwSe9KsThYAD3po5,11,Республика Коми,1491,619,11,80,178,36,545,100,49,468,188,225,38
EnzoTmwmRCUpV1qokXm3E1PsgCdJ1u5qhoTgohRagmKa,66,Свердловская область,10176,2267,109,565,1514,167,2640,486,266,3707,1599,2625,83
7jcoEA632cC3S3ieoY7cbGGyWWDyPg5nkurCA7A62HLZ,12,Республика Марий Эл,746,89,1,13,30,4,279,8,27,134,413,431,19
9dc8MpUgyim5fC3Jj3MaE6tQRbdep4PtnWPb4NN7arKj,50,Московская область,6988,1363,70,335,923,146,1707,408,195,2277,2499,4036,102
8LoihWzwCvW43XpdK1jWmLTsDmd5CXgg7KpcgL9c8coU,21,Чувашская Республика - Чувашия,1518,112,4,13,77,7,167,16,22,194,2401,2430,30
ivspCd6GpGeNMAduXHyEa5sMZvwtFJkeutbFwPSXZZx,52,Нижегородская область,3249,738,32,152,388,68,962,136,74,1072,2246,2305,60
GNSVhay96a2rq2AkHCPJQEfhf5ZNhviLuesV9LjAei5W,50,Московская область,13844,2633,141,693,1358,244,2804,718,308,4140,1641,4211,101
DxJHheGzTTmbJAMNaADzXrGztjR7A8rxwgAhFLHpM7qE,61,Ростовская область,1086,162,5,27,44,10,172,25,22,162,2354,2379,26
mftoLURwGcZCUset3GLSucLdjXgUQG6sevVKZRGdnEt,40,Калужская область,1003,244,5,39,126,23,223,53,26,355,701,734,34
AnSx2bPHwqAq4Aq323ipZ8gU6R6W2SQHHP3x2RKM4JKk,29,Архангельская область,2399,727,29,116,288,25,640,253,44,869,88,125,30
KTedtjAzHsD33pjUWAiEijotaVYfXTzGWzamF3ChBJn,52,Нижегородская область,2090,440,21,72,207,34,598,94,45,679,692,745,54
BujEHvFwJfEi5871wb9pfA4fcvpxfxiCfcBqzXdVCwoD,93,Республика Крым,627,89,5,21,23,6,107,13,9,134,951,979,29
AN1doPivSc8maBUHCLWHEonkkwWR2zqkL4wrD6uz9Gpb,93,Республика Крым,3401,418,36,163,195,57,516,93,49,844,224,270,47
XNbRQwUf1B7LgEcJAJDadvNfT6Lo4xhocXS5jQV4AL1,12,Республика Марий Эл,1399,197,8,32,87,8,418,24,39,243,147,162,16
6ZFazamtgxdnpg4mXaiECeM7FwVToBd3bZEFdkA4cTR7,18,Удмуртская Республика,1665,263,7,36,81,10,295,31,24,395,3001,3042,39
G3vrsKPtmdwZkgmbfRfLTvNkMuuwuQdyi29y4RfEFGFM,74,Челябинская область,1943,951,31,81,514,40,800,202,58,1108,1241,2227,30
4kAXdwhuxLB8QaAqbPkAsJ6zFqS71XiUXgZZ18juWALo,61,Ростовская область,2615,605,34,160,234,78,682,119,78,932,1592,1773,34
3iCc3N4aMbDTrFhbazcSnDUZe5Tgbvz9dFv71YjLUXjH,50,Московская область,3216,530,17,106,237,40,579,148,67,658,3033,4222,54
GyxDMkGyUPL1m9nWR1QDvbSLJaRyM7WNQSZenYG2AKhC,66,Свердловская область,348,102,4,15,68,7,92,15,6,149,2581,2586,6
HdWSfm3iLwnxkedxoTtggCCjjKacK824jQHkKfYnHSGB,76,Ярославская область,257,62,3,10,44,5,70,7,9,103,1201,1226,25
2zEvTWbWFRsNtP6bAVZoSo5ovWFGX5UU4BtPmZGxDqJL,33,Владимирская область,694,182,10,34,80,13,258,25,19,293,72,1040,33
855Urco7BUTT8m8gCnNSdwWsuvwZDBVz67vicGD6LhGc,21,Чувашская Республика - Чувашия,1844,168,11,21,157,9,368,20,27,294,1101,1119,19
9d4BYk38Yo8UpZ6kkQLXzC9Rg1pu9NK9NXqtbWYhEnpC,74,Челябинская область,650,190,6,30,462,12,196,27,14,302,1817,1847,31
33hHinFB1cc7PRTvxoviBQEgWNAVajr4itAxfenCaYHo,74,Челябинская область,404,141,2,17,75,7,101,20,19,211,1750,2387,36
4wAcbm8djZuCPteQxNM6KMYLHscVSbQXsiQy61ibeyG6,35,Вологодская область,558,193,3,22,114,10,236,51,22,324,599,635,33
4pb1bsqz8ADbUaFEHNtgcmTqPvUt1h6MHsuQvaojwscy,61,Ростовская область,564,77,2,13,32,11,76,11,17,89,368,404,29
93qiEo3qpFd5x1tJarJo6WVPye4tcaPsX3ZfZbHH3E6v,33,Владимирская область,514,124,5,19,40,6,111,14,9,138,655,1098,32
7APoecK93QHgMJjNxM79u1szcBM8XdWafRPFoTKYtY89,66,Свердловская область,589,223,6,19,121,9,170,30,19,245,602,2630,17
7sqkACgUk6q8zDQunBzvqNqvDsJZANxZ45cArxhZizMB,90,Пермский край,3705,1165,45,209,573,74,1319,289,120,1868,2901,2962,62
FJ2kbjYGD13jc3YRhys8bEQsT8LxQNAjsUHBWMucthkq,90,Пермский край,332,99,1,10,35,6,97,20,10,168,4101,4118,17
71urvKfErMxLa6wQBB2erf1wRfbasTiGyBwmXQ9Z3bb9,61,Ростовская область,440,82,3,12,10,7,75,8,11,72,1176,1202,21
3xEQjsYPDrWShv6V5Uc432okyxJc4fH91Xz2CFjHJ2jF,60,Псковская область,232,27,1,8,7,1,24,11,4,31,605,615,9
GPUEYPLLtV6Cw5sPEN3UeodJLr6gQBBGYu9LeZgD2c5F,67,Смоленская область,310,56,4,3,19,1,37,7,2,39,100,796,7
7xSGmXkpxqDYvbzEseuBCVcWbhg27vPj6usfvu3X11AQ,67,Смоленская область,454,62,1,9,46,2,51,11,9,94,684,702,14
32f3NjkSAmoPQazV3RS9zaNeQZzHbWcwJZeKQZGoEoVq,74,Челябинская область,379,138,7,9,73,7,122,20,9,191,348,403,43
6d9XbJ3DeYeWtnaeyjwDEupSn1FRENNbuYaKaN1U3Sn4,50,Московская область,45,17,1,0,4,3,25,3,0,20,211,211,1
7LgudGpcmr66m9wt8Ho7jTnx5A8qhXWvEUiY2Kunki6E,74,Челябинская область,568,160,3,23,138,17,160,25,14,282,976,2307,36
2joLTeUtETSBzSPZozNtGsrfGf7MUjuupwiVxuGeD5D6,45,Курганская область,163,70,2,4,28,6,40,7,4,58,30,65,25
HhQ6GaKywty9Dpxd1ZGEaYnGxWZD6XZi3SCyUQboAPm5,45,Курганская область,258,85,2,12,36,4,97,7,9,136,384,412,23
4XYTHHmZho39fSMiYFoEfAakA4mo68DZVrAzbGT6LbHN,39,Калининградская область,2951,513,38,83,205,32,464,74,38,749,83,634,38
FW4FyAKNJ5dHJ8WFGNGEFjMPun1ZFAbWrK2viSF2iJWj,39,Калининградская область,6023,1269,60,221,546,80,1244,181,134,1771,253,325,69
7ENBmnzDEr2WusBai4cM8KJMGuJ2NuEppsxe77KyXWW9,40,Калужская область,4807,969,38,270,795,100,1050,241,84,1542,1001,1052,52
4jbqqtpchrFSsvQ3uwysfuHsa8USJo6FVHny3qtmJiPs,52,Нижегородская область,1607,490,15,85,218,27,516,73,43,650,797,843,47
G8oWjiegAvw1YbhAEFH2KEk5TvrkNPSr4dToydRDxnuZ,76,Ярославская область,3883,823,28,225,577,37,944,145,74,1421,1801,1846,46
E9CMdCP6kojEGDKXuSSZ9uL3z1QhDxGGtBSacLq5BGQA,18,Удмуртская Республика,2941,543,17,136,235,30,683,84,52,945,601,647,47
4fP7zfarrKbyeoYUtr8CuSbxD22Cc9aqxoSnsDg6NYNn,12,Республика Марий Эл,1931,207,10,42,87,12,958,46,66,290,227,272,41
6kqQb68XsuKKyVdwgZLsTPbtfqjqU1YVZAR6ns2stw1t,61,Ростовская область,920,189,3,22,65,16,209,34,35,240,1597,1617,17
5qK8VZKCHZJhPtbvxy7DAAb8F7TXJNonmjEYR73kmTmX,50,Московская область,7060,1223,43,291,494,105,1457,339,145,1698,729,4221,65
YKme9FboxNQqfUDE8N6oED8vHF4E7QgX4HSsXfDyHqB,67,Смоленская область,2880,623,11,111,263,52,625,103,74,836,430,473,36
1L1Cgw4U8g86PppyL7UPFoLC26pX6ekkqDfLAfFsc4a,66,Свердловская область,5786,1188,36,211,638,81,1345,209,127,2343,1844,1913,70
6p7QuVC6rhVPgiprrKD4Qx6edWxWDHDaJoYRugKeJK2F,52,Нижегородская область,2972,633,36,132,363,56,850,116,58,1019,2177,2245,59
9qFEmRSjE7saSBJrxThMwSTfwSuiU7nzvHrNWLQfz7Ws,21,Чувашская Республика - Чувашия,7157,1231,62,296,1266,93,1902,296,153,2261,1301,1352,52
2ogneohL6tGkLt4mHw448SCS2E6Y1H56pXomoU3zcSzk,67,Смоленская область,4740,868,29,202,432,88,953,213,103,1551,474,519,41
9cxcxG1MWsxautVnm9TLiufEHXSvnijm2pmsBXkS5AdB,35,Вологодская область,264,143,7,15,65,7,242,28,29,157,371,409,29
FAXgRwYp4cdAdhHeN9FP3aPeJYocKEEf7Fg28DdHv5a1,33,Владимирская область,1682,449,13,61,125,21,427,72,48,533,759,1086,69
9iMYCdotvGu2DbC1wRmrS59tNe5kw1uzwEVtX4ygKofT,21,Чувашская Республика - Чувашия,2137,286,18,66,246,25,461,68,55,611,1601,1634,34
6k7zoZGVH1Msa3c5CWyJDf4Jny7xmhYVXDtymoqYM9uf,93,Республика Крым,693,96,4,23,46,12,120,21,15,176,193,204,12
6qYYWYorvNTbLoQdpuBtAHAcZda3upoV98btrmDGPHAm,50,Московская область,4625,1360,37,218,513,108,1326,281,169,1503,130,3690,83
DD6R1LxH5LBqpPGBbYqZv5z77gy8HUEf7J1TkT4mXgBR,44,Костромская область,518,237,4,23,53,13,224,22,11,267,576,591,15
32j7HzkMDfTWHiz7xAsRWyjX8kAPmSNWMhCywTb6vpdK,18,Удмуртская Республика,6563,1313,52,348,614,77,1527,224,144,2194,501,551,51
2j61qNfyvf9gbFJnkgLVFmpQvqjWDW5UmyLJjHcAR7UR,74,Челябинская область,2412,805,36,87,1761,50,656,154,62,1318,1888,2438,66
9HgLtoLbLiAF4T7Ke23ALHimia78b4tgZ7Ar8p8N3nfZ,22,Алтайский край,1185,254,9,28,186,10,305,33,50,309,1864,1897,34
5T23FxMQKJNpU6tjBX5ipDSZ8pTiwnkjH8hjSomDzpZn,52,Нижегородская область,3163,795,30,140,451,82,995,168,88,1179,1166,1239,67
CDV3vWyvsvakvy6QDc3xCyJVSJRU6F5AGuKguy9TtBvj,76,Ярославская область,2118,411,17,143,254,34,513,115,28,805,2101,2127,27
P3herruHMNxivh6EZkKjEcEneg6NdAymst35b2oWktM,76,Ярославская область,2446,460,14,138,410,38,531,91,27,856,2001,2025,25
85knp8TzeMn8Ea4jFyoocUWwMxoQszW5i5L29vh1sde,53,Новгородская область,140,29,1,6,15,3,29,8,3,47,101,110,10
HuzV8sgEaJaXVsQ8QeK2j9fUJPzimbitKp7P7v9AzVUA,66,Свердловская область,6297,1377,74,389,915,135,1765,335,218,2827,1242,1307,54
FAq8vrie4e6acgaUrkynYo5EEHkfzvBUAMpcvDTe2oHJ,11,Республика Коми,1851,523,12,104,179,22,556,142,60,648,255,282,28
4Jn23vSakGGwzTPGtcjzCJ92g9r1brH6ejSFjXSN6RNy,35,Вологодская область,252,78,0,7,34,5,104,13,4,89,758,778,18
FaHzrGDihaM6pMkgSkgNwSiyvm54JrAuBw7Y3LAz1wLL,18,Удмуртская Республика,276,46,1,3,7,1,46,2,5,46,1501,1520,20
3E62mXwq4eUaSvALy83Demx5wLfnbdnMSCHBXQr1iRwT,54,Новосибирская область,301,71,1,8,15,9,89,11,8,125,674,706,26
Fs922eW1FKBK1A2vVcebHhy2SZVhymPYNSMAoAsaXqGm,61,Ростовская область,903,160,5,19,65,17,205,26,18,200,2321,2353,32
6yT5mJMGKnz2qS95wFsAFvQ1zVED53dqaHpPeohU9vuh,61,Ростовская область,1521,404,8,38,88,129,257,43,40,319,1203,1247,41
A9dGmKV8stdQUP2yShyzNz94nuNcL9P6yEznz1RdBVAh,29,Архангельская область,829,328,8,40,108,6,213,123,25,296,2,20,18
9r1njhKKxwzPDDauPCRhd46gon2BUrU2rEeEfD6R3cMW,22,Алтайский край,906,143,8,10,69,7,163,14,21,150,1374,1394,21
GjELwmFYTQj4X9CZbPFWoqszKAKFMhnDmt9u6dn4DZGW,61,Ростовская область,1987,341,33,123,180,60,494,90,52,736,1799,1823,23
C2XwNa9YTJUvpEM8zWpD6W5c7XUYsdn4D7ZkZUrTZDne,44,Костромская область,147,46,2,4,19,1,54,4,4,77,396,411,13
DGGxNWZPbFqgtyxBr6fnVrqYDvVYQAGAiYLPvaJ7UJVj,50,Московская область,468,123,3,17,41,13,108,25,11,140,2581,2635,8
4xEWPycenSLoZdaN9FqgPEmm3TxCttpaSVRB1s7XQgUr,11,Республика Коми,981,304,9,65,138,19,400,56,28,341,461,479,19
DwS2R6pWHfkKyMBVQLxe9mLycxf9nvGHesVPiEVuZ3yS,22,Алтайский край,493,159,3,12,46,4,136,17,17,191,1467,1482,16
gTVNJ8h7TN4P5oziEY3ywHiMgooiD11rarm6GqTs4Pw,90,Пермский край,1128,567,8,63,182,11,509,99,46,569,1001,1043,43
49Gmy5BxBG9vgK9AKUEFG35mbuW8ozKmSnsMn1NNQzYQ,61,Ростовская область,1599,287,27,131,178,44,443,75,50,597,1774,1797,20
CABPBgYRjSGHCn1aySR2cSH4KFN1FaKSXG1Qz4TjAZt3,22,Алтайский край,712,166,3,18,84,7,178,24,29,185,977,1002,25
29NgRf28cPvo9NShCAP7jH4YNVGr9N2ESLvuZ5LhpTw3,66,Свердловская область,5067,1087,68,267,731,77,1203,178,124,2091,2634,2773,31
Ft6mPZcpj91AwYsaHKQ5iUwqi2Hu6ahuPgYhZEWf9xDu,33,Владимирская область,2778,715,34,208,318,58,852,137,65,1017,402,447,46
FqPPDpLoAJanyZisXFZW8qCBEFeTxvGQvg61wQFPoXox,67,Смоленская область,1170,145,4,18,55,9,126,30,13,135,658,673,12
EXfh5HjMQKso9jL4rBmQzt56WzCgn74Gh6dWuTG5AipP,10,Республика Карелия,464,186,7,36,181,14,187,25,16,316,516,545,29
2VD7SnLTJaUpvLsWXTHF5x9MkQD89enSPA8EVY1o7cVf,18,Удмуртская Республика,1445,300,8,35,129,18,345,29,42,408,1101,1141,38
4NpbhCBMAhzbtBzW1NHkvhgZ2Pn1HjF8NfEawK8RHSFz,10,Республика Карелия,264,107,1,15,92,3,102,11,4,112,161,175,15
TRmDPxLXVrs721cBrEhCpHNhVyMrHXWbs2UYMvdHWss,74,Челябинская область,1170,468,11,42,369,20,455,87,68,717,310,347,38
3mirDZMMQrkdtszmyVsrMU2VU2EB479jLAHMHybnpJYC,66,Свердловская область,1054,247,12,45,193,14,304,31,33,429,210,243,33
FVJpNN7fyF7fkxDjRuo6V2asKDdQsvjBhjZk2DLtHU3H,40,Калужская область,298,61,2,11,19,6,91,17,11,112,1801,1818,18
HocMmH2wqKJy5ioSih2y2aHdQzZskeEPsnC4vFfWHHgP,52,Нижегородская область,748,248,4,26,105,22,216,41,18,241,576,602,27
VGcC2harTtbbA9PPCVQ4nkPsyPta9d5TEVVYPgaqShK,70,Томская область,5684,939,28,185,807,55,1181,139,118,1790,604,696,82
5jshk7sMRdN7umGD9d3xgaJtdhpYf8WLWeBepkEEdvbg,40,Калужская область,314,76,3,18,38,6,62,15,6,97,2401,2416,16
3tK3tTtt38EcUxubHM6ZSxpgiBLr7F4PcRUGhBYqSbsp,60,Псковская область,422,86,1,13,42,5,130,19,13,105,278,295,15
5BbYNW8GoSXUgNnVtZL9F5PinzLtCLopif2qYzDgNw7P,54,Новосибирская область,2632,464,39,141,420,60,915,101,61,942,1929,1980,48
7aA428gUC9SCAk2jLouZP9xks4kNffpwu8px2Z2aLc5v,29,Архангельская область,445,166,4,21,64,5,150,19,19,158,301,342,23
78CMQyUGEyExoBxtP5f4pei4icnc6BkXeF3XebVEDKnM,67,Смоленская область,413,65,1,9,21,4,46,8,11,67,675,683,5
8KYS7swEN1RUoRPJeHzqoVD697yGh7nue4DHk1kKVUKx,2,Республика Алтай,847,179,2,32,63,9,184,13,21,142,97,113,17
BA3tN9E8k4avvjkpMJRtGKQdeyjacsLqi1vu1L7vLsjv,54,Новосибирская область,1399,352,21,59,141,47,361,69,34,461,810,2085,24
oAQXjo88dUaafnMa5ZiX9Knpsachv5gNNzAzxbAfAcB,66,Свердловская область,154,55,0,7,30,1,52,11,8,70,2575,2579,5
FLPjmjWZJfaCAhsSMdiWzZsjzSzdv6P2Kngy6DBLRav3,44,Костромская область,201,63,1,10,18,1,54,8,2,103,421,446,14
2w5126wmc7PN3Bb9VQDMGHuNCu3G8hq9iFVN5oWpt92E,74,Челябинская область,240,118,7,6,112,7,101,26,13,165,1786,2391,26
HXn6vfrGdT2Fyoc6SJmhxBhswAbrubw82RFGHEdNa59j,22,Алтайский край,408,74,0,9,29,9,110,27,16,126,1506,1521,15
CmdEMei4nPyBA53j1jNW7T463TKUH3yD4MLSjMjWqxK7,44,Костромская область,91,19,1,4,4,0,26,0,4,39,475,484,6
9a6Xbp91PCvRoxfPw922mMa7UvTkNShpoGXhCkDdkRWJ,40,Калужская область,198,48,0,13,19,2,45,10,2,63,201,209,9
DBhmBVWosbHNhGLSh5jbejiKLh5AJtDXZVuZKY7KHbM8,66,Свердловская область,371,89,0,19,67,6,90,13,10,108,187,208,19
Ao3iJgCgox21qbj3dRgWMi7QFc3Ni7XernQVTGYkqnPM,51,Мурманская область,118,30,0,5,27,2,33,9,6,36,407,411,5
Fo6seJzAajiJuTGBBJqsivfUNDBKjNw9DaNuZthAG71M,45,Курганская область,146,41,2,5,15,1,51,11,2,61,137,151,12
G5P9WoDWGd2xY1CZ4vQRaMFC2Q6sbudtAJgAKSZNcQUS,45,Курганская область,79,44,0,1,5,0,38,6,6,52,1,29,19
Bv13FbjoJGoZo7jcPMkDNoAb1QVEwzm8D3QiARKEEVMz,39,Калининградская область,461,93,3,19,34,4,88,12,13,108,101,636,8
CjqQGaApGfk4ELqUKJUzxmYTjUuuvzHxeQfTwR6XhZZd,22,Алтайский край,581,104,2,8,21,4,132,7,15,94,713,722,10
2rii2JXstuydjP2B7ghkytwceEHf3DGM6UrhLhRkXzQe,22,Алтайский край,401,70,1,7,35,2,128,8,19,95,1073,1087,15
CoxvNbXCqL9jTD8S3LWMCHYugdXLda8yk9QqGEr1DvmE,54,Новосибирская область,229,75,1,4,10,2,58,7,6,92,893,911,16
4dUHyLryWWMEKjmPNofiJWHUbwaBfgaQnX1A85Ckxp47,93,Республика Крым,5110,610,43,228,338,90,770,123,76,1145,321,380,60
8giYqczqe9wJeRZZmQ75i7qocswb7JUuuvX7zWnejRNn,21,Чувашская Республика - Чувашия,2386,295,19,56,191,17,357,52,32,453,401,435,35
EP4j6uXY2VeQHL1x9naq8PfoZgFVQsVcXNM2vXr4Zk1c,61,Ростовская область,942,163,3,28,60,14,178,23,26,194,734,773,33
6BRMgKNVHD2ckTNuTqx781dmfoABWkLkNsTvxXrx7Lin,50,Московская область,11046,1763,65,425,1459,159,2064,432,208,2930,2722,4069,152
GxLpzcqo27N9jVDbVDMd9HzJBQezKGcs1RpXzBFXaNSP,90,Пермский край,354,140,3,17,40,10,226,24,17,193,101,122,22
79qb6MKrJPfEJrP8eo3iDsP9MvfotKsfeMLWbaNHmxvo,31,Белгородская область,8587,2176,81,326,1069,270,2363,523,291,2848,706,1265,136
Bm6sTHRdSzJKLrryDxWu84uY7P2i4JENJY6htXr9eXTE,50,Московская область,10605,1624,80,428,865,179,1988,447,193,2939,2934,4140,118
Cv7fGRySAJrUZFXNNwEpvzv6Ef63H9Bs149XBY5wDNUN,12,Республика Марий Эл,996,102,1,12,37,0,205,18,29,96,290,307,18
HzExRfH4TKAK1YqGZp498LGRCK7v5ynLcXU8fL1SXVNg,66,Свердловская область,636,149,4,14,71,9,115,14,12,224,1022,1046,23
BygFNpEyYJPFRXdrjKwTQHgbPbpc3YU4rycjnEKm7uig,50,Московская область,3735,627,20,107,238,39,706,122,92,796,1577,1639,63
9mvnwNUgcf2oSw5xE7bkvRA18WcXe5qeLE9ToBg3Wf9E,31,Белгородская область,949,317,9,34,132,22,303,51,42,339,867,1235,30
7DuJoo8yous5nEwWzmog6qM96rzR6rh9zkMDftnxK8U1,12,Республика Марий Эл,7601,1256,47,280,602,66,3306,319,215,1857,62,526,56
FV7z5WuoMaixZ3ASrL5QD6zvfLfygmLpWQye9bvkkLSj,90,Пермский край,1070,434,18,51,141,25,421,70,44,563,2701,2765,29
4WfqeThJASDLdmyKysZoVKcniShksYrFzN4BFVsxGQd3,50,Московская область,5663,1204,47,258,494,100,1366,266,154,1579,379,3747,101
2AsHFJwXu7dHt7WXsXLV8cMXBoGYG6NfxMFU3XKthKan,29,Архангельская область,621,251,9,27,126,8,190,93,21,258,747,782,13
8Avq5kf588verZVP5wjAar3pGsA7nQKXyh74WfzSC8kx,66,Свердловская область,4973,1239,58,295,817,93,1405,216,140,2196,694,1377,49
72s6uCYujAft3LPFH3TiEce3MHsjHRxc7fGikX4dVba8,61,Ростовская область,1143,232,8,30,74,94,266,33,31,289,2404,2434,30
HM7kUvwUr9sAPE3H1Rcg7KEKhbTNmmC6ToNMcBnJmoue,39,Калининградская область,805,209,7,32,60,7,158,18,19,218,123,143,21
BrBwA6t4ogBSYV8Y7kQf4bcFyuWzeQPmFBpDeRL2XcYH,22,Алтайский край,6870,1407,54,274,694,81,1497,230,156,2147,56,102,47
G1bK69N5QFZz1MnWhmMRYKo2DVqvHVMxKZh2bLeyV8eT,60,Псковская область,532,174,8,21,83,8,180,23,17,173,422,451,27
22QBGg9hnYDtr8ri9HS1BV8xYWY5PWgAg2hRTpZUWoL4,48,Липецкая область,4614,930,27,217,473,73,1274,174,126,1452,2501,2530,30
CeH4zyHBRoxuTXZLhZTzC3ajnVk8jqrcswx84cs1YVV7,45,Курганская область,3393,1102,43,192,439,53,894,188,88,1602,892,963,67
J6diV16biuBYeJpFZtJgJZj27Jgpcpm6X3tAn48gBbim,54,Новосибирская область,1315,374,10,46,84,15,271,67,40,469,1012,1075,53
3JBrhwJNiNwtGkHWViYpuVGEgKbnVjEwGJAYTtFkUvxy,90,Пермский край,3035,1000,26,114,386,49,794,240,79,1104,3601,4724,57
2jTkqJEL5Kypdz7HHDCvUsWF4Epc32qNoPj6fqoJ4WrX,21,Чувашская Республика - Чувашия,1176,118,3,16,59,5,306,20,23,208,901,919,19
Heda4YUArstLUa3z9LxjMFsHjugKMmVyJaSEz9J6ciJZ,76,Ярославская область,2218,629,16,129,688,56,695,127,65,940,2601,2650,50
GecemyfAGzx5xJikCwqgoHvGCs7AQPcR1r4NLufK6zBt,50,Московская область,8001,649,25,100,246,37,818,100,103,1017,2676,3353,41
F6sz7TQ78JoWjk66BUbsUmGtN3k8N2QZjw3YwzfX3Ysr,31,Белгородская область,1162,348,12,37,116,14,357,51,44,337,635,676,40
BXyERj5UsWsurcbAWvFRbFHwEgnLTrLBEsMoq1Ffx5Wn,18,Удмуртская Республика,1632,353,10,58,127,11,403,47,35,497,1701,1749,29
HtTUwpKqSsktornmL1mKGpeedTMowwPJ1XAzpPTXJkZY,10,Республика Карелия,205,74,5,15,141,3,78,11,8,100,421,448,28
n7ux2nyR4qrpEQAsmQe6WXTTsnrHXRtfmQJXzXhmUBA,76,Ярославская область,313,86,1,20,120,3,102,18,12,120,1402,1420,13
H9hh2RYXHUwB1HSLpmBrZasLPCw9YmGmVXD319tmbHka,61,Ростовская область,969,203,8,24,70,22,217,18,28,175,2435,2476,42
HnRuXC9TJgXS9er7FSWfYUUZtNRMrkPFRyb95PvEjrXV,50,Московская область,1099,194,7,45,101,18,201,55,27,283,2563,2613,16
FPZ44HYkbcaVZ7G9dU1CbFUNrd9x3CTN16Erzraw4Rx3,66,Свердловская область,948,232,5,44,183,15,228,27,25,286,724,753,29
4K1PkeAoAfSmcwsevjD7g9a1vDAdbHrpyvyKYr5Gdy2i,35,Вологодская область,86,36,0,5,14,2,40,9,3,54,636,655,15
3b37GJkpgPhJ5i6ftcrMAMn8MJAMkSoXKvedB1jh4dqM,50,Московская область,1048,181,3,19,42,8,223,24,22,207,2846,4070,22
EMU9P2AGswKbRcgXLtJAhdoKAvKmWxzTgMeK3bFArTWu,21,Чувашская Республика - Чувашия,3743,225,10,41,195,14,405,44,58,446,301,331,31
5q6JYPxvBRbK44hRL6hSRhSLQsS7NjTmw2B9bD4fV18W,53,Новгородская область,450,92,6,8,33,6,110,19,11,103,2201,2218,18
FjT3dVpMdBCutCFDDE8pQ7xLLMknjBiUQmZ678YHMQBo,53,Новгородская область,346,64,2,12,42,6,97,13,17,89,1401,1415,15
7Mf7hP8rXt2QpA8aNcG2n3SPgT3UCQ791HgBRDnhg8gp,90,Пермский край,139,93,2,2,24,0,89,10,8,74,4901,4918,13
CxmfUtgtuQ8UHXPuXAtpdQzmDpkM37HioQPzaYe1sxBr,45,Курганская область,179,68,1,6,19,4,58,3,7,102,651,681,23
3iNQ2Z65ffd52GvEJbmbUR4GZiAmZYy8JZ3png4b8WSs,52,Нижегородская область,239,68,1,2,15,3,80,12,8,62,1562,1600,30
E3xTrMAytUtS1U2khLWtPXupqUkXjsXQwnmMApUMSmUD,39,Калининградская область,628,113,3,13,45,4,108,15,14,133,408,427,20
9YxfbcQyiHJtsM2nQiwubcRVfwjmGbhpUwP1yJnSn1Q2,18,Удмуртская Республика,2205,211,4,41,72,9,341,26,37,379,2501,2544,44
7GkGU4EMj5WGN2KKfa1NLD8mGkkYavE3UD2wS4tL1JbT,11,Республика Коми,399,172,2,23,52,11,217,24,12,147,596,616,21
2YU3dCL97gZeXtKCHcennGrdP9QQQWxqCrjS9gxFTw6f,66,Свердловская область,1134,177,3,39,98,8,307,24,22,289,2051,2076,23
BQd94pew234Ttt8cpLfgdEsxjkvm76KZxjRonUSphFKM,61,Ростовская область,989,166,1,25,58,15,170,26,26,202,596,619,24
FFSRjVQKKznekbJDk3HR8bJsNN85SfXWdiEM2nPZM7zH,22,Алтайский край,926,111,5,7,60,3,141,10,14,112,1847,1862,16
BkMi99LAAZTWGRRVoxQ9GU6unhRPzEfMoepF3RQMFEcD,39,Калининградская область,956,185,3,24,73,5,179,22,27,226,59,79,21
938joUmjkaBo8zZhfdNi8UVzuUmJ6utXbS4611Zod5KE,60,Псковская область,467,120,4,19,56,10,71,20,11,118,206,219,11
2Za6VB13nAqMngRKpdAmrXNADy5B8cmnFiRUEXYsn8eU,74,Челябинская область,985,410,21,42,352,23,412,100,48,672,1184,2354,57
8Y1nbmDKaLwR65q8eZUwrEWLHgfHb4yY1TxDTeX2y3KS,52,Нижегородская область,284,89,3,12,39,9,102,13,14,138,2052,2070,17
8QtUA2ArUDYC24i7aCFRFxwHv8hYHxYDfcpNHFxu82NR,51,Мурманская область,554,174,6,26,80,11,135,34,16,213,233,250,18
2vEL2VbHLpS1J8GZWcwQafpogtEpW2BJSKtwEKaud8hh,70,Томская область,472,92,0,14,53,4,90,4,8,134,529,554,25
5scTaPTu8bMMxR5q8aECsDmWbin2TKRyuFLoDPZxHfWC,66,Свердловская область,426,99,6,14,65,8,120,21,10,144,1216,1221,6
4q78M5rS41Z45FxSnj2AEWXczDsfKe3XzbXTYVkjH6rw,22,Алтайский край,589,121,5,8,56,5,131,8,24,159,1029,1041,13
Ckn3rEsr3qUuwr4HhVVkQvk5a2bCGuPALkfKWrsu2u6S,22,Алтайский край,849,131,3,29,88,3,206,28,27,183,939,951,12
21F5WT5SHLGqPwQHvR5Vxzt9m3SgUJetGCGCJb31hdxZ,50,Московская область,1581,254,10,44,121,35,331,82,30,359,212,220,9
4uaJJ3ND7gvsj3hBMoaX9xt2KyCLKZyKRPUiqHwALUrM,66,Свердловская область,979,203,5,40,92,13,204,41,28,282,1974,1986,13
4XCDGUuQAEwWv9Npbvh3TRafwHPMPfyb4FUxv13Yhtbh,74,Челябинская область,774,288,13,32,206,34,231,58,33,398,1134,1160,27
CoRxsAFLDAEh7JZeiH3E7Toykfjzk479yMP3nEJRH5MW,74,Челябинская область,605,177,7,30,167,9,144,41,25,276,929,975,37
6yg8wix4TZ1cC1RL5VJ2pSYLRTmyT1EbujL1vM7BAFqt,66,Свердловская область,423,155,7,14,106,9,107,16,12,175,621,642,19
6UbPyUM7Y1ehmwM32n2P2CFRg73Teb8F2HrFJ1CTPk5n,44,Костромская область,102,35,2,9,5,1,32,1,5,32,82,101,14
9XUK7y1QgrWV14SxmpByhD5S1eWwJC4NyUsN8ckbLZVK,22,Алтайский край,618,111,3,7,58,7,129,13,20,144,779,797,19
4TZCPiLvVTjc6rk3KMyHr87BEQsFUe8YpPDXb88s5pNe,45,Курганская область,139,57,1,8,22,5,43,9,8,68,478,498,19
7TKgP3EUqFzaqZ9Fars6TkUC7sqkEptqbyhMEnDMpGZA,90,Пермский край,642,218,2,30,172,7,230,57,15,303,2401,2431,31
3ZhcHXaDJasYYsHTQHq2BPezyYsKCj4q9jtHeeG8KPco,40,Калужская область,495,107,3,14,69,2,102,19,5,127,2101,2117,17
CRLR1n51xLpfu4kR3oa6MXZNSPjM6YjskriXpUzmTVwj,18,Удмуртская Республика,700,146,3,21,52,10,146,15,18,197,2701,2726,26
DLBbZNcQMKKoi4XUY7HaVF2oyqUWws2F1oQKShxGFRq9,67,Смоленская область,1113,143,1,10,56,9,130,24,25,157,108,127,17
EkrEp5EzxRF1msdboYVvzzov8GJYPQxHkynyZgtXUxWf,93,Республика Крым,391,70,5,16,14,4,67,8,13,90,877,899,23
46Yd4g355nJF1Vu11efWD1vNdyKYiSEmM7vpfekgSkRQ,52,Нижегородская область,316,48,3,4,18,2,70,6,6,65,545,566,22
AJgDUChuESzkMFh2Es4Vfdubj6DagRBs24Qq8GS1fJnG,52,Нижегородская область,230,52,3,6,23,3,55,3,5,49,1058,1077,20
AAnZbo8fSFZCc948P74Sv58UcJtmw3swWhBv9czq15Lr,29,Архангельская область,186,64,2,7,31,1,58,14,2,62,489,509,15
CpW7U1pfwYF3hyVmJ3tVvsQV6EUsCPuLeatsroKJhVq8,54,Новосибирская область,310,73,1,10,29,3,68,8,12,106,500,825,15
4nTXNULbuQTtMPN56wheVuVEDBfjFNytc1AJ7tkn1LGS,49,Магаданская область,2713,703,22,134,284,50,760,111,88,849,1,43,42
BzBLSCvzVQBhpuf1DLzB3Y6bCQPRzx8pDTjKj3MVmR2X,54,Новосибирская область,846,165,8,33,92,10,259,23,31,274,326,1144,45
DADWZJATjS58uRMMb7fZsGuNeHEbdSkyyK5VrT5s9x95,22,Алтайский край,5788,1324,25,133,389,59,1673,187,167,1460,460,502,43
Anmc43upsE7wScjAJra8D1kcRAaZv7wrofTv2M3kdHze,22,Алтайский край,1128,233,3,23,108,12,306,24,29,248,1115,1139,25
CdnDCNTAteLVpam3ZBFZaJaE55co986hp6UcZdFarPeM,22,Алтайский край,418,101,2,14,32,6,189,6,14,106,743,754,12
FhWy1inGK7X44qgoJCRmpZPEbjEpkf9ojWEXchS6UbqP,54,Новосибирская область,1774,391,6,53,172,25,348,52,37,444,245,324,57
irWvrTbxxUyh2hMBdVkxZ7Zwcv3Bb4XPJfpNK2dwqx4,22,Алтайский край,467,91,2,12,29,3,166,10,33,102,1717,1735,19
6EKSknvDGiNJZgSbPAaAMeWu7BWQm9jTYCCa48eyPPvA,22,Алтайский край,607,96,3,10,38,4,102,12,21,106,1008,1025,18
2T1AAGZSH5ynQwP5K9Gdg6EnN5AVRnnxNvGZyNyAhNQj,54,Новосибирская область,355,99,1,12,52,4,74,8,7,111,1,1103,32
8XcPD8oKJSZAfww81BkmWGKThr7Tg24LEig1sssi4xVQ,70,Томская область,601,106,3,10,56,6,98,8,8,135,505,528,24
HdetgwHMK5HFd8N4B1NAvc6fBMZ3h7rJKDRyRgfTvs5S,22,Алтайский край,1286,174,1,41,106,14,236,27,34,420,592,614,23
GeFyoyAMsjyipkznQjBVgrA8WM9ceeMSURQMBg9pZ3Ck,70,Томская область,399,110,5,21,46,4,97,9,12,180,399,413,14
4wnszFA9Sy3ifFpvZtHfJ6Rj2Hz3Vi1uNV5mgMEvoj3q,22,Алтайский край,922,201,3,28,69,10,339,20,39,302,1327,1345,19
DmuXW8pgN9A19aaaqMu1TpuioWcvLxTfYXpCNiZRJt3A,74,Челябинская область,3039,946,58,123,1862,54,967,217,90,1642,1987,2439,67
DureRDMBANZ1PX6A2dUcZJqfPjSfbNgF2MNu8aGFgKPu,66,Свердловская область,3722,1095,52,233,687,56,1133,177,110,1458,648,2237,52
89EWGrUozK52hWUWLtnmpY1pcw1ZXj2EUK7aRLWcb4m7,66,Свердловская область,172,34,1,5,17,0,38,6,8,43,2591,2594,4
EWF16aXYdqj2Zo24taPDyEkDSjq1AJPb2ySsKSryQED6,45,Курганская область,234,87,1,8,15,5,48,13,10,103,355,382,20
BsT3L7x2RFW7r49CLmscnMuQxfpWQVPVLo3pzCujv4mW,45,Курганская область,580,192,6,21,54,7,156,38,14,291,682,715,29
9v46zZ8K8Q62Yi7S1soExuCZRE4CCdbHt2jvgtFn83hY,90,Пермский край,2280,828,34,145,407,61,993,228,94,1210,3001,3052,52
3aAGdZRMac9a1bdgJVb5QMp4bkk1xt6q6q6PBUhERU44,45,Курганская область,280,98,5,12,32,6,95,15,9,142,98,136,33
2WVgwiKw8pbKmKtWWfh53TJ6ikXbmH3J4yDKPFSBgrEJ,45,Курганская область,188,67,1,10,21,2,37,4,3,70,322,354,26
9FgYaNZzqqHiiDUp6qYxRFkPmYvN75P6MH6WbNverYnB,74,Челябинская область,694,238,10,31,236,11,177,39,24,352,446,2299,31
3DJAfHz66nv68FeiZWL891GwAUtEQKGr3ckWdRgZbRij,66,Свердловская область,401,48,2,8,34,2,57,7,6,80,2559,2564,6
EYTiHNpe5UgJtswXGhdURpz3xMda6D3jKhtFreRHT5Yi,90,Пермский край,301,155,6,15,52,6,168,26,11,193,701,723,23
EafFcuKWr51SvqbfjJFYMmVjF5qshLk44WNPYCkriTff,74,Челябинская область,178,66,1,4,44,1,53,13,14,106,133,2334,15
24n9AHBQ2M6VJSvrDNnZscVcdRgEkPsSzbxBQSFobBou,18,Удмуртская Республика,3131,592,11,106,241,30,839,102,57,1003,701,739,39
3ttGyq1rYgDVAZZxpXwkpVo32TrXHNR8NVPnHSEqsQrN,18,Удмуртская Республика,5807,1189,39,325,552,56,1309,202,123,1803,401,448,48
5ommGP3BWQdsH72cWzSWW2ZPgKScQcXm6VjJ8KxuxCAe,11,Республика Коми,1537,521,7,124,161,22,736,103,57,658,91,110,20
HibtvN4pZN3c3LFXLnFTcFKBzMuD6Rrzv4jkhQDFYa6J,33,Владимирская область,3300,676,12,137,259,42,700,100,48,787,1,70,70
7PsvkGP5oUScoLYrMinEGEuwrLsNP4PdGi5uN2cKnAjH,67,Смоленская область,1750,451,7,38,153,24,303,46,44,361,304,343,28
81kXQrmLFNdEcoiHSqibbYoATpt7zsEZns2iZCvZ8XTi,50,Московская область,11549,2257,65,473,927,184,2270,525,258,3166,635,3904,127
5W34Wgvunvf7ACtDXgUa5AWbwXvASadQUf8PX5RBnKzw,61,Ростовская область,3559,1091,47,240,391,222,1269,170,142,1237,2215,2294,59
7W4Xxm4HRLuFzRpg6W9KwdqfrFL4Vxu9mUi3fxX52MWp,50,Московская область,1373,330,12,59,150,23,362,78,54,382,3086,3117,32
FwZGpMhdroJ1SLco4uojYgVfcXAUmFbAj4Eg1Wr5aUB6,53,Новгородская область,425,84,2,16,32,2,63,13,15,91,701,713,13
7kmU5gJuPkxicwsENDKtiKp2m7e2BfykxWj1Q1moSf2g,60,Псковская область,2455,788,26,147,389,56,848,132,78,919,94,136,43
8jrg94HU6NHWqrT7PRUVdATySEQaa9hcn7cfeJLn8kNM,67,Смоленская область,4123,685,27,131,312,58,598,126,91,1023,614,802,41
8KjjxHfoLixNAd9cWAUSP8MtessCcQXwbQQTgSnb62ep,67,Смоленская область,658,135,1,25,52,5,112,19,9,143,188,208,14
FG54CLCexZHySa7f7CwAtgCMRchoEtRwanfUtZHYZxBi,67,Смоленская область,2092,370,8,50,224,31,295,67,31,422,128,811,15
6E2RXuX2crVDJUauHqEXEyFYZ4sJDkFc6iPNM6SNkQjv,44,Костромская область,262,39,1,0,9,1,36,5,3,60,60,81,13
2hmDgiqU6pYxdh3tz8h92jMLXFvH1CAp2ayo2e2hC9hQ,40,Калужская область,3938,832,36,209,621,71,856,210,70,1284,1101,1146,46
BHzzEee4C45SJdUS3fin5MbS7XB1ECMGvVoYjSFamwu9,40,Калужская область,524,116,7,11,84,6,128,15,16,166,101,122,22
A561qPp9Hnh1dQxya1ciAJSwymFYScbtc827ZussMnhc,21,Чувашская Республика - Чувашия,2593,382,14,64,221,29,503,115,35,543,2201,2817,29
25qknmTeLtAiXaud5NgPdM8WSfY8KmsFzrDkStCKsLbu,61,Ростовская область,362,63,2,8,18,5,77,16,8,90,1018,1040,19
AYMTJ6SJ2qdMqfSeHu52Qxr3UYeGhKqvjkq985HTYgi4,53,Новгородская область,1418,278,11,49,192,18,289,66,29,399,1801,1843,43
EaobKP1jYDJtupEmAJqU8dJU7en3ZVRqKJuUAKzm27pr,11,Республика Коми,1236,566,10,69,142,27,513,92,46,515,228,252,25
dnMi9vzb6qmEJS3TdiHnePiowcDcxsjef9bpdVbXLAK,93,Республика Крым,3124,590,31,210,256,74,682,140,76,869,477,543,67
57dVcLPkmqzSPGvh29vx3ePkKJi686GVcs5RExaMYyNh,12,Республика Марий Эл,1434,135,5,24,82,4,382,42,35,208,185,225,37
8hFCYAUDP9hjsMihA7uasa7jcQHFEYsttaMwzkfhzVu,39,Калининградская область,777,136,10,27,42,8,130,15,14,178,527,541,15
5yXhcPonhEFx1yMDfmLoq9VxieYhdsoj1qiKexeesqnv,29,Архангельская область,791,232,7,25,240,8,174,52,16,250,661,702,37
A7AxBVovMF3P8uKYy5sQRRPxXgdb6PqJBwKvRdtjJKCa,35,Вологодская область,314,124,0,21,65,9,167,24,19,200,678,710,28
CeeUtQgWUHJiKNyoJk5aZfv2HzATw4mnrgvrVbyGuC6C,53,Новгородская область,558,149,2,23,46,7,133,29,14,127,1901,1917,17
AVE2CBA5557FyiZvrSx2MMuz2TKQ7iyjB7BVjcCk95WZ,21,Чувашская Республика - Чувашия,1578,190,8,38,116,12,301,33,31,316,501,527,27
9eF2Vas9EL3guXG8s64GeWSwY7KVLgSndnaqLikUQnYE,93,Республика Крым,500,77,3,18,41,9,109,12,10,155,41,54,14
DnwRE9Za6VQmx1ogwELp82UPd71UfPy1J6zn7XcvGpYX,35,Вологодская область,198,120,3,6,30,3,182,16,15,86,59,82,22
HB7c8Xa5u9G1Bj9kPR1Lz5NRQEfYSGjuXpo21EnTyz46,50,Московская область,2897,566,13,107,226,56,692,123,85,822,1365,1424,44
6wv9GkJyAZWDJvLRZsQTwq6GySsRtaiwzvYb2Yo8VG1J,10,Республика Карелия,481,164,3,23,125,12,163,25,10,272,551,562,12
BxWFV9hwgaDABNwXKgu5FLkq6Qw7vAgsLwn6v4gKRUJ6,29,Архангельская область,580,380,4,17,48,6,166,29,15,171,334,366,25
Apswu67dMKAcu3DaKyJ9jJydqUx6t5hJewzGidUnFLuf,39,Калининградская область,447,73,3,24,38,4,104,17,9,122,470,477,8
DSQ532p38Kforp71JTX9WjbKedJJGteopAjYo9mo6jKp,52,Нижегородская область,322,80,2,11,34,6,131,16,5,104,857,884,24
5AYdKbFwaZZbJ1FpVQjaooWndKiyCZuEDiohqUPCAj9F,60,Псковская область,779,155,3,29,87,12,164,28,14,194,575,603,26
9nPUaSM4YH6pW8f3xZNMq2tpcaiGTDGNDWmZDHY8e1aW,29,Архангельская область,235,96,4,10,41,1,121,15,10,104,260,277,15
BnNMJJDopxN4r8UNVM7yEd4Ba9QktPsXZ36uSoF721sf,35,Вологодская область,459,371,7,27,84,10,520,42,39,297,801,845,42
5dRfVBuEFt6T5oeF8yMyzwTHAfwxMfVswVmBehCisXVm,39,Калининградская область,177,40,2,10,16,1,26,6,7,51,524,525,2
5dWRLFhonjoLQRs9adKqmWMFVCeNWPLjUrSzUP2nKcn3,60,Псковская область,361,49,3,8,32,3,65,11,4,86,491,510,19
G17BdvJCqTChuEMJ86UbeiGLWxzEbJsR5c5FopYYbQbZ,40,Калужская область,307,73,1,10,16,3,65,10,5,84,2201,2211,10
AHci4LodLGZ99LJuKvx8yJbZE33tBeZPeVcMk6Zsg3Jw,33,Владимирская область,436,113,1,6,43,4,118,10,10,123,827,847,20
9X5g7RAmDWKPQmMuYDedreqquM4ardLCuoFfN1rM3ysm,61,Ростовская область,833,112,6,14,37,11,130,22,21,112,1657,1680,24
5KA1rmMAEh1zxyMXPRsfJijW1ue4LDcpWCFBUqmWm1co,44,Костромская область,137,20,1,5,8,2,40,3,2,57,539,557,13
BYgmYNMvkNRSo85Et5i6NT7RYQMRQ4t9NBHrcSEcpKyE,60,Псковская область,327,73,3,8,29,4,65,13,6,77,452,471,20
6fMGhnpocdDeX2SPFnTbkuDys91tSqaG9kFD21bbAFR9,35,Вологодская область,144,41,2,5,17,0,104,14,7,58,780,797,18
9jKcZuxDxudSu9L2Zu7ufkdJS1nHLoApTuQx2RyJKQK2,76,Ярославская область,204,47,0,9,14,1,78,5,7,56,1001,1018,18
6Ca75g866REGhdVhZeiDU3pSbcUSNrfPVbFFjvNNora9,51,Мурманская область,143,34,0,8,16,1,29,5,6,53,296,298,3
14MiT7irFugtUWzsLfrEo464Qp4oJ2PCnj7sqi1e7SHj,29,Архангельская область,3260,699,36,161,395,31,818,402,60,1090,51,79,26
4MmjKtQsZahGyLvp9JTdDp5H9u6KFaDsqi1HPuga4m33,10,Республика Карелия,297,89,1,12,147,6,68,14,2,115,341,364,22
4o7nkxAqphj9A9WDdRDjrWkjLqpV8hqPsBRPqwtCYNKv,22,Алтайский край,595,159,6,15,46,6,135,16,29,175,801,830,26
36GsYXdvbfz6WwqMFqUdGXJvZiD3T5CAPqkVH5cUMp9a,51,Мурманская область,954,292,10,50,148,21,280,63,33,375,301,339,33
7SxH3tcbsqiEqZwrNx7vmGuMp6ARdCkhgkT2CmGewtmC,29,Архангельская область,2151,812,21,86,267,37,612,133,65,684,158,224,45
22mWeMnp3MAPgjqscj8dFtHJKvzBaWEh9tqQmffM5aGj,48,Липецкая область,5412,1116,39,237,553,74,1590,238,165,1622,2201,2247,47
6xyAX47paekBr1oepiQmkX6JWN1HHzdU1h7CBUAnrtmn,21,Чувашская Республика - Чувашия,15060,2169,60,445,1363,112,2691,378,244,3437,1801,1865,65
7hHfx3XabuBDUuU8qpjcxCXeM3m5P6HotH4v3v3Pmc2V,31,Белгородская область,1474,1038,23,93,389,58,934,167,103,811,1105,1244,75
GVwEbAM47zKWk6fLX2tgD2h9qGjyGyVUixeXxUP52Kmh,60,Псковская область,9796,1627,82,486,1144,153,2195,431,201,2676,1,81,79
BrwxVWxbx7UXYMUMQoeVHv7pKUAwV2gCwpafHRvbGaZg,22,Алтайский край,787,143,4,22,79,17,198,33,31,279,300,307,8
DfkbCHqhhM121ErEHCco4JAi2wEfKu1Sg87KXKzPBnKK,31,Белгородская область,841,226,6,32,82,7,224,44,42,312,321,346,24
BRfyeab2ZVbLrkDymtan8arQj4VrZYeSNyct5YVKsx6v,40,Калужская область,1047,199,4,49,83,21,307,38,23,344,1201,1230,30
CgcvsUXRRqUhD3aEFBY2bcbXySfkf7NdKF3ndiAfaoKR,67,Смоленская область,2176,471,6,101,253,32,405,74,59,638,63,807,34
J6wZSGGnpX9sRycp5QgMcDkjS1ChPjdk45oSaPUox7yd,11,Республика Коми,870,287,5,47,62,14,401,62,28,293,544,567,23
CA7xTM4itqfYXQvHwY1bzXCPbobPGunZJx11UYuY7JLH,61,Ростовская область,1948,301,14,58,140,40,301,61,47,388,2096,2134,37
9QmkjndiegGmKE8pDBcwMm2gYFVfuggQzZ1i9jxaN7fJ,83,Ненецкий автономный округ,1606,343,8,30,123,31,494,45,21,282,40,54,15
CcQip61yypjcywLSpSYquFhGbewsg2rQRvtNaqtGQS9e,39,Калининградская область,1175,256,14,53,105,7,259,42,35,382,146,173,27
5r4Z9pkM6Eju4nx7bLfkRv8Sa9sWx4Vma8MpYA4G5sxf,52,Нижегородская область,3146,773,39,174,441,71,1026,126,70,1227,2721,2786,64
4uiBTSHrBc61abZdGRgLYsohprYWo5VL2BwmNcX8fVww,54,Новосибирская область,6289,1309,57,305,578,444,1475,288,121,2004,1581,2052,68
9GocU5Eww2YETDC5x93jox5SMrPyN1jdw2oJNTVDndtN,52,Нижегородская область,177,34,1,6,15,2,51,8,5,41,1030,1052,23
BtLPp1bpSrkEt2Qde9yp9EaVFaFXqragjzkhrEGFzEx4,52,Нижегородская область,597,184,5,20,93,12,222,32,19,195,1357,1396,32
CHLXhWky3D6zCDqNTBLiPonqZL56pWqpacwzdcxf1QDr,74,Челябинская область,575,174,7,13,198,11,186,24,19,255,2167,2384,38
Ef9kAHmoLBoA85d94ABF1oHd5JdC2yX5PE4jwgweDEF6,61,Ростовская область,2217,644,21,128,368,66,691,118,108,675,774,817,44
3bJDDGPPJ313nASGqC6SHnarRruhJ1nyrg8Zs5H2mfH9,54,Новосибирская область,618,84,8,41,52,10,131,21,10,218,1420,2066,7
9FQLfcapytngnS27JpFuyPAQC3CimZfHQuVTJb2RVESj,33,Владимирская область,3999,1008,31,180,439,54,937,141,79,1343,690,753,64
EdNu5biyiHj75yrKB72sCYBmcYZNK9dgaZudg5YBACbX,93,Республика Крым,1145,203,9,62,97,32,245,19,26,331,1,32,32
D7as1BLVzxiUepvBbxA3puc6wgSiKK46Yjxi6a1Vpvv3,22,Алтайский край,1276,336,7,52,166,15,344,43,46,466,406,425,20
8TDJH1XexHf42aZFP96HVVsLMpxmzqrjQKziNqf9mh6D,74,Челябинская область,2600,898,51,150,552,56,851,175,110,1500,1358,2300,56
3k6WC4fz8G6UXttmbyzhjgEDTZdzmvw3HPehRoSguxYy,52,Нижегородская область,1028,295,6,38,98,16,290,42,31,370,1701,1749,44
6tgyDKRHPPKmSLdAuiTnMK4dhKaZ21JP6ZBAwGiDkSHj,66,Свердловская область,2628,434,16,64,260,37,479,74,28,561,2410,2444,35
Gxz2P6vz7qyRsFZ11kcBDSDiz1QCKLEkHBH7xCTfyhWk,29,Архангельская область,235,101,4,11,76,2,64,26,9,120,962,993,20
CYifgRDGLDbuLNKTfmaKERYbfe2R9o9JnyDoioqwYt5V,52,Нижегородская область,603,196,8,18,67,8,250,29,24,221,2139,2167,25
EPjh1xfRjTYfr9N3qr6Fvirq4Rnx3GvnPxRrHP6zdkB8,39,Калининградская область,539,96,1,16,24,4,82,13,14,132,479,493,15
h4rgXRXirH6TeS4Y9jFbaUciRnoU8NUFHwqYy7pxKuc,39,Калининградская область,615,163,12,29,55,10,152,18,11,203,1,22,22
DfrrTvpztMT3pdEaU9iGMoKdRCf6tmfbmrcEuxPmg6bc,76,Ярославская область,1438,344,6,57,220,11,310,53,28,420,2308,2341,22
DU7zz2ejk5RK6wC2y2v7bZoo2kCfF8NAkA5UWSyYtsHT,66,Свердловская область,986,179,4,37,98,10,200,25,32,280,1915,1932,17
AUgv72wsHe5jajjWKf7dqxdhQtR9xFJvWRKxvEA1ypyZ,67,Смоленская область,1624,343,9,59,179,18,277,59,25,327,139,166,23
8LSsTP5ttBhga2qUmq8gx5gWeSWxY2Sp4KzFY6ghanLc,74,Челябинская область,4212,1378,89,236,1490,108,1389,271,129,2382,592,2434,85
9vgUzT7gFrwLjpBikdUgEh6qaT9P1L59CMSRSGXSon2f,52,Нижегородская область,541,116,6,18,46,10,139,11,12,126,1302,1341,37
8q6nBpG9DN4mJyuavmHLUHVzkTn496xQZRTYFFL9PcaP,33,Владимирская область,953,360,10,43,116,19,451,44,33,356,106,144,38
APMAaSnfCpLNZXdHRqGpPAE9gnmdCCfobPhQcc5QQ5sY,18,Удмуртская Республика,610,92,2,13,55,3,152,11,12,172,3401,3421,21
41iMMVa8bCJayHRtg9MLkE8X9yEFzGe9ua6cdncU6YfW,50,Московская область,2341,536,16,83,182,42,475,103,74,539,98,129,32
HAFP6gxMVLU9SRAZVyqBnJ4MitpPR4YaSTZCNwbGvj2i,93,Республика Крым,652,75,0,24,19,8,70,7,7,138,983,1015,33
HkvbXreLCpz2aucd61WRDZZBUZQ9q8PVL9RTbT4vHXuu,53,Новгородская область,667,172,7,39,68,10,174,35,22,185,2101,2119,19
5sgC6JHYdahFZxCLCWFtfRzFEwySMpdksdpXfthePxsg,52,Нижегородская область,408,132,0,6,39,8,143,19,22,171,1103,1125,22
5Mg8g6MN2CeqnQQAuhadBmvyeGrQsKcfnagkq9VMFtVg,54,Новосибирская область,806,228,1,31,72,10,242,41,19,279,449,499,43
D5WbbQ5BGdCistFemQp2vTaMoh3FANdaz2YHqsj3rXxL,66,Свердловская область,427,113,3,21,80,6,131,24,26,197,1802,1821,13
829Vd7FfcqbpiuQRUe9QwDCayujkges3k3xMdvomZDXF,12,Республика Марий Эл,1516,88,5,18,63,7,462,27,35,180,308,329,19
4WR7Qv4mQFzGL4DuyceqPgJxzqGsghYzSV7DnKm2Ybyi,54,Новосибирская область,1304,332,14,64,111,29,308,43,38,507,785,2084,22
5AGUt1oUWVKcjTXY51aBWbDbtBs9b4dYQBDx7kgCw12p,29,Архангельская область,269,149,7,16,74,6,115,24,9,123,226,249,18
5fh5GoH5qR445AFQRRBsR6KycG4edFzbw8WV7Rrrbkem,52,Нижегородская область,205,38,1,8,31,3,54,13,5,49,1925,1946,20
AeUnZPtsGHBHVPuHsNZUSgqdGRQSZkZGBczpqtYEESEW,11,Республика Коми,438,172,3,16,57,5,226,24,11,190,524,542,19
9rKg854uBzNjWEzep65h9JT4QTYBQHpq1Wo5wEdWALN1,35,Вологодская область,437,189,4,28,76,10,193,57,18,234,410,449,36
4qhXEwpnHmkVPcuavWF5R3tTHMrtoMLYEVDpEe5VvA2L,22,Алтайский край,1135,318,8,30,169,14,279,30,41,341,1657,1687,30
AJvxBtN6JbaBeJfqVxM33oxxhaMpnnn1YyHb3xQaj5bT,33,Владимирская область,776,251,5,28,103,14,261,25,32,263,587,625,37
BTcozr7FhB5zjG26THya7D8XniCQqqvCZUPzfMSwvFmL,12,Республика Марий Эл,1176,81,4,17,48,9,333,16,32,125,163,184,20
9fKjznJijxTQrmAVaxmZt9eoNeqaqpgoRmbBwHgZ8dk4,18,Удмуртская Республика,443,88,2,12,32,1,78,7,14,113,2301,2321,21
7x4xYGC7AmjciztyvRJMs7bxP8PvQQzzcaQAmpGehagV,76,Ярославская область,596,161,2,24,72,5,157,18,13,232,501,532,32
5KuU54wuzh76acw6xXHBfKE23Xoyo6MKYKiYr6facvz8,52,Нижегородская область,200,64,3,12,14,6,75,9,6,68,266,288,23
CX7BfN5iEEoyfAcgWja48rF9EasKKgu91YR9T4UTu7f9,22,Алтайский край,660,185,7,22,64,9,161,14,23,255,554,582,29
EgA95VKTcMCLRXr8EKcQU7BU2omgkg6VNBtPmThdxW6c,45,Курганская область,90,36,0,6,17,5,49,6,6,58,525,552,22
7M2jDYNB2fn4VfEcY15DeQKWQ9gxLjrJq4PvknkEUY1f,93,Республика Крым,525,104,6,20,31,10,91,13,10,144,1245,1272,28
3BjNT4XhHe1fvAvxjtGzBoAYegpdGCsgTQiGWuRaT7m3,35,Вологодская область,125,64,1,9,27,3,75,3,3,63,33,58,17
BZFy2sz5SqLf9sgt8aLgNzvLc6EZMg2Gt7gUmL4N5rmP,22,Алтайский край,401,131,1,7,58,8,92,10,11,77,1532,1546,14
GsRBwL4jZP5XyHwfSCC9Uz8yHPAdHS38JTfut4ebrW9P,39,Калининградская область,66,20,0,1,6,2,6,3,1,21,25,26,2
5Yrym6bJqTXcxs5nPmmnHxDw4MiFPLdJpf6XqowMxNzm,90,Пермский край,152,80,2,8,23,1,63,5,5,86,5301,5319,17
BxrwzAjqrHUwQbJ1EPSnTEavdpyJhXJfWRaMe4r95hz8,66,Свердловская область,488,110,5,16,89,8,101,17,15,166,313,332,19
59GHgSdnE6TgsJe6LmqZZHF1mLfTk2Yg4xi8o9vY5js3,49,Магаданская область,128,28,0,4,11,2,24,2,2,48,45,50,6
AD4yqBrNXgNjYrbFugNngA6gXZRuHhC4ssYJm8ARPCQw,22,Алтайский край,283,59,0,12,27,5,89,4,14,51,1593,1603,11
47X6aypxiERKBoe3233VTnXi2J9EmY42FcgE8Qgm1Gx5,44,Костромская область,129,29,0,2,14,5,40,9,3,38,53,597,12
5rvUq7YcJHHonrFpfk8Cbvm6FuwN8q3H5Sk8UcYRQrdy,29,Архангельская область,54,25,1,1,1,1,20,5,0,11,612,613,2
6bv3b9JtBETuEz3McRKD18f5V3YUdTuLpcB1C1wK31Gi,70,Томская область,132,37,2,5,16,1,65,5,8,48,297,301,5
43baxHpwCGEZYCjySD92bCLcoJTcKrwcVmrWMpsRaGjd,52,Нижегородская область,2437,676,19,109,331,55,741,139,47,942,963,1016,54
34NtJfoo2K5VS2BKtNtuw26C6GxtHaXPYJyaHcWMBFjX,50,Московская область,4153,739,41,213,366,66,813,201,96,1156,1740,3652,46
5QXumJecK536bC9k3JHM1vmDAHCXGSRMTg5GXVgdUv16,50,Московская область,15367,2164,99,519,1097,214,2536,494,275,3268,3381,4205,125
4z2862Ue65VT38fggDAth8qvJWmzqrTZPksFEa1ctkFe,29,Архангельская область,1733,697,25,175,325,41,687,133,63,768,388,418,31
Hhhp4Yju35eAHzFiaVsRW2rgTAD3cdrLet7gh99JpsrF,90,Пермский край,2346,738,25,119,302,49,874,193,65,999,3301,3353,51
GKXsP12GEAR9KmHurXYNTd6J533d8meTekpta64bC2Vk,50,Московская область,3498,655,24,125,244,38,674,159,84,816,1342,4162,25
EoUNwac4mzzjh1b8Z3m8FiY7xCjtV8JmgP7Lhn9Bugmo,12,Республика Марий Эл,1383,175,2,24,89,10,485,20,30,228,491,511,21
57rAYixchMr4CoSQr5UvfyaqfQKx5dUzAC8D8d9ZKdCq,74,Челябинская область,2030,664,31,95,395,36,628,146,69,1090,1313,1357,45
HvQb489FKAH9dDvJg8Lu9JQuQXujWceSksxeUDCqHNnx,31,Белгородская область,11723,3953,137,654,2391,261,3987,1025,460,5056,34,1239,183
JEGotA5BwHKPBBmmLL2ztpwrk99TsLjD4q6W4sRfncsJ,74,Челябинская область,1934,687,34,83,592,36,617,149,56,1000,664,2284,60
FH5V33kxXUMuXsumSaAHVmoAHFYkHNRRNqfrvy7wgs6m,61,Ростовская область,884,179,4,21,68,19,159,18,24,208,2380,2402,22
BqYF3Fa9xAEoZmes6EmSkSpeLXbMRiULpMxXgB3N56UX,40,Калужская область,6815,1232,58,319,1076,106,1334,278,118,2002,901,959,59
HfuLydYKZvNrp9wYM7G7hAwpKqaotFtS9Ziknef24dB1,61,Ростовская область,5813,1408,91,406,553,159,1689,260,167,2171,950,2037,60
CJfwVfanimJEjype4rA26XR26mj2CvNWFmhna6BHtb2,66,Свердловская область,1102,252,7,36,118,11,213,24,27,348,246,273,28
2LhwJGetTMuXCzM2Tf2rtSkPZXuyk2DyBP2MJwhnUUXf,54,Новосибирская область,488,99,2,12,25,6,114,20,17,155,1146,1203,45
7GLZU2nZeB67n5w6wuYEbfwZi7L8ef4sDufsm1u1duNG,76,Ярославская область,1595,303,9,55,248,12,276,35,17,336,1301,1347,44
8iqgmw54EhxLCrp1yeNkBcXnmEKMRoqz2epAsDEjnExq,33,Владимирская область,1441,364,9,52,78,21,279,42,35,344,972,1021,50
4vjXfrK5wEtgYQcwVmNcVPTUcBfUtRDTT1pQddgMRQbY,90,Пермский край,541,296,1,34,94,10,241,53,18,377,2101,2138,34
2RXGpT9Y6ReTJorNArKwpX96MAwSdhiVR4cAg7M85MMN,10,Республика Карелия,466,190,5,52,205,9,113,23,16,215,371,389,19
HyQZFVm8R8PrCFXoCXhuN3na3CjosU5W9aWxH6B27crN,31,Белгородская область,1319,216,8,29,87,15,252,33,38,309,700,751,38
DXW7r4hJYAW1XVixrmMMRcmREbKC315ad6H833pdwqEN,51,Мурманская область,289,88,5,11,20,4,42,21,6,82,291,295,5
Eqj9Mpa43ZNYvxr1Ak6GCg5w2cHcEXYGrhtB5CCeM6r7,61,Ростовская область,1060,148,4,33,92,16,228,29,32,256,1553,1596,27
wRyRzSvSH4WGwqXzWre5sUuJ8Pg9rDyD7g1drBJFLG9,52,Нижегородская область,273,90,2,7,21,1,68,5,6,82,755,784,30
DRskxsFSZEv9a6BQsnUUVUBQ3Zy6irmKkfPhzUmnSdjA,52,Нижегородская область,275,88,2,9,24,6,92,9,9,107,1974,1995,20
83qmFnh9HPRygzC8WyqZqz3BbWiGa71PbZB4GyVFtk8P,51,Мурманская область,593,225,7,29,97,13,159,47,18,248,370,399,27
CRepMUfPsVje3hMbJPcwWvh2C9zNX8QnY6iFhdqYNbxE,29,Архангельская область,1091,413,11,47,145,11,331,67,29,348,709,744,26
DXDs3S6U9kBftRh4bmRcH2z6Dc38iDAUKEzFsnLActxe,66,Свердловская область,563,212,8,21,79,6,131,14,15,225,347,2677,46
24nL8hkNTgRNHAiGc6fd2BDNYmnqdr6dt3Eei76xUsNp,50,Московская область,8124,1272,42,259,552,91,1338,237,153,1632,2243,4002,75
4oFM5fGRuZ11sJnkBZCb8mLSpiQX49csGQt2aPKdkmeY,66,Свердловская область,1202,239,5,31,130,13,275,32,19,345,1788,2718,23
C6TTy2eQdjpk5SaVecT3WN9dA2N2rUpX5sNuqwU5jGLg,61,Ростовская область,3784,887,50,206,348,107,960,164,80,1137,217,2631,52
6o1t9NRmxyUNLGpgaVKTahRaTCWFcRLjCMCTXN5eacZa,51,Мурманская область,1365,399,13,67,199,19,302,90,31,421,188,211,24
CdnFG5ZBnKMjkW2c9UXyiPf7i5BsFxu5dMWiKD9spaEL,22,Алтайский край,486,124,2,6,77,10,111,18,25,132,1753,1768,16
3WZu4o7EB77BEn211GgZeTJYutzVFT4w32kQA55H5Gjs,67,Смоленская область,1526,160,10,35,142,11,164,38,32,232,391,428,20
6dFjxVq1dG1AbxUm1ApvpdXL13WYA7Q3Uesw2U23APiL,35,Вологодская область,532,310,3,21,143,14,307,47,37,290,953,986,29
F4ZfrG6D5uSZzBLexCdbamQkiNiKqS8LqJizZWoXLGBc,74,Челябинская область,5078,1858,81,257,1036,94,1620,367,183,2924,1412,2302,83
9fMF3f5i4d5ryNsr2m6Noof4zow3k4Guuf3AyZwCvNFZ,39,Калининградская область,1804,329,11,47,129,32,337,54,39,492,581,617,37
7Xky53SnGmRDiEX7s9ZLjiyHXxgAJRaws5ynLEYGepj3,90,Пермский край,339,112,6,16,58,4,116,26,9,144,1301,1326,26
ANrUcJLNeVxPXH1UQMkeRvgVq72ED5yueNpW68QVxM6n,21,Чувашская Республика - Чувашия,3875,493,18,119,241,34,693,106,103,791,101,2617,33
ogeukZDyiTJCU9g1RLSbzJLKAJ8Pu3ghzEZ4jB1sHDM,54,Новосибирская область,1852,308,13,129,162,39,424,82,27,662,1495,1515,20
BkpEzVAJzrAoUJN3xk7iSghjhJNVXBEKoSYTBAwdQEZM,54,Новосибирская область,2608,361,38,149,241,43,537,102,43,828,1981,2013,28
H85n9zBmua6x6wkGcGx4qjZoNeJq6VcYUKRrQRYhc1cB,48,Липецкая область,452,65,2,11,26,3,100,9,18,87,1901,1920,18
9NTcAjAEtjykAkkGhj8RNYpDviDdij4aoBj3ubn3yuDA,70,Томская область,507,100,2,12,61,5,103,10,9,165,722,747,25
4XoXPy7dkyh9uMTuxcmdZi7ZBCsJx3bGRHjNkZe3zLyX,74,Челябинская область,3955,1179,69,172,1386,71,1209,264,119,2321,516,2431,82
821fz9i6qyCHj9zRxe9Q9UJMNq2cYuveQ9dQxmi3a33p,2,Республика Алтай,1371,132,5,14,56,8,234,14,26,159,215,234,20
9YbzWFidLNMsXA5heXcgS1o9JffCczsefTMLuyXFqPB6,48,Липецкая область,2055,310,7,55,101,20,399,52,47,411,1201,1246,41
AD7odZAVM5ay5crWeiEBRHYTs5RovvNnKmycQvXUTVyy,60,Псковская область,307,41,1,9,36,1,56,14,12,55,306,316,9
F38k1TTnKnwDvEHpwSdKMvHqvawg8yDpsPedSmc4ecYC,61,Ростовская область,1775,307,16,57,146,39,385,65,57,551,643,704,56
BuRGSAzydvxjZHd62XaaZBkJscRXsDqQmgt22cFNqdLS,33,Владимирская область,1217,361,9,44,131,42,345,50,27,414,554,583,30
HUy3PAnph5bvQwocr3bYGgZYKwApMVrHoDSBiTHvELp,12,Республика Марий Эл,718,75,1,11,43,4,221,15,14,114,273,289,14
Ay69HAYkSGhpgjJK67jrKamWZgegCjUtumH3wynZwE6T,45,Курганская область,934,346,9,49,123,18,263,50,28,448,229,279,39
FcP24ZJFuRJW9HeiHwQD9uHHJWUkfgvnaDhR7MH53r9g,10,Республика Карелия,3084,844,27,339,1202,54,823,194,93,1196,1,567,62
AXNFA8JgtQ7vkknJcC9eV6TXkFNBfdQaGAbSx6SvrSbs,44,Костромская область,965,259,6,47,83,13,262,37,27,373,139,173,31
rtibXYCd7oEGwtsRNm3rVRdyWhZtyai8bVT1XtS7UZv,10,Республика Карелия,216,102,1,26,83,3,90,15,3,109,491,511,21
AhaGshaJzciYVxoxtW5mTgDaTWF5Bbghqxrs7uiZrgGE,12,Республика Марий Эл,1571,167,6,29,46,7,507,24,36,202,465,488,20
3Vu4sj8exKz6sX6qK7XFE3dWwzBUPuKuAB3nQdtoGnd7,90,Пермский край,420,159,3,22,75,12,158,31,15,239,1801,1835,31
ERAT8H9ikPXJwhdZG8bfi7XBDB42XauemeQ9xJehSLNw,40,Калужская область,933,219,7,37,104,14,230,46,20,288,1301,1332,32
DJY69nEPVppvBUdcVUhLi8zhP7na971bLLVpB68nGguQ,48,Липецкая область,243,76,1,5,20,3,83,9,7,93,1101,1122,20
3cQhCvkiLnmMTUCr2JtBQkYKihvQRWXaYq9KrApxdEXq,22,Алтайский край,1205,257,7,19,111,5,291,37,33,257,664,683,16
33HU5y8LX33taRjTEexQUiGrbXv9kdSr5tY7xQ96mUqz,93,Республика Крым,2604,365,19,94,120,40,382,63,45,618,1157,1206,50
GgAypV4jVfSQWEzUQVfRTUMob9y42c7EGAijZp4zH5Li,54,Новосибирская область,797,212,7,35,55,14,240,25,35,295,949,1010,41
Eb1u85om95Lhs2U4gAD1pU34AjszeqaJCsyPc6m5ArWW,67,Смоленская область,2443,430,18,87,282,37,448,87,54,730,755,793,36
GY2vX1zVSCBWzBS7EAECc8PGXiqeSESDnqW2sGW1EwYk,74,Челябинская область,493,89,3,17,168,5,139,20,18,159,1066,2293,45
5dAaDP4qsBaWcD7QAGfuuXxbw1UdeovwK3EReDFx8H45,70,Томская область,1657,314,7,43,129,17,280,49,34,431,350,361,12
DfxLAk64egxT8KxCkyiZXJZxHH1yZmcb4vTNtiQp1sJ,54,Новосибирская область,860,270,5,37,60,6,210,30,17,314,1204,1258,43
Ev5Qobw3HSSZKnvHsCvSReSMMv4WKyf7ryzyTpBm98nB,51,Мурманская область,1119,352,9,42,147,21,323,73,30,451,212,424,23
FmDztF1Pv2ypLDhV7Aci6fmbWDxP729duhe3Ngat76JF,40,Калужская область,386,96,5,17,20,3,154,15,14,134,1401,1415,15
QaSq5rdPFdNTwNj93M2XTtfDHq6CFwaQpsVX5yMdego,29,Архангельская область,723,307,9,35,95,9,217,136,21,281,564,577,14
6zqWpVA85iycmmaKt8gBEVWVisBvawBKSAZNvTQEYnEf,67,Смоленская область,861,120,0,13,39,3,95,12,13,134,263,283,13
6Lf8dDMBANnP79E1hT1HT3yXj5L3Curt9LYsPw14KUeg,61,Ростовская область,705,95,5,11,36,14,142,21,20,153,405,428,24
7z1eA5sJDwndgAUbpUVHBV5vP7MaYgnh8wrdD3bZfJ4,18,Удмуртская Республика,819,169,5,29,70,18,256,21,11,339,2101,2133,33
HizpkH6ddhK1bDSdzyNDJouN6XxsaV6Emc2geFYeKBnc,50,Московская область,722,178,4,22,50,10,154,27,26,177,3366,3380,15
FAKkHu9ogX4tgTL7UX77UsvALZMZTBjHjNuy5DQbwFs2,50,Московская область,1070,198,11,38,162,20,199,31,26,242,89,97,9
B9nAw7Jc3av5yLcG8Dsuf5nSWSqCt2qt7KmZ93MyMacd,67,Смоленская область,537,81,3,15,37,12,73,10,7,108,285,301,10
86Tz1ngs2b5UXj629GLjmgPxuYV43CQRoNk6zLWSzsn7,61,Ростовская область,220,22,3,2,9,4,30,2,2,29,2135,2147,12
Dz9Rfqc63EKbDMQFsfNRsPX2R4stWTpkvVQiQjnGhTVN,90,Пермский край,183,70,4,4,20,8,74,13,5,62,4501,4505,5
HpQ7gaSZVghvJxecevLb6iRfRrmMhTbA5H3SKE2Jay8k,54,Новосибирская область,600,115,11,16,54,4,180,12,17,209,912,947,33
2JFKx95ttutakCk6BVNbCvmJMi1444YGciKxaVN2HN3c,10,Республика Карелия,177,89,3,17,87,7,58,7,2,114,396,416,19
BEb6K9QE2norRod6CGqXZWYH1hLM4Mgnr3nkVxNb3Z3j,51,Мурманская область,195,77,5,12,47,3,59,16,8,73,400,405,6
GKYoBVaMr3bEiS2uiMnY7WURBqj2M13jMdFAgSFWaCN1,35,Вологодская область,200,73,2,6,22,4,144,16,9,100,471,491,18
8Xj8yw3kMTcHWmsX5hXcxpgDsYtNn4SXt3koPAd39nZ7,45,Курганская область,138,53,1,12,10,3,51,5,13,50,499,524,21
9TnzcXWaj6YiRdVLshbta36kZbz9eQNoyGd2DtTKvJ82,49,Магаданская область,102,20,2,5,17,3,29,6,13,27,64,69,4
7DSq5L5HEsG1LqB8NjfESoqh6qSeA87upa9nKfWjcExi,22,Алтайский край,636,113,2,13,43,4,150,13,8,151,1397,1411,15
DR5QSVdZN95pX2dbSoh6WTksT38Z7bNnm3QFdEMg6Xxt,44,Костромская область,297,86,5,14,31,2,70,15,2,107,286,306,17
iqRTLoXHec79u3m829Y8WjRE619esc6GGiqQbnvgrrD,90,Пермский край,135,61,3,3,31,1,69,8,8,85,1101,1116,15
FPsjBS9jU64nbFjD7zYvMyrT8hFaUc2Jsg3b8UFCgsKW,44,Костромская область,95,49,1,7,22,4,62,8,1,45,15,36,16
6DBStcMTjKNncX8wTXv3gkDV12rG2tkHtMeu6Uzm8G5c,90,Пермский край,272,130,5,22,31,7,117,11,16,173,1201,1228,27
74GZQgEcYcsHiCSrtiGnySetAesjZs4RxJkqW7deG4dg,40,Калужская область,385,114,4,12,52,7,111,13,10,140,2801,2816,16
8NQgF7BH8jvZF6Dt1SdK1j1GBjMjwQfzSo5JBYPVcAjy,52,Нижегородская область,167,55,1,3,22,2,60,4,3,56,292,307,16
5JRJNo2eUBSmeoX2PCeqgNVzsL2STWcHrYdSGuh3nLvK,52,Нижегородская область,117,31,0,5,12,2,37,4,2,36,238,241,4
Cc48EgjTFXb54Rhbs9Neq1HTQhuBjY8EXNRcdTsrzqDP,49,Магаданская область,37,19,0,3,3,0,9,4,3,10,55,57,3
6pSK1eXtMZpCsvqDDvRiP82kaRDsRMC6t17qfrJZA8Nw,74,Челябинская область,913,249,10,25,183,15,235,40,44,319,1490,1542,43
5u5GsHFnkgRpisWUUaK8Z1SiaUBSd51YpMxJnrugjH6R,66,Свердловская область,1125,246,11,39,132,14,251,46,28,301,550,600,43
EXGsKAMEgg6W4z26SSuszuqdU5z1XLrTVFRyo9xtDYWb,66,Свердловская область,2371,607,21,124,344,26,597,95,64,811,1988,2029,39
AcZTtJLggZFcF1vxUcTQZqGKqK17MNXFJvkFuHPKo7eU,66,Свердловская область,1141,234,5,56,104,19,240,27,34,441,398,431,30
GrjCMhEdokc9aAG62FvhZfFHe3DmiPyoUCffuK19qu9u,90,Пермский край,313,153,3,10,48,1,122,18,10,140,2501,2513,13
3mswDuRtDUZZSJbBYovT6jirkgLuq1EyphcRMZek1cxY,22,Алтайский край,1375,353,6,37,128,20,326,51,43,429,1,14,14
Hzj3rt89J8a9S3Wrqoc2UNERAUt97pyhM7kHWS3Sthq,22,Алтайский край,544,173,7,21,56,8,205,14,28,185,1413,1439,27
EovzovcfRWMfp9GfZ3H3RUSdmZnVaigzhB5ujTwRd7k7,2,Республика Алтай,4172,735,20,142,297,53,1042,105,139,957,1,23,23
BfRXpRxGGsvszQfgdQMcTwynAzeY2Qt4L8gNdLxkzF2c,54,Новосибирская область,1818,492,9,78,196,23,432,54,38,519,1374,1407,31
GxQr4rcHVbaJCHPm1umr6uXsddGNGWR7nsVwrAXNN3s1,74,Челябинская область,920,320,11,44,279,14,290,61,35,474,829,2290,53
Gd3yjhhwuJYJa5hZZTsQ7RBMEW42ddRdpYQyaAgRVo5K,54,Новосибирская область,1916,313,18,113,211,35,420,90,48,570,793,2082,20
CC1YCBezoybVQueyV783wKcsXj2ASzBHPpiDJdXeSDFr,66,Свердловская область,101,26,0,5,4,3,19,2,8,29,333,337,4
DdQZRb433tYRxgPv2huAFgnKqpbbxy75FgzgKCJfuxja,66,Свердловская область,496,137,3,22,33,6,214,12,19,187,460,510,42
7ttoDjiUfHgbToNaTGjG1FxzzRkT7C3uLCttuHZtadJC,2,Республика Алтай,671,163,4,20,56,5,177,12,22,150,181,201,21
5HnKWEb4nbxpbZZhJAAyoaVqU2QQdPj1z5BNrPRgzvXW,45,Курганская область,235,76,3,7,18,3,55,8,9,91,446,477,20
3RwShffgAr6h4pW7LwQ4oto96kAWj2DkQGqt5rZ9AkmL,22,Алтайский край,1211,222,4,19,129,7,324,37,35,319,763,777,15
9sgX8k5HHshqpDmz3hDbyM9G9BECxr4SS6bGgbzRvoNY,22,Алтайский край,2507,383,7,72,216,21,514,62,64,685,898,938,40
FCGR3RacxK7dzunzHy2Dpi4oLPzNMTxGt9VPBFDKn1dm,74,Челябинская область,424,126,3,12,83,5,107,27,15,205,1719,2240,28
5zPXrZmkA5NcKpsCWLzHMG5AJfJwrV3JJCWHN6xCddJH,66,Свердловская область,445,89,2,9,48,6,107,10,11,130,697,722,21
5v2SrJtaBDxAuY94fA9rzZELRjSG87MTCRUuoYNHKTmk,54,Новосибирская область,4290,946,32,156,559,60,920,138,97,1301,1327,2064,52
52wCnzXT81JucuLooJQ4Ti1eUSGo6DsdgY2cqdkFADog,66,Свердловская область,78,8,0,2,11,2,6,1,0,17,2604,2604,1
JEDwLrLLqb8YxdfyrUgbfTGRjeg9FtZwdAcZdpEs1Kjq,54,Новосибирская область,3980,565,18,79,370,28,675,77,94,764,567,620,51
6mV63hjUMQFYAfLbj4drczGaB8YyaMFqcc2AArPaSUZy,45,Курганская область,229,89,3,7,30,9,65,6,9,98,717,755,24
d2qK2bfvhd5MEVEmjJbYhtU6NtVh6UD3Nup52BtYPo9,22,Алтайский край,445,88,0,16,51,2,133,13,15,116,1818,1831,14
6AimbinzYEF6mA3eYsiV4uQBqDfv1hwYCbQoMKJ8gg8m,54,Новосибирская область,467,137,3,9,27,6,135,25,17,141,1295,1325,27
4JXvp6HpLzJyTBAXHgXZRfbpEa2pQcMzUXrPAbSSER4z,66,Свердловская область,485,116,7,20,46,9,224,14,21,230,97,148,36
CktmHcetuj4LtzWQQeMq5r9pxBmtMAyZRtKc4VmWd6UM,45,Курганская область,174,70,1,4,26,4,33,9,6,57,414,445,22
7wB9Ejd8gDWR6Ne9HiHGXeRucTVgZxvG4nUvcxUNQoQK,93,Республика Крым,1304,215,16,62,58,21,226,45,29,353,810,869,60
HZbtZTbhwE3Y6pTEDp6tndB3KhcxLhdmrGNx8LgAdYS5,50,Московская область,21925,3768,172,1022,1691,366,3985,1018,447,5698,693,3992,175
8zSdbXWZj5FAMJdUtszuBT7TY2CisqH9JziFwWAfGxMT,61,Ростовская область,4623,1177,53,291,496,139,1408,276,160,1663,2477,2616,102
BjgKsUEHAXxxxbB5EThNUxCqKzLqWWPeBhnbFVSp9Yev,50,Московская область,7212,1658,70,324,804,139,1883,420,226,2359,937,2097,120
GQZxX5rSgHL6YSqhJjxtsbhvdv4T1AQuNiEs9qFQz9Qv,51,Мурманская область,7210,2151,86,515,1381,156,1927,550,206,2913,1,162,137
7qEia2rw2UyFSvYYVpNx88bkb9pt8uwnWYrtYuiXvxaS,52,Нижегородская область,1203,364,14,62,211,23,499,60,47,500,161,197,37
4s1WwaCkXLJSN5ZLYjSXpDqpv3QAdTwW8caGghtnHGK7,61,Ростовская область,2538,459,17,84,171,76,473,70,66,574,1273,2620,85
CxyCbSe8uqX3tJw8XrCHmYTtZF8b8fwgRAAteUfiDNM,21,Чувашская Республика - Чувашия,1881,221,6,23,140,5,289,29,31,328,1501,1529,29
Bv3qXvTWYsuRWEjs1gzjTwd19TNUzxqgNw9nyaJazZSm,76,Ярославская область,1853,268,17,115,290,37,418,86,16,598,1901,1927,27
FHceKsn7UTZSYMNatDyv4QzyxqDNfYbHsyLhLpHbs6EX,50,Московская область,5792,1405,40,258,586,114,1192,271,139,1446,853,3660,85
7hzzqDvbt9xmg2ezwGZDAn88BWaCZyGcyqpZ2YX7Z3x2,53,Новгородская область,2681,557,17,111,276,29,472,142,68,799,1201,1241,41
GvvaaruuNpmds5zvrRbiKrRmC71mQL27vffjtegwCnTg,53,Новгородская область,1268,320,13,72,122,25,226,87,47,369,301,327,27
71YSq66NyTw6zRcyxWA8q65eH3RtwSUfTUfZVbuENBhs,76,Ярославская область,269,67,1,9,97,3,53,4,12,67,201,221,19
4mbdvGZV75VzVgSiyCL479yfFBpJjia7J1rv4K9wNor5,76,Ярославская область,286,60,0,9,28,1,65,4,6,66,601,621,21
A82mz2sSzTApDzdsXazCKXe8YWyvjdmcH11xdgxnuvC6,35,Вологодская область,714,349,5,35,131,19,361,71,36,407,204,246,40
3aAmrBeDVqQYjeWXCtBhmNvfzbWFMxiNZQmcn5FUF7Jx,31,Белгородская область,5699,2027,75,279,1130,134,1922,493,243,2450,233,1269,98
AT5gw6m8isCCqzifu8Q5pUs2dwR6SbFdKZKYmTJxWUE3,33,Владимирская область,4469,1251,30,238,485,97,1173,188,138,1362,854,937,84
6yzEmYcGns2pSPDc2addbL33ALQpNp9unmoYEBxtE9aJ,33,Владимирская область,2538,678,20,156,247,49,746,119,51,985,454,493,39
3ncziDWH3JT9mhyW67RtYUHXBuHeG9n7FY6J9GcpFWLP,12,Республика Марий Эл,1876,121,5,25,52,4,664,27,45,201,379,412,28
CGhyABuzUnZerxhbyGCcx2Xbd9Q6dW7U1LoMHHRZTFi1,11,Республика Коми,1187,273,3,57,131,12,404,58,33,321,569,594,26
5VNN6vUJTzmfjSt74BgfEd4jVfptXVUGyj9L9csSoKbV,53,Новгородская область,556,118,3,21,32,8,92,25,17,98,1701,1714,14
CtzZ67vC5PxwvvM64BXep8NsuhxiUXx7Msto3JJuJdWE,76,Ярославская область,822,149,6,24,168,8,169,35,13,229,401,425,25
5qbNsPWGHArGKpQa5cfediWKZdKg7337pi9WfmpyFS83,39,Калининградская область,1043,247,9,51,92,14,232,47,30,280,563,578,16
4HmW1sFQZwxzkCNBcae6jDt7m46HRKYr6vRyhqdKeQya,10,Республика Карелия,187,75,2,11,117,2,83,12,6,88,271,284,12
BZEAriEA53ZMjB64P7tkNc99xyeuntysR6raVrAYfADU,61,Ростовская область,2303,604,25,99,191,66,591,88,68,638,268,340,70
4cB23DJ3VAnTN1BbcjAyArHT6mFMVsUdTFhSDz8oBxaL,61,Ростовская область,1911,398,12,52,128,38,368,53,62,522,1504,1564,44
BJkLiWpEUJSte6DkvrdP7DydFtutqXpDtehyxxaqPGyc,50,Московская область,2462,401,16,94,213,48,460,96,48,578,1425,3824,23
HDufBXo3gaZbxkq98y4Hhga1GRCVj6uJRG59PkaFVmXK,48,Липецкая область,844,242,6,34,74,21,279,42,31,276,1801,1841,39
D2irD6UUU7ovEAALiAQjmjkxPRw3iQPgJLLKhdB9LaYx,53,Новгородская область,352,64,3,10,35,6,93,14,15,97,501,519,19
2E3JrCcRQWpD3eHr8tk2AQgKDkzpzaPju7DUG9gu6NFW,12,Республика Марий Эл,1064,72,0,10,21,5,296,18,11,124,449,464,16
33XsGbR9r81qHPC6CVu3cRgfJmw2e6R45Ph1D4QoTC2F,61,Ростовская область,1244,231,14,56,70,29,318,57,48,348,1248,1455,27
Ag3FJcAek8fSiUKC3tJ7QNyfQPwJXkLWotwRfDB7eA7V,61,Ростовская область,1144,164,7,22,81,16,243,42,33,192,192,215,24
5Vw418sSeA3CoRdAia99v6nPs4tCC8zSjbU8jwCpDLMH,18,Удмуртская Республика,675,126,7,19,38,11,159,16,16,188,1401,1421,21
6kU5awexJtMteTCqJ5wKku3oLFz113ozkKBjuhY9KKe8,50,Московская область,809,95,8,26,62,20,142,36,18,187,3227,3239,13
3vynZPM9Py3KvYkC2qxBbyuxqxEsXTRWZpZN4xVrdBxb,31,Белгородская область,1784,628,9,70,200,27,519,93,73,545,347,1243,62
6QjuMVvXmaPfKsaCbDi1m2BNMqJKdGjdbk8J5YA4sh5s,52,Нижегородская область,510,157,4,13,50,9,169,16,9,235,2005,2041,33
6fa7xmpBZ9RK719Tpc45jXCfT6rzCdxxS5uoGJHXPTqv,18,Удмуртская Республика,433,57,2,12,27,2,64,7,6,112,2801,2817,17
Xb2XdAPxjjupmqDdsNqhLRN1LAuy19zSZ8yjMgjk4Vg,12,Республика Марий Эл,600,65,0,6,27,4,200,6,20,57,512,524,13
DTDDUJJDPHaT8NRyrtNFwRcn8QbCkHi4npLAYAMKXyxJ,18,Удмуртская Республика,1345,206,9,24,57,4,237,40,33,269,2601,2633,33
CbLhNXy7jSK2ExhFMRZBnRTXDCdHFtF32QXedoF8BTzT,44,Костромская область,109,62,1,5,8,3,42,4,5,67,485,499,11
5iHc1QWUWWiGr8DMxDcnYkkCh79jTFzPk7vWTgmn3VKW,67,Смоленская область,976,201,1,24,51,3,116,23,26,136,167,187,18
CczHooScMV3aBZfV1tkTd7svhMyQ9a5dr9iuWuVYgEQb,52,Нижегородская область,398,58,2,5,34,6,72,14,17,97,1517,1525,9
6mRtbg4XRV1gVvUdmUdDzRRap4TtDUKt2C3bNxzmryRK,52,Нижегородская область,354,58,3,14,30,1,86,9,12,113,437,459,22
HNsChkM9EAC8VMtMTxDD9RicJwjBdU1wMi4M9yjD6LA2,52,Нижегородская область,202,58,2,3,27,3,79,8,11,79,1805,1839,34
6sMsSjmc1u1hejwqKyZMT176ERwyaHKkBWZFoHXsakRc,70,Томская область,1067,300,5,24,101,10,206,14,28,391,257,296,40
4vk3jN3yquN6cFtsqs4XVkPXMFpGEutWDQ5ix3HJ6zEZ,22,Алтайский край,4932,897,48,238,662,48,1130,188,117,1656,16,55,38
99KtqWtW5JkneBjzfe5DLgSYqrfBhYtLEzZUSB3Wgrc1,22,Алтайский край,1025,265,1,20,80,13,183,17,19,210,1609,1634,24
nduHj3VhNsXjjRzivBnF1NFcofBGkkUoZzVFrm915Ya,54,Новосибирская область,4885,1141,51,260,482,80,1426,256,124,1781,1648,2071,71
9i4vEdQiUAJEaxt57LetTziQn3rJrYnRy3Jy3fNQyULr,22,Алтайский край,922,170,2,22,85,11,290,23,31,183,724,741,18
GAm4ni4HRTy9j8esyw5fQ9FFPGWX2HgjPjvN2XxrjLGw,70,Томская область,452,126,2,12,53,3,90,17,21,149,697,721,25
DrpoP9BQ7wnD4VGWAnDJLYAbmqz2LqPHH5PHscESpG3K,70,Томская область,3792,521,36,171,871,50,873,141,82,1278,42,95,41
9EcXYEPSg5g7veDthTh4Z58HRHJSQMoiMa6GQRHi5WT9,22,Алтайский край,583,113,6,16,43,2,180,19,23,133,1737,1752,16
5jdqQjKeE7Tqwo9wyCUrxWtUpawp89Rp9LvPByeHYCwE,2,Республика Алтай,1079,47,3,8,32,2,249,9,17,84,114,125,12
HYx6EqbxR1VzkhuvfMBeuePyAreKu16VTPyEfG63j3cb,22,Алтайский край,1043,183,5,14,85,6,247,27,29,202,1164,1177,14
877J6srpvcUvJhrmvhuESahsq8rxS1DtYLu7LPfXYjMn,22,Алтайский край,861,163,3,20,105,8,169,16,32,253,841,858,16
3y2jj4fDm2zCvk7wZ4A1Ts9yjniJ2fcJbJEc44mWHDMe,22,Алтайский край,846,125,4,14,59,5,119,32,17,147,884,897,14
2V8q3LAJqY6cYzCSAkhyeSomQGqEaA9KQtGjjWWRs537,2,Республика Алтай,1101,84,7,15,34,5,347,12,22,148,71,96,26
FxfpFTcRpYMpqpQ39Jg1S7CMfAuCvuuLrFxJssq2kxRb,22,Алтайский край,478,92,2,7,82,3,118,6,10,120,693,710,18
2khdyKYY8fJpvL8zGM8aqxgKhSKRGLR29LpRViWCaPsQ,70,Томская область,376,117,2,9,52,3,113,6,15,146,574,603,30
ABzwLzuWzLnV6qQojZzVseSwcUWKcDSZbvCGUP7wCEwU,31,Белгородская область,3388,789,36,106,591,77,888,136,132,1015,50,611,93
736CuKCnW7s67uv3nuqiqrwpQpmgqNtrz3wg3XjXpVyw,48,Липецкая область,7932,1759,61,348,793,127,2486,343,220,2435,2401,2463,63
CJB7B7WLKBdojGcqK2KNJ1Zw4CnBEWNNbT2w1AXxSVDH,61,Ростовская область,4114,1295,37,219,342,776,1252,178,119,1470,429,481,53
GivH1cSPcjA5uk7GpufVWB7hm5MStxh7KXUPqsjq8N4d,93,Республика Крым,514,86,11,15,36,5,96,13,16,170,1019,1049,31
2b6sN9wrJwX4Bg57Pp7QDnsT5m8Wt8U1C95nKwaowrRc,50,Московская область,4885,1296,41,275,485,153,1330,330,138,1647,654,4137,84
BqnrxBwEEFwSptnU53uvrtWVZ3MQRT6Dfp1nUCW2iP73,61,Ростовская область,6610,1525,86,445,580,188,1755,248,171,2420,1097,2626,63
9MdhBdDVVcFtqVH6iB1SXKvnXcbEyPyi8mcAJKE2nZhx,10,Республика Карелия,2900,802,23,332,1369,66,792,179,85,1161,63,127,64
8tSoV2SPD36A1kk2gPGBRCf8QpLJPgAxnMypStpAmRF3,61,Ростовская область,3880,810,38,182,294,115,947,151,100,1246,127,2624,70
6LjNbs2F1w5AouRq7NzQt2NTXe8K722gTsesvDR5ALwt,44,Костромская область,5391,1033,49,262,482,82,1228,249,106,1809,205,285,51
EGx6kLJrRS815uQJCAvFxN38D4ZD8jcwLXELaE31vA4N,29,Архангельская область,3096,1022,35,139,662,35,786,375,78,1059,128,156,25
A1yBnEhEsED3bHxLFDud4mZrRo2F4wE5uT1rDmmVui3V,29,Архангельская область,2756,1030,42,122,334,39,762,228,61,959,786,862,38
64VV5AmBx4q2UdyrSU5GC8jTD8rUgGyLfyXmKH9gGQVp,44,Костромская область,318,90,2,11,36,5,79,6,8,128,102,132,11
CDBE48mkzSbUYPRBKyi7DinZJD7QVxKjm5kTLfVTVA7u,18,Удмуртская Республика,4246,1043,28,182,436,42,1027,157,84,1382,201,249,48
FW7RusrsGNeJTYSuUpfHHLNCnz3yYXLc3NWWdJKAxcMX,12,Республика Марий Эл,4819,792,27,145,303,34,1962,140,172,983,327,378,50
8KxQ9Wk5Gu9qvn6rif5d7J7tqKP2n2QFvNgLpjD9Vwq4,90,Пермский край,2596,1128,35,170,447,62,1092,234,79,1333,301,3919,71
2qUQ1ARdNiCfVh3bFPxNHK8pNemNUwJuo12hHFHQpnKr,76,Ярославская область,2263,640,14,164,663,44,795,103,62,958,2501,2553,53
2yfLoTPT3gVhPMEhzDEPqzm18MrV3fZczWFvnjoBniPm,12,Республика Марий Эл,3020,245,16,66,169,16,758,72,58,445,117,146,24
7VYkjgApcsMeV63ncNrovncRT6eu8UiP4j3zTohQTz62,44,Костромская область,532,138,4,11,43,4,215,13,14,178,365,395,28
2tKCjByeKdsxmnMv95gjCDJWLTeWjrG1ZQGWJBUh9JAC,18,Удмуртская Республика,2301,426,9,60,139,33,588,81,50,512,801,822,22
8b6Xdrp1WmaGW6RDwzuEKvjGgRbzvvzp19FoQCLJuHm9,40,Калужская область,1763,363,11,66,165,35,319,67,29,528,1601,1636,36
3omjo51TQiYB33dGjJr9b8hSjMtH7CPt4oMLaf1LvvE3,52,Нижегородская область,2179,595,19,95,266,54,645,110,63,861,312,401,88
MvZAHky1J2Fxs2h8Q1Fve66Dovq3p4PN3yuaZgLQCXa,18,Удмуртская Республика,3717,769,14,149,252,57,750,118,78,1023,901,953,53
8s246iX2QaGZgx6uFh3JXQzaEHwMmmTubo1t79FQ5S9m,61,Ростовская область,1334,278,4,38,83,24,256,38,41,243,819,866,43
HhVJWq4HLrrQchDYfBWsyqLnBFG9q2QK3fJaozYwvZFF,61,Ростовская область,475,55,1,5,17,7,83,8,7,65,341,364,20
55X5VPwFxYwstx8743TWEPuHdGxt7YstuenxCwANDDZ2,53,Новгородская область,683,182,5,13,81,5,148,22,17,159,601,614,14
X6t3TEhbEMf2pMNwyChwSLqp3B64jMYhc7vP2QNR3j2,45,Курганская область,273,106,2,16,32,7,79,9,9,172,601,649,44
FR2n1mrANJrgumzRNo6j3cpdv3hw4dyNWUMcV9ztMQ1G,51,Мурманская область,676,160,4,23,74,6,128,28,10,158,279,290,12
31TFGNJ94kn1RD1CKEJMhUvfX97ZmkfFYxF6abjPf74P,90,Пермский край,1701,680,21,108,325,27,666,160,73,936,3426,3472,40
2U5AgN1j2Ne8sjawFaDzJStRFsafjjThXbKMiF27kH36,44,Костромская область,216,60,2,7,23,4,53,9,6,100,308,334,18
9Hq1zaHmijj4HTjV9uBKCUfhrdJLthowcey65cGQGSx7,10,Республика Карелия,142,73,3,10,96,2,51,11,5,80,321,335,12
8MamUS3po6BbhHKKgsvENY21G6Xo9qSiaSDAgFVpzAHv,10,Республика Карелия,513,165,7,34,158,11,148,26,18,193,131,151,21
ELFWL67YtHZ6ycLoiBeuJ3ebmDcTtqjLrVp1DRzem4Yt,33,Владимирская область,538,149,1,25,66,19,151,23,17,195,503,542,40
CzmJzK4siNVMZjokWR8NaczCe7vzJ5p16aMGQFnjAvey,48,Липецкая область,376,78,2,8,24,3,98,9,13,135,1701,1729,29
6EwHVK9iWpUrqdzphmJu1AZFDyKXzbygPfKviCSpyG8s,90,Пермский край,680,261,12,28,103,7,302,55,31,359,4301,4342,41
AiDVHtb6tWRRoj8VRrNPGgHjE46tE9iTNRVrnM2tEX1f,61,Ростовская область,1852,405,16,78,165,34,457,77,65,516,951,1028,65
6odogAsLDp8ZQjcryUFbp9DUGVqAbfKucsPZq98Ptfhm,31,Белгородская область,436,168,6,18,65,8,187,30,18,185,754,770,15
HRzn9cohmX3sWa9NdrGd6q5UsnWFyYoSfED2aLZNfrAB,33,Владимирская область,335,79,3,14,44,7,99,16,6,112,496,501,6
GoaN51n9oyzvt8qnFky36hReYEuaqGLE1E8tAssRteAH,29,Архангельская область,489,159,1,21,70,4,116,46,15,162,278,300,18
7ze6N45YvKTkEZ9GwfrNi5v16uJZHik2MUmcnnSm5k3o,90,Пермский край,487,166,5,12,44,5,171,32,21,146,1401,1419,19
HWpFcGLrusCEexSNW6kVt6qBmCXabTgR7r61baSXMiqc,31,Белгородская область,591,257,5,29,107,18,230,43,29,253,483,518,33
DdfmCEecBVcCsmYb6GjVTvPEqiSQsnjxzNFTT5Na1Ruk,66,Свердловская область,1019,225,9,30,229,11,244,30,27,418,754,787,32
DQEKV6aB75ZFK2Pgm8Nnga1zmqyNYwQPiR5Dc73Q1VT8,40,Калужская область,494,121,0,16,47,9,103,25,28,147,501,516,16
9MepxbuSpMXS59oPRUZkrtYwTdTmvc4X5oDR3HQX2M5t,60,Псковская область,400,82,4,10,30,3,83,8,8,85,331,345,15
6pdpA7zrmELgVfWWyjRPqQnMaJ64nTuJb2MHoBoAg52X,61,Ростовская область,127,27,1,1,8,3,42,0,5,24,1506,1516,8
3pUVDZBqTphKdqNxsseLfdcoygcSuASniD6BxnW6wv9j,53,Новгородская область,214,50,3,6,21,4,49,11,5,45,1001,1013,13
FFEiHhj5kN3rCeFeudKf5mPa9suigidF6LnAVu9ii1bW,18,Удмуртская Республика,327,60,2,8,25,5,73,3,6,96,3201,3223,23
DHWZjrAoDePsmuUmhsDnz5WtJGTJX5mzAQnszwDH5CJK,40,Калужская область,516,154,1,20,52,4,125,23,15,179,601,616,16
G6s7Krie6KDrCBHhKtTaQ1PMfzZgBDmkdm7g4UWo353G,35,Вологодская область,134,62,1,7,33,2,104,15,14,81,180,203,19
3cTrqw4HmYCKuqZM9Nvufdd4Taso2CXZpuG293z9KN1M,66,Свердловская область,121,35,1,0,10,0,41,2,6,27,2588,2600,3
7uAKW76nKjgjJE7dEo41Rarar9t2WBsLhNkJg8mY3Fop,44,Костромская область,48,27,1,0,12,2,12,1,1,23,412,420,6
2hLUA2zW6KPtyErU7BJjDAKref5z3eFuf1hyx6y3Lh4q,74,Челябинская область,595,173,3,25,159,7,267,32,25,301,1,2221,53
6ScKtzdQVFh5kVVdwJ9BTucnakz1i2pyTdHHhrdENrQr,31,Белгородская область,2693,356,10,39,151,21,379,74,55,426,771,818,47
FrnqtogM4MEm2vqFZhbaDEkhDrQvJKkZU5PhKG1bxFa7,21,Чувашская Республика - Чувашия,14754,2081,80,526,1538,87,2661,391,242,3496,2001,2074,74
CDaRjCnqder5KJhseBNWXbnD325Lod3UxXhgzwaZ2v9E,48,Липецкая область,3715,785,25,197,395,49,1177,167,107,1329,2301,2334,34
CNEk8htpmSf7nnqMDuETzhFCPkFMZbc2io2hVXaxxf91,50,Московская область,3193,731,29,158,351,64,855,177,94,1102,492,4200,64
5uVQFx6dZhfQwoQjugbL3qn4UuJnXcqvTYfcRyxPAFGd,66,Свердловская область,5167,1154,74,336,809,101,1474,244,135,2076,1542,1582,41
Ciw3peZD6jGs3vsxkbwrUrhfkWsJsjJ7KzYxzz8Q1km7,67,Смоленская область,1008,135,1,13,63,4,88,13,11,89,740,753,9
5Q19fwsPSSZZBNqQmH93xABexUZAsDs2K3cQpM6CvwM6,67,Смоленская область,3518,864,16,153,332,56,662,160,93,956,344,390,45
24Wtj2qnrJnf7H5ZfLFy3eW2n8sZhMsLq3N7iojFNXLA,53,Новгородская область,2048,478,20,84,293,34,555,108,84,665,201,254,54
AQywawY2pBqpeYpDpase1rLWCQpaN2uTNLGPsnjmiEbu,93,Республика Крым,544,80,2,25,32,10,74,9,12,130,1210,1241,32
BCCgNGQRm3CXUiNtZ8Q4r2cf4jZT1VBZXGvVUjta44jh,61,Ростовская область,2036,588,22,106,203,58,640,111,91,816,2039,2095,49
AZVBK7Vi8TZMTwwh86fw3DZ5rtbtFKRUziRpdLb64Hx5,48,Липецкая область,530,153,3,20,42,2,138,21,15,164,2001,2031,28
75gbBHbNbCWyR54VMGCQhnZYDhcack9KYfDcTytYumaa,67,Смоленская область,689,103,2,10,87,4,77,19,17,129,1,11,10
8tpuBZJeVuLL3dNExeG6EjWF6opVjstuFBjhbcTEELmX,50,Московская область,10556,1945,98,609,940,213,2325,549,234,3372,657,4075,130
383g3PP7xLuhSLwAiPnZwUUQ5xRJnpYViEF29YaCsWSd,22,Алтайский край,7538,1235,59,341,708,65,1600,294,182,2028,247,294,48
4efxgLmwV3FuQ3eMPRfe5FWqrD2UDyjeeqcwYrHhu72p,50,Московская область,3527,508,34,130,237,48,689,139,65,846,3118,3142,25
FWKYNYKeLU77gRnu61HKTUL7cjcvtbk16JWYUgMvn9kR,93,Республика Крым,1167,212,3,50,71,21,222,43,19,279,57,73,17
GF5jJkJiii9A9wWs6u9wVK4BXLLgWMpqufwfFSPMiRpM,52,Нижегородская область,2734,626,15,163,363,64,782,138,58,1015,2469,2527,59
DBeiFCwinmKRhXJ5pToqS373CYUcaqxojwLW68iBct1n,61,Ростовская область,1250,424,10,57,155,35,431,71,42,497,513,549,36
DDaS8FcucP9S7r5Tb3w5U35xDf9sUVftDvbcLHrGmodG,50,Московская область,7426,1293,55,252,614,135,1394,335,160,1728,1742,4142,101
7yZn89auUejmbMhbCtY1QQtRrv3jRfvdZUR5Cy9aw9NS,67,Смоленская область,6416,974,60,312,647,114,1330,317,140,2310,520,562,38
574RUoDbbU1ANeHvtruwKCF4xq9wchEodFiK1T6kJKvx,52,Нижегородская область,342,98,4,8,33,9,104,10,11,99,1408,1434,20
7pCe4Gybo5af4mjMB6it5JmiPriy1RiiCpsXDxZzUqgy,61,Ростовская область,944,202,5,25,47,70,194,32,25,187,482,512,31
B98oMSfnkXMtKL7hk89mZFNK7HAy4pZZ87awBoAnD76p,48,Липецкая область,584,129,5,13,52,10,174,22,27,205,401,442,42
B24oeYY52iEGTmEDDuLoEpMUqtwymoCSQYWNG7Zg3wNk,50,Московская область,7936,1701,75,485,999,186,2042,456,186,2900,1047,3785,90
9r1xwYznbY97R76FpcEMmgnfdwDCLMLHhifxhUHR3Mif,61,Ростовская область,2075,478,18,124,208,31,607,99,72,744,1,45,45
GsQnToBiRFFCv5CWEM4R8wfdz8Hr3scBZ7eXnxACYh9k,52,Нижегородская область,1394,358,16,54,189,32,457,68,43,432,1442,1505,44
7dpbqVxkeLC59XY1GxKjseoSn15XytgxTixQn75trLbz,93,Республика Крым,1681,238,11,96,107,27,214,49,21,409,1117,1151,35
7V6Qm2R3nb9x6pXeEP3HbczdJx5ndTbsnJYvymQeuEio,60,Псковская область,486,80,2,13,42,10,122,12,10,118,317,330,14
A1P9AjrGq6DWMB2GBX9RAJZxmP4fKzHAQgVJa8xUbXZa,76,Ярославская область,1303,199,4,30,163,13,149,25,17,267,1101,1119,19
4h2JREM8jnGMYCHLHKYojYg3vnpis8X1LKMaDv8cGszq,50,Московская область,12866,1757,74,467,897,192,2291,443,222,3072,709,4030,116
54tR6ojPbc1pSoQzrXVGfYmUG2feSD1MFjsLndRbiZna,66,Свердловская область,1971,485,17,85,256,29,592,68,49,933,2291,2614,42
2R8UmtgubioSChi7fzJuPhKFDfQx6TqDGex1ZEuAAGQC,90,Пермский край,1561,672,15,68,244,37,614,103,52,775,2704,2764,33
y1CUxN16D33qWmULrg1wbQZu4Vmnti6xHsk5DQ3ZbQm,52,Нижегородская область,3723,663,56,191,510,100,1032,177,84,1270,2537,2593,57
HfNuzi4k6VANLv2h2JCzmjjVJBoR7oMkzthbb1FZcUDB,61,Ростовская область,587,114,5,16,42,15,178,20,18,163,705,733,28
8cgrQbseqmWoGbDQgxixZ6UyVdnoWmTZYHtcRzzAs22j,22,Алтайский край,2304,532,13,68,302,31,573,85,72,850,1270,1311,41
Bq1NfNXpApiMSF5ytyuyaEyXVLJ9AfK824rZjwSz7Qy7,18,Удмуртская Республика,1370,163,4,25,66,3,184,15,12,266,3101,3126,26
FnBQ4FPB3QHNhKXJAwQDfuv88SqN6tkGgSUCRbpyvzDS,74,Челябинская область,478,212,3,18,137,17,148,33,24,262,281,309,27
B4mJ317Dk3egBGo6beHVct65jgAd77Dw8haVvsoRwEWk,66,Свердловская область,2607,675,23,81,366,39,560,105,69,812,280,308,28
HKzkWuZJf5Uwv1KdqzbiPb7YUpFbzz68ewSswfGGBF1e,2,Республика Алтай,1243,71,1,13,23,2,318,9,20,111,126,150,25
3nNK4zWrcZYw11X2Jpvc3xL9YvNE9jy8nxrubFHtTDgD,29,Архангельская область,303,93,4,16,43,3,98,33,5,117,745,869,11
FGszdQv5EEidUakhVPuT1svFpK6jRbbPqxwP7sqgDGTj,31,Белгородская область,3256,517,20,65,209,43,508,86,68,643,1,54,44
Cr698LHWghYk2vPfnnujkieCjfHjCneXCUrN7fCqHzBe,33,Владимирская область,323,88,2,13,38,3,97,13,12,114,945,967,23
BSfuKuwpfbyQt2svFvGj1mGbKcTmiq5DFLRpstXq6W4M,90,Пермский край,1689,972,20,96,233,33,623,99,64,915,1901,4651,83
2Mse1fWjDiAMrUC6BWGY5j2hBSEGqbHaLzSsgAQDPJtU,67,Смоленская область,659,109,2,13,48,4,90,18,10,91,224,239,13
76BbyDggMJKgg8oNKDnw749Qkgt3gZDGeoJdLzoQkpnx,54,Новосибирская область,854,247,12,33,65,14,229,39,31,320,1408,1419,12
ARiNbMojkcyGydT8ijMGzF9XoKnH52pPkRCTsk7yf7cT,21,Чувашская Республика - Чувашия,861,97,3,16,69,8,174,19,13,158,2501,2524,24
2E5pLNGW2fWvonbnFXMFSCWBBkktZw3ejHkRGJdAvwWc,52,Нижегородская область,263,62,1,9,37,7,111,10,8,104,1,30,29
3GNN9cENEaKwcVVxn4CMQdyoLpJ7PJpRjVjKVGjAHmJt,44,Костромская область,273,76,0,13,25,3,100,16,8,125,336,603,17
42TCtZ5hgGco34huqRC43ook44qNjb4kA5TAmPPDxoF6,54,Новосибирская область,948,261,9,35,156,12,223,61,30,302,853,900,37
5TqQAaGHaFEbYLBvwvmxU6gDpP6QD4AoTPE5t6w9RG21,52,Нижегородская область,637,163,4,37,77,17,201,24,19,241,1248,1292,44
EojkZSyMozeTvBNKj8dzUyf41GEB8HtzqijRX6kpUCdS,54,Новосибирская область,809,218,4,17,70,6,146,30,22,200,107,303,34
BLh8eMmeqFbqkJmdhgpTq3xAgMrwjFG47Qdg1gj46vGh,18,Удмуртская Республика,1411,268,5,39,110,16,329,43,27,521,1801,1839,39
4rTNePtJffRpCniTRPSe6oxxYJbwfJKN9hRUQnfMjxcV,52,Нижегородская область,259,81,3,11,36,6,66,13,11,97,1538,1556,18
7XgtnhCeucDhFB54Mp5dQY8iuwtCypvKnhQcnNAwDanm,74,Челябинская область,370,94,8,15,83,1,120,17,22,159,404,2398,39
6v1DHKx5y1xKA4gs1mqcSVSzgMdLNh36aJAfZ3tmsj6H,12,Республика Марий Эл,834,124,2,14,46,9,247,21,23,154,432,448,17
89nqe2KnoKT4eFbPG7WojKiHHkifgvkEr1YAVnV7ZE3b,66,Свердловская область,472,77,3,10,32,5,99,8,18,98,1222,1227,6
Cege6jEoDpiuowL57FcN8c9wmFRLhe3Gqo8nA5HykiAa,2,Республика Алтай,2338,443,15,70,148,27,510,60,64,488,41,70,30
HqyEt8VDirZTo2GDMNzkG5svVrAyyrD574c2VE5yufWd,74,Челябинская область,2615,562,25,74,506,48,607,135,44,925,1272,2318,27
5zJGDmjVgTenqXf1GQ2VnH6B7xSWjoo4Lo4kcEt7LocX,10,Республика Карелия,250,88,2,10,84,9,89,14,8,107,241,264,22
AmUr24jXDn3cMgQfEsKYtA47TKJVGrVmWRDpzGZCjG1b,48,Липецкая область,499,69,3,9,36,4,127,43,14,110,1601,1625,24
8NK6ec62deATNYjJL2nQUNHBEgxoXcZHLKGCSVxwf2GW,70,Томская область,582,151,2,25,56,5,128,10,13,168,555,573,18
7Uo5bPEBeTxUnyhhLy31Mrv7c54U9TPGYtsurHFKFoHy,70,Томская область,238,44,3,7,21,3,43,6,6,53,605,616,11
4rhcFJGCTFw3U193N1DLHhruiGkmQvRn63BGhPBuCujx,22,Алтайский край,2594,372,9,54,191,23,524,49,48,639,1211,1244,34
4PFTkobb7YbQAEGYgWu2cosZnzeofDgXFNUr5u54iLHj,66,Свердловская область,461,130,5,12,117,10,160,10,18,185,1,52,28
9rd2Dx7G4CDwomsAWxgVkkWJYEJeq9RX5c6UFKeQ2hgA,35,Вологодская область,169,82,4,17,21,6,84,9,10,114,492,522,27
FYr15ZYJV85i1Rmqtyc6ZdAUu6aBjGB7ffMGPDhun5hz,61,Ростовская область,507,147,6,29,59,15,158,20,19,132,631,2629,15
DDHgc8wZezjH1THyb1T86dRcskGXWfFvGU6GFQQ9iKpH,60,Псковская область,345,31,2,5,25,6,62,7,10,42,296,305,10
3RZe8UohpKWwAsroJgy6dnwwPBuqFG3dYgFETu55ioLs,66,Свердловская область,714,178,8,21,77,18,161,23,21,192,2129,2136,8
7kbphi5ToCD8Rod43f4ZdSo1SFXRHzp4YWxJfEF2cxHd,74,Челябинская область,543,173,5,17,141,10,161,29,16,259,884,913,29
AwmcAswwv1TTY64uMPXGXoPF85gZVzJUxpnB3sRwsVg1,54,Новосибирская область,328,71,1,8,28,4,95,15,8,104,187,214,22
9QUACFcEtyB6Y15TPWfgjjrP9JmmZhJYbWJMWJJdyVQQ,54,Новосибирская область,687,208,5,26,57,8,187,31,25,251,796,2083,19
7AM1Zx8AtcL8y19gXWxD58hah5hjoPytz3M47gGfAfCe,22,Алтайский край,580,70,2,14,41,5,131,10,16,112,1637,1652,16
FeZd7wFFiuD4eW8YTU1Fu2Akczo1MhT6VoditRZpHAGv,22,Алтайский край,449,79,1,13,41,3,119,7,9,78,616,628,13
Bo5iUr4nEwkMLvDsvVjGt3vaZqh5vKoeyMWo4hLnUwq2,39,Калининградская область,776,186,5,18,67,9,140,21,18,218,32,52,21
ELiaKmvDZZXLCxfzmBsikbBhquJvCnyjTqNbEiF4iGtc,39,Калининградская область,501,79,3,12,26,2,106,19,11,93,496,510,15
GcjCf5m4GCegGjQQaECJfSszf8EijKeyHwPsdqyeU7sd,39,Калининградская область,212,54,3,9,21,1,56,9,7,85,393,405,13
DUv4HNpvjp6nUSGFVF7EuH5ezZJMiAPA4x3iih1R1n6,66,Свердловская область,137,42,0,6,14,4,50,10,7,68,1229,1233,5
Dk4Pj2AzCqtNkcycagqLGoYcC7f8bv1VesDzHzhvpEiL,66,Свердловская область,40,14,2,2,4,2,14,1,1,28,2572,2573,2
C8VKTs2onp5Y2SKTLEaGT3FLZyoWpmUYBNuQL75iSWp7,66,Свердловская область,104,27,2,3,9,1,24,1,4,35,2569,2570,2
DJjsGRvrEHSjXyYUbuSyDPwkhfyddxUqnbAiPJBuQ589,33,Владимирская область,3916,990,44,267,438,82,1187,160,85,1445,345,400,54
EJNNHEG2KBPb44Km9K6Xq1cqXVXer3PHzzx67c6iZo88,93,Республика Крым,2251,386,19,101,203,52,426,96,44,617,76,114,39
2yrZB83QKvePQMcS3DuhUPybst1rrYyoT34sCFir2Xq7,18,Удмуртская Республика,475,95,1,11,22,8,99,9,14,144,2001,2017,17
Drx2keg6qcRTp3qhcsmYPTpAMj1ERLoRaTWNpKgEUFMU,50,Московская область,7797,1362,39,354,661,122,1546,313,155,2003,1936,4192,73
2apKj1nqKdAGWUc1Y89hbGoQ6rLRnwtwHrysjZNL5gtH,66,Свердловская область,4107,1157,43,236,768,67,1233,188,146,1621,690,2632,54
HJHHnPAZAa1QxDuHLYjubesKx4k3GenyXdDmcH4DKoFK,11,Республика Коми,8376,2335,68,700,1043,145,3409,514,205,3032,1,84,84
DDKhwu9gLJD8LiJVNre3etdSKKxAzVCaupyxJZcxn5uu,66,Свердловская область,5777,1119,80,380,901,112,1473,278,140,2371,1471,1534,48
6ofA7opqYPcovXtjKKVXbN1n6gWBskqRv24iBRQNVwvx,12,Республика Марий Эл,7674,1253,67,330,594,98,3277,279,213,1902,1,527,62
J6NnMS1zbWJu1SFAhwxoTXdEVcEbMvSLgR4CeGQdBLLP,61,Ростовская область,348,41,5,7,15,9,61,7,4,73,620,630,11
HYjLGEDQExf6PGgiYUpphcQPPM7zrL8wRE4gCjjEH3Tr,66,Свердловская область,920,261,9,41,164,18,239,43,26,357,2079,2103,24
7qMvw6KncrrXjFVFTgdbbm1ZkRKx9VsssuKHStg1M3Pu,74,Челябинская область,2990,973,40,113,1193,47,900,210,106,1625,725,2411,61
BfiEPY33tEBzXXcMtaW79XLZKekh8EJsGPDanhp5r88M,44,Костромская область,303,93,5,20,43,8,93,24,9,128,37,51,13
D5CBN9itFfKu35FLbG24zjUntWUVywteENeaMrt2rNbA,76,Ярославская область,5009,1138,36,313,769,109,1226,229,92,2019,2201,2254,54
5mXYsV9u9cd4aZo3dVh5Jz9CbM3t5hitjpxqaGtwwJEF,44,Костромская область,4375,831,32,228,374,72,1056,211,102,1463,174,265,46
8QbueFQ4crKmjSLX82ZjgXAD2VuhfRsZK5vXYLLLZsq6,48,Липецкая область,676,125,2,29,50,10,199,28,22,252,301,337,37
GwCJFFMsSp1eE4Kf8GoU61cifmTbgRMHpcUzhbnb9SeD,53,Новгородская область,944,135,8,23,48,3,153,22,19,238,1501,1523,23
5Vd7NzXQqY2Le8qAS95sm9tz8RHq1vgs8CmJyCEMyMev,61,Ростовская область,3482,982,41,204,356,164,1136,167,121,1208,2148,2214,67
6tkkPxfwXc7LWsctPYmVNN38jfUm7C3weUVEPik3edDE,33,Владимирская область,1053,257,5,50,106,20,259,37,31,296,299,342,44
C84Q6tZ7RVm3vYwzbKG4wyscB8PnQ53WoRGrPmHgHbDT,76,Ярославская область,524,132,3,31,63,9,127,25,14,171,901,927,26
zsdufTybNpgcSxM1VK63UjfACECG4wPwnFMdzQGexyt,54,Новосибирская область,8195,1725,78,425,742,158,1917,345,188,2667,1814,2042,73
756MDFnXDmLFU3oPWLUqEKdisMZUcB5S3zYxtkGBZcna,52,Нижегородская область,522,117,1,17,49,8,143,18,8,165,97,145,40
6uR4gwW3dPZSAfHgBpSygFdfrNt8c2SyByWcjcZXnMQr,50,Московская область,6590,1690,65,359,832,168,1937,388,176,2523,2396,4215,107
CLrzGAaxo2PVDSYKtbANcfevTDt7vWyc965UjmoTX1JW,61,Ростовская область,3906,825,33,251,330,94,1072,156,93,1434,1931,2592,47
2gjjfZirtHS4hg9BcTC4qKrCA98BjegNcRabz6cXTvw1,35,Вологодская область,250,145,4,20,47,2,200,21,16,132,1,30,28
Ep6PrrXEWjRdVXDuQ8Q7crARmGGvxzNXrgeK2UJtBHMS,60,Псковская область,843,181,9,27,71,17,174,52,22,268,239,277,36
9NzFY7ymS2yhtKAt9rnHNjSNddG4BzyemM6rDcXKh7Yp,93,Республика Крым,1006,146,7,41,49,7,140,18,16,248,628,668,41
CT6sfK3rSiZAXJh2CHTtuMYujXXdR4x1Gy1Rp9ghjdba,29,Архангельская область,621,227,6,31,100,5,198,62,23,228,918,957,24
3PtXJ6aYMfyT4RWxt7N2kwvb2hZzZVn3HZsdTHDwEU3W,67,Смоленская область,3775,763,18,124,412,36,742,156,86,1016,12,62,46
4dZmbmm4M4T2Hw9evzR7bjgSufxo5hoEpMdwmxmNJLK1,45,Курганская область,294,102,1,8,24,5,70,12,4,92,281,319,28
2LCp2Mou814sca84B43avDkR52GJJodi5Hoano3YMUvX,11,Республика Коми,216,105,1,12,47,3,87,16,11,90,386,397,12
4Uzg8VDCRHQUTA1fkNJ5n5xSi2fBiz3jgq2BcHAxtFEd,45,Курганская область,91,20,1,2,6,0,21,3,0,23,587,599,10
7133eHqaj5CvAATuVgfvyv7rnhDoCmLnTmqUxmgAq3jr,50,Московская область,1284,148,1,25,92,12,151,22,16,176,1351,1364,14
9T3bZhTc6hGYWQobjP29PnEMdtKWLE1xae7XHDfFZyQX,66,Свердловская область,4040,475,21,116,370,34,547,86,47,850,1136,1176,37
6NF3n95NivrKhv6qHkf95fnv7aQ4wSk4eg1QESGYwCbH,11,Республика Коми,670,273,5,23,93,6,244,24,18,232,429,459,30
DakkRBCPuYcoLU8uG6tQMKcrtvFFzRRCi2W66qCHKdz8,61,Ростовская область,2772,507,17,107,190,46,570,76,80,710,46,996,80
xyP2JUu2VAK38PhMoSNwXXDPgYv5CvgZmHFEasE8wnS,76,Ярославская область,1026,272,7,49,149,16,300,40,26,547,1501,1540,40
2i5rVWnWAriNThjPv8D4MRfGQQbFgouEMS8LJKDdUq6t,51,Мурманская область,834,233,5,44,118,13,184,45,16,256,251,265,15
DcUHw3ovpkPbFksQES5qmCQq1gK4DQxNBa8UQE5AbBrn,70,Томская область,7413,1663,80,342,1201,80,1785,347,181,2164,212,756,54
FJTZpZRURmR3YAk8hcZuaUs7GsKTnXtu3SF6wPWB3bxL,76,Ярославская область,138,36,0,5,46,1,19,7,6,45,301,311,10
3iAea9YKDuGb4pGqLZ1Ju8bKPWW8pCZwmFdkXupRNYdD,10,Республика Карелия,584,359,3,33,250,8,207,37,22,265,456,486,31
DbaafmmcMCyPr644eBLEw7De3kRZ7sBXJGnKgczcgm6t,31,Белгородская область,1126,106,5,16,69,14,134,20,21,198,612,634,23
8ztrdPneUVovoqMCXYj3jJrg59WJg7kcw6RWyo3P5vU3,70,Томская область,4230,679,41,207,1024,48,938,143,91,1364,1,40,39
BdnEvtWc4ikfUsJ2K1yE69WGPkUPDyNtAuXY6YpY6CBg,70,Томская область,1881,303,7,57,162,15,481,60,50,514,302,349,48
3ocXjkr4SzdGxSLWTomQgtpsqix6bHr5gSbJozAJYoqC,22,Алтайский край,4084,738,24,158,533,45,1063,133,124,1356,427,456,30
ARE5hDgDdDLfBw9bYuGRLYnuFhkERMWps86PWbF8Q1s5,74,Челябинская область,550,237,6,29,194,9,230,32,29,305,1512,2320,46
2nWCGVDneXhDzguGmtC1tzXeLdEwZaLer4uGN4q1ooVn,61,Ростовская область,1220,247,5,38,83,29,269,43,33,254,904,949,34
3zD6Y9iBYP6zEKo6ggVLnBbR9qKftYAEF1La1nRppXGV,66,Свердловская область,1173,314,8,63,227,25,371,64,29,459,2104,2127,23
G3rN54V7PLNShEfRzwv9jcbPiFM6qQDssnARYe392w7u,54,Новосибирская область,677,167,6,23,50,3,152,20,17,245,515,566,36
68EGCanugZf79NpSpAWmK7DPto2wsvdaeaz3H6CiVJPW,22,Алтайский край,1022,217,7,16,92,14,328,29,42,268,1348,1369,22
CPkr6NhvB54WNmDTp93jAhy5eig9UDp3TkJyrsEYsjHf,22,Алтайский край,537,82,3,8,131,5,136,11,21,109,1249,1266,18
8JGnHRE4SAgsvcSqq4h9tpLBZCY7BY8aSais89yNQUWp,74,Челябинская область,420,125,3,8,101,5,103,14,13,125,1588,1621,23
BJwzX1pvNVKKvt2mCsvNomRoGKSxRE53bbwfMcMP3XJK,54,Новосибирская область,681,155,5,8,39,7,174,16,29,202,621,673,37
DNLim5ZfJA4r1cDUQR7Bec7nG8c69CPFoHQ6nsMbZNiv,22,Алтайский край,1044,173,7,33,88,10,202,25,24,227,870,882,13
GJdbyefyYnXWGbBEu7ifhNDf9HMwoNurQoxBZygrc1M5,21,Чувашская Республика - Чувашия,1449,110,5,12,47,5,145,20,13,143,1401,1418,18
HZGbknXv9CgTRFiaD4K91jmcVp3roRMVMsLL9LGpYKXF,90,Пермский край,404,163,6,24,78,6,139,37,9,227,2601,2626,26
CSRNzKuoKCLFQGNsfGq4rdVwUNz98y7efY8Ruk58r7dh,18,Удмуртская Республика,886,80,4,13,27,4,153,14,5,140,1201,1225,25
5KCprQ5px5WdYG7anmFmQLLHU42TGXKJTV4qwSo9KQdW,90,Пермский край,25,5,0,0,5,0,16,5,0,8,2752,2752,1
5n6pvxCVUUZo38nJUXzBtKTAVMnaDQxFryky86Htoi8Q,45,Курганская область,961,258,7,59,159,26,263,43,30,546,786,822,36
Gd4dByYjFMw7bDeh51EBvzMEr7nnfMBhybPKFVMHdGki,35,Вологодская область,140,59,0,5,14,2,46,7,3,44,711,725,13
37ktjemu7NT7MdwyKW38x9M3UKXzQHebmSxmmuQJJQqQ,74,Челябинская область,459,100,3,9,296,7,89,13,13,158,1848,2319,45
AfrXXZvjEbrq3RwB3mzEAQpD1nMQusXhBUBWyAso9xRq,52,Нижегородская область,313,108,3,9,25,6,95,20,13,117,460,478,18
366HcgfjU7taykpV1dk487oNq1wjKhyvJu8LoYuq4zmB,18,Удмуртская Республика,722,119,7,23,46,5,159,16,16,172,1901,1919,19
6cVAL8A5Pt1dDcKP6rEUQg7ngRgQK1YWWJaLmzT2rf3c,45,Курганская область,213,82,0,7,18,1,62,5,7,88,66,97,30
F5mcbTRfaq8mfBv8sSynnYTeW4FMAjsSmR1gMsmy5De8,74,Челябинская область,364,114,2,10,165,7,115,16,9,187,229,280,28
9eV9XgEncttTrZnsMVv6ssZGYVD3DuSS3ZBP5i8GZL1D,51,Мурманская область,294,87,1,17,59,4,102,23,13,110,266,277,11
GUAfGZnawZqC9ntdETfXjpv1W39T9p8yT9sRnLramhAG,11,Республика Коми,321,113,3,13,58,7,130,22,12,118,502,522,21
7h16m7xEamT27Zqa8wQmqzdKxiutcuGvCbhH9WLFjX2W,74,Челябинская область,107,35,0,3,31,1,24,8,5,38,1717,2273,3
DNHqCkxdWWWhq4oLRXYcrMiZ76QHc8FGXcNd6RaRafMm,52,Нижегородская область,581,117,1,12,47,13,179,20,18,190,1754,1793,38
2PHzgo7pzLXXv14dhCEBQNGpQLwLiFb3xrMNK7iknTwU,35,Вологодская область,261,113,0,13,32,6,141,9,10,94,726,757,23
9hNXnL9YSSB1Y1ytvMhUjGDkPpCxXgdohXbfHyiBu6fY,90,Пермский край,183,104,0,8,45,2,91,11,7,95,5001,5022,20
5QAwpTCpghoKdYmEQFMwNspENBxGd3syDTEeyymwDGUP,52,Нижегородская область,226,67,4,4,21,2,69,12,9,87,1078,1097,20
GthA7o2bdoJ4qM6xMMPLGx7RpMGVwqbh7UH6N7WEd7zk,67,Смоленская область,641,92,3,24,57,6,115,19,17,134,723,739,15
5StLoVEytSbup51QWT4TqbUvBYCgYpcjJhfJgLLfuCCh,51,Мурманская область,30,19,0,1,2,2,16,0,0,7,299,300,2
C1RmigeSyvyipEXETj9K2avPDmt3g6ETu4bDbfRasmse,44,Костромская область,55,11,0,0,6,0,10,0,4,22,359,361,3
CtSCjmRqweohGHetecEvgDPv4pnjgh7hY7Cb3qoirqbQ,49,Магаданская область,118,38,1,4,13,0,44,6,2,37,75,80,6
7v1ZoF5RXqe7ZEknq7tmGxL5D5DhP12gcxja7xzn7Rdz,49,Магаданская область,48,13,1,1,6,2,10,1,1,15,61,63,3
u3ZbLd2SumeaQ6P4UFxdZspy6bs3JgsyBuxGAmvkKe5,22,Алтайский край,1218,189,2,22,91,11,256,32,27,260,1141,1162,22
JWF5df5s38mz2qc1fN2qwDBcYKDXkCa4Ep7hihbm4Lh,22,Алтайский край,1272,226,4,18,110,7,213,22,24,252,1179,1192,14
q5oni5ads78fVgGhSttSB7hbhRCSphdgsh1FeU5KSFn,22,Алтайский край,747,150,2,22,59,9,174,31,23,189,547,552,6
br2vRdaVLM6bZZCy4kWafgt8vKdS3G1CvQxLrg4AZto,22,Алтайский край,442,81,2,6,34,6,103,13,23,110,1486,1500,15
6cb6z1dnbCadqg8STM9y5Zp7skwHq2MDo4j77KB6xuUe,22,Алтайский край,594,92,2,13,32,1,89,11,6,93,514,517,4
HkMxtSgczhmXoGNcRs6QgWQYmPmRnhYAVsaxZGU4wtAM,70,Томская область,347,68,1,5,38,5,77,9,8,69,362,373,12
jyPeZN4PpHNDFffkTnqUEpy2qug5KXx2RJpJS6sdYvX,54,Новосибирская область,279,77,5,9,18,3,76,5,6,105,215,242,21
HG6kKoQx6hFdGckgA2vMiALrQrHmdfnSM7oDpF5EXThT,74,Челябинская область,2790,792,39,134,1125,44,844,206,77,1489,2054,2114,51
J1czkF4bnWF52NYzpqBzBdjfW5orqNKmwdZJHWkE4Q9U,66,Свердловская область,7433,1502,91,454,1200,138,1925,314,190,3045,1400,1465,66
CFDBQqiGKuqukJKzf4Bfq7abtHJwXUHrTZ96ahqsYrG7,90,Пермский край,850,466,4,64,185,19,457,67,39,685,2001,2053,53
HJLxUg6BH1HbANXHDck6CT2WKM97nctY6J9y3VQnYV1R,66,Свердловская область,695,233,5,37,106,18,244,21,22,306,511,546,28
77RgkfjXNSVLMsEyupjEg8KD4mxs9ao2onpv8m64MRhS,90,Пермский край,261,119,2,8,41,2,133,19,15,143,2301,2320,20
4eH2YTzyXKx2CJgoKCSgBhATuNo2S5cRAUYWT5iV2kQ5,74,Челябинская область,2723,1179,30,151,728,48,1063,236,118,1808,53,2288,81
88Qj1cZtzbFJRk7uhY5YaApPURRsiV1XWafoSo35xchg,66,Свердловская область,1672,437,22,72,201,30,473,58,45,589,837,877,40
919oaPgbLz42za4r6VroFsnrH3qutz31tCsiapQvEJsG,90,Пермский край,2040,751,18,114,426,63,747,149,67,1314,4001,4052,51
DxQ4yAGDCJ5owb6jN3WQgD92ctesyDwNGvpxVnmosKH1,74,Челябинская область,782,290,8,26,164,14,288,60,26,357,1663,1714,44
6bC2DsioiV8PsxkiUD9kMPP8MDVPoSwA9Q2DKYt98EEH,66,Свердловская область,1322,159,5,32,84,9,183,39,18,241,2031,2049,18
CyVA2vGp3z5FQtZrHVESA18YjYWwjVmURt8xVg6RStqC,74,Челябинская область,370,137,3,9,94,4,112,18,18,160,474,2379,47
4tZfmJBhK823fdri1CbfxFTi4dmH34bmC6qNfzBTm4nh,74,Челябинская область,219,114,4,12,68,4,86,9,10,155,1161,2336,20
6Anf8aKcE1HGSJaP6cMvGg2KLw3bdsfLT5petobB25Bc,90,Пермский край,198,85,2,15,34,1,108,7,8,114,4801,4827,17
3iqEHwsbnHR3QSkMXUPCoYjLCvebYVTpU7PSae5cxiHZ,66,Свердловская область,424,107,2,11,43,3,107,11,22,132,815,836,20
Cf1VUXvLgH6i1Q2mR4gsakMSjGV816Naq8bSYHnDvLNG,45,Курганская область,147,35,0,3,22,0,53,7,4,57,553,585,21
7oazh2cgiqZXo56jXff3x7oZLqXoK8EZ1M51eLKgVCNd,35,Вологодская область,3994,2539,61,319,824,90,3859,471,245,2387,846,997,112
6gTyuSveC6v8FX9K7HgwcEHwEQFFsveEPmekbLXbbdee,76,Ярославская область,534,80,2,15,59,6,67,14,7,102,2401,2431,31
EmXbsTj9acT8uVBmk4dUP6WYAzcbKMKYVH3pXisgN2C4,39,Калининградская область,5040,963,42,229,409,68,965,164,110,1375,331,386,55
2GmBqKHRV5C9T7XcDL21vuSzcC3NV8K4EqK1QUsHY89K,40,Калужская область,3562,695,32,182,536,67,716,155,66,1170,2001,2042,42
C3G5tzThW3zTSH66gD4nd4PPNnio9YXkSEqcRPoCEg6g,61,Ростовская область,977,125,6,14,45,8,138,19,15,107,867,903,30
6ehjNfytTHNVSpMKFNPrqjSe9Bg8NYHn5sWe8nfmXdDn,48,Липецкая область,1487,405,10,67,148,14,462,68,39,503,2101,2121,21
5TxnobvekqyNHWmiDaFPbomn3Cdroj3Uh3wnYCSjaVaM,48,Липецкая область,3823,823,16,155,361,62,921,325,129,1057,701,750,50
8s3k3Lw2tGMK8JDpQhd8gE6zb2dWwWkpbb6y6NeAGZVC,21,Чувашская Республика - Чувашия,1715,163,6,24,98,13,227,26,24,285,701,720,20
5sWLJavtkhUfArHtRMskMD2kPWbtazuoxipDb4iMVme4,50,Московская область,16051,2774,125,692,1320,308,3618,726,364,4397,833,4012,139
DYzMB544Uib9T8UanbithVeugFJekRUEJmwiuCcS7c1G,21,Чувашская Республика - Чувашия,2351,199,9,35,107,9,314,48,33,352,801,828,28
B5k8k3kgvndbQWpMN1oCfGn362qFwdB6zv5vC2C4Pvh2,52,Нижегородская область,4055,775,54,242,732,114,1197,219,64,1475,2654,2711,58
DLiNtBw8ZUx2P78TFoR1S5xNSHYFgNEzuA32QwvzDEAY,51,Мурманская область,1086,467,12,56,148,22,291,68,29,376,165,412,24
DmiCoyuHVPFB5NYAvJeP9widB6Cr36iFVhPgUt4qf6Fb,31,Белгородская область,1708,523,19,80,249,33,475,145,64,631,1182,1242,52
5mPRsQTCVVmzf7gAoZWH84d73HC1X6esA6YdKhuhd9mn,48,Липецкая область,1522,397,12,56,159,23,497,82,58,571,201,246,46
2aEUFWc8XZVH6Jd7oy7fuhqbkVsdQupQcGGvRh5awD1Y,48,Липецкая область,334,71,0,7,20,4,100,18,14,94,1301,1326,25
FpTL5VUFxpcdRpbQYYY6rVvmgnzEJZzqnNpGbhtCX7JL,48,Липецкая область,550,142,2,13,65,11,169,26,9,175,901,947,42
Pdc28ib1yVSfL8mTiGGRSrEhthWdrTwn47DGtZ1vrDG,53,Новгородская область,10310,1975,82,587,1312,135,2111,613,226,3411,1101,1192,92
EJkzapLY8cjPV18nBX6Rz2zdiG7FBLYpeSe3KUV73RGF,50,Московская область,435,68,4,16,45,4,82,28,9,118,706,3765,4
Bjc4cdsQ3Dkxy3R9UED45uJQ7ittxQ2HjUQWPtEWYSCP,31,Белгородская область,726,79,0,11,20,6,87,17,12,112,677,699,21
7mdWDhzK1hRiqT3tZzcyZY6F4GiabKLaT9AvAnwVHJU1,60,Псковская область,309,51,2,13,20,7,56,17,8,71,373,387,14
CNjtdA1Pt2xcp72ZNqMLXnkV1BDs5mdq8XXxkJG3SBvq,40,Калужская область,679,178,5,25,62,11,156,31,19,183,2301,2326,26
9bDQ9kMdxzkwBhGHHEjLuRbe4BXdWK7zf8mohhUNExSs,93,Республика Крым,729,109,6,40,38,6,124,14,11,204,769,801,33
9hRiw44f1dQqjmSfcojYJwP1zaCrAkjVn5nDTJEncpSE,21,Чувашская Республика - Чувашия,1737,245,3,28,199,16,357,30,42,346,2301,2330,30
GVaG5u4FjkvH27FtZv9Ms5ioTX22mYfU8eF6mjZUkL9A,11,Республика Коми,525,166,3,28,91,4,183,28,14,170,481,500,18
HcN8is6ys6u2x3ZkiSKvuVyNZQta73TMf98vfgra4vXg,10,Республика Карелия,388,131,2,20,105,5,110,18,13,177,221,235,15
7WucWXhYPPBARy2JrkZSpu2JycTo9jvSfvcuEqP4QL29,21,Чувашская Республика - Чувашия,1521,107,9,16,81,7,204,17,25,260,2101,2118,18
6GQHgLitpqRfU2BsQDDmmfjrWzMCt9FA5znhzziChxfL,39,Калининградская область,287,85,2,8,26,2,51,7,2,74,449,467,19
EFZhL5m431JB1n29EhggFXkSqn8zYF5snGB6SBQeQAXr,44,Костромская область,68,16,0,1,6,1,17,2,1,27,1,14,9
B4478gqrL9HgYRV4z3HpUVHH7EF3spEUx3hosFzyCuFi,21,Чувашская Республика - Чувашия,2456,264,13,45,205,14,553,64,67,554,1201,1231,31
DG9SbyuKVqyv7V3VS8UDnLBEH8ouKnmt7BJincjY5wD4,61,Ростовская область,2151,359,11,54,143,49,494,44,43,472,1117,1174,56
5X3rcT5vSRKwNFZvTz8ihGXHfEMQUmjbQK5HuUaHDgsr,60,Псковская область,641,99,2,27,72,8,107,30,16,144,172,191,20
56hs8btgWRTcUBVpvrGwjcmV4cMwg7mUgJdGyXdbzCQN,40,Калужская область,358,87,2,17,31,6,78,20,9,141,2501,2513,13
HE8egm4urGhBrEceadw6CiyuiCE78KLyYDSd2JpNbyUF,53,Новгородская область,280,50,2,9,17,1,36,9,4,30,2001,2013,13
DLwkccroudKBnTqFqQUMQCspHBQKujRG1mVjG4oqniZp,60,Псковская область,602,105,3,22,75,7,135,19,13,154,346,372,26
FMgCQwWf6tA43oPjwDjKheQBxSTQFdBvRyNQ5J5D75KD,50,Московская область,1191,184,7,41,86,19,274,28,33,263,660,692,33
6fNgxBZ29DuXJDWjbDEyYuXMsFWzMV1qrsxhJZBbm7HY,53,Новгородская область,117,20,0,1,9,1,26,3,2,35,901,909,9
4dDEVUpLBQabZjMy7QCk9p1QduSYCJv9Fu3H76SfJKTQ,60,Псковская область,386,89,1,9,38,6,79,10,6,59,407,419,13
CkKZ4Aw1XWfxXKNurKrFsWBXjgkrq8GBHPeW1e2kZ2Zk,48,Липецкая область,167,38,1,4,16,1,63,5,4,61,101,122,22
8tgRGTeJEJWumVjrmGisPjU8VsnTN67ViM48omDfHH43,52,Нижегородская область,449,110,0,19,42,10,125,16,20,147,1607,1643,30
As92oFpwQ9ePzRVDjS3wqLB47Uvzh3V7jbwdLQZT5qCL,93,Республика Крым,579,93,9,18,55,12,89,12,7,151,209,219,11
DhXmQG8YuVcwhSjHJpsoeqTwZm6ZTgTaW893qV797a3i,44,Костромская область,100,24,2,4,11,0,16,4,0,50,127,137,8
8WaTDrBk6YxReDLpcXoTYmspxMHUcfaEVJ6CqbdMCarp,76,Ярославская область,181,65,1,14,47,4,69,6,5,75,1401,1421,8
39zq2F9DknkuekdELxBdqkvh98raH41ZD4bdNGT5gPgb,44,Костромская область,101,53,2,3,8,1,35,3,3,61,558,575,11
Bja98XzZrHS4XMyhFxPqxgsjUdntxnHqoPW9fL9CaDhP,76,Ярославская область,6413,1347,30,350,906,80,1441,271,96,2443,1701,1770,70
9uREXdCzBmk6qWrAxuk4gqaW6DkvWwQL7zhumQ51q6F9,66,Свердловская область,3699,1003,41,186,587,43,998,158,98,1279,687,2185,47
A6wuJfFwSewKW358kHobMoZ2EuU2gg8rzsa3NXtBfTHJ,52,Нижегородская область,2134,484,25,94,195,60,588,98,53,716,1655,1689,35
Dv8r7QbgnGhfukqasqKssYNH7hDiQhp6Sx5GDrBspMXD,50,Московская область,20235,3599,148,972,1723,407,3875,814,437,5366,221,4209,198
9XdkJDekjx3StUpAfk4NHk2RqwhRE3XAnWpKbZyLV7e4,50,Московская область,16806,2465,89,468,966,184,2731,534,272,3010,2104,2241,126
ATS8swb5FoAR4AAi7EiyKSzt1hGSSFqMiq9wPDmjZvit,93,Республика Крым,3095,524,30,151,293,72,615,90,83,875,118,183,66
BpmfmKNh7HPKYMUP9v2WTAdAoyo1kJ7Zey7WrLpNuGtB,52,Нижегородская область,1673,345,20,80,200,38,495,90,35,513,41,88,48
5TFWGVLQCLLfjL2NT4BKUqEYcAYtUpSc9mTb3xboi8Cn,50,Московская область,7535,1556,73,339,679,152,1683,356,202,1945,241,3731,104
36BzhWSqDSkUGM1rLSvDmfyg5YSKGJ8eXM9oxA2JUN2L,35,Вологодская область,704,462,8,38,125,12,297,46,21,303,99,151,47
5wJy48qXj7SNjpyVqvKJ4bQ47XXhhzDfpVzGFpGFiyTU,29,Архангельская область,564,265,3,33,127,9,192,46,24,269,620,660,32
FMkjGcfgHGwfbrB5P77JT591ZpE7WtmQjXMCNVdpbMws,67,Смоленская область,7319,1315,57,397,765,145,1552,373,175,2651,563,611,37
A2dmiKZx4vXcVNYvwRuRD3aACeHqCTNdgYAdYfGF1eyk,29,Архангельская область,3367,1179,50,176,413,31,970,282,76,1156,820,868,40
CDShuNQRZxCMAaayhaBQ6pHWqB7Fn3vLe5zWCXGyHVrw,40,Калужская область,436,125,6,29,54,9,90,18,14,174,1701,1713,13
BSamQ5TqUG71WovjNpECBPXRkhSY5Q1ZQKwYCiuRcmbj,90,Пермский край,427,125,10,17,48,5,175,22,25,217,201,247,44
6iSpeqWg5L2dkosngG27dSsH8daDoAVCE2b3GjD7A2ib,90,Пермский край,766,400,7,34,134,17,353,49,30,410,5101,5217,49
7embqNBvbALYQTT64RCLXtUYdeaj7sfACTAyVhoJi3Yb,22,Алтайский край,6927,1415,51,287,814,76,1611,269,157,2215,160,209,50
97nbhqy2gvyuA6msXgRsMpCnT5oD9JbHfqbVVYEbenTK,18,Удмуртская Республика,5714,1170,43,284,566,67,1357,184,117,1983,101,148,48
JnhLF8vmkjxNroGzhGRd2gaD87KSrpFYoXqP6v2RUSe,93,Республика Крым,1574,239,15,72,118,35,278,37,17,400,1053,1113,61
6wMcYFpqnTXDe13AW5dXmb9TBSAvseUQpzSyAcwSe5Mn,61,Ростовская область,582,78,3,14,27,33,99,14,7,98,575,595,21
6wiz2N2JAmW2i2RpGUXEX3svJqwHyajmpHkBYvcjazP7,45,Курганская область,274,69,3,12,19,2,64,6,7,134,192,228,30
56mCrusTFfPSX5tCJbRq6WfY115CmecE633MpFuLLXic,50,Московская область,2547,452,20,89,202,54,506,175,58,640,1244,1258,15
kU9atDMUNM3jL84eNeJfU1ZGtnYJ24NKVLthUBjtNaM,52,Нижегородская область,1127,310,4,40,127,28,321,47,26,405,208,255,36
ETxz5ssth3qYfFBXaKkA8yHLrU9GPByenFZSRdxvXhDz,61,Ростовская область,1101,241,13,47,113,22,268,48,28,331,550,574,25
B156GXNfpEijiehK6gQggAG64awMeuZTPYbthsK3qnVc,90,Пермский край,3798,1134,30,226,549,62,1294,299,122,1798,2801,2865,60
B82dnsWEFvZp6oPGSJDaPHHcrY389FMPy54QGDkpvvLP,22,Алтайский край,1353,501,11,38,140,23,341,33,39,419,518,543,26
Da3JMmK9Dg3SPsk6cCNqqezQFStifY6ugKukFxNDgseL,29,Архангельская область,807,280,5,26,84,10,202,44,26,215,578,606,25
DVbjcUPAfuWTwd1ihz4AMz8VtqgTBHGVRW1XER8aKYt1,52,Нижегородская область,3691,779,45,159,467,116,1050,168,94,1183,2318,2383,66
3MFDNFBx9S3JmSRbHU8gtmdEBiG7rR54eRTF9TzsZ2Cb,90,Пермский край,1041,342,8,45,240,23,519,97,46,480,1701,1741,41
824SPKwfJAurS8SeYHcbxM38QakJmUx1GsS8mcWAdEEp,66,Свердловская область,4444,860,35,174,499,59,861,143,119,1179,1177,2734,37
Efb3M1P9P1tsj5vo5YcKQvgCpyrYtSj11jcTZw64Xscq,35,Вологодская область,225,104,5,20,39,5,184,17,13,93,450,470,20
8LDNa862FPeFtKxkJPw2BrGJsDUFc7N79bQwnTFeUuuK,51,Мурманская область,1674,494,12,68,192,32,415,114,33,567,135,421,25
CpKQ2bJgYvEr9F7pzZ7gijd1NVbMQbikK3H667ovF4zB,61,Ростовская область,1521,390,15,64,171,37,439,69,53,522,1233,2619,52
GMvESgArWJoLGdg1DTucwes5T4DAnyb79AHYYZQ8vh6J,2,Республика Алтай,2059,97,3,17,119,8,395,28,39,212,24,40,17
3cRbmsayQkBxd8ni2G2rVc1DUGspyLYWT5UXVC1ENejR,66,Свердловская область,350,126,2,16,54,7,142,12,18,156,1048,1067,17
sxyZe5RutLANBaa4cPptLmtXZ5z1NffqbWnJMGEhQap,48,Липецкая область,1022,207,3,17,64,19,212,36,32,198,501,529,29
2uGn6kxfwb8rB7TdFjxyqnV7qmabsuRnFPaeEaoJDuoB,90,Пермский край,247,106,1,16,51,5,154,23,18,145,402,427,24
2p8D9xzrWAGVgBAgctz2HU2SYJJJ9QRMXY5Yw8ADBuUK,53,Новгородская область,645,142,6,32,104,9,202,34,22,174,1301,1326,26
6FVQtKeybG3ruo4Vzw5J1TYZGrnAoAJKQYu5972EA3sY,18,Удмуртская Республика,860,148,1,20,46,6,150,25,25,177,2201,2226,26
GMdcu8XD7MBC9ntqbKXV4EMbuxpEt5egKcmEUbEq97Po,54,Новосибирская область,1373,374,9,54,130,20,277,47,35,414,745,939,39
Cg55nooT4WX5TK7Hbuyrfhi9Z82qQaK7UACeMvWUBKh3,48,Липецкая область,301,66,2,9,14,3,77,7,8,67,1001,1031,25
BfWPU3DcDwVDRdRpGAEQois156CXKz64WLJrs2kME22B,61,Ростовская область,1470,205,5,42,77,21,282,39,31,266,1081,1116,35
BwcnDySAxwKJMY4Q38KyteHp7Df7TvLe1rFbokUixCBo,90,Пермский край,184,83,1,10,30,4,87,8,13,102,3801,3824,19
88wbgTpGBcYw1zTiaLWyRWLXN1ysfPZYqxmn28okJfci,70,Томская область,4419,770,31,183,831,44,1381,133,105,1471,167,211,44
Awx2B25VXTZEhUsCGcfTLoRSEhesrKhitRAcQXBPaQtu,60,Псковская область,529,91,2,17,78,7,95,18,10,109,220,238,17
4vXWtYaoJo9T5NoBywwWHAigBP5HsVMsQPs2hjMcEwVc,54,Новосибирская область,525,138,4,22,83,16,138,17,13,183,414,448,31
CALrTfRWBWgJG3suuqVxVrGeeWWyTnohriXcrWf96MSh,22,Алтайский край,733,129,3,12,52,6,196,14,25,147,1773,1793,18
Ge9vGVJ3rXBLASpgpUAA6pQqvsKN1c3S8Hz3KxNehuNP,70,Томская область,7487,1500,59,273,1437,89,1606,235,150,2576,96,166,67
7BupQ2kNBcGpiDxTstFhaiqQpkJvfsHTEg4JM6fjUeV7,50,Московская область,3028,646,28,194,339,71,667,182,81,955,337,4203,44
BjCqP3ibykVyvCFNCZFkwCvp5DtnQoq21RFRywTt5GN8,22,Алтайский край,1136,197,8,15,100,5,211,22,29,286,1441,1465,25
EdEEGCQnfAQ3X9vhmpchuw3PXbvkXMrSy3fQ8JX5TkUj,52,Нижегородская область,203,44,3,11,13,1,92,9,5,60,412,435,24
9BQV1xz3m7LpxXf66ifPo332tmEPABrvhwD2q4HHhnYv,29,Архангельская область,343,114,4,12,63,4,70,22,4,95,516,531,16
5KjkgZCjehbTGRiXPj3St81ZBELrEy7cf4EZ6KWSZ5jw,52,Нижегородская область,374,95,2,4,34,4,128,5,18,99,610,638,26
62pk5eQFsgWsi8vh5kaJKoYXKZuUkUoivjfyHLoS8EDp,93,Республика Крым,1437,215,13,69,78,27,249,48,17,356,550,609,59
4qKaHWZPdDV5jypjTvMLuphKArHyy47FF3BoyGUGNKDr,18,Удмуртская Республика,496,70,4,13,27,0,137,11,14,105,2401,2416,16
2PU5QRDbGnqHxMKfHzUdny47m5vxRLqbCv9egzhYgmJr,52,Нижегородская область,161,61,0,7,16,5,57,4,6,55,1954,1970,16
7afb6E4km2P4Zg7U5neT8YRitDBPttnNNg8AnXm2Z7Rp,53,Новгородская область,181,24,0,2,15,4,30,5,3,46,401,408,8
GinaYKmkMSMx6ihVdrjtHDAyvJPm53PPpuvmvkUJg2Pv,67,Смоленская область,853,141,3,15,37,7,105,24,11,126,240,800,11
9eCS6aZp8c2WQhnNe1XXAoQtLH6sy14J4t7S3aNtxtwj,60,Псковская область,554,100,2,15,88,5,140,11,11,173,522,545,21
8GvnffY97KCfGZtpWyFQ9tUeRBB1pEudCDUwhtcgWziV,29,Архангельская область,671,346,7,34,117,1,236,55,30,267,870,911,29
GEKp1jCvy8ZK6tfh8norgsoNQ3dLnEirgryTw1EeAidi,31,Белгородская область,741,223,6,23,80,15,176,33,28,237,819,866,42
9eKQddA5VSSiK6MSCvLhuidqQsMeEqxF94FhfnhCSnZd,18,Удмуртская Республика,894,142,3,25,62,7,183,19,9,229,1301,1327,27
BNxpXKkhPH7SjE5cRDvKuSvJAC9LzZBWBFHSQ8RfZi46,66,Свердловская область,120,31,0,2,6,1,10,2,4,36,879,887,6
EzgvxJBp9wdNYSXTEQXRpTLVBFJ9qTjB3kKnJsLEhE5a,52,Нижегородская область,240,83,5,20,29,4,81,9,6,112,651,685,31
BzoD1RFqnrsE6YW7Luy5gwtxXuKr7FAqJbmtwPo4TYwn,66,Свердловская область,1519,302,13,25,180,26,306,57,29,397,1953,1972,20
9s99b7X4LHSJMRDhXFdrSTQToSVsenrxgVhgK4EsLhVm,61,Ростовская область,510,104,4,19,28,3,88,11,5,93,1481,1503,21
AxvQk24RGgjJXrFtQgUWsviEp96xXRiAWZ4BfxmYt5w4,66,Свердловская область,1695,353,12,43,282,23,287,57,35,342,891,926,31
EMnm447QRJQrtmB91wf7LguD23mjdd5DhYDexFzsCzn6,54,Новосибирская область,524,106,1,25,26,10,93,16,6,178,707,744,36
5Rc8SGLXpQ7Gn7Wyiq952BU39CHwNJeFCGpk95HtoCU9,22,Алтайский край,289,75,1,2,37,1,84,9,12,57,756,761,6
BYeHd2kEEnomSLrKMW3VXxf7ZVMn6pSYFpqEYeJeFS1q,66,Свердловская область,632,190,9,28,144,10,203,26,20,327,1071,1098,28
6c32q1UVhiEk1vJhm342v6atRAKPzGERoUruV7oiSMVV,67,Смоленская область,460,55,0,9,32,3,60,11,7,46,211,220,7
7UDNM87SbTbuvzT7KqNiajhyMN3w2eX1y5QjqjcQYYA6,90,Пермский край,196,85,1,4,23,5,71,9,8,105,1501,1521,20
EGFWoyhnTcAWkv1GECqK2TafZMfvZXdLqZhum7ChL28o,74,Челябинская область,425,166,4,12,92,5,170,24,17,258,1111,1133,23
5uTkBmnVLhB3GKzxqnvhsXCd9XG5pv5aPuQu8xv1Y6u,76,Ярославская область,350,143,1,18,107,7,102,14,6,127,801,822,19
3PyMgbh1md5U4ixgxjQweU4LLFBE9xa5ZvWR6aqDRYVV,90,Пермский край,524,192,3,22,56,16,142,65,20,196,4201,4225,20
JAXcEZWXWEyYGZcrxQHWya21Kv3uQxWweH167NaQSzfw,66,Свердловская область,362,109,2,14,43,4,110,7,12,145,434,456,22
DFQzvkwidbNWgv7py3jPPD9tPyFrzqkgnE1r6HqTyVn3,52,Нижегородская область,250,63,1,8,22,5,104,12,8,80,516,538,23
5jHewMKy7nJf5PZapJZn1VMAPCX4PDM3qXR3AfuNKUV1,22,Алтайский край,602,88,0,7,50,5,103,7,16,127,1089,1112,22
WqxWEHDVGFWk74fQHk9YSAeR33MTTmEbPq5EWJ6JFTX,66,Свердловская область,38,7,0,1,6,2,15,0,2,17,2602,2602,1
G6ryHDptXZvWvbuPp92gLphLPDCnBDYSLc4ejEH3urCs,35,Вологодская область,88,36,1,6,9,0,46,6,5,44,83,96,11
42ki9kupZENVgtvspjT1c8SGKjbtJ7vr5HAhR8Db2Rfx,66,Свердловская область,184,47,0,5,67,2,77,7,5,62,1235,1241,7
FW8vVXqhEpHar4LpRkdDRD3ZtF6xLPGd8kAexZAD3vdC,54,Новосибирская область,325,85,1,13,16,10,97,12,10,113,147,186,28
E2mNTRnRexKkkvShNkF9nxUkGQ48uUhPUvdSMuqUqwvr,39,Калининградская область,168,28,1,8,24,1,28,9,7,51,28,30,3
9gaCPwXa8oqzYT8BkJ9q8raE638SH821i7RPdoQ5djsX,49,Магаданская область,47,15,1,0,4,1,13,0,4,11,71,74,4
8FD2jJdhyAgem4morcCvWTHc84S7PipSsHB5XxNPFACX,49,Магаданская область,15,15,0,0,3,0,7,0,0,8,58,60,3
7CYkHDzJvkFvbBtiFj7mtB5zfRAqP59kpGtd4TxAaJwp,49,Магаданская область,15,9,1,1,3,0,6,1,1,9,51,54,3
