district,region,protocol,row,label,oik,deg,paper,source
Алтайский край – Бийский,22,1,1,"Число избирателей, внесенных в списки избирателей на момент окончания голосования",597710,88575,509135,снимок izbirkom
Алтайский край – Бийский,22,1,2,"Число избирательных бюллетеней, полученных участковыми избирательными комиссиями",568712,80674,488038,снимок izbirkom
Алтайский край – Бийский,22,1,3,"Число избирательных бюллетеней, выданных избирателям, проголосовавшим досрочно",0,0,0,снимок izbirkom
Алтайский край – Бийский,22,1,4,"Число избирательных бюллетеней, выданных участковыми избирательными комиссиями избирателям в помещениях для голосования в день голосования",217491,80674,136817,снимок izbirkom
Алтайский край – Бийский,22,1,5,"Число избирательных бюллетеней, выданных избирателям, проголосовавшим вне помещений для голосования в день голосования",33787,0,33787,снимок izbirkom
Алтайский край – Бийский,22,1,6,Число погашенных избирательных бюллетеней,317434,0,317434,снимок izbirkom
Алтайский край – Бийский,22,1,7,"Число избирательных бюллетеней, содержащихся в переносных ящиках для голосования",33774,0,33774,снимок izbirkom
Алтайский край – Бийский,22,1,8,"Число избирательных бюллетеней, содержащихся в стационарных ящиках для голосования",216406,79637,136769,снимок izbirkom
Алтайский край – Бийский,22,1,9,Число недействительных избирательных бюллетеней,7185,0,7185,снимок izbirkom
Алтайский край – Бийский,22,1,10,Число действительных избирательных бюллетеней,242995,79637,163358,снимок izbirkom
Алтайский край – Бийский,22,1,11,Число утраченных избирательных бюллетеней,0,0,0,снимок izbirkom
Алтайский край – Бийский,22,1,12,"Число избирательных бюллетеней, не учтенных при получении",0,0,0,снимок izbirkom
Алтайский край – Бийский,22,1,13,Арцибашев Антон Игоревич,45056,9860,35196,снимок izbirkom
Алтайский край – Бийский,22,1,14,Галицкая Анна Владимировна,29939,11581,18358,снимок izbirkom
Алтайский край – Бийский,22,1,15,Калашник Павел Вадимович,14225,4708,9517,снимок izbirkom
Алтайский край – Бийский,22,1,16,Лоор Иван Иванович,93332,35007,58325,снимок izbirkom
Алтайский край – Бийский,22,1,17,Семёнов Владимир Владиславович,21864,7128,14736,снимок izbirkom
Алтайский край – Бийский,22,1,18,Терентьев Александр Васильевич,21867,6369,15498,снимок izbirkom
Алтайский край – Бийский,22,1,19,Цивилева Людмила Владимировна,16712,4984,11728,снимок izbirkom
Алтайский край – Бийский,22,2,1,"Число избирателей, внесенных в списки избирателей на момент окончания голосования",598051,88575,509476,снимок izbirkom
Алтайский край – Бийский,22,2,2,"Число избирательных бюллетеней, полученных участковыми избирательными комиссиями",568712,80674,488038,снимок izbirkom
Алтайский край – Бийский,22,2,3,"Число избирательных бюллетеней, выданных избирателям, проголосовавшим досрочно",0,0,0,снимок izbirkom
Алтайский край – Бийский,22,2,4,"Число избирательных бюллетеней, выданных участковыми избирательными комиссиями избирателям в помещениях для голосования в день голосования",218439,80674,137765,снимок izbirkom
Алтайский край – Бийский,22,2,5,"Число избирательных бюллетеней, выданных избирателям, проголосовавшим вне помещений для голосования в день голосования",34187,0,34187,снимок izbirkom
Алтайский край – Бийский,22,2,6,Число погашенных избирательных бюллетеней,316086,0,316086,снимок izbirkom
Алтайский край – Бийский,22,2,7,"Число избирательных бюллетеней, содержащихся в переносных ящиках для голосования",34175,0,34175,снимок izbirkom
Алтайский край – Бийский,22,2,8,"Число избирательных бюллетеней, содержащихся в стационарных ящиках для голосования",217932,80229,137703,снимок izbirkom
Алтайский край – Бийский,22,2,9,Число недействительных избирательных бюллетеней,4950,0,4950,снимок izbirkom
Алтайский край – Бийский,22,2,10,Число действительных избирательных бюллетеней,247157,80229,166928,снимок izbirkom
Алтайский край – Бийский,22,2,11,Число утраченных избирательных бюллетеней,0,0,0,снимок izbirkom
Алтайский край – Бийский,22,2,12,"Число избирательных бюллетеней, не учтенных при получении",0,0,0,снимок izbirkom
Алтайский край – Бийский,22,2,13,"Всероссийская политическая партия ""ЕДИНАЯ РОССИЯ""",103180,41008,62172,снимок izbirkom
Алтайский край – Бийский,22,2,14,Политическая партия ЛДПР – Либерально-демократическая партия России,27230,8139,19091,снимок izbirkom
Алтайский край – Бийский,22,2,15,"Политическая партия ""Партия прямой демократии""",756,245,511,снимок izbirkom
Алтайский край – Бийский,22,2,16,"Политическая партия ""Российская экологическая партия ""ЗЕЛЁНЫЕ""",2795,1441,1354,снимок izbirkom
Алтайский край – Бийский,22,2,17,Социалистическая политическая партия СПРАВЕДЛИВАЯ РОССИЯ,17556,4400,13156,снимок izbirkom
Алтайский край – Бийский,22,2,18,"ВСЕРОССИЙСКАЯ ПОЛИТИЧЕСКАЯ ПАРТИЯ ""РОДИНА""",1875,435,1440,снимок izbirkom
Алтайский край – Бийский,22,2,19,КПРФ - политическая партия КОММУНИСТИЧЕСКАЯ ПАРТИЯ РОССИЙСКОЙ ФЕДЕРАЦИИ,52183,9736,42447,снимок izbirkom
Алтайский край – Бийский,22,2,20,ПАРТИЯ ПЕНСИОНЕРОВ,8605,1390,7215,снимок izbirkom
Алтайский край – Бийский,22,2,21,Политическая партия КОММУНИСТИЧЕСКАЯ ПАРТИЯ КОММУНИСТЫ РОССИИ,4297,1152,3145,снимок izbirkom
Алтайский край – Бийский,22,2,22,"Политическая партия ""НОВЫЕ ЛЮДИ""",28680,12283,16397,снимок izbirkom
Калининградская область – Калининградский,39,1,1,"Число избирателей, внесенных в списки избирателей на момент окончания голосования",421363,35441,385922,снимок izbirkom
Калининградская область – Калининградский,39,1,2,"Число избирательных бюллетеней, полученных участковыми избирательными комиссиями",380278,31886,348392,снимок izbirkom
Калининградская область – Калининградский,39,1,3,"Число избирательных бюллетеней, выданных избирателям, проголосовавшим досрочно",0,0,0,снимок izbirkom
Калининградская область – Калининградский,39,1,4,"Число избирательных бюллетеней, выданных участковыми избирательными комиссиями избирателям в помещениях для голосования в день голосования",191337,31886,159451,снимок izbirkom
Калининградская область – Калининградский,39,1,5,"Число избирательных бюллетеней, выданных избирателям, проголосовавшим вне помещений для голосования в день голосования",32155,0,32155,снимок izbirkom
Калининградская область – Калининградский,39,1,6,Число погашенных избирательных бюллетеней,156781,0,156781,снимок izbirkom
Калининградская область – Калининградский,39,1,7,"Число избирательных бюллетеней, содержащихся в переносных ящиках для голосования",32153,0,32153,снимок izbirkom
Калининградская область – Калининградский,39,1,8,"Число избирательных бюллетеней, содержащихся в стационарных ящиках для голосования",190699,31557,159142,снимок izbirkom
Калининградская область – Калининградский,39,1,9,Число недействительных избирательных бюллетеней,7338,0,7338,снимок izbirkom
Калининградская область – Калининградский,39,1,10,Число действительных избирательных бюллетеней,215514,31557,183957,снимок izbirkom
Калининградская область – Калининградский,39,1,11,Число утраченных избирательных бюллетеней,50,0,50,снимок izbirkom
Калининградская область – Калининградский,39,1,12,"Число избирательных бюллетеней, не учтенных при получении",45,0,45,снимок izbirkom
Калининградская область – Калининградский,39,1,13,Буланов Максим Васильевич,37138,6457,30681,снимок izbirkom
Калининградская область – Калининградский,39,1,14,Козлов Андрей Владимирович,103410,12989,90421,снимок izbirkom
Калининградская область – Калининградский,39,1,15,Лапшин Владислав Денисович,5525,800,4725,снимок izbirkom
Калининградская область – Калининградский,39,1,16,Сидоров Виктор Владимирович,23962,3755,20207,снимок izbirkom
Калининградская область – Калининградский,39,1,17,Федоров Павел Николаевич,17490,2739,14751,снимок izbirkom
Калининградская область – Калининградский,39,1,18,Чижов Дмитрий Евгеньевич,12826,2392,10434,снимок izbirkom
Калининградская область – Калининградский,39,1,19,Юдицкий Леонид Александрович,15163,2425,12738,снимок izbirkom
Калининградская область – Калининградский,39,2,1,"Число избирателей, внесенных в списки избирателей на момент окончания голосования",422831,35441,387390,снимок izbirkom
Калининградская область – Калининградский,39,2,2,"Число избирательных бюллетеней, полученных участковыми избирательными комиссиями",380586,31886,348700,снимок izbirkom
Калининградская область – Калининградский,39,2,3,"Число избирательных бюллетеней, выданных избирателям, проголосовавшим досрочно",0,0,0,снимок izbirkom
Калининградская область – Калининградский,39,2,4,"Число избирательных бюллетеней, выданных участковыми избирательными комиссиями избирателям в помещениях для голосования в день голосования",194332,31886,162446,снимок izbirkom
Калининградская область – Калининградский,39,2,5,"Число избирательных бюллетеней, выданных избирателям, проголосовавшим вне помещений для голосования в день голосования",32438,0,32438,снимок izbirkom
Калининградская область – Калининградский,39,2,6,Число погашенных избирательных бюллетеней,153814,0,153814,снимок izbirkom
Калининградская область – Калининградский,39,2,7,"Число избирательных бюллетеней, содержащихся в переносных ящиках для голосования",32437,0,32437,снимок izbirkom
Калининградская область – Калининградский,39,2,8,"Число избирательных бюллетеней, содержащихся в стационарных ящиках для голосования",193726,31745,161981,снимок izbirkom
Калининградская область – Калининградский,39,2,9,Число недействительных избирательных бюллетеней,4617,0,4617,снимок izbirkom
Калининградская область – Калининградский,39,2,10,Число действительных избирательных бюллетеней,221546,31745,189801,снимок izbirkom
Калининградская область – Калининградский,39,2,11,Число утраченных избирательных бюллетеней,16,0,16,снимок izbirkom
Калининградская область – Калининградский,39,2,12,"Число избирательных бюллетеней, не учтенных при получении",14,0,14,снимок izbirkom
Калининградская область – Калининградский,39,2,13,"Всероссийская политическая партия ""ЕДИНАЯ РОССИЯ""",119424,17056,102368,снимок izbirkom
Калининградская область – Калининградский,39,2,14,Политическая партия ЛДПР – Либерально-демократическая партия России,22433,3348,19085,снимок izbirkom
Калининградская область – Калининградский,39,2,15,"Политическая партия ""Партия прямой демократии""",1012,194,818,снимок izbirkom
Калининградская область – Калининградский,39,2,16,"Политическая партия ""Российская экологическая партия ""ЗЕЛЁНЫЕ""",2752,641,2111,снимок izbirkom
Калининградская область – Калининградский,39,2,17,Социалистическая политическая партия СПРАВЕДЛИВАЯ РОССИЯ,11504,1428,10076,снимок izbirkom
Калининградская область – Калининградский,39,2,18,"ВСЕРОССИЙСКАЯ ПОЛИТИЧЕСКАЯ ПАРТИЯ ""РОДИНА""",1567,201,1366,снимок izbirkom
Калининградская область – Калининградский,39,2,19,КПРФ - политическая партия КОММУНИСТИЧЕСКАЯ ПАРТИЯ РОССИЙСКОЙ ФЕДЕРАЦИИ,30238,3294,26944,снимок izbirkom
Калининградская область – Калининградский,39,2,20,ПАРТИЯ ПЕНСИОНЕРОВ,5761,522,5239,снимок izbirkom
Калининградская область – Калининградский,39,2,21,Политическая партия КОММУНИСТИЧЕСКАЯ ПАРТИЯ КОММУНИСТЫ РОССИИ,2499,367,2132,снимок izbirkom
Калининградская область – Калининградский,39,2,22,"Политическая партия ""НОВЫЕ ЛЮДИ""",24356,4694,19662,снимок izbirkom
Липецкая область – Левобережный,48,1,1,"Число избирателей, внесенных в списки избирателей на момент окончания голосования",433359,40522,392837,снимок izbirkom
Липецкая область – Левобережный,48,1,2,"Число избирательных бюллетеней, полученных участковыми избирательными комиссиями",352937,37147,315790,снимок izbirkom
Липецкая область – Левобережный,48,1,3,"Число избирательных бюллетеней, выданных избирателям, проголосовавшим досрочно",0,0,0,снимок izbirkom
Липецкая область – Левобережный,48,1,4,"Число избирательных бюллетеней, выданных участковыми избирательными комиссиями избирателям в помещениях для голосования в день голосования",197264,37147,160117,снимок izbirkom
Липецкая область – Левобережный,48,1,5,"Число избирательных бюллетеней, выданных избирателям, проголосовавшим вне помещений для голосования в день голосования",39544,0,39544,снимок izbirkom
Липецкая область – Левобережный,48,1,6,Число погашенных избирательных бюллетеней,116129,0,116129,снимок izbirkom
Липецкая область – Левобережный,48,1,7,"Число избирательных бюллетеней, содержащихся в переносных ящиках для голосования",39544,0,39544,снимок izbirkom
Липецкая область – Левобережный,48,1,8,"Число избирательных бюллетеней, содержащихся в стационарных ящиках для голосования",196824,36749,160075,снимок izbirkom
Липецкая область – Левобережный,48,1,9,Число недействительных избирательных бюллетеней,4638,0,4638,снимок izbirkom
Липецкая область – Левобережный,48,1,10,Число действительных избирательных бюллетеней,231730,36749,194981,снимок izbirkom
Липецкая область – Левобережный,48,1,11,Число утраченных избирательных бюллетеней,0,0,0,снимок izbirkom
Липецкая область – Левобережный,48,1,12,"Число избирательных бюллетеней, не учтенных при получении",0,0,0,снимок izbirkom
Липецкая область – Левобережный,48,1,13,Быковских Николай Иванович,36582,5600,30982,снимок izbirkom
Липецкая область – Левобережный,48,1,14,Гришаев Денис Алексеевич,14491,4146,10345,снимок izbirkom
Липецкая область – Левобережный,48,1,15,Дьяконова Татьяна Ивановна,110831,13952,96879,снимок izbirkom
Липецкая область – Левобережный,48,1,16,Зачиняев Максим Сергеевич,19432,3539,15893,снимок izbirkom
Липецкая область – Левобережный,48,1,17,Звягин Сергей Владимирович,4793,954,3839,снимок izbirkom
Липецкая область – Левобережный,48,1,18,Ксенофонтова Лариса Васильевна,13006,2502,10504,снимок izbirkom
Липецкая область – Левобережный,48,1,19,Логинов Юрий Вячеславович,8207,1041,7166,снимок izbirkom
Липецкая область – Левобережный,48,1,20,Наумов Александр Владимирович,8280,1913,6367,снимок izbirkom
Липецкая область – Левобережный,48,1,21,Соколов Сергей Сергеевич,3749,1093,2656,снимок izbirkom
Липецкая область – Левобережный,48,1,22,Щедрина Наталья Борисовна,12359,2009,10350,снимок izbirkom
Липецкая область – Левобережный,48,2,1,"Число избирателей, внесенных в списки избирателей на момент окончания голосования",434237,40522,393715,снимок izbirkom
Липецкая область – Левобережный,48,2,2,"Число избирательных бюллетеней, полученных участковыми избирательными комиссиями",353035,37147,315888,снимок izbirkom
Липецкая область – Левобережный,48,2,3,"Число избирательных бюллетеней, выданных избирателям, проголосовавшим досрочно",0,0,0,снимок izbirkom
Липецкая область – Левобережный,48,2,4,"Число избирательных бюллетеней, выданных участковыми избирательными комиссиями избирателям в помещениях для голосования в день голосования",198119,37147,160972,снимок izbirkom
Липецкая область – Левобережный,48,2,5,"Число избирательных бюллетеней, выданных избирателям, проголосовавшим вне помещений для голосования в день голосования",39678,0,39678,снимок izbirkom
Липецкая область – Левобережный,48,2,6,Число погашенных избирательных бюллетеней,115238,0,115238,снимок izbirkom
Липецкая область – Левобережный,48,2,7,"Число избирательных бюллетеней, содержащихся в переносных ящиках для голосования",39676,0,39676,снимок izbirkom
Липецкая область – Левобережный,48,2,8,"Число избирательных бюллетеней, содержащихся в стационарных ящиках для голосования",197916,36983,160933,снимок izbirkom
Липецкая область – Левобережный,48,2,9,Число недействительных избирательных бюллетеней,3637,0,3637,снимок izbirkom
Липецкая область – Левобережный,48,2,10,Число действительных избирательных бюллетеней,233955,36983,196972,снимок izbirkom
Липецкая область – Левобережный,48,2,11,Число утраченных избирательных бюллетеней,0,0,0,снимок izbirkom
Липецкая область – Левобережный,48,2,12,"Число избирательных бюллетеней, не учтенных при получении",0,0,0,снимок izbirkom
Липецкая область – Левобережный,48,2,13,"Всероссийская политическая партия ""ЕДИНАЯ РОССИЯ""",120071,18122,101949,снимок izbirkom
Липецкая область – Левобережный,48,2,14,Политическая партия ЛДПР – Либерально-демократическая партия России,26455,3950,22505,снимок izbirkom
Липецкая область – Левобережный,48,2,15,"Политическая партия ""Партия прямой демократии""",974,115,859,снимок izbirkom
Липецкая область – Левобережный,48,2,16,"Политическая партия ""Российская экологическая партия ""ЗЕЛЁНЫЕ""",2657,706,1951,снимок izbirkom
Липецкая область – Левобережный,48,2,17,Социалистическая политическая партия СПРАВЕДЛИВАЯ РОССИЯ,11032,1717,9315,снимок izbirkom
Липецкая область – Левобережный,48,2,18,"ВСЕРОССИЙСКАЯ ПОЛИТИЧЕСКАЯ ПАРТИЯ ""РОДИНА""",2012,264,1748,снимок izbirkom
Липецкая область – Левобережный,48,2,19,КПРФ - политическая партия КОММУНИСТИЧЕСКАЯ ПАРТИЯ РОССИЙСКОЙ ФЕДЕРАЦИИ,40354,5218,35136,снимок izbirkom
Липецкая область – Левобережный,48,2,20,ПАРТИЯ ПЕНСИОНЕРОВ,10007,770,9237,снимок izbirkom
Липецкая область – Левобережный,48,2,21,Политическая партия КОММУНИСТИЧЕСКАЯ ПАРТИЯ КОММУНИСТЫ РОССИИ,3172,551,2621,снимок izbirkom
Липецкая область – Левобережный,48,2,22,"Политическая партия ""НОВЫЕ ЛЮДИ""",17221,5570,11651,снимок izbirkom
Липецкая область – Липецкий,48,1,1,"Число избирателей, внесенных в списки избирателей на момент окончания голосования",435014,47622,387392,снимок izbirkom
Липецкая область – Липецкий,48,1,2,"Число избирательных бюллетеней, полученных участковыми избирательными комиссиями",353090,44099,308991,снимок izbirkom
Липецкая область – Липецкий,48,1,3,"Число избирательных бюллетеней, выданных избирателям, проголосовавшим досрочно",0,0,0,снимок izbirkom
Липецкая область – Липецкий,48,1,4,"Число избирательных бюллетеней, выданных участковыми избирательными комиссиями избирателям в помещениях для голосования в день голосования",198721,44099,154622,снимок izbirkom
Липецкая область – Липецкий,48,1,5,"Число избирательных бюллетеней, выданных избирателям, проголосовавшим вне помещений для голосования в день голосования",31241,0,31241,снимок izbirkom
Липецкая область – Липецкий,48,1,6,Число погашенных избирательных бюллетеней,123128,0,123128,снимок izbirkom
Липецкая область – Липецкий,48,1,7,"Число избирательных бюллетеней, содержащихся в переносных ящиках для голосования",31241,0,31241,снимок izbirkom
Липецкая область – Липецкий,48,1,8,"Число избирательных бюллетеней, содержащихся в стационарных ящиках для голосования",198297,43710,154587,снимок izbirkom
Липецкая область – Липецкий,48,1,9,Число недействительных избирательных бюллетеней,6122,0,6122,снимок izbirkom
Липецкая область – Липецкий,48,1,10,Число действительных избирательных бюллетеней,223416,43710,179706,снимок izbirkom
Липецкая область – Липецкий,48,1,11,Число утраченных избирательных бюллетеней,0,0,0,снимок izbirkom
Липецкая область – Липецкий,48,1,12,"Число избирательных бюллетеней, не учтенных при получении",0,0,0,снимок izbirkom
Липецкая область – Липецкий,48,1,13,Волобуев Сергей Васильевич,19365,3202,16163,снимок izbirkom
Липецкая область – Липецкий,48,1,14,Егоров Вадим Алексеевич,16775,3465,13310,снимок izbirkom
Липецкая область – Липецкий,48,1,15,Знаменщикова Полина Олеговна,6110,1876,4234,снимок izbirkom
Липецкая область – Липецкий,48,1,16,Исаев Евгений Николаевич,17607,5229,12378,снимок izbirkom
Липецкая область – Липецкий,48,1,17,Кубрина Анна Борисовна,11283,2171,9112,снимок izbirkom
Липецкая область – Липецкий,48,1,18,Курбатов Сергей Михайлович,88614,15509,73105,снимок izbirkom
Липецкая область – Липецкий,48,1,19,Раздобарина Марина Олеговна,15044,3534,11510,снимок izbirkom
Липецкая область – Липецкий,48,1,20,Токарев Сергей Владимирович,40125,6852,33273,снимок izbirkom
Липецкая область – Липецкий,48,1,21,Хайрединова Жанна Руслановна,2635,667,1968,снимок izbirkom
Липецкая область – Липецкий,48,1,22,Хромовская Валентина Евгеньевна,5858,1205,4653,снимок izbirkom
Липецкая область – Липецкий,48,2,1,"Число избирателей, внесенных в списки избирателей на момент окончания голосования",436211,47622,388589,снимок izbirkom
Липецкая область – Липецкий,48,2,2,"Число избирательных бюллетеней, полученных участковыми избирательными комиссиями",353136,44099,309037,снимок izbirkom
Липецкая область – Липецкий,48,2,3,"Число избирательных бюллетеней, выданных избирателям, проголосовавшим досрочно",0,0,0,снимок izbirkom
Липецкая область – Липецкий,48,2,4,"Число избирательных бюллетеней, выданных участковыми избирательными комиссиями избирателям в помещениях для голосования в день голосования",200037,44099,155938,снимок izbirkom
Липецкая область – Липецкий,48,2,5,"Число избирательных бюллетеней, выданных избирателям, проголосовавшим вне помещений для голосования в день голосования",31502,0,31502,снимок izbirkom
Липецкая область – Липецкий,48,2,6,Число погашенных избирательных бюллетеней,121597,0,121597,снимок izbirkom
Липецкая область – Липецкий,48,2,7,"Число избирательных бюллетеней, содержащихся в переносных ящиках для голосования",31502,0,31502,снимок izbirkom
Липецкая область – Липецкий,48,2,8,"Число избирательных бюллетеней, содержащихся в стационарных ящиках для голосования",199838,43924,155914,снимок izbirkom
Липецкая область – Липецкий,48,2,9,Число недействительных избирательных бюллетеней,4484,0,4484,снимок izbirkom
Липецкая область – Липецкий,48,2,10,Число действительных избирательных бюллетеней,226856,43924,182932,снимок izbirkom
Липецкая область – Липецкий,48,2,11,Число утраченных избирательных бюллетеней,0,0,0,снимок izbirkom
Липецкая область – Липецкий,48,2,12,"Число избирательных бюллетеней, не учтенных при получении",0,0,0,снимок izbirkom
Липецкая область – Липецкий,48,2,13,"Всероссийская политическая партия ""ЕДИНАЯ РОССИЯ""",106360,21460,84900,снимок izbirkom
Липецкая область – Липецкий,48,2,14,Политическая партия ЛДПР – Либерально-демократическая партия России,24570,4709,19861,снимок izbirkom
Липецкая область – Липецкий,48,2,15,"Политическая партия ""Партия прямой демократии""",827,129,698,снимок izbirkom
Липецкая область – Липецкий,48,2,16,"Политическая партия ""Российская экологическая партия ""ЗЕЛЁНЫЕ""",3378,933,2445,снимок izbirkom
Липецкая область – Липецкий,48,2,17,Социалистическая политическая партия СПРАВЕДЛИВАЯ РОССИЯ,12065,2003,10062,снимок izbirkom
Липецкая область – Липецкий,48,2,18,"ВСЕРОССИЙСКАЯ ПОЛИТИЧЕСКАЯ ПАРТИЯ ""РОДИНА""",2055,311,1744,снимок izbirkom
Липецкая область – Липецкий,48,2,19,КПРФ - политическая партия КОММУНИСТИЧЕСКАЯ ПАРТИЯ РОССИЙСКОЙ ФЕДЕРАЦИИ,43086,6155,36931,снимок izbirkom
Липецкая область – Липецкий,48,2,20,ПАРТИЯ ПЕНСИОНЕРОВ,10553,1070,9483,снимок izbirkom
Липецкая область – Липецкий,48,2,21,Политическая партия КОММУНИСТИЧЕСКАЯ ПАРТИЯ КОММУНИСТЫ РОССИИ,2968,619,2349,снимок izbirkom
Липецкая область – Липецкий,48,2,22,"Политическая партия ""НОВЫЕ ЛЮДИ""",20994,6535,14459,снимок izbirkom
Московская область – Дмитровский,50,1,1,"Число избирателей, внесенных в списки избирателей на момент окончания голосования",532706,57603,475103,снимок izbirkom
Московская область – Дмитровский,50,1,2,"Число избирательных бюллетеней, полученных участковыми избирательными комиссиями",438507,52513,385994,снимок izbirkom
Московская область – Дмитровский,50,1,3,"Число избирательных бюллетеней, выданных избирателям, проголосовавшим досрочно",0,0,0,снимок izbirkom
Московская область – Дмитровский,50,1,4,"Число избирательных бюллетеней, выданных участковыми избирательными комиссиями избирателям в помещениях для голосования в день голосования",245997,52513,193484,снимок izbirkom
Московская область – Дмитровский,50,1,5,"Число избирательных бюллетеней, выданных избирателям, проголосовавшим вне помещений для голосования в день голосования",25524,0,25524,снимок izbirkom
Московская область – Дмитровский,50,1,6,Число погашенных избирательных бюллетеней,166983,0,166983,снимок izbirkom
Московская область – Дмитровский,50,1,7,"Число избирательных бюллетеней, содержащихся в переносных ящиках для голосования",25506,0,25506,снимок izbirkom
Московская область – Дмитровский,50,1,8,"Число избирательных бюллетеней, содержащихся в стационарных ящиках для голосования",241371,51914,189457,снимок izbirkom
Московская область – Дмитровский,50,1,9,Число недействительных избирательных бюллетеней,7117,0,7117,снимок izbirkom
Московская область – Дмитровский,50,1,10,Число действительных избирательных бюллетеней,259760,51914,207846,снимок izbirkom
Московская область – Дмитровский,50,1,11,Число утраченных избирательных бюллетеней,3,0,3,снимок izbirkom
Московская область – Дмитровский,50,1,12,"Число избирательных бюллетеней, не учтенных при получении",0,0,0,снимок izbirkom
Московская область – Дмитровский,50,1,13,Андреева Ольга Владимировна,22564,8087,14477,снимок izbirkom
Московская область – Дмитровский,50,1,14,Жабин Даниил Геннадьевич,25490,3881,21609,снимок izbirkom
Московская область – Дмитровский,50,1,15,Кравченко Денис Борисович,127818,21690,106128,снимок izbirkom
Московская область – Дмитровский,50,1,16,Поцелуева Наталья Сергеевна,29780,7755,22025,снимок izbirkom
Московская область – Дмитровский,50,1,17,Романов Александр Валентинович,35174,5754,29420,снимок izbirkom
Московская область – Дмитровский,50,1,18,Хоба Павел Григорьевич,8721,2074,6647,снимок izbirkom
Московская область – Дмитровский,50,1,19,Чуваков Владислав Владимирович,10213,2673,7540,снимок izbirkom
Московская область – Дмитровский,50,2,1,"Число избирателей, внесенных в списки избирателей на момент окончания голосования",532887,57603,475284,снимок izbirkom
Московская область – Дмитровский,50,2,2,"Число избирательных бюллетеней, полученных участковыми избирательными комиссиями",438507,52513,385994,снимок izbirkom
Московская область – Дмитровский,50,2,3,"Число избирательных бюллетеней, выданных избирателям, проголосовавшим досрочно",0,0,0,снимок izbirkom
Московская область – Дмитровский,50,2,4,"Число избирательных бюллетеней, выданных участковыми избирательными комиссиями избирателям в помещениях для голосования в день голосования",246354,52513,193841,снимок izbirkom
Московская область – Дмитровский,50,2,5,"Число избирательных бюллетеней, выданных избирателям, проголосовавшим вне помещений для голосования в день голосования",25524,0,25524,снимок izbirkom
Московская область – Дмитровский,50,2,6,Число погашенных избирательных бюллетеней,166627,0,166627,снимок izbirkom
Московская область – Дмитровский,50,2,7,"Число избирательных бюллетеней, содержащихся в переносных ящиках для голосования",25506,0,25506,снимок izbirkom
Московская область – Дмитровский,50,2,8,"Число избирательных бюллетеней, содержащихся в стационарных ящиках для голосования",242164,52286,189878,снимок izbirkom
Московская область – Дмитровский,50,2,9,Число недействительных избирательных бюллетеней,6951,0,6951,снимок izbirkom
Московская область – Дмитровский,50,2,10,Число действительных избирательных бюллетеней,260719,52286,208433,снимок izbirkom
Московская область – Дмитровский,50,2,11,Число утраченных избирательных бюллетеней,2,0,2,снимок izbirkom
Московская область – Дмитровский,50,2,12,"Число избирательных бюллетеней, не учтенных при получении",0,0,0,снимок izbirkom
Московская область – Дмитровский,50,2,13,"Всероссийская политическая партия ""ЕДИНАЯ РОССИЯ""",151398,27647,123751,снимок izbirkom
Московская область – Дмитровский,50,2,14,Политическая партия ЛДПР – Либерально-демократическая партия России,27210,5142,22068,снимок izbirkom
Московская область – Дмитровский,50,2,15,"Политическая партия ""Партия прямой демократии""",759,228,531,снимок izbirkom
Московская область – Дмитровский,50,2,16,"Политическая партия ""Российская экологическая партия ""ЗЕЛЁНЫЕ""",4357,1186,3171,снимок izbirkom
Московская область – Дмитровский,50,2,17,Социалистическая политическая партия СПРАВЕДЛИВАЯ РОССИЯ,13656,2393,11263,снимок izbirkom
Московская область – Дмитровский,50,2,18,"ВСЕРОССИЙСКАЯ ПОЛИТИЧЕСКАЯ ПАРТИЯ ""РОДИНА""",1534,499,1035,снимок izbirkom
Московская область – Дмитровский,50,2,19,КПРФ - политическая партия КОММУНИСТИЧЕСКАЯ ПАРТИЯ РОССИЙСКОЙ ФЕДЕРАЦИИ,32989,5741,27248,снимок izbirkom
Московская область – Дмитровский,50,2,20,ПАРТИЯ ПЕНСИОНЕРОВ,3687,1322,2365,снимок izbirkom
Московская область – Дмитровский,50,2,21,Политическая партия КОММУНИСТИЧЕСКАЯ ПАРТИЯ КОММУНИСТЫ РОССИИ,1523,624,899,снимок izbirkom
Московская область – Дмитровский,50,2,22,"Политическая партия ""НОВЫЕ ЛЮДИ""",23606,7504,16102,снимок izbirkom
Московская область – Коломенский,50,1,1,"Число избирателей, внесенных в списки избирателей на момент окончания голосования",455766,44252,411514,снимок izbirkom
Московская область – Коломенский,50,1,2,"Число избирательных бюллетеней, полученных участковыми избирательными комиссиями",421021,40511,380510,снимок izbirkom
Московская область – Коломенский,50,1,3,"Число избирательных бюллетеней, выданных избирателям, проголосовавшим досрочно",0,0,0,снимок izbirkom
Московская область – Коломенский,50,1,4,"Число избирательных бюллетеней, выданных участковыми избирательными комиссиями избирателям в помещениях для голосования в день голосования",206532,40511,166021,снимок izbirkom
Московская область – Коломенский,50,1,5,"Число избирательных бюллетеней, выданных избирателям, проголосовавшим вне помещений для голосования в день голосования",33897,0,33897,снимок izbirkom
Московская область – Коломенский,50,1,6,Число погашенных избирательных бюллетеней,180585,0,180585,снимок izbirkom
Московская область – Коломенский,50,1,7,"Число избирательных бюллетеней, содержащихся в переносных ящиках для голосования",33805,0,33805,снимок izbirkom
Московская область – Коломенский,50,1,8,"Число избирательных бюллетеней, содержащихся в стационарных ящиках для голосования",206075,40151,165924,снимок izbirkom
Московская область – Коломенский,50,1,9,Число недействительных избирательных бюллетеней,4576,0,4576,снимок izbirkom
Московская область – Коломенский,50,1,10,Число действительных избирательных бюллетеней,235304,40151,195153,снимок izbirkom
Московская область – Коломенский,50,1,11,Число утраченных избирательных бюллетеней,7,0,7,снимок izbirkom
Московская область – Коломенский,50,1,12,"Число избирательных бюллетеней, не учтенных при получении",0,0,0,снимок izbirkom
Московская область – Коломенский,50,1,13,Гелевера Дмитрий Юрьевич,8504,1617,6887,снимок izbirkom
Московская область – Коломенский,50,1,14,Конкин Владимир Алексеевич,15352,2782,12570,снимок izbirkom
Московская область – Коломенский,50,1,15,Мусин Константин Хусаинович,21914,5161,16753,снимок izbirkom
Московская область – Коломенский,50,1,16,Стрельцов Сергей Анатольевич,28651,6342,22309,снимок izbirkom
Московская область – Коломенский,50,1,17,Тимкова Ирина Сергеевна,26284,8173,18111,снимок izbirkom
Московская область – Коломенский,50,1,18,Чаплин Никита Юрьевич,134599,16076,118523,снимок izbirkom
Московская область – Коломенский,50,2,1,"Число избирателей, внесенных в списки избирателей на момент окончания голосования",456638,44252,412386,снимок izbirkom
Московская область – Коломенский,50,2,2,"Число избирательных бюллетеней, полученных участковыми избирательными комиссиями",421528,40511,381017,снимок izbirkom
Московская область – Коломенский,50,2,3,"Число избирательных бюллетеней, выданных избирателям, проголосовавшим досрочно",0,0,0,снимок izbirkom
Московская область – Коломенский,50,2,4,"Число избирательных бюллетеней, выданных участковыми избирательными комиссиями избирателям в помещениях для голосования в день голосования",208196,40511,167685,снимок izbirkom
Московская область – Коломенский,50,2,5,"Число избирательных бюллетеней, выданных избирателям, проголосовавшим вне помещений для голосования в день голосования",34083,0,34083,снимок izbirkom
Московская область – Коломенский,50,2,6,Число погашенных избирательных бюллетеней,179249,0,179249,снимок izbirkom
Московская область – Коломенский,50,2,7,"Число избирательных бюллетеней, содержащихся в переносных ящиках для голосования",33991,0,33991,снимок izbirkom
Московская область – Коломенский,50,2,8,"Число избирательных бюллетеней, содержащихся в стационарных ящиках для голосования",207945,40359,167586,снимок izbirkom
Московская область – Коломенский,50,2,9,Число недействительных избирательных бюллетеней,3366,0,3366,снимок izbirkom
Московская область – Коломенский,50,2,10,Число действительных избирательных бюллетеней,238570,40359,198211,снимок izbirkom
Московская область – Коломенский,50,2,11,Число утраченных избирательных бюллетеней,0,0,0,снимок izbirkom
Московская область – Коломенский,50,2,12,"Число избирательных бюллетеней, не учтенных при получении",0,0,0,снимок izbirkom
Московская область – Коломенский,50,2,13,"Всероссийская политическая партия ""ЕДИНАЯ РОССИЯ""",140891,19722,121169,снимок izbirkom
Московская область – Коломенский,50,2,14,Политическая партия ЛДПР – Либерально-демократическая партия России,22343,4607,17736,снимок izbirkom
Московская область – Коломенский,50,2,15,"Политическая партия ""Партия прямой демократии""",724,151,573,снимок izbirkom
Московская область – Коломенский,50,2,16,"Политическая партия ""Российская экологическая партия ""ЗЕЛЁНЫЕ""",3024,845,2179,снимок izbirkom
Московская область – Коломенский,50,2,17,Социалистическая политическая партия СПРАВЕДЛИВАЯ РОССИЯ,10225,1980,8245,снимок izbirkom
Московская область – Коломенский,50,2,18,"ВСЕРОССИЙСКАЯ ПОЛИТИЧЕСКАЯ ПАРТИЯ ""РОДИНА""",1415,383,1032,снимок izbirkom
Московская область – Коломенский,50,2,19,КПРФ - политическая партия КОММУНИСТИЧЕСКАЯ ПАРТИЯ РОССИЙСКОЙ ФЕДЕРАЦИИ,32473,5103,27370,снимок izbirkom
Московская область – Коломенский,50,2,20,ПАРТИЯ ПЕНСИОНЕРОВ,3601,1016,2585,снимок izbirkom
Московская область – Коломенский,50,2,21,Политическая партия КОММУНИСТИЧЕСКАЯ ПАРТИЯ КОММУНИСТЫ РОССИИ,1925,617,1308,снимок izbirkom
Московская область – Коломенский,50,2,22,"Политическая партия ""НОВЫЕ ЛЮДИ""",21949,5935,16014,снимок izbirkom
Московская область – Подольский,50,1,1,"Число избирателей, внесенных в списки избирателей на момент окончания голосования",544673,57555,487118,снимок izbirkom
Московская область – Подольский,50,1,2,"Число избирательных бюллетеней, полученных участковыми избирательными комиссиями",450905,53450,397455,снимок izbirkom
Московская область – Подольский,50,1,3,"Число избирательных бюллетеней, выданных избирателям, проголосовавшим досрочно",65,0,65,снимок izbirkom
Московская область – Подольский,50,1,4,"Число избирательных бюллетеней, выданных участковыми избирательными комиссиями избирателям в помещениях для голосования в день голосования",246415,53450,192965,снимок izbirkom
Московская область – Подольский,50,1,5,"Число избирательных бюллетеней, выданных избирателям, проголосовавшим вне помещений для голосования в день голосования",22798,0,22798,снимок izbirkom
Московская область – Подольский,50,1,6,Число погашенных избирательных бюллетеней,181627,0,181627,снимок izbirkom
Московская область – Подольский,50,1,7,"Число избирательных бюллетеней, содержащихся в переносных ящиках для голосования",22798,0,22798,снимок izbirkom
Московская область – Подольский,50,1,8,"Число избирательных бюллетеней, содержащихся в стационарных ящиках для голосования",244944,52929,192015,снимок izbirkom
Московская область – Подольский,50,1,9,Число недействительных избирательных бюллетеней,2663,0,2663,снимок izbirkom
Московская область – Подольский,50,1,10,Число действительных избирательных бюллетеней,265079,52929,212150,снимок izbirkom
Московская область – Подольский,50,1,11,Число утраченных избирательных бюллетеней,0,0,0,снимок izbirkom
Московская область – Подольский,50,1,12,"Число избирательных бюллетеней, не учтенных при получении",0,0,0,снимок izbirkom
Московская область – Подольский,50,1,13,Герасимов Андрей Викторович,22625,5500,17125,снимок izbirkom
Московская область – Подольский,50,1,14,Иванюженков Борис Викторович,46655,5084,41571,снимок izbirkom
Московская область – Подольский,50,1,15,Козлов Игорь Анатольевич,4378,1592,2786,снимок izbirkom
Московская область – Подольский,50,1,16,Коцюбинская Елена Сергеевна,4563,1518,3045,снимок izbirkom
Московская область – Подольский,50,1,17,Солдатов Юрий Владимирович,25015,6619,18396,снимок izbirkom
Московская область – Подольский,50,1,18,Фетисов Вячеслав Александрович,143010,24651,118359,снимок izbirkom
Московская область – Подольский,50,1,19,Филиппов Алексей Николаевич,6201,2923,3278,снимок izbirkom
Московская область – Подольский,50,1,20,Харитонов Антон Николаевич,12632,5042,7590,снимок izbirkom
Московская область – Подольский,50,2,1,"Число избирателей, внесенных в списки избирателей на момент окончания голосования",545520,57555,487965,снимок izbirkom
Московская область – Подольский,50,2,2,"Число избирательных бюллетеней, полученных участковыми избирательными комиссиями",451755,53450,398305,снимок izbirkom
Московская область – Подольский,50,2,3,"Число избирательных бюллетеней, выданных избирателям, проголосовавшим досрочно",65,0,65,снимок izbirkom
Московская область – Подольский,50,2,4,"Число избирательных бюллетеней, выданных участковыми избирательными комиссиями избирателям в помещениях для голосования в день голосования",247499,53450,194049,снимок izbirkom
Московская область – Подольский,50,2,5,"Число избирательных бюллетеней, выданных избирателям, проголосовавшим вне помещений для голосования в день голосования",22972,0,22972,снимок izbirkom
Московская область – Подольский,50,2,6,Число погашенных избирательных бюллетеней,181219,0,181219,снимок izbirkom
Московская область – Подольский,50,2,7,"Число избирательных бюллетеней, содержащихся в переносных ящиках для голосования",22972,0,22972,снимок izbirkom
Московская область – Подольский,50,2,8,"Число избирательных бюллетеней, содержащихся в стационарных ящиках для голосования",246421,53239,193182,снимок izbirkom
Московская область – Подольский,50,2,9,Число недействительных избирательных бюллетеней,2446,0,2446,снимок izbirkom
Московская область – Подольский,50,2,10,Число действительных избирательных бюллетеней,266947,53239,213708,снимок izbirkom
Московская область – Подольский,50,2,11,Число утраченных избирательных бюллетеней,0,0,0,снимок izbirkom
Московская область – Подольский,50,2,12,"Число избирательных бюллетеней, не учтенных при получении",0,0,0,снимок izbirkom
Московская область – Подольский,50,2,13,"Всероссийская политическая партия ""ЕДИНАЯ РОССИЯ""",149801,27816,121985,снимок izbirkom
Московская область – Подольский,50,2,14,Политическая партия ЛДПР – Либерально-демократическая партия России,25011,5105,19906,снимок izbirkom
Московская область – Подольский,50,2,15,"Политическая партия ""Партия прямой демократии""",1059,224,835,снимок izbirkom
Московская область – Подольский,50,2,16,"Политическая партия ""Российская экологическая партия ""ЗЕЛЁНЫЕ""",3810,1218,2592,снимок izbirkom
Московская область – Подольский,50,2,17,Социалистическая политическая партия СПРАВЕДЛИВАЯ РОССИЯ,9312,2500,6812,снимок izbirkom
Московская область – Подольский,50,2,18,"ВСЕРОССИЙСКАЯ ПОЛИТИЧЕСКАЯ ПАРТИЯ ""РОДИНА""",1572,537,1035,снимок izbirkom
Московская область – Подольский,50,2,19,КПРФ - политическая партия КОММУНИСТИЧЕСКАЯ ПАРТИЯ РОССИЙСКОЙ ФЕДЕРАЦИИ,47845,6318,41527,снимок izbirkom
Московская область – Подольский,50,2,20,ПАРТИЯ ПЕНСИОНЕРОВ,2899,1285,1614,снимок izbirkom
Московская область – Подольский,50,2,21,Политическая партия КОММУНИСТИЧЕСКАЯ ПАРТИЯ КОММУНИСТЫ РОССИИ,1525,664,861,снимок izbirkom
Московская область – Подольский,50,2,22,"Политическая партия ""НОВЫЕ ЛЮДИ""",24113,7572,16541,снимок izbirkom
Московская область – Щёлковский,50,1,1,"Число избирателей, внесенных в списки избирателей на момент окончания голосования",472401,70980,401421,снимок izbirkom
Московская область – Щёлковский,50,1,2,"Число избирательных бюллетеней, полученных участковыми избирательными комиссиями",443064,64754,378310,снимок izbirkom
Московская область – Щёлковский,50,1,3,"Число избирательных бюллетеней, выданных избирателям, проголосовавшим досрочно",0,0,0,снимок izbirkom
Московская область – Щёлковский,50,1,4,"Число избирательных бюллетеней, выданных участковыми избирательными комиссиями избирателям в помещениях для голосования в день голосования",237733,64754,172979,снимок izbirkom
Московская область – Щёлковский,50,1,5,"Число избирательных бюллетеней, выданных избирателям, проголосовавшим вне помещений для голосования в день голосования",18011,0,18011,снимок izbirkom
Московская область – Щёлковский,50,1,6,Число погашенных избирательных бюллетеней,187320,0,187320,снимок izbirkom
Московская область – Щёлковский,50,1,7,"Число избирательных бюллетеней, содержащихся в переносных ящиках для голосования",17809,0,17809,снимок izbirkom
Московская область – Щёлковский,50,1,8,"Число избирательных бюллетеней, содержащихся в стационарных ящиках для голосования",237069,64219,172850,снимок izbirkom
Московская область – Щёлковский,50,1,9,Число недействительных избирательных бюллетеней,2609,0,2609,снимок izbirkom
Московская область – Щёлковский,50,1,10,Число действительных избирательных бюллетеней,252269,64219,188050,снимок izbirkom
Московская область – Щёлковский,50,1,11,Число утраченных избирательных бюллетеней,0,0,0,снимок izbirkom
Московская область – Щёлковский,50,1,12,"Число избирательных бюллетеней, не учтенных при получении",0,0,0,снимок izbirkom
Московская область – Щёлковский,50,1,13,Булгаков Андрей Алексеевич,147282,33573,113709,снимок izbirkom
Московская область – Щёлковский,50,1,14,Зыкова Татьяна Николаевна,6671,3398,3273,снимок izbirkom
Московская область – Щёлковский,50,1,15,Мокринская Елена Федоровна,25673,6925,18748,снимок izbirkom
Московская область – Щёлковский,50,1,16,Моренова Валентина Александровна,4970,1988,2982,снимок izbirkom
Московская область – Щёлковский,50,1,17,Мякинин Илья Дмитриевич,6420,2953,3467,снимок izbirkom
Московская область – Щёлковский,50,1,18,Наумкина Анастасия Игоревна,18788,3456,15332,снимок izbirkom
Московская область – Щёлковский,50,1,19,Пиксайкина Анна Владимировна,25741,6404,19337,снимок izbirkom
Московская область – Щёлковский,50,1,20,Сыров Александр Валерьевич,3183,1443,1740,снимок izbirkom
Московская область – Щёлковский,50,1,21,Чиликин Эдуард Васильевич,13541,4079,9462,снимок izbirkom
Московская область – Щёлковский,50,2,1,"Число избирателей, внесенных в списки избирателей на момент окончания голосования",474136,70980,403156,снимок izbirkom
Московская область – Щёлковский,50,2,2,"Число избирательных бюллетеней, полученных участковыми избирательными комиссиями",443544,64754,378790,снимок izbirkom
Московская область – Щёлковский,50,2,3,"Число избирательных бюллетеней, выданных избирателям, проголосовавшим досрочно",0,0,0,снимок izbirkom
Московская область – Щёлковский,50,2,4,"Число избирательных бюллетеней, выданных участковыми избирательными комиссиями избирателям в помещениях для голосования в день голосования",239946,64754,175192,снимок izbirkom
Московская область – Щёлковский,50,2,5,"Число избирательных бюллетеней, выданных избирателям, проголосовавшим вне помещений для голосования в день голосования",17342,0,17342,снимок izbirkom
Московская область – Щёлковский,50,2,6,Число погашенных избирательных бюллетеней,186256,0,186256,снимок izbirkom
Московская область – Щёлковский,50,2,7,"Число избирательных бюллетеней, содержащихся в переносных ящиках для голосования",17137,0,17137,снимок izbirkom
Московская область – Щёлковский,50,2,8,"Число избирательных бюллетеней, содержащихся в стационарных ящиках для голосования",239527,64489,175038,снимок izbirkom
Московская область – Щёлковский,50,2,9,Число недействительных избирательных бюллетеней,2392,0,2392,снимок izbirkom
Московская область – Щёлковский,50,2,10,Число действительных избирательных бюллетеней,254272,64489,189783,снимок izbirkom
Московская область – Щёлковский,50,2,11,Число утраченных избирательных бюллетеней,0,0,0,снимок izbirkom
Московская область – Щёлковский,50,2,12,"Число избирательных бюллетеней, не учтенных при получении",0,0,0,снимок izbirkom
Московская область – Щёлковский,50,2,13,"Всероссийская политическая партия ""ЕДИНАЯ РОССИЯ""",151030,36284,114746,снимок izbirkom
Московская область – Щёлковский,50,2,14,Политическая партия ЛДПР – Либерально-демократическая партия России,24583,5941,18642,снимок izbirkom
Московская область – Щёлковский,50,2,15,"Политическая партия ""Партия прямой демократии""",1501,241,1260,снимок izbirkom
Московская область – Щёлковский,50,2,16,"Политическая партия ""Российская экологическая партия ""ЗЕЛЁНЫЕ""",3514,1334,2180,снимок izbirkom
Московская область – Щёлковский,50,2,17,Социалистическая политическая партия СПРАВЕДЛИВАЯ РОССИЯ,10387,2713,7674,снимок izbirkom
Московская область – Щёлковский,50,2,18,"ВСЕРОССИЙСКАЯ ПОЛИТИЧЕСКАЯ ПАРТИЯ ""РОДИНА""",1694,526,1168,снимок izbirkom
Московская область – Щёлковский,50,2,19,КПРФ - политическая партия КОММУНИСТИЧЕСКАЯ ПАРТИЯ РОССИЙСКОЙ ФЕДЕРАЦИИ,29454,6594,22860,снимок izbirkom
Московская область – Щёлковский,50,2,20,ПАРТИЯ ПЕНСИОНЕРОВ,3591,1436,2155,снимок izbirkom
Московская область – Щёлковский,50,2,21,Политическая партия КОММУНИСТИЧЕСКАЯ ПАРТИЯ КОММУНИСТЫ РОССИИ,3184,736,2448,снимок izbirkom
Московская область – Щёлковский,50,2,22,"Политическая партия ""НОВЫЕ ЛЮДИ""",25334,8684,16650,снимок izbirkom
Мурманская область – Мурманский,51,1,1,"Число избирателей, внесенных в списки избирателей на момент окончания голосования",503910,46154,457756,снимок izbirkom
Мурманская область – Мурманский,51,1,2,"Число избирательных бюллетеней, полученных участковыми избирательными комиссиями",490393,41520,448873,снимок izbirkom
Мурманская область – Мурманский,51,1,3,"Число избирательных бюллетеней, выданных избирателям, проголосовавшим досрочно",1091,0,1091,снимок izbirkom
Мурманская область – Мурманский,51,1,4,"Число избирательных бюллетеней, выданных участковыми избирательными комиссиями избирателям в помещениях для голосования в день голосования",237274,41520,195754,снимок izbirkom
Мурманская область – Мурманский,51,1,5,"Число избирательных бюллетеней, выданных избирателям, проголосовавшим вне помещений для голосования в день голосования",9190,0,9190,снимок izbirkom
Мурманская область – Мурманский,51,1,6,Число погашенных избирательных бюллетеней,242838,0,242838,снимок izbirkom
Мурманская область – Мурманский,51,1,7,"Число избирательных бюллетеней, содержащихся в переносных ящиках для голосования",10278,0,10278,снимок izbirkom
Мурманская область – Мурманский,51,1,8,"Число избирательных бюллетеней, содержащихся в стационарных ящиках для голосования",236508,41152,195356,снимок izbirkom
Мурманская область – Мурманский,51,1,9,Число недействительных избирательных бюллетеней,9071,0,9071,снимок izbirkom
Мурманская область – Мурманский,51,1,10,Число действительных избирательных бюллетеней,237715,41152,196563,снимок izbirkom
Мурманская область – Мурманский,51,1,11,Число утраченных избирательных бюллетеней,0,0,0,снимок izbirkom
Мурманская область – Мурманский,51,1,12,"Число избирательных бюллетеней, не учтенных при получении",0,0,0,снимок izbirkom
Мурманская область – Мурманский,51,1,13,Белов Максим Андреевич,35657,7503,28154,снимок izbirkom
Мурманская область – Мурманский,51,1,14,Ваталин Юрий Викторович,31815,4611,27204,снимок izbirkom
Мурманская область – Мурманский,51,1,15,Гонтарь Станислав Всеволодович,24702,4384,20318,снимок izbirkom
Мурманская область – Мурманский,51,1,16,Иванов Андрей Степанович,16256,2079,14177,снимок izbirkom
Мурманская область – Мурманский,51,1,17,Кусайко Татьяна Алексеевна,87275,14333,72942,снимок izbirkom
Мурманская область – Мурманский,51,1,18,Макаревич Александр Геннадьевич,24671,4119,20552,снимок izbirkom
Мурманская область – Мурманский,51,1,19,Хомечко Игорь Иванович,17339,4123,13216,снимок izbirkom
Мурманская область – Мурманский,51,2,1,"Число избирателей, внесенных в списки избирателей на момент окончания голосования",505964,46154,459810,снимок izbirkom
Мурманская область – Мурманский,51,2,2,"Число избирательных бюллетеней, полученных участковыми избирательными комиссиями",492173,41520,450653,снимок izbirkom
Мурманская область – Мурманский,51,2,3,"Число избирательных бюллетеней, выданных избирателям, проголосовавшим досрочно",1264,0,1264,снимок izbirkom
Мурманская область – Мурманский,51,2,4,"Число избирательных бюллетеней, выданных участковыми избирательными комиссиями избирателям в помещениях для голосования в день голосования",240194,41520,198674,снимок izbirkom
Мурманская область – Мурманский,51,2,5,"Число избирательных бюллетеней, выданных избирателям, проголосовавшим вне помещений для голосования в день голосования",9372,0,9372,снимок izbirkom
Мурманская область – Мурманский,51,2,6,Число погашенных избирательных бюллетеней,241343,0,241343,снимок izbirkom
Мурманская область – Мурманский,51,2,7,"Число избирательных бюллетеней, содержащихся в переносных ящиках для голосования",10630,0,10630,снимок izbirkom
Мурманская область – Мурманский,51,2,8,"Число избирательных бюллетеней, содержащихся в стационарных ящиках для голосования",239610,41336,198274,снимок izbirkom
Мурманская область – Мурманский,51,2,9,Число недействительных избирательных бюллетеней,5959,0,5959,снимок izbirkom
Мурманская область – Мурманский,51,2,10,Число действительных избирательных бюллетеней,244281,41336,202945,снимок izbirkom
Мурманская область – Мурманский,51,2,11,Число утраченных избирательных бюллетеней,0,0,0,снимок izbirkom
Мурманская область – Мурманский,51,2,12,"Число избирательных бюллетеней, не учтенных при получении",0,0,0,снимок izbirkom
Мурманская область – Мурманский,51,2,13,"Всероссийская политическая партия ""ЕДИНАЯ РОССИЯ""",100271,18084,82187,снимок izbirkom
Мурманская область – Мурманский,51,2,14,Политическая партия ЛДПР – Либерально-демократическая партия России,34938,5584,29354,снимок izbirkom
Мурманская область – Мурманский,51,2,15,"Политическая партия ""Партия прямой демократии""",823,183,640,снимок izbirkom
Мурманская область – Мурманский,51,2,16,"Политическая партия ""Российская экологическая партия ""ЗЕЛЁНЫЕ""",3556,1032,2524,снимок izbirkom
Мурманская область – Мурманский,51,2,17,Социалистическая политическая партия СПРАВЕДЛИВАЯ РОССИЯ,18416,2980,15436,снимок izbirkom
Мурманская область – Мурманский,51,2,18,"ВСЕРОССИЙСКАЯ ПОЛИТИЧЕСКАЯ ПАРТИЯ ""РОДИНА""",1919,349,1570,снимок izbirkom
Мурманская область – Мурманский,51,2,19,КПРФ - политическая партия КОММУНИСТИЧЕСКАЯ ПАРТИЯ РОССИЙСКОЙ ФЕДЕРАЦИИ,38983,4641,34342,снимок izbirkom
Мурманская область – Мурманский,51,2,20,ПАРТИЯ ПЕНСИОНЕРОВ,12299,1269,11030,снимок izbirkom
Мурманская область – Мурманский,51,2,21,Политическая партия КОММУНИСТИЧЕСКАЯ ПАРТИЯ КОММУНИСТЫ РОССИИ,2138,493,1645,снимок izbirkom
Мурманская область – Мурманский,51,2,22,"Политическая партия ""НОВЫЕ ЛЮДИ""",30938,6721,24217,снимок izbirkom
Ненецкий автономный округ – Ненецкий,83,1,1,"Число избирателей, внесенных в списки избирателей на момент окончания голосования",39753,5264,34489,снимок izbirkom
Ненецкий автономный округ – Ненецкий,83,1,2,"Число избирательных бюллетеней, полученных участковыми избирательными комиссиями",32331,4881,27450,снимок izbirkom
Ненецкий автономный округ – Ненецкий,83,1,3,"Число избирательных бюллетеней, выданных избирателям, проголосовавшим досрочно",242,0,242,снимок izbirkom
Ненецкий автономный округ – Ненецкий,83,1,4,"Число избирательных бюллетеней, выданных участковыми избирательными комиссиями избирателям в помещениях для голосования в день голосования",14701,4881,9820,снимок izbirkom
Ненецкий автономный округ – Ненецкий,83,1,5,"Число избирательных бюллетеней, выданных избирателям, проголосовавшим вне помещений для голосования в день голосования",299,0,299,снимок izbirkom
Ненецкий автономный округ – Ненецкий,83,1,6,Число погашенных избирательных бюллетеней,17089,0,17089,снимок izbirkom
Ненецкий автономный округ – Ненецкий,83,1,7,"Число избирательных бюллетеней, содержащихся в переносных ящиках для голосования",539,0,539,снимок izbirkom
Ненецкий автономный округ – Ненецкий,83,1,8,"Число избирательных бюллетеней, содержащихся в стационарных ящиках для голосования",14643,4824,9819,снимок izbirkom
Ненецкий автономный округ – Ненецкий,83,1,9,Число недействительных избирательных бюллетеней,285,0,285,снимок izbirkom
Ненецкий автономный округ – Ненецкий,83,1,10,Число действительных избирательных бюллетеней,14897,4824,10073,снимок izbirkom
Ненецкий автономный округ – Ненецкий,83,1,11,Число утраченных избирательных бюллетеней,0,0,0,снимок izbirkom
Ненецкий автономный округ – Ненецкий,83,1,12,"Число избирательных бюллетеней, не учтенных при получении",0,0,0,снимок izbirkom
Ненецкий автономный округ – Ненецкий,83,1,13,Антипина Татьяна Яковлевна,1476,397,1079,снимок izbirkom
Ненецкий автономный округ – Ненецкий,83,1,14,Кисляков Михаил Леонидович,6415,2625,3790,снимок izbirkom
Ненецкий автономный округ – Ненецкий,83,1,15,Райн Михаил Викторович,4465,964,3501,снимок izbirkom
Ненецкий автономный округ – Ненецкий,83,1,16,Тайбарей Людмила Валентиновна,2541,838,1703,снимок izbirkom
Ненецкий автономный округ – Ненецкий,83,2,1,"Число избирателей, внесенных в списки избирателей на момент окончания голосования",39790,5264,34526,снимок izbirkom
Ненецкий автономный округ – Ненецкий,83,2,2,"Число избирательных бюллетеней, полученных участковыми избирательными комиссиями",38531,4881,33650,снимок izbirkom
Ненецкий автономный округ – Ненецкий,83,2,3,"Число избирательных бюллетеней, выданных избирателям, проголосовавшим досрочно",3474,0,3474,снимок izbirkom
Ненецкий автономный округ – Ненецкий,83,2,4,"Число избирательных бюллетеней, выданных участковыми избирательными комиссиями избирателям в помещениях для голосования в день голосования",16960,4881,12079,снимок izbirkom
Ненецкий автономный округ – Ненецкий,83,2,5,"Число избирательных бюллетеней, выданных избирателям, проголосовавшим вне помещений для голосования в день голосования",302,0,302,снимок izbirkom
Ненецкий автономный округ – Ненецкий,83,2,6,Число погашенных избирательных бюллетеней,17795,0,17795,снимок izbirkom
Ненецкий автономный округ – Ненецкий,83,2,7,"Число избирательных бюллетеней, содержащихся в переносных ящиках для голосования",3774,0,3774,снимок izbirkom
Ненецкий автономный округ – Ненецкий,83,2,8,"Число избирательных бюллетеней, содержащихся в стационарных ящиках для голосования",16915,4837,12078,снимок izbirkom
Ненецкий автономный округ – Ненецкий,83,2,9,Число недействительных избирательных бюллетеней,422,0,422,снимок izbirkom
Ненецкий автономный округ – Ненецкий,83,2,10,Число действительных избирательных бюллетеней,20267,4837,15430,снимок izbirkom
Ненецкий автономный округ – Ненецкий,83,2,11,Число утраченных избирательных бюллетеней,0,0,0,снимок izbirkom
Ненецкий автономный округ – Ненецкий,83,2,12,"Число избирательных бюллетеней, не учтенных при получении",0,0,0,снимок izbirkom
Ненецкий автономный округ – Ненецкий,83,2,13,"Всероссийская политическая партия ""ЕДИНАЯ РОССИЯ""",8704,2551,6153,снимок izbirkom
Ненецкий автономный округ – Ненецкий,83,2,14,Политическая партия ЛДПР – Либерально-демократическая партия России,3089,602,2487,снимок izbirkom
Ненецкий автономный округ – Ненецкий,83,2,15,"Политическая партия ""Партия прямой демократии""",91,13,78,снимок izbirkom
Ненецкий автономный округ – Ненецкий,83,2,16,"Политическая партия ""Российская экологическая партия ""ЗЕЛЁНЫЕ""",167,49,118,снимок izbirkom
Ненецкий автономный округ – Ненецкий,83,2,17,Социалистическая политическая партия СПРАВЕДЛИВАЯ РОССИЯ,952,206,746,снимок izbirkom
Ненецкий автономный округ – Ненецкий,83,2,18,"ВСЕРОССИЙСКАЯ ПОЛИТИЧЕСКАЯ ПАРТИЯ ""РОДИНА""",205,48,157,снимок izbirkom
Ненецкий автономный округ – Ненецкий,83,2,19,КПРФ - политическая партия КОММУНИСТИЧЕСКАЯ ПАРТИЯ РОССИЙСКОЙ ФЕДЕРАЦИИ,4787,806,3981,снимок izbirkom
Ненецкий автономный округ – Ненецкий,83,2,20,ПАРТИЯ ПЕНСИОНЕРОВ,508,68,440,снимок izbirkom
Ненецкий автономный округ – Ненецкий,83,2,21,Политическая партия КОММУНИСТИЧЕСКАЯ ПАРТИЯ КОММУНИСТЫ РОССИИ,187,32,155,снимок izbirkom
Ненецкий автономный округ – Ненецкий,83,2,22,"Политическая партия ""НОВЫЕ ЛЮДИ""",1577,462,1115,снимок izbirkom
Нижегородская область – Канавинский,52,1,1,"Число избирателей, внесенных в списки избирателей на момент окончания голосования",498841,32267,466574,снимок izbirkom
Нижегородская область – Канавинский,52,1,2,"Число избирательных бюллетеней, полученных участковыми избирательными комиссиями",445652,28821,416831,снимок izbirkom
Нижегородская область – Канавинский,52,1,3,"Число избирательных бюллетеней, выданных избирателям, проголосовавшим досрочно",0,0,0,снимок izbirkom
Нижегородская область – Канавинский,52,1,4,"Число избирательных бюллетеней, выданных участковыми избирательными комиссиями избирателям в помещениях для голосования в день голосования",232885,28821,204064,снимок izbirkom
Нижегородская область – Канавинский,52,1,5,"Число избирательных бюллетеней, выданных избирателям, проголосовавшим вне помещений для голосования в день голосования",30870,0,30870,снимок izbirkom
Нижегородская область – Канавинский,52,1,6,Число погашенных избирательных бюллетеней,181897,0,181897,снимок izbirkom
Нижегородская область – Канавинский,52,1,7,"Число избирательных бюллетеней, содержащихся в переносных ящиках для голосования",30870,0,30870,снимок izbirkom
Нижегородская область – Канавинский,52,1,8,"Число избирательных бюллетеней, содержащихся в стационарных ящиках для голосования",232503,28481,204022,снимок izbirkom
Нижегородская область – Канавинский,52,1,9,Число недействительных избирательных бюллетеней,3844,0,3844,снимок izbirkom
Нижегородская область – Канавинский,52,1,10,Число действительных избирательных бюллетеней,259529,28481,231048,снимок izbirkom
Нижегородская область – Канавинский,52,1,11,Число утраченных избирательных бюллетеней,0,0,0,снимок izbirkom
Нижегородская область – Канавинский,52,1,12,"Число избирательных бюллетеней, не учтенных при получении",0,0,0,снимок izbirkom
Нижегородская область – Канавинский,52,1,13,Ваганов Кирилл Михайлович,29521,3847,25674,снимок izbirkom
Нижегородская область – Канавинский,52,1,14,Гаревская Юлия Анатольевна,134920,10854,124066,снимок izbirkom
Нижегородская область – Канавинский,52,1,15,Горбунов Сергей Александрович,9421,1733,7688,снимок izbirkom
Нижегородская область – Канавинский,52,1,16,Григорьева Анастасия Сергеевна,13874,1261,12613,снимок izbirkom
Нижегородская область – Канавинский,52,1,17,Грязнова Татьяна Михайловна,3410,712,2698,снимок izbirkom
Нижегородская область – Канавинский,52,1,18,Ермилов Илья Евгеньевич,3174,697,2477,снимок izbirkom
Нижегородская область – Канавинский,52,1,19,Леушкин Валерий Владимирович,5703,685,5018,снимок izbirkom
Нижегородская область – Канавинский,52,1,20,Солодкий Павел Михайлович,17970,3601,14369,снимок izbirkom
Нижегородская область – Канавинский,52,1,21,Терентьев Александр Георгиевич,41536,5091,36445,снимок izbirkom
Нижегородская область – Канавинский,52,2,1,"Число избирателей, внесенных в списки избирателей на момент окончания голосования",498997,32267,466730,снимок izbirkom
Нижегородская область – Канавинский,52,2,2,"Число избирательных бюллетеней, полученных участковыми избирательными комиссиями",445752,28821,416931,снимок izbirkom
Нижегородская область – Канавинский,52,2,3,"Число избирательных бюллетеней, выданных избирателям, проголосовавшим досрочно",0,0,0,снимок izbirkom
Нижегородская область – Канавинский,52,2,4,"Число избирательных бюллетеней, выданных участковыми избирательными комиссиями избирателям в помещениях для голосования в день голосования",233309,28821,204488,снимок izbirkom
Нижегородская область – Канавинский,52,2,5,"Число избирательных бюллетеней, выданных избирателям, проголосовавшим вне помещений для голосования в день голосования",30927,0,30927,снимок izbirkom
Нижегородская область – Канавинский,52,2,6,Число погашенных избирательных бюллетеней,181516,0,181516,снимок izbirkom
Нижегородская область – Канавинский,52,2,7,"Число избирательных бюллетеней, содержащихся в переносных ящиках для голосования",30924,0,30924,снимок izbirkom
Нижегородская область – Канавинский,52,2,8,"Число избирательных бюллетеней, содержащихся в стационарных ящиках для голосования",233090,28686,204404,снимок izbirkom
Нижегородская область – Канавинский,52,2,9,Число недействительных избирательных бюллетеней,3064,0,3064,снимок izbirkom
Нижегородская область – Канавинский,52,2,10,Число действительных избирательных бюллетеней,260950,28686,232264,снимок izbirkom
Нижегородская область – Канавинский,52,2,11,Число утраченных избирательных бюллетеней,0,0,0,снимок izbirkom
Нижегородская область – Канавинский,52,2,12,"Число избирательных бюллетеней, не учтенных при получении",0,0,0,снимок izbirkom
Нижегородская область – Канавинский,52,2,13,"Всероссийская политическая партия ""ЕДИНАЯ РОССИЯ""",130425,12967,117458,снимок izbirkom
Нижегородская область – Канавинский,52,2,14,Политическая партия ЛДПР – Либерально-демократическая партия России,33904,3256,30648,снимок izbirkom
Нижегородская область – Канавинский,52,2,15,"Политическая партия ""Партия прямой демократии""",917,119,798,снимок izbirkom
Нижегородская область – Канавинский,52,2,16,"Политическая партия ""Российская экологическая партия ""ЗЕЛЁНЫЕ""",1988,625,1363,снимок izbirkom
Нижегородская область – Канавинский,52,2,17,Социалистическая политическая партия СПРАВЕДЛИВАЯ РОССИЯ,17526,1728,15798,снимок izbirkom
Нижегородская область – Канавинский,52,2,18,"ВСЕРОССИЙСКАЯ ПОЛИТИЧЕСКАЯ ПАРТИЯ ""РОДИНА""",1720,325,1395,снимок izbirkom
Нижегородская область – Канавинский,52,2,19,КПРФ - политическая партия КОММУНИСТИЧЕСКАЯ ПАРТИЯ РОССИЙСКОЙ ФЕДЕРАЦИИ,43611,3936,39675,снимок izbirkom
Нижегородская область – Канавинский,52,2,20,ПАРТИЯ ПЕНСИОНЕРОВ,4681,651,4030,снимок izbirkom
Нижегородская область – Канавинский,52,2,21,Политическая партия КОММУНИСТИЧЕСКАЯ ПАРТИЯ КОММУНИСТЫ РОССИИ,1965,329,1636,снимок izbirkom
Нижегородская область – Канавинский,52,2,22,"Политическая партия ""НОВЫЕ ЛЮДИ""",24213,4750,19463,снимок izbirkom
Нижегородская область – Приокский,52,1,1,"Число избирателей, внесенных в списки избирателей на момент окончания голосования",494633,31415,463218,снимок izbirkom
Нижегородская область – Приокский,52,1,2,"Число избирательных бюллетеней, полученных участковыми избирательными комиссиями",484360,28133,456227,снимок izbirkom
Нижегородская область – Приокский,52,1,3,"Число избирательных бюллетеней, выданных избирателям, проголосовавшим досрочно",0,0,0,снимок izbirkom
Нижегородская область – Приокский,52,1,4,"Число избирательных бюллетеней, выданных участковыми избирательными комиссиями избирателям в помещениях для голосования в день голосования",272338,28133,244205,снимок izbirkom
Нижегородская область – Приокский,52,1,5,"Число избирательных бюллетеней, выданных избирателям, проголосовавшим вне помещений для голосования в день голосования",27793,0,27793,снимок izbirkom
Нижегородская область – Приокский,52,1,6,Число погашенных избирательных бюллетеней,184229,0,184229,снимок izbirkom
Нижегородская область – Приокский,52,1,7,"Число избирательных бюллетеней, содержащихся в переносных ящиках для голосования",27566,0,27566,снимок izbirkom
Нижегородская область – Приокский,52,1,8,"Число избирательных бюллетеней, содержащихся в стационарных ящиках для голосования",271491,27740,243751,снимок izbirkom
Нижегородская область – Приокский,52,1,9,Число недействительных избирательных бюллетеней,5205,0,5205,снимок izbirkom
Нижегородская область – Приокский,52,1,10,Число действительных избирательных бюллетеней,293852,27740,266112,снимок izbirkom
Нижегородская область – Приокский,52,1,11,Число утраченных избирательных бюллетеней,0,0,0,снимок izbirkom
Нижегородская область – Приокский,52,1,12,"Число избирательных бюллетеней, не учтенных при получении",0,0,0,снимок izbirkom
Нижегородская область – Приокский,52,1,13,Гроза Алексей Борисович,10659,1722,8937,снимок izbirkom
Нижегородская область – Приокский,52,1,14,Зайцев Вадим Борисович,10520,1305,9215,снимок izbirkom
Нижегородская область – Приокский,52,1,15,Кирица Олег Сергеевич,38405,4026,34379,снимок izbirkom
Нижегородская область – Приокский,52,1,16,Костин Евгений Николаевич,161730,10542,151188,снимок izbirkom
Нижегородская область – Приокский,52,1,17,Молькова Ирина Юрьевна,32227,3384,28843,снимок izbirkom
Нижегородская область – Приокский,52,1,18,Сафонов Евгений Сергеевич,18630,3986,14644,снимок izbirkom
Нижегородская область – Приокский,52,1,19,Татаринцева Анна Валерьевна,21681,2775,18906,снимок izbirkom
Нижегородская область – Приокский,52,2,1,"Число избирателей, внесенных в списки избирателей на момент окончания голосования",495379,31415,463964,снимок izbirkom
Нижегородская область – Приокский,52,2,2,"Число избирательных бюллетеней, полученных участковыми избирательными комиссиями",484461,28133,456328,снимок izbirkom
Нижегородская область – Приокский,52,2,3,"Число избирательных бюллетеней, выданных избирателям, проголосовавшим досрочно",0,0,0,снимок izbirkom
Нижегородская область – Приокский,52,2,4,"Число избирательных бюллетеней, выданных участковыми избирательными комиссиями избирателям в помещениях для голосования в день голосования",273722,28133,245589,снимок izbirkom
Нижегородская область – Приокский,52,2,5,"Число избирательных бюллетеней, выданных избирателям, проголосовавшим вне помещений для голосования в день голосования",27969,0,27969,снимок izbirkom
Нижегородская область – Приокский,52,2,6,Число погашенных избирательных бюллетеней,182770,0,182770,снимок izbirkom
Нижегородская область – Приокский,52,2,7,"Число избирательных бюллетеней, содержащихся в переносных ящиках для голосования",27742,0,27742,снимок izbirkom
Нижегородская область – Приокский,52,2,8,"Число избирательных бюллетеней, содержащихся в стационарных ящиках для голосования",273127,28000,245127,снимок izbirkom
Нижегородская область – Приокский,52,2,9,Число недействительных избирательных бюллетеней,3338,0,3338,снимок izbirkom
Нижегородская область – Приокский,52,2,10,Число действительных избирательных бюллетеней,297531,28000,269531,снимок izbirkom
Нижегородская область – Приокский,52,2,11,Число утраченных избирательных бюллетеней,0,0,0,снимок izbirkom
Нижегородская область – Приокский,52,2,12,"Число избирательных бюллетеней, не учтенных при получении",0,0,0,снимок izbirkom
Нижегородская область – Приокский,52,2,13,"Всероссийская политическая партия ""ЕДИНАЯ РОССИЯ""",164186,13447,150739,снимок izbirkom
Нижегородская область – Приокский,52,2,14,Политическая партия ЛДПР – Либерально-демократическая партия России,33363,2998,30365,снимок izbirkom
Нижегородская область – Приокский,52,2,15,"Политическая партия ""Партия прямой демократии""",1325,130,1195,снимок izbirkom
Нижегородская область – Приокский,52,2,16,"Политическая партия ""Российская экологическая партия ""ЗЕЛЁНЫЕ""",2879,639,2240,снимок izbirkom
Нижегородская область – Приокский,52,2,17,Социалистическая политическая партия СПРАВЕДЛИВАЯ РОССИЯ,18559,1534,17025,снимок izbirkom
Нижегородская область – Приокский,52,2,18,"ВСЕРОССИЙСКАЯ ПОЛИТИЧЕСКАЯ ПАРТИЯ ""РОДИНА""",2255,311,1944,снимок izbirkom
Нижегородская область – Приокский,52,2,19,КПРФ - политическая партия КОММУНИСТИЧЕСКАЯ ПАРТИЯ РОССИЙСКОЙ ФЕДЕРАЦИИ,38298,3779,34519,снимок izbirkom
Нижегородская область – Приокский,52,2,20,ПАРТИЯ ПЕНСИОНЕРОВ,6155,598,5557,снимок izbirkom
Нижегородская область – Приокский,52,2,21,Политическая партия КОММУНИСТИЧЕСКАЯ ПАРТИЯ КОММУНИСТЫ РОССИИ,2600,306,2294,снимок izbirkom
Нижегородская область – Приокский,52,2,22,"Политическая партия ""НОВЫЕ ЛЮДИ""",27911,4258,23653,снимок izbirkom
Новосибирская область – Барабинский,54,1,1,"Число избирателей, внесенных в списки избирателей на момент окончания голосования",566488,46538,519950,снимок izbirkom
Новосибирская область – Барабинский,54,1,2,"Число избирательных бюллетеней, полученных участковыми избирательными комиссиями",577467,41799,535668,снимок izbirkom
Новосибирская область – Барабинский,54,1,3,"Число избирательных бюллетеней, выданных избирателям, проголосовавшим досрочно",0,0,0,снимок izbirkom
Новосибирская область – Барабинский,54,1,4,"Число избирательных бюллетеней, выданных участковыми избирательными комиссиями избирателям в помещениях для голосования в день голосования",195816,41799,154017,снимок izbirkom
Новосибирская область – Барабинский,54,1,5,"Число избирательных бюллетеней, выданных избирателям, проголосовавшим вне помещений для голосования в день голосования",21343,0,21343,снимок izbirkom
Новосибирская область – Барабинский,54,1,6,Число погашенных избирательных бюллетеней,360308,0,360308,снимок izbirkom
Новосибирская область – Барабинский,54,1,7,"Число избирательных бюллетеней, содержащихся в переносных ящиках для голосования",21337,0,21337,снимок izbirkom
Новосибирская область – Барабинский,54,1,8,"Число избирательных бюллетеней, содержащихся в стационарных ящиках для голосования",194999,41331,153668,снимок izbirkom
Новосибирская область – Барабинский,54,1,9,Число недействительных избирательных бюллетеней,6189,0,6189,снимок izbirkom
Новосибирская область – Барабинский,54,1,10,Число действительных избирательных бюллетеней,210147,41331,168816,снимок izbirkom
Новосибирская область – Барабинский,54,1,11,Число утраченных избирательных бюллетеней,0,0,0,снимок izbirkom
Новосибирская область – Барабинский,54,1,12,"Число избирательных бюллетеней, не учтенных при получении",0,0,0,снимок izbirkom
Новосибирская область – Барабинский,54,1,13,Игнатов Виктор Александрович,89688,19361,70327,снимок izbirkom
Новосибирская область – Барабинский,54,1,14,Мелкобродов Михаил Ярославович,7746,1072,6674,снимок izbirkom
Новосибирская область – Барабинский,54,1,15,Михайлов Михаил Юрьевич,19587,4008,15579,снимок izbirkom
Новосибирская область – Барабинский,54,1,16,Пивоварова Елена Николаевна,18464,2817,15647,снимок izbirkom
Новосибирская область – Барабинский,54,1,17,Титовский Василий Викторович,9968,1920,8048,снимок izbirkom
Новосибирская область – Барабинский,54,1,18,Устинов Сергей Анатольевич,16928,4726,12202,снимок izbirkom
Новосибирская область – Барабинский,54,1,19,Шмаков Геннадий Геннадиевич,3156,593,2563,снимок izbirkom
Новосибирская область – Барабинский,54,1,20,Яковлев Роман Борисович,44610,6834,37776,снимок izbirkom
Новосибирская область – Барабинский,54,2,1,"Число избирателей, внесенных в списки избирателей на момент окончания голосования",568113,46538,521575,снимок izbirkom
Новосибирская область – Барабинский,54,2,2,"Число избирательных бюллетеней, полученных участковыми избирательными комиссиями",577674,41799,535875,снимок izbirkom
Новосибирская область – Барабинский,54,2,3,"Число избирательных бюллетеней, выданных избирателям, проголосовавшим досрочно",0,0,0,снимок izbirkom
Новосибирская область – Барабинский,54,2,4,"Число избирательных бюллетеней, выданных участковыми избирательными комиссиями избирателям в помещениях для голосования в день голосования",199060,41799,157261,снимок izbirkom
Новосибирская область – Барабинский,54,2,5,"Число избирательных бюллетеней, выданных избирателям, проголосовавшим вне помещений для голосования в день голосования",21630,0,21630,снимок izbirkom
Новосибирская область – Барабинский,54,2,6,Число погашенных избирательных бюллетеней,356983,0,356983,снимок izbirkom
Новосибирская область – Барабинский,54,2,7,"Число избирательных бюллетеней, содержащихся в переносных ящиках для голосования",21624,0,21624,снимок izbirkom
Новосибирская область – Барабинский,54,2,8,"Число избирательных бюллетеней, содержащихся в стационарных ящиках для голосования",198781,41634,157147,снимок izbirkom
Новосибирская область – Барабинский,54,2,9,Число недействительных избирательных бюллетеней,5284,0,5284,снимок izbirkom
Новосибирская область – Барабинский,54,2,10,Число действительных избирательных бюллетеней,215121,41634,173487,снимок izbirkom
Новосибирская область – Барабинский,54,2,11,Число утраченных избирательных бюллетеней,1,0,1,снимок izbirkom
Новосибирская область – Барабинский,54,2,12,"Число избирательных бюллетеней, не учтенных при получении",0,0,0,снимок izbirkom
Новосибирская область – Барабинский,54,2,13,"Всероссийская политическая партия ""ЕДИНАЯ РОССИЯ""",91337,20606,70731,снимок izbirkom
Новосибирская область – Барабинский,54,2,14,Политическая партия ЛДПР – Либерально-демократическая партия России,24232,4531,19701,снимок izbirkom
Новосибирская область – Барабинский,54,2,15,"Политическая партия ""Партия прямой демократии""",695,158,537,снимок izbirkom
Новосибирская область – Барабинский,54,2,16,"Политическая партия ""Российская экологическая партия ""ЗЕЛЁНЫЕ""",2919,894,2025,снимок izbirkom
Новосибирская область – Барабинский,54,2,17,Социалистическая политическая партия СПРАВЕДЛИВАЯ РОССИЯ,10502,1802,8700,снимок izbirkom
Новосибирская область – Барабинский,54,2,18,"ВСЕРОССИЙСКАЯ ПОЛИТИЧЕСКАЯ ПАРТИЯ ""РОДИНА""",2082,324,1758,снимок izbirkom
Новосибирская область – Барабинский,54,2,19,КПРФ - политическая партия КОММУНИСТИЧЕСКАЯ ПАРТИЯ РОССИЙСКОЙ ФЕДЕРАЦИИ,45818,5480,40338,снимок izbirkom
Новосибирская область – Барабинский,54,2,20,ПАРТИЯ ПЕНСИОНЕРОВ,7686,870,6816,снимок izbirkom
Новосибирская область – Барабинский,54,2,21,Политическая партия КОММУНИСТИЧЕСКАЯ ПАРТИЯ КОММУНИСТЫ РОССИИ,3495,499,2996,снимок izbirkom
Новосибирская область – Барабинский,54,2,22,"Политическая партия ""НОВЫЕ ЛЮДИ""",26355,6470,19885,снимок izbirkom
Новосибирская область – Центральный,54,1,1,"Число избирателей, внесенных в списки избирателей на момент окончания голосования",573173,49626,523547,снимок izbirkom
Новосибирская область – Центральный,54,1,2,"Число избирательных бюллетеней, полученных участковыми избирательными комиссиями",571030,44757,526273,снимок izbirkom
Новосибирская область – Центральный,54,1,3,"Число избирательных бюллетеней, выданных избирателям, проголосовавшим досрочно",0,0,0,снимок izbirkom
Новосибирская область – Центральный,54,1,4,"Число избирательных бюллетеней, выданных участковыми избирательными комиссиями избирателям в помещениях для голосования в день голосования",219637,44757,174880,снимок izbirkom
Новосибирская область – Центральный,54,1,5,"Число избирательных бюллетеней, выданных избирателям, проголосовавшим вне помещений для голосования в день голосования",28374,0,28374,снимок izbirkom
Новосибирская область – Центральный,54,1,6,Число погашенных избирательных бюллетеней,323019,0,323019,снимок izbirkom
Новосибирская область – Центральный,54,1,7,"Число избирательных бюллетеней, содержащихся в переносных ящиках для голосования",28374,0,28374,снимок izbirkom
Новосибирская область – Центральный,54,1,8,"Число избирательных бюллетеней, содержащихся в стационарных ящиках для голосования",218935,44239,174696,снимок izbirkom
Новосибирская область – Центральный,54,1,9,Число недействительных избирательных бюллетеней,7399,0,7399,снимок izbirkom
Новосибирская область – Центральный,54,1,10,Число действительных избирательных бюллетеней,239910,44239,195671,снимок izbirkom
Новосибирская область – Центральный,54,1,11,Число утраченных избирательных бюллетеней,0,0,0,снимок izbirkom
Новосибирская область – Центральный,54,1,12,"Число избирательных бюллетеней, не учтенных при получении",0,0,0,снимок izbirkom
Новосибирская область – Центральный,54,1,13,Белова Ольга Викторовна,7087,1182,5905,снимок izbirkom
Новосибирская область – Центральный,54,1,14,Брашнина Оксана Александровна,25945,6933,19012,снимок izbirkom
Новосибирская область – Центральный,54,1,15,Копылов Петр Андреевич,22534,3347,19187,снимок izbirkom
Новосибирская область – Центральный,54,1,16,Липаткин Александр Васильевич,12853,1985,10868,снимок izbirkom
Новосибирская область – Центральный,54,1,17,Лихачёва Кристина Алексеевна,5377,1098,4279,снимок izbirkom
Новосибирская область – Центральный,54,1,18,Прохоров Александр Геннадьевич,14635,2398,12237,снимок izbirkom
Новосибирская область – Центральный,54,1,19,Савельев Дмитрий Иванович,114408,20932,93476,снимок izbirkom
Новосибирская область – Центральный,54,1,20,Сулейманов Ренат Исмаилович,30810,4337,26473,снимок izbirkom
Новосибирская область – Центральный,54,1,21,Чубарцева Наталья Николаевна,6261,2027,4234,снимок izbirkom
Новосибирская область – Центральный,54,2,1,"Число избирателей, внесенных в списки избирателей на момент окончания голосования",576256,49626,526630,снимок izbirkom
Новосибирская область – Центральный,54,2,2,"Число избирательных бюллетеней, полученных участковыми избирательными комиссиями",571030,44757,526273,снимок izbirkom
Новосибирская область – Центральный,54,2,3,"Число избирательных бюллетеней, выданных избирателям, проголосовавшим досрочно",0,0,0,снимок izbirkom
Новосибирская область – Центральный,54,2,4,"Число избирательных бюллетеней, выданных участковыми избирательными комиссиями избирателям в помещениях для голосования в день голосования",226701,44757,181944,снимок izbirkom
Новосибирская область – Центральный,54,2,5,"Число избирательных бюллетеней, выданных избирателям, проголосовавшим вне помещений для голосования в день голосования",28663,0,28663,снимок izbirkom
Новосибирская область – Центральный,54,2,6,Число погашенных избирательных бюллетеней,315666,0,315666,снимок izbirkom
Новосибирская область – Центральный,54,2,7,"Число избирательных бюллетеней, содержащихся в переносных ящиках для голосования",28659,0,28659,снимок izbirkom
Новосибирская область – Центральный,54,2,8,"Число избирательных бюллетеней, содержащихся в стационарных ящиках для голосования",226441,44591,181850,снимок izbirkom
Новосибирская область – Центральный,54,2,9,Число недействительных избирательных бюллетеней,5852,0,5852,снимок izbirkom
Новосибирская область – Центральный,54,2,10,Число действительных избирательных бюллетеней,249248,44591,204657,снимок izbirkom
Новосибирская область – Центральный,54,2,11,Число утраченных избирательных бюллетеней,0,0,0,снимок izbirkom
Новосибирская область – Центральный,54,2,12,"Число избирательных бюллетеней, не учтенных при получении",0,0,0,снимок izbirkom
Новосибирская область – Центральный,54,2,13,"Всероссийская политическая партия ""ЕДИНАЯ РОССИЯ""",116397,22421,93976,снимок izbirkom
Новосибирская область – Центральный,54,2,14,Политическая партия ЛДПР – Либерально-демократическая партия России,25483,4815,20668,снимок izbirkom
Новосибирская область – Центральный,54,2,15,"Политическая партия ""Партия прямой демократии""",1178,221,957,снимок izbirkom
Новосибирская область – Центральный,54,2,16,"Политическая партия ""Российская экологическая партия ""ЗЕЛЁНЫЕ""",4034,1085,2949,снимок izbirkom
Новосибирская область – Центральный,54,2,17,Социалистическая политическая партия СПРАВЕДЛИВАЯ РОССИЯ,11318,1928,9390,снимок izbirkom
Новосибирская область – Центральный,54,2,18,"ВСЕРОССИЙСКАЯ ПОЛИТИЧЕСКАЯ ПАРТИЯ ""РОДИНА""",2685,377,2308,снимок izbirkom
Новосибирская область – Центральный,54,2,19,КПРФ - политическая партия КОММУНИСТИЧЕСКАЯ ПАРТИЯ РОССИЙСКОЙ ФЕДЕРАЦИИ,44932,5072,39860,снимок izbirkom
Новосибирская область – Центральный,54,2,20,ПАРТИЯ ПЕНСИОНЕРОВ,7676,883,6793,снимок izbirkom
Новосибирская область – Центральный,54,2,21,Политическая партия КОММУНИСТИЧЕСКАЯ ПАРТИЯ КОММУНИСТЫ РОССИИ,2929,490,2439,снимок izbirkom
Новосибирская область – Центральный,54,2,22,"Политическая партия ""НОВЫЕ ЛЮДИ""",32616,7299,25317,снимок izbirkom
Республика Коми – Сыктывкарский,11,1,1,"Число избирателей, внесенных в списки избирателей на момент окончания голосования",606847,78465,528382,снимок izbirkom
Республика Коми – Сыктывкарский,11,1,2,"Число избирательных бюллетеней, полученных участковыми избирательными комиссиями",598643,70927,527716,снимок izbirkom
Республика Коми – Сыктывкарский,11,1,3,"Число избирательных бюллетеней, выданных избирателям, проголосовавшим досрочно",8494,0,8494,снимок izbirkom
Республика Коми – Сыктывкарский,11,1,4,"Число избирательных бюллетеней, выданных участковыми избирательными комиссиями избирателям в помещениях для голосования в день голосования",270847,70927,199920,снимок izbirkom
Республика Коми – Сыктывкарский,11,1,5,"Число избирательных бюллетеней, выданных избирателям, проголосовавшим вне помещений для голосования в день голосования",28955,0,28955,снимок izbirkom
Республика Коми – Сыктывкарский,11,1,6,Число погашенных избирательных бюллетеней,290346,0,290346,снимок izbirkom
Республика Коми – Сыктывкарский,11,1,7,"Число избирательных бюллетеней, содержащихся в переносных ящиках для голосования",37409,0,37409,снимок izbirkom
Республика Коми – Сыктывкарский,11,1,8,"Число избирательных бюллетеней, содержащихся в стационарных ящиках для голосования",269913,70219,199694,снимок izbirkom
Республика Коми – Сыктывкарский,11,1,9,Число недействительных избирательных бюллетеней,7292,0,7292,снимок izbirkom
Республика Коми – Сыктывкарский,11,1,10,Число действительных избирательных бюллетеней,300030,70219,229811,снимок izbirkom
Республика Коми – Сыктывкарский,11,1,11,Число утраченных избирательных бюллетеней,2,0,2,снимок izbirkom
Республика Коми – Сыктывкарский,11,1,12,"Число избирательных бюллетеней, не учтенных при получении",1,0,1,снимок izbirkom
Республика Коми – Сыктывкарский,11,1,13,Касьяненко Александр Александрович,16239,4465,11774,снимок izbirkom
Республика Коми – Сыктывкарский,11,1,14,Кочев Станислав Вадимович,129548,27277,102271,снимок izbirkom
Республика Коми – Сыктывкарский,11,1,15,Кривощекова Татьяна Владимировна,24109,6820,17289,снимок izbirkom
Республика Коми – Сыктывкарский,11,1,16,Кулешов Семён Михайлович,8334,2794,5540,снимок izbirkom
Республика Коми – Сыктывкарский,11,1,17,Михайлов Олег Алексеевич,72253,13705,58548,снимок izbirkom
Республика Коми – Сыктывкарский,11,1,18,Потемкин Алексей Игоревич,20339,8063,12276,снимок izbirkom
Республика Коми – Сыктывкарский,11,1,19,Саладина Татьяна Алексеевна,16794,4052,12742,снимок izbirkom
Республика Коми – Сыктывкарский,11,1,20,Чужмарева Ольга Борисовна,12414,3043,9371,снимок izbirkom
Республика Коми – Сыктывкарский,11,2,1,"Число избирателей, внесенных в списки избирателей на момент окончания голосования",611564,78465,533099,снимок izbirkom
Республика Коми – Сыктывкарский,11,2,2,"Число избирательных бюллетеней, полученных участковыми избирательными комиссиями",601593,70927,530666,снимок izbirkom
Республика Коми – Сыктывкарский,11,2,3,"Число избирательных бюллетеней, выданных избирателям, проголосовавшим досрочно",12122,0,12122,снимок izbirkom
Республика Коми – Сыктывкарский,11,2,4,"Число избирательных бюллетеней, выданных участковыми избирательными комиссиями избирателям в помещениях для голосования в день голосования",272150,70927,201223,снимок izbirkom
Республика Коми – Сыктывкарский,11,2,5,"Число избирательных бюллетеней, выданных избирателям, проголосовавшим вне помещений для голосования в день голосования",29301,0,29301,снимок izbirkom
Республика Коми – Сыктывкарский,11,2,6,Число погашенных избирательных бюллетеней,287972,0,287972,снимок izbirkom
Республика Коми – Сыктывкарский,11,2,7,"Число избирательных бюллетеней, содержащихся в переносных ящиках для голосования",41382,0,41382,снимок izbirkom
Республика Коми – Сыктывкарский,11,2,8,"Число избирательных бюллетеней, содержащихся в стационарных ящиках для голосования",271719,70683,201036,снимок izbirkom
Республика Коми – Сыктывкарский,11,2,9,Число недействительных избирательных бюллетеней,5892,0,5892,снимок izbirkom
Республика Коми – Сыктывкарский,11,2,10,Число действительных избирательных бюллетеней,307209,70683,236526,снимок izbirkom
Республика Коми – Сыктывкарский,11,2,11,Число утраченных избирательных бюллетеней,51,0,51,снимок izbirkom
Республика Коми – Сыктывкарский,11,2,12,"Число избирательных бюллетеней, не учтенных при получении",3,0,3,снимок izbirkom
Республика Коми – Сыктывкарский,11,2,13,"Всероссийская политическая партия ""ЕДИНАЯ РОССИЯ""",136271,29665,106606,снимок izbirkom
Республика Коми – Сыктывкарский,11,2,14,Политическая партия ЛДПР – Либерально-демократическая партия России,37995,9549,28446,снимок izbirkom
Республика Коми – Сыктывкарский,11,2,15,"Политическая партия ""Партия прямой демократии""",879,223,656,снимок izbirkom
Республика Коми – Сыктывкарский,11,2,16,"Политическая партия ""Российская экологическая партия ""ЗЕЛЁНЫЕ""",5159,1927,3232,снимок izbirkom
Республика Коми – Сыктывкарский,11,2,17,Социалистическая политическая партия СПРАВЕДЛИВАЯ РОССИЯ,14872,3429,11443,снимок izbirkom
Республика Коми – Сыктывкарский,11,2,18,"ВСЕРОССИЙСКАЯ ПОЛИТИЧЕСКАЯ ПАРТИЯ ""РОДИНА""",2598,500,2098,снимок izbirkom
Республика Коми – Сыктывкарский,11,2,19,КПРФ - политическая партия КОММУНИСТИЧЕСКАЯ ПАРТИЯ РОССИЙСКОЙ ФЕДЕРАЦИИ,66438,11816,54622,снимок izbirkom
Республика Коми – Сыктывкарский,11,2,20,ПАРТИЯ ПЕНСИОНЕРОВ,11890,1998,9892,снимок izbirkom
Республика Коми – Сыктывкарский,11,2,21,Политическая партия КОММУНИСТИЧЕСКАЯ ПАРТИЯ КОММУНИСТЫ РОССИИ,3769,980,2789,снимок izbirkom
Республика Коми – Сыктывкарский,11,2,22,"Политическая партия ""НОВЫЕ ЛЮДИ""",27338,10596,16742,снимок izbirkom
Республика Крым – Симферопольский,93,1,1,"Число избирателей, внесенных в списки избирателей на момент окончания голосования",503840,31917,471923,снимок izbirkom
Республика Крым – Симферопольский,93,1,2,"Число избирательных бюллетеней, полученных участковыми избирательными комиссиями",384463,28996,355467,снимок izbirkom
Республика Крым – Симферопольский,93,1,3,"Число избирательных бюллетеней, выданных избирателям, проголосовавшим досрочно",2453,0,2453,снимок izbirkom
Республика Крым – Симферопольский,93,1,4,"Число избирательных бюллетеней, выданных участковыми избирательными комиссиями избирателям в помещениях для голосования в день голосования",187860,28996,158864,снимок izbirkom
Республика Крым – Симферопольский,93,1,5,"Число избирательных бюллетеней, выданных избирателям, проголосовавшим вне помещений для голосования в день голосования",59256,0,59256,снимок izbirkom
Республика Крым – Симферопольский,93,1,6,Число погашенных избирательных бюллетеней,134894,0,134894,снимок izbirkom
Республика Крым – Симферопольский,93,1,7,"Число избирательных бюллетеней, содержащихся в переносных ящиках для голосования",61486,0,61486,снимок izbirkom
Республика Крым – Симферопольский,93,1,8,"Число избирательных бюллетеней, содержащихся в стационарных ящиках для голосования",186984,28567,158417,снимок izbirkom
Республика Крым – Симферопольский,93,1,9,Число недействительных избирательных бюллетеней,6082,0,6082,снимок izbirkom
Республика Крым – Симферопольский,93,1,10,Число действительных избирательных бюллетеней,242388,28567,213821,снимок izbirkom
Республика Крым – Симферопольский,93,1,11,Число утраченных избирательных бюллетеней,0,0,0,снимок izbirkom
Республика Крым – Симферопольский,93,1,12,"Число избирательных бюллетеней, не учтенных при получении",0,0,0,снимок izbirkom
Республика Крым – Симферопольский,93,1,13,Агеев Сергей Анатольевич,21044,3369,17675,снимок izbirkom
Республика Крым – Симферопольский,93,1,14,Василихин Дмитрий Александрович,5125,740,4385,снимок izbirkom
Республика Крым – Симферопольский,93,1,15,Коваленко Геннадий Владимирович,27161,3960,23201,снимок izbirkom
Республика Крым – Симферопольский,93,1,16,Нестеренко Юрий Юрьевич,136625,11890,124735,снимок izbirkom
Республика Крым – Симферопольский,93,1,17,Новиков Николай Александрович,14671,2372,12299,снимок izbirkom
Республика Крым – Симферопольский,93,1,18,Панова Ольга Михайловна,18379,3432,14947,снимок izbirkom
Республика Крым – Симферопольский,93,1,19,Шабельникова Светлана Николаевна,13436,2380,11056,снимок izbirkom
Республика Крым – Симферопольский,93,1,20,Шекун Андрей Николаевич,5947,424,5523,снимок izbirkom
Республика Крым – Симферопольский,93,2,1,"Число избирателей, внесенных в списки избирателей на момент окончания голосования",515473,31917,483556,снимок izbirkom
Республика Крым – Симферопольский,93,2,2,"Число избирательных бюллетеней, полученных участковыми избирательными комиссиями",384506,28996,355510,снимок izbirkom
Республика Крым – Симферопольский,93,2,3,"Число избирательных бюллетеней, выданных избирателям, проголосовавшим досрочно",3892,0,3892,снимок izbirkom
Республика Крым – Симферопольский,93,2,4,"Число избирательных бюллетеней, выданных участковыми избирательными комиссиями избирателям в помещениях для голосования в день голосования",191997,28996,163001,снимок izbirkom
Республика Крым – Симферопольский,93,2,5,"Число избирательных бюллетеней, выданных избирателям, проголосовавшим вне помещений для голосования в день голосования",59846,0,59846,снимок izbirkom
Республика Крым – Симферопольский,93,2,6,Число погашенных избирательных бюллетеней,128771,0,128771,снимок izbirkom
Республика Крым – Симферопольский,93,2,7,"Число избирательных бюллетеней, содержащихся в переносных ящиках для голосования",63495,0,63495,снимок izbirkom
Республика Крым – Симферопольский,93,2,8,"Число избирательных бюллетеней, содержащихся в стационарных ящиках для голосования",191631,28856,162775,снимок izbirkom
Республика Крым – Симферопольский,93,2,9,Число недействительных избирательных бюллетеней,4713,0,4713,снимок izbirkom
Республика Крым – Симферопольский,93,2,10,Число действительных избирательных бюллетеней,250413,28856,221557,снимок izbirkom
Республика Крым – Симферопольский,93,2,11,Число утраченных избирательных бюллетеней,0,0,0,снимок izbirkom
Республика Крым – Симферопольский,93,2,12,"Число избирательных бюллетеней, не учтенных при получении",0,0,0,снимок izbirkom
Республика Крым – Симферопольский,93,2,13,"Всероссийская политическая партия ""ЕДИНАЯ РОССИЯ""",157241,17159,140082,снимок izbirkom
Республика Крым – Симферопольский,93,2,14,Политическая партия ЛДПР – Либерально-демократическая партия России,19449,2198,17251,снимок izbirkom
Республика Крым – Симферопольский,93,2,15,"Политическая партия ""Партия прямой демократии""",879,148,731,снимок izbirkom
Республика Крым – Симферопольский,93,2,16,"Политическая партия ""Российская экологическая партия ""ЗЕЛЁНЫЕ""",4177,781,3396,снимок izbirkom
Республика Крым – Симферопольский,93,2,17,Социалистическая политическая партия СПРАВЕДЛИВАЯ РОССИЯ,12650,1028,11622,снимок izbirkom
Республика Крым – Симферопольский,93,2,18,"ВСЕРОССИЙСКАЯ ПОЛИТИЧЕСКАЯ ПАРТИЯ ""РОДИНА""",2240,281,1959,снимок izbirkom
Республика Крым – Симферопольский,93,2,19,КПРФ - политическая партия КОММУНИСТИЧЕСКАЯ ПАРТИЯ РОССИЙСКОЙ ФЕДЕРАЦИИ,25973,2547,23426,снимок izbirkom
Республика Крым – Симферопольский,93,2,20,ПАРТИЯ ПЕНСИОНЕРОВ,4855,446,4409,снимок izbirkom
Республика Крым – Симферопольский,93,2,21,Политическая партия КОММУНИСТИЧЕСКАЯ ПАРТИЯ КОММУНИСТЫ РОССИИ,2362,255,2107,снимок izbirkom
Республика Крым – Симферопольский,93,2,22,"Политическая партия ""НОВЫЕ ЛЮДИ""",20587,4013,16574,снимок izbirkom
Республика Марий Эл – Марийский,12,1,1,"Число избирателей, внесенных в списки избирателей на момент окончания голосования",518187,79505,438682,снимок izbirkom
Республика Марий Эл – Марийский,12,1,2,"Число избирательных бюллетеней, полученных участковыми избирательными комиссиями",530853,74598,456255,снимок izbirkom
Республика Марий Эл – Марийский,12,1,3,"Число избирательных бюллетеней, выданных избирателям, проголосовавшим досрочно",0,0,0,снимок izbirkom
Республика Марий Эл – Марийский,12,1,4,"Число избирательных бюллетеней, выданных участковыми избирательными комиссиями избирателям в помещениях для голосования в день голосования",225153,74598,150555,снимок izbirkom
Республика Марий Эл – Марийский,12,1,5,"Число избирательных бюллетеней, выданных избирателям, проголосовавшим вне помещений для голосования в день голосования",30432,0,30432,снимок izbirkom
Республика Марий Эл – Марийский,12,1,6,Число погашенных избирательных бюллетеней,275262,0,275262,снимок izbirkom
Республика Марий Эл – Марийский,12,1,7,"Число избирательных бюллетеней, содержащихся в переносных ящиках для голосования",30428,0,30428,снимок izbirkom
Республика Марий Эл – Марийский,12,1,8,"Число избирательных бюллетеней, содержащихся в стационарных ящиках для голосования",224399,73920,150479,снимок izbirkom
Республика Марий Эл – Марийский,12,1,9,Число недействительных избирательных бюллетеней,4456,0,4456,снимок izbirkom
Республика Марий Эл – Марийский,12,1,10,Число действительных избирательных бюллетеней,250371,73920,176451,снимок izbirkom
Республика Марий Эл – Марийский,12,1,11,Число утраченных избирательных бюллетеней,6,0,6,снимок izbirkom
Республика Марий Эл – Марийский,12,1,12,"Число избирательных бюллетеней, не учтенных при получении",0,0,0,снимок izbirkom
Республика Марий Эл – Марийский,12,1,13,Гаврилов Андрей Владимирович,16441,5964,10477,снимок izbirkom
Республика Марий Эл – Марийский,12,1,14,Глущенко Наталия Владимировна,11915,2901,9014,снимок izbirkom
Республика Марий Эл – Марийский,12,1,15,Иванов Николай Алексеевич,4084,586,3498,снимок izbirkom
Республика Марий Эл – Марийский,12,1,16,Казанков Сергей Иванович,134490,28807,105683,снимок izbirkom
Республика Марий Эл – Марийский,12,1,17,Козлова Наталья Николаевна,60004,27772,32232,снимок izbirkom
Республика Марий Эл – Марийский,12,1,18,Макарова Анастасия Геннадьевна,2591,880,1711,снимок izbirkom
Республика Марий Эл – Марийский,12,1,19,Мишина Ольга Васильевна,2009,469,1540,снимок izbirkom
Республика Марий Эл – Марийский,12,1,20,Свинин Павел Иванович,7239,1863,5376,снимок izbirkom
Республика Марий Эл – Марийский,12,1,21,Шерстобитов Алексей Вячеславович,11598,4678,6920,снимок izbirkom
Республика Марий Эл – Марийский,12,2,1,"Число избирателей, внесенных в списки избирателей на момент окончания голосования",518949,79505,439444,снимок izbirkom
Республика Марий Эл – Марийский,12,2,2,"Число избирательных бюллетеней, полученных участковыми избирательными комиссиями",530853,74598,456255,снимок izbirkom
Республика Марий Эл – Марийский,12,2,3,"Число избирательных бюллетеней, выданных избирателям, проголосовавшим досрочно",0,0,0,снимок izbirkom
Республика Марий Эл – Марийский,12,2,4,"Число избирательных бюллетеней, выданных участковыми избирательными комиссиями избирателям в помещениях для голосования в день голосования",226225,74598,151627,снимок izbirkom
Республика Марий Эл – Марийский,12,2,5,"Число избирательных бюллетеней, выданных избирателям, проголосовавшим вне помещений для голосования в день голосования",30438,0,30438,снимок izbirkom
Республика Марий Эл – Марийский,12,2,6,Число погашенных избирательных бюллетеней,274182,0,274182,снимок izbirkom
Республика Марий Эл – Марийский,12,2,7,"Число избирательных бюллетеней, содержащихся в переносных ящиках для голосования",30436,0,30436,снимок izbirkom
Республика Марий Эл – Марийский,12,2,8,"Число избирательных бюллетеней, содержащихся в стационарных ящиках для голосования",225950,74359,151591,снимок izbirkom
Республика Марий Эл – Марийский,12,2,9,Число недействительных избирательных бюллетеней,3921,0,3921,снимок izbirkom
Республика Марий Эл – Марийский,12,2,10,Число действительных избирательных бюллетеней,252465,74359,178106,снимок izbirkom
Республика Марий Эл – Марийский,12,2,11,Число утраченных избирательных бюллетеней,8,0,8,снимок izbirkom
Республика Марий Эл – Марийский,12,2,12,"Число избирательных бюллетеней, не учтенных при получении",0,0,0,снимок izbirkom
Республика Марий Эл – Марийский,12,2,13,"Всероссийская политическая партия ""ЕДИНАЯ РОССИЯ""",111717,40358,71359,снимок izbirkom
Республика Марий Эл – Марийский,12,2,14,Политическая партия ЛДПР – Либерально-демократическая партия России,20334,5244,15090,снимок izbirkom
Республика Марий Эл – Марийский,12,2,15,"Политическая партия ""Партия прямой демократии""",607,207,400,снимок izbirkom
Республика Марий Эл – Марийский,12,2,16,"Политическая партия ""Российская экологическая партия ""ЗЕЛЁНЫЕ""",2423,1098,1325,снимок izbirkom
Республика Марий Эл – Марийский,12,2,17,Социалистическая политическая партия СПРАВЕДЛИВАЯ РОССИЯ,10176,2426,7750,снимок izbirkom
Республика Марий Эл – Марийский,12,2,18,"ВСЕРОССИЙСКАЯ ПОЛИТИЧЕСКАЯ ПАРТИЯ ""РОДИНА""",1616,301,1315,снимок izbirkom
Республика Марий Эл – Марийский,12,2,19,КПРФ - политическая партия КОММУНИСТИЧЕСКАЯ ПАРТИЯ РОССИЙСКОЙ ФЕДЕРАЦИИ,76588,14960,61628,снимок izbirkom
Республика Марий Эл – Марийский,12,2,20,ПАРТИЯ ПЕНСИОНЕРОВ,6868,1122,5746,снимок izbirkom
Республика Марий Эл – Марийский,12,2,21,Политическая партия КОММУНИСТИЧЕСКАЯ ПАРТИЯ КОММУНИСТЫ РОССИИ,2710,1100,1610,снимок izbirkom
Республика Марий Эл – Марийский,12,2,22,"Политическая партия ""НОВЫЕ ЛЮДИ""",19426,7543,11883,снимок izbirkom
Ростовская область – Батайский,61,1,1,"Число избирателей, внесенных в списки избирателей на момент окончания голосования",515813,41487,474326,снимок izbirkom
Ростовская область – Батайский,61,1,2,"Число избирательных бюллетеней, полученных участковыми избирательными комиссиями",493379,36572,456807,снимок izbirkom
Ростовская область – Батайский,61,1,3,"Число избирательных бюллетеней, выданных избирателям, проголосовавшим досрочно",21946,0,21946,снимок izbirkom
Ростовская область – Батайский,61,1,4,"Число избирательных бюллетеней, выданных участковыми избирательными комиссиями избирателям в помещениях для голосования в день голосования",273219,36572,236647,снимок izbirkom
Ростовская область – Батайский,61,1,5,"Число избирательных бюллетеней, выданных избирателям, проголосовавшим вне помещений для голосования в день голосования",37611,0,37611,снимок izbirkom
Ростовская область – Батайский,61,1,6,Число погашенных избирательных бюллетеней,160603,0,160603,снимок izbirkom
Ростовская область – Батайский,61,1,7,"Число избирательных бюллетеней, содержащихся в переносных ящиках для голосования",59448,0,59448,снимок izbirkom
Ростовская область – Батайский,61,1,8,"Число избирательных бюллетеней, содержащихся в стационарных ящиках для голосования",272468,36208,236260,снимок izbirkom
Ростовская область – Батайский,61,1,9,Число недействительных избирательных бюллетеней,3585,0,3585,снимок izbirkom
Ростовская область – Батайский,61,1,10,Число действительных избирательных бюллетеней,328331,36208,292123,снимок izbirkom
Ростовская область – Батайский,61,1,11,Число утраченных избирательных бюллетеней,0,0,0,снимок izbirkom
Ростовская область – Батайский,61,1,12,"Число избирательных бюллетеней, не учтенных при получении",0,0,0,снимок izbirkom
Ростовская область – Батайский,61,1,13,Дедович Александр Дмитриевич,46016,5232,40784,снимок izbirkom
Ростовская область – Батайский,61,1,14,Кошевой Сергей Викторович,10918,2688,8230,снимок izbirkom
Ростовская область – Батайский,61,1,15,Приходько Василий Александрович,11407,877,10530,снимок izbirkom
Ростовская область – Батайский,61,1,16,Рожков Сергей Владимирович,189451,14562,174889,снимок izbirkom
Ростовская область – Батайский,61,1,17,Симаков Игорь Борисович,25901,5298,20603,снимок izbirkom
Ростовская область – Батайский,61,1,18,Чумаков Максим Викторович,30582,4547,26035,снимок izbirkom
Ростовская область – Батайский,61,1,19,Шувалов Олег Александрович,14056,3004,11052,снимок izbirkom
Ростовская область – Батайский,61,2,1,"Число избирателей, внесенных в списки избирателей на момент окончания голосования",516206,41487,474719,снимок izbirkom
Ростовская область – Батайский,61,2,2,"Число избирательных бюллетеней, полученных участковыми избирательными комиссиями",493379,36572,456807,снимок izbirkom
Ростовская область – Батайский,61,2,3,"Число избирательных бюллетеней, выданных избирателям, проголосовавшим досрочно",22252,0,22252,снимок izbirkom
Ростовская область – Батайский,61,2,4,"Число избирательных бюллетеней, выданных участковыми избирательными комиссиями избирателям в помещениях для голосования в день голосования",274069,36572,237497,снимок izbirkom
Ростовская область – Батайский,61,2,5,"Число избирательных бюллетеней, выданных избирателям, проголосовавшим вне помещений для голосования в день голосования",37633,0,37633,снимок izbirkom
Ростовская область – Батайский,61,2,6,Число погашенных избирательных бюллетеней,159425,0,159425,снимок izbirkom
Ростовская область – Батайский,61,2,7,"Число избирательных бюллетеней, содержащихся в переносных ящиках для голосования",59772,0,59772,снимок izbirkom
Ростовская область – Батайский,61,2,8,"Число избирательных бюллетеней, содержащихся в стационарных ящиках для голосования",273575,36448,237127,снимок izbirkom
Ростовская область – Батайский,61,2,9,Число недействительных избирательных бюллетеней,2525,0,2525,снимок izbirkom
Ростовская область – Батайский,61,2,10,Число действительных избирательных бюллетеней,330822,36448,294374,снимок izbirkom
Ростовская область – Батайский,61,2,11,Число утраченных избирательных бюллетеней,0,0,0,снимок izbirkom
Ростовская область – Батайский,61,2,12,"Число избирательных бюллетеней, не учтенных при получении",0,0,0,снимок izbirkom
Ростовская область – Батайский,61,2,13,"Всероссийская политическая партия ""ЕДИНАЯ РОССИЯ""",199250,18644,180606,снимок izbirkom
Ростовская область – Батайский,61,2,14,Политическая партия ЛДПР – Либерально-демократическая партия России,37392,3866,33526,снимок izbirkom
Ростовская область – Батайский,61,2,15,"Политическая партия ""Партия прямой демократии""",976,148,828,снимок izbirkom
Ростовская область – Батайский,61,2,16,"Политическая партия ""Российская экологическая партия ""ЗЕЛЁНЫЕ""",2078,761,1317,снимок izbirkom
Ростовская область – Батайский,61,2,17,Социалистическая политическая партия СПРАВЕДЛИВАЯ РОССИЯ,10376,1529,8847,снимок izbirkom
Ростовская область – Батайский,61,2,18,"ВСЕРОССИЙСКАЯ ПОЛИТИЧЕСКАЯ ПАРТИЯ ""РОДИНА""",2177,396,1781,снимок izbirkom
Ростовская область – Батайский,61,2,19,КПРФ - политическая партия КОММУНИСТИЧЕСКАЯ ПАРТИЯ РОССИЙСКОЙ ФЕДЕРАЦИИ,49433,4470,44963,снимок izbirkom
Ростовская область – Батайский,61,2,20,ПАРТИЯ ПЕНСИОНЕРОВ,4934,697,4237,снимок izbirkom
Ростовская область – Батайский,61,2,21,Политическая партия КОММУНИСТИЧЕСКАЯ ПАРТИЯ КОММУНИСТЫ РОССИИ,2671,569,2102,снимок izbirkom
Ростовская область – Батайский,61,2,22,"Политическая партия ""НОВЫЕ ЛЮДИ""",21535,5368,16167,снимок izbirkom
Ростовская область – Белокалитвинский,61,1,1,"Число избирателей, внесенных в списки избирателей на момент окончания голосования",508715,41387,467328,снимок izbirkom
Ростовская область – Белокалитвинский,61,1,2,"Число избирательных бюллетеней, полученных участковыми избирательными комиссиями",487631,37339,450292,снимок izbirkom
Ростовская область – Белокалитвинский,61,1,3,"Число избирательных бюллетеней, выданных избирателям, проголосовавшим досрочно",30838,0,30838,снимок izbirkom
Ростовская область – Белокалитвинский,61,1,4,"Число избирательных бюллетеней, выданных участковыми избирательными комиссиями избирателям в помещениях для голосования в день голосования",253098,37339,215759,снимок izbirkom
Ростовская область – Белокалитвинский,61,1,5,"Число избирательных бюллетеней, выданных избирателям, проголосовавшим вне помещений для голосования в день голосования",62889,0,62889,снимок izbirkom
Ростовская область – Белокалитвинский,61,1,6,Число погашенных избирательных бюллетеней,140806,0,140806,снимок izbirkom
Ростовская область – Белокалитвинский,61,1,7,"Число избирательных бюллетеней, содержащихся в переносных ящиках для голосования",93703,0,93703,снимок izbirkom
Ростовская область – Белокалитвинский,61,1,8,"Число избирательных бюллетеней, содержащихся в стационарных ящиках для голосования",252588,36980,215608,снимок izbirkom
Ростовская область – Белокалитвинский,61,1,9,Число недействительных избирательных бюллетеней,4104,0,4104,снимок izbirkom
Ростовская область – Белокалитвинский,61,1,10,Число действительных избирательных бюллетеней,342187,36980,305207,снимок izbirkom
Ростовская область – Белокалитвинский,61,1,11,Число утраченных избирательных бюллетеней,0,0,0,снимок izbirkom
Ростовская область – Белокалитвинский,61,1,12,"Число избирательных бюллетеней, не учтенных при получении",0,0,0,снимок izbirkom
Ростовская область – Белокалитвинский,61,1,13,Абакумов Виталий Анатольевич,55542,5553,49989,снимок izbirkom
Ростовская область – Белокалитвинский,61,1,14,Бондаренко Даниил Александрович,16311,2680,13631,снимок izbirkom
Ростовская область – Белокалитвинский,61,1,15,Егорова Алина Алекберовна,27650,5505,22145,снимок izbirkom
Ростовская область – Белокалитвинский,61,1,16,Ильинов Максим Владимирович,20466,3996,16470,снимок izbirkom
Ростовская область – Белокалитвинский,61,1,17,Пунда Денис Анатольевич,26165,3784,22381,снимок izbirkom
Ростовская область – Белокалитвинский,61,1,18,Хуаде Аслан Гарунович,196053,15462,180591,снимок izbirkom
Ростовская область – Белокалитвинский,61,2,1,"Число избирателей, внесенных в списки избирателей на момент окончания голосования",509602,41387,468215,снимок izbirkom
Ростовская область – Белокалитвинский,61,2,2,"Число избирательных бюллетеней, полученных участковыми избирательными комиссиями",488131,37339,450792,снимок izbirkom
Ростовская область – Белокалитвинский,61,2,3,"Число избирательных бюллетеней, выданных избирателям, проголосовавшим досрочно",31190,0,31190,снимок izbirkom
Ростовская область – Белокалитвинский,61,2,4,"Число избирательных бюллетеней, выданных участковыми избирательными комиссиями избирателям в помещениях для голосования в день голосования",254007,37339,216668,снимок izbirkom
Ростовская область – Белокалитвинский,61,2,5,"Число избирательных бюллетеней, выданных избирателям, проголосовавшим вне помещений для голосования в день голосования",63000,0,63000,снимок izbirkom
Ростовская область – Белокалитвинский,61,2,6,Число погашенных избирательных бюллетеней,139934,0,139934,снимок izbirkom
Ростовская область – Белокалитвинский,61,2,7,"Число избирательных бюллетеней, содержащихся в переносных ящиках для голосования",94166,0,94166,снимок izbirkom
Ростовская область – Белокалитвинский,61,2,8,"Число избирательных бюллетеней, содержащихся в стационарных ящиках для голосования",253726,37203,216523,снимок izbirkom
Ростовская область – Белокалитвинский,61,2,9,Число недействительных избирательных бюллетеней,2899,0,2899,снимок izbirkom
Ростовская область – Белокалитвинский,61,2,10,Число действительных избирательных бюллетеней,344993,37203,307790,снимок izbirkom
Ростовская область – Белокалитвинский,61,2,11,Число утраченных избирательных бюллетеней,0,0,0,снимок izbirkom
Ростовская область – Белокалитвинский,61,2,12,"Число избирательных бюллетеней, не учтенных при получении",0,0,0,снимок izbirkom
Ростовская область – Белокалитвинский,61,2,13,"Всероссийская политическая партия ""ЕДИНАЯ РОССИЯ""",205768,19466,186302,снимок izbirkom
Ростовская область – Белокалитвинский,61,2,14,Политическая партия ЛДПР – Либерально-демократическая партия России,38454,4292,34162,снимок izbirkom
Ростовская область – Белокалитвинский,61,2,15,"Политическая партия ""Партия прямой демократии""",1473,153,1320,снимок izbirkom
Ростовская область – Белокалитвинский,61,2,16,"Политическая партия ""Российская экологическая партия ""ЗЕЛЁНЫЕ""",2575,682,1893,снимок izbirkom
Ростовская область – Белокалитвинский,61,2,17,Социалистическая политическая партия СПРАВЕДЛИВАЯ РОССИЯ,12956,1670,11286,снимок izbirkom
Ростовская область – Белокалитвинский,61,2,18,"ВСЕРОССИЙСКАЯ ПОЛИТИЧЕСКАЯ ПАРТИЯ ""РОДИНА""",2845,412,2433,снимок izbirkom
Ростовская область – Белокалитвинский,61,2,19,КПРФ - политическая партия КОММУНИСТИЧЕСКАЯ ПАРТИЯ РОССИЙСКОЙ ФЕДЕРАЦИИ,52371,4614,47757,снимок izbirkom
Ростовская область – Белокалитвинский,61,2,20,ПАРТИЯ ПЕНСИОНЕРОВ,5500,644,4856,снимок izbirkom
Ростовская область – Белокалитвинский,61,2,21,Политическая партия КОММУНИСТИЧЕСКАЯ ПАРТИЯ КОММУНИСТЫ РОССИИ,3136,576,2560,снимок izbirkom
Ростовская область – Белокалитвинский,61,2,22,"Политическая партия ""НОВЫЕ ЛЮДИ""",19915,4694,15221,снимок izbirkom
Ростовская область – Неклиновский,61,1,1,"Число избирателей, внесенных в списки избирателей на момент окончания голосования",494081,39359,454722,снимок izbirkom
Ростовская область – Неклиновский,61,1,2,"Число избирательных бюллетеней, полученных участковыми избирательными комиссиями",466721,34522,432199,снимок izbirkom
Ростовская область – Неклиновский,61,1,3,"Число избирательных бюллетеней, выданных избирателям, проголосовавшим досрочно",64291,0,64291,снимок izbirkom
Ростовская область – Неклиновский,61,1,4,"Число избирательных бюллетеней, выданных участковыми избирательными комиссиями избирателям в помещениях для голосования в день голосования",219100,34522,184578,снимок izbirkom
Ростовская область – Неклиновский,61,1,5,"Число избирательных бюллетеней, выданных избирателям, проголосовавшим вне помещений для голосования в день голосования",36466,0,36466,снимок izbirkom
Ростовская область – Неклиновский,61,1,6,Число погашенных избирательных бюллетеней,146864,0,146864,снимок izbirkom
Ростовская область – Неклиновский,61,1,7,"Число избирательных бюллетеней, содержащихся в переносных ящиках для голосования",99893,0,99893,снимок izbirkom
Ростовская область – Неклиновский,61,1,8,"Число избирательных бюллетеней, содержащихся в стационарных ящиках для голосования",218453,34178,184275,снимок izbirkom
Ростовская область – Неклиновский,61,1,9,Число недействительных избирательных бюллетеней,3877,0,3877,снимок izbirkom
Ростовская область – Неклиновский,61,1,10,Число действительных избирательных бюллетеней,314469,34178,280291,снимок izbirkom
Ростовская область – Неклиновский,61,1,11,Число утраченных избирательных бюллетеней,0,0,0,снимок izbirkom
Ростовская область – Неклиновский,61,1,12,"Число избирательных бюллетеней, не учтенных при получении",0,0,0,снимок izbirkom
Ростовская область – Неклиновский,61,1,13,Величко Артем Николаевич,177610,14782,162828,снимок izbirkom
Ростовская область – Неклиновский,61,1,14,Мирошников Виталий Михайлович,21095,4038,17057,снимок izbirkom
Ростовская область – Неклиновский,61,1,15,Павленко Татьяна Эдуардовна,14442,2220,12222,снимок izbirkom
Ростовская область – Неклиновский,61,1,16,Фомин Виталий Анатольевич,13218,1820,11398,снимок izbirkom
Ростовская область – Неклиновский,61,1,17,Хижняк Евгений Анатольевич,33780,5639,28141,снимок izbirkom
Ростовская область – Неклиновский,61,1,18,Шаляев Алексей Викторович,8689,1067,7622,снимок izbirkom
Ростовская область – Неклиновский,61,1,19,Шаповалов Сергей Александрович,45635,4612,41023,снимок izbirkom
Ростовская область – Неклиновский,61,2,1,"Число избирателей, внесенных в списки избирателей на момент окончания голосования",495132,39359,455773,снимок izbirkom
Ростовская область – Неклиновский,61,2,2,"Число избирательных бюллетеней, полученных участковыми избирательными комиссиями",467791,34522,433269,снимок izbirkom
Ростовская область – Неклиновский,61,2,3,"Число избирательных бюллетеней, выданных избирателям, проголосовавшим досрочно",64547,0,64547,снимок izbirkom
Ростовская область – Неклиновский,61,2,4,"Число избирательных бюллетеней, выданных участковыми избирательными комиссиями избирателям в помещениях для голосования в день голосования",220564,34522,186042,снимок izbirkom
Ростовская область – Неклиновский,61,2,5,"Число избирательных бюллетеней, выданных избирателям, проголосовавшим вне помещений для голосования в день голосования",37264,0,37264,снимок izbirkom
Ростовская область – Неклиновский,61,2,6,Число погашенных избирательных бюллетеней,145416,0,145416,снимок izbirkom
Ростовская область – Неклиновский,61,2,7,"Число избирательных бюллетеней, содержащихся в переносных ящиках для голосования",100961,0,100961,снимок izbirkom
Ростовская область – Неклиновский,61,2,8,"Число избирательных бюллетеней, содержащихся в стационарных ящиках для голосования",220116,34382,185734,снимок izbirkom
Ростовская область – Неклиновский,61,2,9,Число недействительных избирательных бюллетеней,2710,0,2710,снимок izbirkom
Ростовская область – Неклиновский,61,2,10,Число действительных избирательных бюллетеней,318367,34382,283985,снимок izbirkom
Ростовская область – Неклиновский,61,2,11,Число утраченных избирательных бюллетеней,0,0,0,снимок izbirkom
Ростовская область – Неклиновский,61,2,12,"Число избирательных бюллетеней, не учтенных при получении",0,0,0,снимок izbirkom
Ростовская область – Неклиновский,61,2,13,"Всероссийская политическая партия ""ЕДИНАЯ РОССИЯ""",182747,16920,165827,снимок izbirkom
Ростовская область – Неклиновский,61,2,14,Политическая партия ЛДПР – Либерально-демократическая партия России,42685,3931,38754,снимок izbirkom
Ростовская область – Неклиновский,61,2,15,"Политическая партия ""Партия прямой демократии""",1826,159,1667,снимок izbirkom
Ростовская область – Неклиновский,61,2,16,"Политическая партия ""Российская экологическая партия ""ЗЕЛЁНЫЕ""",2767,764,2003,снимок izbirkom
Ростовская область – Неклиновский,61,2,17,Социалистическая политическая партия СПРАВЕДЛИВАЯ РОССИЯ,10576,1419,9157,снимок izbirkom
Ростовская область – Неклиновский,61,2,18,"ВСЕРОССИЙСКАЯ ПОЛИТИЧЕСКАЯ ПАРТИЯ ""РОДИНА""",2794,603,2191,снимок izbirkom
Ростовская область – Неклиновский,61,2,19,КПРФ - политическая партия КОММУНИСТИЧЕСКАЯ ПАРТИЯ РОССИЙСКОЙ ФЕДЕРАЦИИ,48267,4492,43775,снимок izbirkom
Ростовская область – Неклиновский,61,2,20,ПАРТИЯ ПЕНСИОНЕРОВ,4456,663,3793,снимок izbirkom
Ростовская область – Неклиновский,61,2,21,Политическая партия КОММУНИСТИЧЕСКАЯ ПАРТИЯ КОММУНИСТЫ РОССИИ,3174,552,2622,снимок izbirkom
Ростовская область – Неклиновский,61,2,22,"Политическая партия ""НОВЫЕ ЛЮДИ""",19075,4879,14196,снимок izbirkom
Ростовская область – Новочеркасский,61,1,1,"Число избирателей, внесенных в списки избирателей на момент окончания голосования",524143,50272,473871,снимок izbirkom
Ростовская область – Новочеркасский,61,1,2,"Число избирательных бюллетеней, полученных участковыми избирательными комиссиями",503476,42670,460806,снимок izbirkom
Ростовская область – Новочеркасский,61,1,3,"Число избирательных бюллетеней, выданных избирателям, проголосовавшим досрочно",109454,0,109454,снимок izbirkom
Ростовская область – Новочеркасский,61,1,4,"Число избирательных бюллетеней, выданных участковыми избирательными комиссиями избирателям в помещениях для голосования в день голосования",232969,42670,190299,снимок izbirkom
Ростовская область – Новочеркасский,61,1,5,"Число избирательных бюллетеней, выданных избирателям, проголосовавшим вне помещений для голосования в день голосования",16226,0,16226,снимок izbirkom
Ростовская область – Новочеркасский,61,1,6,Число погашенных избирательных бюллетеней,144827,0,144827,снимок izbirkom
Ростовская область – Новочеркасский,61,1,7,"Число избирательных бюллетеней, содержащихся в переносных ящиках для голосования",124522,0,124522,снимок izbirkom
Ростовская область – Новочеркасский,61,1,8,"Число избирательных бюллетеней, содержащихся в стационарных ящиках для голосования",231974,42113,189861,снимок izbirkom
Ростовская область – Новочеркасский,61,1,9,Число недействительных избирательных бюллетеней,3188,0,3188,снимок izbirkom
Ростовская область – Новочеркасский,61,1,10,Число действительных избирательных бюллетеней,353308,42113,311195,снимок izbirkom
Ростовская область – Новочеркасский,61,1,11,Число утраченных избирательных бюллетеней,0,0,0,снимок izbirkom
Ростовская область – Новочеркасский,61,1,12,"Число избирательных бюллетеней, не учтенных при получении",0,0,0,снимок izbirkom
Ростовская область – Новочеркасский,61,1,13,Бессонов Евгений Иванович,56228,7928,48300,снимок izbirkom
Ростовская область – Новочеркасский,61,1,14,Запорожченко Герман Геннадьевич,28518,8073,20445,снимок izbirkom
Ростовская область – Новочеркасский,61,1,15,Кобяков Олег Юрьевич,8639,1095,7544,снимок izbirkom
Ростовская область – Новочеркасский,61,1,16,Медведев Сергей Николаевич,215030,15429,199601,снимок izbirkom
Ростовская область – Новочеркасский,61,1,17,Румянцева Любовь Васильевна,29687,4769,24918,снимок izbirkom
Ростовская область – Новочеркасский,61,1,18,Федоров Максим Сергеевич,15206,4819,10387,снимок izbirkom
Ростовская область – Новочеркасский,61,2,1,"Число избирателей, внесенных в списки избирателей на момент окончания голосования",529568,50272,479296,снимок izbirkom
Ростовская область – Новочеркасский,61,2,2,"Число избирательных бюллетеней, полученных участковыми избирательными комиссиями",505366,42670,462696,снимок izbirkom
Ростовская область – Новочеркасский,61,2,3,"Число избирательных бюллетеней, выданных избирателям, проголосовавшим досрочно",109780,0,109780,снимок izbirkom
Ростовская область – Новочеркасский,61,2,4,"Число избирательных бюллетеней, выданных участковыми избирательными комиссиями избирателям в помещениях для голосования в день голосования",237245,42670,194575,снимок izbirkom
Ростовская область – Новочеркасский,61,2,5,"Число избирательных бюллетеней, выданных избирателям, проголосовавшим вне помещений для голосования в день голосования",16570,0,16570,снимок izbirkom
Ростовская область – Новочеркасский,61,2,6,Число погашенных избирательных бюллетеней,141771,0,141771,снимок izbirkom
Ростовская область – Новочеркасский,61,2,7,"Число избирательных бюллетеней, содержащихся в переносных ящиках для голосования",125163,0,125163,снимок izbirkom
Ростовская область – Новочеркасский,61,2,8,"Число избирательных бюллетеней, содержащихся в стационарных ящиках для голосования",236640,42474,194166,снимок izbirkom
Ростовская область – Новочеркасский,61,2,9,Число недействительных избирательных бюллетеней,2682,0,2682,снимок izbirkom
Ростовская область – Новочеркасский,61,2,10,Число действительных избирательных бюллетеней,359121,42474,316647,снимок izbirkom
Ростовская область – Новочеркасский,61,2,11,Число утраченных избирательных бюллетеней,0,0,0,снимок izbirkom
Ростовская область – Новочеркасский,61,2,12,"Число избирательных бюллетеней, не учтенных при получении",0,0,0,снимок izbirkom
Ростовская область – Новочеркасский,61,2,13,"Всероссийская политическая партия ""ЕДИНАЯ РОССИЯ""",207105,19489,187616,снимок izbirkom
Ростовская область – Новочеркасский,61,2,14,Политическая партия ЛДПР – Либерально-демократическая партия России,44099,4622,39477,снимок izbirkom
Ростовская область – Новочеркасский,61,2,15,"Политическая партия ""Партия прямой демократии""",1324,245,1079,снимок izbirkom
Ростовская область – Новочеркасский,61,2,16,"Политическая партия ""Российская экологическая партия ""ЗЕЛЁНЫЕ""",3071,1205,1866,снимок izbirkom
Ростовская область – Новочеркасский,61,2,17,Социалистическая политическая партия СПРАВЕДЛИВАЯ РОССИЯ,11292,1725,9567,снимок izbirkom
Ростовская область – Новочеркасский,61,2,18,"ВСЕРОССИЙСКАЯ ПОЛИТИЧЕСКАЯ ПАРТИЯ ""РОДИНА""",2545,579,1966,снимок izbirkom
Ростовская область – Новочеркасский,61,2,19,КПРФ - политическая партия КОММУНИСТИЧЕСКАЯ ПАРТИЯ РОССИЙСКОЙ ФЕДЕРАЦИИ,55788,5676,50112,снимок izbirkom
Ростовская область – Новочеркасский,61,2,20,ПАРТИЯ ПЕНСИОНЕРОВ,4177,890,3287,снимок izbirkom
Ростовская область – Новочеркасский,61,2,21,Политическая партия КОММУНИСТИЧЕСКАЯ ПАРТИЯ КОММУНИСТЫ РОССИИ,3273,591,2682,снимок izbirkom
Ростовская область – Новочеркасский,61,2,22,"Политическая партия ""НОВЫЕ ЛЮДИ""",26447,7452,18995,снимок izbirkom
Ростовская область – Усть-Донецкий,61,1,1,"Число избирателей, внесенных в списки избирателей на момент окончания голосования",514470,44125,470345,снимок izbirkom
Ростовская область – Усть-Донецкий,61,1,2,"Число избирательных бюллетеней, полученных участковыми избирательными комиссиями",495820,39522,456298,снимок izbirkom
Ростовская область – Усть-Донецкий,61,1,3,"Число избирательных бюллетеней, выданных избирателям, проголосовавшим досрочно",95347,0,95347,снимок izbirkom
Ростовская область – Усть-Донецкий,61,1,4,"Число избирательных бюллетеней, выданных участковыми избирательными комиссиями избирателям в помещениях для голосования в день голосования",223448,39522,183926,снимок izbirkom
Ростовская область – Усть-Донецкий,61,1,5,"Число избирательных бюллетеней, выданных избирателям, проголосовавшим вне помещений для голосования в день голосования",39394,0,39394,снимок izbirkom
Ростовская область – Усть-Донецкий,61,1,6,Число погашенных избирательных бюллетеней,137631,0,137631,снимок izbirkom
Ростовская область – Усть-Донецкий,61,1,7,"Число избирательных бюллетеней, содержащихся в переносных ящиках для голосования",134631,0,134631,снимок izbirkom
Ростовская область – Усть-Донецкий,61,1,8,"Число избирательных бюллетеней, содержащихся в стационарных ящиках для голосования",222674,39151,183523,снимок izbirkom
Ростовская область – Усть-Донецкий,61,1,9,Число недействительных избирательных бюллетеней,5465,0,5465,снимок izbirkom
Ростовская область – Усть-Донецкий,61,1,10,Число действительных избирательных бюллетеней,351840,39151,312689,снимок izbirkom
Ростовская область – Усть-Донецкий,61,1,11,Число утраченных избирательных бюллетеней,0,0,0,снимок izbirkom
Ростовская область – Усть-Донецкий,61,1,12,"Число избирательных бюллетеней, не учтенных при получении",0,0,0,снимок izbirkom
Ростовская область – Усть-Донецкий,61,1,13,Апанович Сергей Геннадьевич,29075,4132,24943,снимок izbirkom
Ростовская область – Усть-Донецкий,61,1,14,Белова Татьяна Борисовна,37332,5845,31487,снимок izbirkom
Ростовская область – Усть-Донецкий,61,1,15,Мисан Алексей Владимирович,68506,7152,61354,снимок izbirkom
Ростовская область – Усть-Донецкий,61,1,16,Стенякина Екатерина Петровна,198522,17967,180555,снимок izbirkom
Ростовская область – Усть-Донецкий,61,1,17,Черемисов Илья Евгеньевич,18405,4055,14350,снимок izbirkom
Ростовская область – Усть-Донецкий,61,2,1,"Число избирателей, внесенных в списки избирателей на момент окончания голосования",515562,44125,471437,снимок izbirkom
Ростовская область – Усть-Донецкий,61,2,2,"Число избирательных бюллетеней, полученных участковыми избирательными комиссиями",496113,39522,456591,снимок izbirkom
Ростовская область – Усть-Донецкий,61,2,3,"Число избирательных бюллетеней, выданных избирателям, проголосовавшим досрочно",96023,0,96023,снимок izbirkom
Ростовская область – Усть-Донецкий,61,2,4,"Число избирательных бюллетеней, выданных участковыми избирательными комиссиями избирателям в помещениях для голосования в день голосования",223815,39522,184293,снимок izbirkom
Ростовская область – Усть-Донецкий,61,2,5,"Число избирательных бюллетеней, выданных избирателям, проголосовавшим вне помещений для голосования в день голосования",39650,0,39650,снимок izbirkom
Ростовская область – Усть-Донецкий,61,2,6,Число погашенных избирательных бюллетеней,136625,0,136625,снимок izbirkom
Ростовская область – Усть-Донецкий,61,2,7,"Число избирательных бюллетеней, содержащихся в переносных ящиках для голосования",135545,0,135545,снимок izbirkom
Ростовская область – Усть-Донецкий,61,2,8,"Число избирательных бюллетеней, содержащихся в стационарных ящиках для голосования",223183,39381,183802,снимок izbirkom
Ростовская область – Усть-Донецкий,61,2,9,Число недействительных избирательных бюллетеней,3739,0,3739,снимок izbirkom
Ростовская область – Усть-Донецкий,61,2,10,Число действительных избирательных бюллетеней,354989,39381,315608,снимок izbirkom
Ростовская область – Усть-Донецкий,61,2,11,Число утраченных избирательных бюллетеней,0,0,0,снимок izbirkom
Ростовская область – Усть-Донецкий,61,2,12,"Число избирательных бюллетеней, не учтенных при получении",0,0,0,снимок izbirkom
Ростовская область – Усть-Донецкий,61,2,13,"Всероссийская политическая партия ""ЕДИНАЯ РОССИЯ""",209294,19594,189700,снимок izbirkom
Ростовская область – Усть-Донецкий,61,2,14,Политическая партия ЛДПР – Либерально-демократическая партия России,39314,4502,34812,снимок izbirkom
Ростовская область – Усть-Донецкий,61,2,15,"Политическая партия ""Партия прямой демократии""",1394,159,1235,снимок izbirkom
Ростовская область – Усть-Донецкий,61,2,16,"Политическая партия ""Российская экологическая партия ""ЗЕЛЁНЫЕ""",2660,790,1870,снимок izbirkom
Ростовская область – Усть-Донецкий,61,2,17,Социалистическая политическая партия СПРАВЕДЛИВАЯ РОССИЯ,12041,1479,10562,снимок izbirkom
Ростовская область – Усть-Донецкий,61,2,18,"ВСЕРОССИЙСКАЯ ПОЛИТИЧЕСКАЯ ПАРТИЯ ""РОДИНА""",4590,1400,3190,снимок izbirkom
Ростовская область – Усть-Донецкий,61,2,19,КПРФ - политическая партия КОММУНИСТИЧЕСКАЯ ПАРТИЯ РОССИЙСКОЙ ФЕДЕРАЦИИ,56887,4786,52101,снимок izbirkom
Ростовская область – Усть-Донецкий,61,2,20,ПАРТИЯ ПЕНСИОНЕРОВ,5099,764,4335,снимок izbirkom
Ростовская область – Усть-Донецкий,61,2,21,Политическая партия КОММУНИСТИЧЕСКАЯ ПАРТИЯ КОММУНИСТЫ РОССИИ,2890,548,2342,снимок izbirkom
Ростовская область – Усть-Донецкий,61,2,22,"Политическая партия ""НОВЫЕ ЛЮДИ""",20820,5359,15461,снимок izbirkom
Свердловская область – Асбестовский,66,1,1,"Число избирателей, внесенных в списки избирателей на момент окончания голосования",472210,43074,429136,снимок izbirkom
Свердловская область – Асбестовский,66,1,2,"Число избирательных бюллетеней, полученных участковыми избирательными комиссиями",416640,38836,377804,снимок izbirkom
Свердловская область – Асбестовский,66,1,3,"Число избирательных бюллетеней, выданных избирателям, проголосовавшим досрочно",0,0,0,снимок izbirkom
Свердловская область – Асбестовский,66,1,4,"Число избирательных бюллетеней, выданных участковыми избирательными комиссиями избирателям в помещениях для голосования в день голосования",198931,38836,160095,снимок izbirkom
Свердловская область – Асбестовский,66,1,5,"Число избирательных бюллетеней, выданных избирателям, проголосовавшим вне помещений для голосования в день голосования",37230,0,37230,снимок izbirkom
Свердловская область – Асбестовский,66,1,6,Число погашенных избирательных бюллетеней,180479,0,180479,снимок izbirkom
Свердловская область – Асбестовский,66,1,7,"Число избирательных бюллетеней, содержащихся в переносных ящиках для голосования",37230,0,37230,снимок izbirkom
Свердловская область – Асбестовский,66,1,8,"Число избирательных бюллетеней, содержащихся в стационарных ящиках для голосования",198364,38432,159932,снимок izbirkom
Свердловская область – Асбестовский,66,1,9,Число недействительных избирательных бюллетеней,15657,0,15657,снимок izbirkom
Свердловская область – Асбестовский,66,1,10,Число действительных избирательных бюллетеней,219937,38432,181505,снимок izbirkom
Свердловская область – Асбестовский,66,1,11,Число утраченных избирательных бюллетеней,0,0,0,снимок izbirkom
Свердловская область – Асбестовский,66,1,12,"Число избирательных бюллетеней, не учтенных при получении",0,0,0,снимок izbirkom
Свердловская область – Асбестовский,66,1,13,Мусальникова Наталья Владимировна,34022,7054,26968,снимок izbirkom
Свердловская область – Асбестовский,66,1,14,Попов Евгений Семенович,36074,5413,30661,снимок izbirkom
Свердловская область – Асбестовский,66,1,15,Рябцева Жанна Анатольевна,94521,17052,77469,снимок izbirkom
Свердловская область – Асбестовский,66,1,16,Шабанов Евгений Михайлович,55320,8913,46407,снимок izbirkom
Свердловская область – Асбестовский,66,2,1,"Число избирателей, внесенных в списки избирателей на момент окончания голосования",479103,43074,436029,снимок izbirkom
Свердловская область – Асбестовский,66,2,2,"Число избирательных бюллетеней, полученных участковыми избирательными комиссиями",416660,38836,377824,снимок izbirkom
Свердловская область – Асбестовский,66,2,3,"Число избирательных бюллетеней, выданных избирателям, проголосовавшим досрочно",0,0,0,снимок izbirkom
Свердловская область – Асбестовский,66,2,4,"Число избирательных бюллетеней, выданных участковыми избирательными комиссиями избирателям в помещениях для голосования в день голосования",203829,38836,164993,снимок izbirkom
Свердловская область – Асбестовский,66,2,5,"Число избирательных бюллетеней, выданных избирателям, проголосовавшим вне помещений для голосования в день голосования",37613,0,37613,снимок izbirkom
Свердловская область – Асбестовский,66,2,6,Число погашенных избирательных бюллетеней,175218,0,175218,снимок izbirkom
Свердловская область – Асбестовский,66,2,7,"Число избирательных бюллетеней, содержащихся в переносных ящиках для голосования",37613,0,37613,снимок izbirkom
Свердловская область – Асбестовский,66,2,8,"Число избирательных бюллетеней, содержащихся в стационарных ящиках для голосования",203515,38685,164830,снимок izbirkom
Свердловская область – Асбестовский,66,2,9,Число недействительных избирательных бюллетеней,6054,0,6054,снимок izbirkom
Свердловская область – Асбестовский,66,2,10,Число действительных избирательных бюллетеней,235074,38685,196389,снимок izbirkom
Свердловская область – Асбестовский,66,2,11,Число утраченных избирательных бюллетеней,0,0,0,снимок izbirkom
Свердловская область – Асбестовский,66,2,12,"Число избирательных бюллетеней, не учтенных при получении",0,0,0,снимок izbirkom
Свердловская область – Асбестовский,66,2,13,"Всероссийская политическая партия ""ЕДИНАЯ РОССИЯ""",104931,18343,86588,снимок izbirkom
Свердловская область – Асбестовский,66,2,14,Политическая партия ЛДПР – Либерально-демократическая партия России,28461,4617,23844,снимок izbirkom
Свердловская область – Асбестовский,66,2,15,"Политическая партия ""Партия прямой демократии""",718,163,555,снимок izbirkom
Свердловская область – Асбестовский,66,2,16,"Политическая партия ""Российская экологическая партия ""ЗЕЛЁНЫЕ""",2482,770,1712,снимок izbirkom
Свердловская область – Асбестовский,66,2,17,Социалистическая политическая партия СПРАВЕДЛИВАЯ РОССИЯ,17833,2408,15425,снимок izbirkom
Свердловская область – Асбестовский,66,2,18,"ВСЕРОССИЙСКАЯ ПОЛИТИЧЕСКАЯ ПАРТИЯ ""РОДИНА""",1789,288,1501,снимок izbirkom
Свердловская область – Асбестовский,66,2,19,КПРФ - политическая партия КОММУНИСТИЧЕСКАЯ ПАРТИЯ РОССИЙСКОЙ ФЕДЕРАЦИИ,42530,4521,38009,снимок izbirkom
Свердловская область – Асбестовский,66,2,20,ПАРТИЯ ПЕНСИОНЕРОВ,6285,653,5632,снимок izbirkom
Свердловская область – Асбестовский,66,2,21,Политическая партия КОММУНИСТИЧЕСКАЯ ПАРТИЯ КОММУНИСТЫ РОССИИ,2717,475,2242,снимок izbirkom
Свердловская область – Асбестовский,66,2,22,"Политическая партия ""НОВЫЕ ЛЮДИ""",27328,6447,20881,снимок izbirkom
Свердловская область – Березовский,66,1,1,"Число избирателей, внесенных в списки избирателей на момент окончания голосования",482369,55432,426937,снимок izbirkom
Свердловская область – Березовский,66,1,2,"Число избирательных бюллетеней, полученных участковыми избирательными комиссиями",408998,50673,358325,снимок izbirkom
Свердловская область – Березовский,66,1,3,"Число избирательных бюллетеней, выданных избирателям, проголосовавшим досрочно",0,0,0,снимок izbirkom
Свердловская область – Березовский,66,1,4,"Число избирательных бюллетеней, выданных участковыми избирательными комиссиями избирателям в помещениях для голосования в день голосования",201814,50673,151141,снимок izbirkom
Свердловская область – Березовский,66,1,5,"Число избирательных бюллетеней, выданных избирателям, проголосовавшим вне помещений для голосования в день голосования",8441,0,8441,снимок izbirkom
Свердловская область – Березовский,66,1,6,Число погашенных избирательных бюллетеней,198743,0,198743,снимок izbirkom
Свердловская область – Березовский,66,1,7,"Число избирательных бюллетеней, содержащихся в переносных ящиках для голосования",8438,0,8438,снимок izbirkom
Свердловская область – Березовский,66,1,8,"Число избирательных бюллетеней, содержащихся в стационарных ящиках для голосования",201229,50166,151063,снимок izbirkom
Свердловская область – Березовский,66,1,9,Число недействительных избирательных бюллетеней,8164,0,8164,снимок izbirkom
Свердловская область – Березовский,66,1,10,Число действительных избирательных бюллетеней,201503,50166,151337,снимок izbirkom
Свердловская область – Березовский,66,1,11,Число утраченных избирательных бюллетеней,0,0,0,снимок izbirkom
Свердловская область – Березовский,66,1,12,"Число избирательных бюллетеней, не учтенных при получении",0,0,0,снимок izbirkom
Свердловская область – Березовский,66,1,13,Джалалов Иван Леонович,22970,4153,18817,снимок izbirkom
Свердловская область – Березовский,66,1,14,Краев Рант Кароевич,29022,6446,22576,снимок izbirkom
Свердловская область – Березовский,66,1,15,Пиняжин Андрей Александрович,33894,5707,28187,снимок izbirkom
Свердловская область – Березовский,66,1,16,Попов Игорь Николаевич,23962,6253,17709,снимок izbirkom
Свердловская область – Березовский,66,1,17,Смирнов Владимир Викторович,69460,21891,47569,снимок izbirkom
Свердловская область – Березовский,66,1,18,Чуприянов Виктор Николаевич,17149,3880,13269,снимок izbirkom
Свердловская область – Березовский,66,1,19,Шараев Радик Васбыевич,5046,1836,3210,снимок izbirkom
Свердловская область – Березовский,66,2,1,"Число избирателей, внесенных в списки избирателей на момент окончания голосования",494850,55432,439418,снимок izbirkom
Свердловская область – Березовский,66,2,2,"Число избирательных бюллетеней, полученных участковыми избирательными комиссиями",410498,50673,359825,снимок izbirkom
Свердловская область – Березовский,66,2,3,"Число избирательных бюллетеней, выданных избирателям, проголосовавшим досрочно",0,0,0,снимок izbirkom
Свердловская область – Березовский,66,2,4,"Число избирательных бюллетеней, выданных участковыми избирательными комиссиями избирателям в помещениях для голосования в день голосования",213554,50673,162881,снимок izbirkom
Свердловская область – Березовский,66,2,5,"Число избирательных бюллетеней, выданных избирателям, проголосовавшим вне помещений для голосования в день голосования",9375,0,9375,снимок izbirkom
Свердловская область – Березовский,66,2,6,Число погашенных избирательных бюллетеней,187567,0,187567,снимок izbirkom
Свердловская область – Березовский,66,2,7,"Число избирательных бюллетеней, содержащихся в переносных ящиках для голосования",9374,0,9374,снимок izbirkom
Свердловская область – Березовский,66,2,8,"Число избирательных бюллетеней, содержащихся в стационарных ящиках для голосования",213307,50463,162844,снимок izbirkom
Свердловская область – Березовский,66,2,9,Число недействительных избирательных бюллетеней,5211,0,5211,снимок izbirkom
Свердловская область – Березовский,66,2,10,Число действительных избирательных бюллетеней,217470,50463,167007,снимок izbirkom
Свердловская область – Березовский,66,2,11,Число утраченных избирательных бюллетеней,2,0,2,снимок izbirkom
Свердловская область – Березовский,66,2,12,"Число избирательных бюллетеней, не учтенных при получении",0,0,0,снимок izbirkom
Свердловская область – Березовский,66,2,13,"Всероссийская политическая партия ""ЕДИНАЯ РОССИЯ""",86702,24236,62466,снимок izbirkom
Свердловская область – Березовский,66,2,14,Политическая партия ЛДПР – Либерально-демократическая партия России,21497,4923,16574,снимок izbirkom
Свердловская область – Березовский,66,2,15,"Политическая партия ""Партия прямой демократии""",863,240,623,снимок izbirkom
Свердловская область – Березовский,66,2,16,"Политическая партия ""Российская экологическая партия ""ЗЕЛЁНЫЕ""",3567,1225,2342,снимок izbirkom
Свердловская область – Березовский,66,2,17,Социалистическая политическая партия СПРАВЕДЛИВАЯ РОССИЯ,18423,3543,14880,снимок izbirkom
Свердловская область – Березовский,66,2,18,"ВСЕРОССИЙСКАЯ ПОЛИТИЧЕСКАЯ ПАРТИЯ ""РОДИНА""",1667,378,1289,снимок izbirkom
Свердловская область – Березовский,66,2,19,КПРФ - политическая партия КОММУНИСТИЧЕСКАЯ ПАРТИЯ РОССИЙСКОЙ ФЕДЕРАЦИИ,40785,5741,35044,снимок izbirkom
Свердловская область – Березовский,66,2,20,ПАРТИЯ ПЕНСИОНЕРОВ,6268,988,5280,снимок izbirkom
Свердловская область – Березовский,66,2,21,Политическая партия КОММУНИСТИЧЕСКАЯ ПАРТИЯ КОММУНИСТЫ РОССИИ,2355,572,1783,снимок izbirkom
Свердловская область – Березовский,66,2,22,"Политическая партия ""НОВЫЕ ЛЮДИ""",35343,8617,26726,снимок izbirkom
Свердловская область – Первоуральский,66,1,1,"Число избирателей, внесенных в списки избирателей на момент окончания голосования",440313,35994,404319,снимок izbirkom
Свердловская область – Первоуральский,66,1,2,"Число избирательных бюллетеней, полученных участковыми избирательными комиссиями",359592,32082,327510,снимок izbirkom
Свердловская область – Первоуральский,66,1,3,"Число избирательных бюллетеней, выданных избирателям, проголосовавшим досрочно",298,0,298,снимок izbirkom
Свердловская область – Первоуральский,66,1,4,"Число избирательных бюллетеней, выданных участковыми избирательными комиссиями избирателям в помещениях для голосования в день голосования",187073,32082,154991,снимок izbirkom
Свердловская область – Первоуральский,66,1,5,"Число избирательных бюллетеней, выданных избирателям, проголосовавшим вне помещений для голосования в день голосования",25557,0,25557,снимок izbirkom
Свердловская область – Первоуральский,66,1,6,Число погашенных избирательных бюллетеней,146664,0,146664,снимок izbirkom
Свердловская область – Первоуральский,66,1,7,"Число избирательных бюллетеней, содержащихся в переносных ящиках для голосования",25854,0,25854,снимок izbirkom
Свердловская область – Первоуральский,66,1,8,"Число избирательных бюллетеней, содержащихся в стационарных ящиках для голосования",186629,31774,154855,снимок izbirkom
Свердловская область – Первоуральский,66,1,9,Число недействительных избирательных бюллетеней,8654,0,8654,снимок izbirkom
Свердловская область – Первоуральский,66,1,10,Число действительных избирательных бюллетеней,203829,31774,172055,снимок izbirkom
Свердловская область – Первоуральский,66,1,11,Число утраченных избирательных бюллетеней,0,0,0,снимок izbirkom
Свердловская область – Первоуральский,66,1,12,"Число избирательных бюллетеней, не учтенных при получении",0,0,0,снимок izbirkom
Свердловская область – Первоуральский,66,1,13,Баженов Андрей Владимирович,45482,4744,40738,снимок izbirkom
Свердловская область – Первоуральский,66,1,14,Бобина Мария Леонидовна,7390,1263,6127,снимок izbirkom
Свердловская область – Первоуральский,66,1,15,Виноградова Ирина Маратовна,19521,3881,15640,снимок izbirkom
Свердловская область – Первоуральский,66,1,16,Журавлева Жанна Александровна,19520,2752,16768,снимок izbirkom
Свердловская область – Первоуральский,66,1,17,Лопарева Ольга Владимировна,11115,1872,9243,снимок izbirkom
Свердловская область – Первоуральский,66,1,18,Муцоев Зелимхан Аликоевич,78412,12148,66264,снимок izbirkom
Свердловская область – Первоуральский,66,1,19,Панасенко Александр Владимирович,18278,4058,14220,снимок izbirkom
Свердловская область – Первоуральский,66,1,20,Яночкин Петр Юрьевич,4111,1056,3055,снимок izbirkom
Свердловская область – Первоуральский,66,2,1,"Число избирателей, внесенных в списки избирателей на момент окончания голосования",440645,35994,404651,снимок izbirkom
Свердловская область – Первоуральский,66,2,2,"Число избирательных бюллетеней, полученных участковыми избирательными комиссиями",359592,32082,327510,снимок izbirkom
Свердловская область – Первоуральский,66,2,3,"Число избирательных бюллетеней, выданных избирателям, проголосовавшим досрочно",298,0,298,снимок izbirkom
Свердловская область – Первоуральский,66,2,4,"Число избирательных бюллетеней, выданных участковыми избирательными комиссиями избирателям в помещениях для голосования в день голосования",187389,32082,155307,снимок izbirkom
Свердловская область – Первоуральский,66,2,5,"Число избирательных бюллетеней, выданных избирателям, проголосовавшим вне помещений для голосования в день голосования",25711,0,25711,снимок izbirkom
Свердловская область – Первоуральский,66,2,6,Число погашенных избирательных бюллетеней,146193,0,146193,снимок izbirkom
Свердловская область – Первоуральский,66,2,7,"Число избирательных бюллетеней, содержащихся в переносных ящиках для голосования",26007,0,26007,снимок izbirkom
Свердловская область – Первоуральский,66,2,8,"Число избирательных бюллетеней, содержащихся в стационарных ящиках для голосования",187137,31952,155185,снимок izbirkom
Свердловская область – Первоуральский,66,2,9,Число недействительных избирательных бюллетеней,5704,0,5704,снимок izbirkom
Свердловская область – Первоуральский,66,2,10,Число действительных избирательных бюллетеней,207440,31952,175488,снимок izbirkom
Свердловская область – Первоуральский,66,2,11,Число утраченных избирательных бюллетеней,1,0,1,снимок izbirkom
Свердловская область – Первоуральский,66,2,12,"Число избирательных бюллетеней, не учтенных при получении",0,0,0,снимок izbirkom
Свердловская область – Первоуральский,66,2,13,"Всероссийская политическая партия ""ЕДИНАЯ РОССИЯ""",86943,15146,71797,снимок izbirkom
Свердловская область – Первоуральский,66,2,14,Политическая партия ЛДПР – Либерально-демократическая партия России,22558,3547,19011,снимок izbirkom
Свердловская область – Первоуральский,66,2,15,"Политическая партия ""Партия прямой демократии""",499,128,371,снимок izbirkom
Свердловская область – Первоуральский,66,2,16,"Политическая партия ""Российская экологическая партия ""ЗЕЛЁНЫЕ""",2055,594,1461,снимок izbirkom
Свердловская область – Первоуральский,66,2,17,Социалистическая политическая партия СПРАВЕДЛИВАЯ РОССИЯ,17276,1932,15344,снимок izbirkom
Свердловская область – Первоуральский,66,2,18,"ВСЕРОССИЙСКАЯ ПОЛИТИЧЕСКАЯ ПАРТИЯ ""РОДИНА""",1650,239,1411,снимок izbirkom
Свердловская область – Первоуральский,66,2,19,КПРФ - политическая партия КОММУНИСТИЧЕСКАЯ ПАРТИЯ РОССИЙСКОЙ ФЕДЕРАЦИИ,45303,4136,41167,снимок izbirkom
Свердловская область – Первоуральский,66,2,20,ПАРТИЯ ПЕНСИОНЕРОВ,6065,543,5522,снимок izbirkom
Свердловская область – Первоуральский,66,2,21,Политическая партия КОММУНИСТИЧЕСКАЯ ПАРТИЯ КОММУНИСТЫ РОССИИ,2212,414,1798,снимок izbirkom
Свердловская область – Первоуральский,66,2,22,"Политическая партия ""НОВЫЕ ЛЮДИ""",22879,5273,17606,снимок izbirkom
Свердловская область – Свердловский,66,1,1,"Число избирателей, внесенных в списки избирателей на момент окончания голосования",468691,54251,414440,снимок izbirkom
Свердловская область – Свердловский,66,1,2,"Число избирательных бюллетеней, полученных участковыми избирательными комиссиями",401871,49461,352410,снимок izbirkom
Свердловская область – Свердловский,66,1,3,"Число избирательных бюллетеней, выданных избирателям, проголосовавшим досрочно",0,0,0,снимок izbirkom
Свердловская область – Свердловский,66,1,4,"Число избирательных бюллетеней, выданных участковыми избирательными комиссиями избирателям в помещениях для голосования в день голосования",182419,49461,132958,снимок izbirkom
Свердловская область – Свердловский,66,1,5,"Число избирательных бюллетеней, выданных избирателям, проголосовавшим вне помещений для голосования в день голосования",3081,0,3081,снимок izbirkom
Свердловская область – Свердловский,66,1,6,Число погашенных избирательных бюллетеней,216371,0,216371,снимок izbirkom
Свердловская область – Свердловский,66,1,7,"Число избирательных бюллетеней, содержащихся в переносных ящиках для голосования",3080,0,3080,снимок izbirkom
Свердловская область – Свердловский,66,1,8,"Число избирательных бюллетеней, содержащихся в стационарных ящиках для голосования",181946,49042,132904,снимок izbirkom
Свердловская область – Свердловский,66,1,9,Число недействительных избирательных бюллетеней,6169,0,6169,снимок izbirkom
Свердловская область – Свердловский,66,1,10,Число действительных избирательных бюллетеней,178857,49042,129815,снимок izbirkom
Свердловская область – Свердловский,66,1,11,Число утраченных избирательных бюллетеней,0,0,0,снимок izbirkom
Свердловская область – Свердловский,66,1,12,"Число избирательных бюллетеней, не учтенных при получении",0,0,0,снимок izbirkom
Свердловская область – Свердловский,66,1,13,Альшевских Андрей Геннадьевич,62461,20719,41742,снимок izbirkom
Свердловская область – Свердловский,66,1,14,Демин Александр Вячеславович,46949,12133,34816,снимок izbirkom
Свердловская область – Свердловский,66,1,15,Каптюг Александр Николаевич,16237,4862,11375,снимок izbirkom
Свердловская область – Свердловский,66,1,16,Скоморохова Римма Вениаминовна,33453,6172,27281,снимок izbirkom
Свердловская область – Свердловский,66,1,17,Чирышев Максим Викторович,19757,5156,14601,снимок izbirkom
Свердловская область – Свердловский,66,2,1,"Число избирателей, внесенных в списки избирателей на момент окончания голосования",480308,54251,426057,снимок izbirkom
Свердловская область – Свердловский,66,2,2,"Число избирательных бюллетеней, полученных участковыми избирательными комиссиями",402051,49461,352590,снимок izbirkom
Свердловская область – Свердловский,66,2,3,"Число избирательных бюллетеней, выданных избирателям, проголосовавшим досрочно",0,0,0,снимок izbirkom
Свердловская область – Свердловский,66,2,4,"Число избирательных бюллетеней, выданных участковыми избирательными комиссиями избирателям в помещениях для голосования в день голосования",191973,49461,142512,снимок izbirkom
Свердловская область – Свердловский,66,2,5,"Число избирательных бюллетеней, выданных избирателям, проголосовавшим вне помещений для голосования в день голосования",4720,0,4720,снимок izbirkom
Свердловская область – Свердловский,66,2,6,Число погашенных избирательных бюллетеней,205358,0,205358,снимок izbirkom
Свердловская область – Свердловский,66,2,7,"Число избирательных бюллетеней, содержащихся в переносных ящиках для голосования",4720,0,4720,снимок izbirkom
Свердловская область – Свердловский,66,2,8,"Число избирательных бюллетеней, содержащихся в стационарных ящиках для голосования",191747,49288,142459,снимок izbirkom
Свердловская область – Свердловский,66,2,9,Число недействительных избирательных бюллетеней,3685,0,3685,снимок izbirkom
Свердловская область – Свердловский,66,2,10,Число действительных избирательных бюллетеней,192782,49288,143494,снимок izbirkom
Свердловская область – Свердловский,66,2,11,Число утраченных избирательных бюллетеней,0,0,0,снимок izbirkom
Свердловская область – Свердловский,66,2,12,"Число избирательных бюллетеней, не учтенных при получении",0,0,0,снимок izbirkom
Свердловская область – Свердловский,66,2,13,"Всероссийская политическая партия ""ЕДИНАЯ РОССИЯ""",65620,22114,43506,снимок izbirkom
Свердловская область – Свердловский,66,2,14,Политическая партия ЛДПР – Либерально-демократическая партия России,18384,4822,13562,снимок izbirkom
Свердловская область – Свердловский,66,2,15,"Политическая партия ""Партия прямой демократии""",901,280,621,снимок izbirkom
Свердловская область – Свердловский,66,2,16,"Политическая партия ""Российская экологическая партия ""ЗЕЛЁНЫЕ""",3916,1331,2585,снимок izbirkom
Свердловская область – Свердловский,66,2,17,Социалистическая политическая партия СПРАВЕДЛИВАЯ РОССИЯ,16332,3364,12968,снимок izbirkom
Свердловская область – Свердловский,66,2,18,"ВСЕРОССИЙСКАЯ ПОЛИТИЧЕСКАЯ ПАРТИЯ ""РОДИНА""",1640,417,1223,снимок izbirkom
Свердловская область – Свердловский,66,2,19,КПРФ - политическая партия КОММУНИСТИЧЕСКАЯ ПАРТИЯ РОССИЙСКОЙ ФЕДЕРАЦИИ,38066,5846,32220,снимок izbirkom
Свердловская область – Свердловский,66,2,20,ПАРТИЯ ПЕНСИОНЕРОВ,5259,1007,4252,снимок izbirkom
Свердловская область – Свердловский,66,2,21,Политическая партия КОММУНИСТИЧЕСКАЯ ПАРТИЯ КОММУНИСТЫ РОССИИ,2280,622,1658,снимок izbirkom
Свердловская область – Свердловский,66,2,22,"Политическая партия ""НОВЫЕ ЛЮДИ""",40384,9485,30899,снимок izbirkom
Свердловская область – Серовский,66,1,1,"Число избирателей, внесенных в списки избирателей на момент окончания голосования",446373,45508,400865,снимок izbirkom
Свердловская область – Серовский,66,1,2,"Число избирательных бюллетеней, полученных участковыми избирательными комиссиями",374479,41659,332820,снимок izbirkom
Свердловская область – Серовский,66,1,3,"Число избирательных бюллетеней, выданных избирателям, проголосовавшим досрочно",213,0,213,снимок izbirkom
Свердловская область – Серовский,66,1,4,"Число избирательных бюллетеней, выданных участковыми избирательными комиссиями избирателям в помещениях для голосования в день голосования",201514,41659,159855,снимок izbirkom
Свердловская область – Серовский,66,1,5,"Число избирательных бюллетеней, выданных избирателям, проголосовавшим вне помещений для голосования в день голосования",41472,0,41472,снимок izbirkom
Свердловская область – Серовский,66,1,6,Число погашенных избирательных бюллетеней,131280,0,131280,снимок izbirkom
Свердловская область – Серовский,66,1,7,"Число избирательных бюллетеней, содержащихся в переносных ящиках для голосования",41680,0,41680,снимок izbirkom
Свердловская область – Серовский,66,1,8,"Число избирательных бюллетеней, содержащихся в стационарных ящиках для голосования",201090,41313,159777,снимок izbirkom
Свердловская область – Серовский,66,1,9,Число недействительных избирательных бюллетеней,11597,0,11597,снимок izbirkom
Свердловская область – Серовский,66,1,10,Число действительных избирательных бюллетеней,231173,41313,189860,снимок izbirkom
Свердловская область – Серовский,66,1,11,Число утраченных избирательных бюллетеней,0,0,0,снимок izbirkom
Свердловская область – Серовский,66,1,12,"Число избирательных бюллетеней, не учтенных при получении",0,0,0,снимок izbirkom
Свердловская область – Серовский,66,1,13,Бидонько Сергей Юрьевич,119834,20638,99196,снимок izbirkom
Свердловская область – Серовский,66,1,14,Бургарт Андрей Александрович,20904,3873,17031,снимок izbirkom
Свердловская область – Серовский,66,1,15,Коровкин Алексей Сергеевич,22207,4228,17979,снимок izbirkom
Свердловская область – Серовский,66,1,16,Молоков Валерий Юрьевич,24659,6099,18560,снимок izbirkom
Свердловская область – Серовский,66,1,17,Чудов Игорь Владимирович,36877,5243,31634,снимок izbirkom
Свердловская область – Серовский,66,1,18,Шумилов Дмитрий Андреевич,6692,1232,5460,снимок izbirkom
Свердловская область – Серовский,66,2,1,"Число избирателей, внесенных в списки избирателей на момент окончания голосования",446918,45508,401410,снимок izbirkom
Свердловская область – Серовский,66,2,2,"Число избирательных бюллетеней, полученных участковыми избирательными комиссиями",374479,41659,332820,снимок izbirkom
Свердловская область – Серовский,66,2,3,"Число избирательных бюллетеней, выданных избирателям, проголосовавшим досрочно",220,0,220,снимок izbirkom
Свердловская область – Серовский,66,2,4,"Число избирательных бюллетеней, выданных участковыми избирательными комиссиями избирателям в помещениях для голосования в день голосования",201747,41659,160088,снимок izbirkom
Свердловская область – Серовский,66,2,5,"Число избирательных бюллетеней, выданных избирателям, проголосовавшим вне помещений для голосования в день голосования",41515,0,41515,снимок izbirkom
Свердловская область – Серовский,66,2,6,Число погашенных избирательных бюллетеней,130997,0,130997,снимок izbirkom
Свердловская область – Серовский,66,2,7,"Число избирательных бюллетеней, содержащихся в переносных ящиках для голосования",41735,0,41735,снимок izbirkom
Свердловская область – Серовский,66,2,8,"Число избирательных бюллетеней, содержащихся в стационарных ящиках для голосования",201592,41525,160067,снимок izbirkom
Свердловская область – Серовский,66,2,9,Число недействительных избирательных бюллетеней,6574,0,6574,снимок izbirkom
Свердловская область – Серовский,66,2,10,Число действительных избирательных бюллетеней,236753,41525,195228,снимок izbirkom
Свердловская область – Серовский,66,2,11,Число утраченных избирательных бюллетеней,0,0,0,снимок izbirkom
Свердловская область – Серовский,66,2,12,"Число избирательных бюллетеней, не учтенных при получении",0,0,0,снимок izbirkom
Свердловская область – Серовский,66,2,13,"Всероссийская политическая партия ""ЕДИНАЯ РОССИЯ""",115077,20325,94752,снимок izbirkom
Свердловская область – Серовский,66,2,14,Политическая партия ЛДПР – Либерально-демократическая партия России,27639,5028,22611,снимок izbirkom
Свердловская область – Серовский,66,2,15,"Политическая партия ""Партия прямой демократии""",626,171,455,снимок izbirkom
Свердловская область – Серовский,66,2,16,"Политическая партия ""Российская экологическая партия ""ЗЕЛЁНЫЕ""",1972,691,1281,снимок izbirkom
Свердловская область – Серовский,66,2,17,Социалистическая политическая партия СПРАВЕДЛИВАЯ РОССИЯ,19107,2849,16258,снимок izbirkom
Свердловская область – Серовский,66,2,18,"ВСЕРОССИЙСКАЯ ПОЛИТИЧЕСКАЯ ПАРТИЯ ""РОДИНА""",1731,288,1443,снимок izbirkom
Свердловская область – Серовский,66,2,19,КПРФ - политическая партия КОММУНИСТИЧЕСКАЯ ПАРТИЯ РОССИЙСКОЙ ФЕДЕРАЦИИ,39043,4660,34383,снимок izbirkom
Свердловская область – Серовский,66,2,20,ПАРТИЯ ПЕНСИОНЕРОВ,6696,778,5918,снимок izbirkom
Свердловская область – Серовский,66,2,21,Политическая партия КОММУНИСТИЧЕСКАЯ ПАРТИЯ КОММУНИСТЫ РОССИИ,2454,519,1935,снимок izbirkom
Свердловская область – Серовский,66,2,22,"Политическая партия ""НОВЫЕ ЛЮДИ""",22408,6216,16192,снимок izbirkom
Смоленская область – Смоленский,67,1,1,"Число избирателей, внесенных в списки избирателей на момент окончания голосования",712483,109037,603446,снимок izbirkom
Смоленская область – Смоленский,67,1,2,"Число избирательных бюллетеней, полученных участковыми избирательными комиссиями",706857,102067,604790,снимок izbirkom
Смоленская область – Смоленский,67,1,3,"Число избирательных бюллетеней, выданных избирателям, проголосовавшим досрочно",0,0,0,снимок izbirkom
Смоленская область – Смоленский,67,1,4,"Число избирательных бюллетеней, выданных участковыми избирательными комиссиями избирателям в помещениях для голосования в день голосования",377006,102067,274939,снимок izbirkom
Смоленская область – Смоленский,67,1,5,"Число избирательных бюллетеней, выданных избирателям, проголосовавшим вне помещений для голосования в день голосования",56903,0,56903,снимок izbirkom
Смоленская область – Смоленский,67,1,6,Число погашенных избирательных бюллетеней,272948,0,272948,снимок izbirkom
Смоленская область – Смоленский,67,1,7,"Число избирательных бюллетеней, содержащихся в переносных ящиках для голосования",56903,0,56903,снимок izbirkom
Смоленская область – Смоленский,67,1,8,"Число избирательных бюллетеней, содержащихся в стационарных ящиках для голосования",376179,101291,274888,снимок izbirkom
Смоленская область – Смоленский,67,1,9,Число недействительных избирательных бюллетеней,9396,0,9396,снимок izbirkom
Смоленская область – Смоленский,67,1,10,Число действительных избирательных бюллетеней,423686,101291,322395,снимок izbirkom
Смоленская область – Смоленский,67,1,11,Число утраченных избирательных бюллетеней,0,0,0,снимок izbirkom
Смоленская область – Смоленский,67,1,12,"Число избирательных бюллетеней, не учтенных при получении",0,0,0,снимок izbirkom
Смоленская область – Смоленский,67,1,13,Бабаков Александр Михайлович,214846,31988,182858,снимок izbirkom
Смоленская область – Смоленский,67,1,14,Войтов Алексей Михайлович,34580,14037,20543,снимок izbirkom
Смоленская область – Смоленский,67,1,15,Емельянов Степан Владимирович,51277,13460,37817,снимок izbirkom
Смоленская область – Смоленский,67,1,16,Ковалев Михаил Александрович,31607,11112,20495,снимок izbirkom
Смоленская область – Смоленский,67,1,17,Рябенков Илья Владимирович,6056,1033,5023,снимок izbirkom
Смоленская область – Смоленский,67,1,18,Шаврикова Дарья Сергеевна,10348,3493,6855,снимок izbirkom
Смоленская область – Смоленский,67,1,19,Якимов Сергей Сергеевич,74972,26168,48804,снимок izbirkom
Смоленская область – Смоленский,67,2,1,"Число избирателей, внесенных в списки избирателей на момент окончания голосования",257479,109037,148442,снимок izbirkom
Смоленская область – Смоленский,67,2,2,"Число избирательных бюллетеней, полученных участковыми избирательными комиссиями",247117,102067,145050,снимок izbirkom
Смоленская область – Смоленский,67,2,3,"Число избирательных бюллетеней, выданных избирателям, проголосовавшим досрочно",0,0,0,снимок izbirkom
Смоленская область – Смоленский,67,2,4,"Число избирательных бюллетеней, выданных участковыми избирательными комиссиями избирателям в помещениях для голосования в день голосования",174122,102067,72055,снимок izbirkom
Смоленская область – Смоленский,67,2,5,"Число избирательных бюллетеней, выданных избирателям, проголосовавшим вне помещений для голосования в день голосования",18197,0,18197,снимок izbirkom
Смоленская область – Смоленский,67,2,6,Число погашенных избирательных бюллетеней,54798,0,54798,снимок izbirkom
Смоленская область – Смоленский,67,2,7,"Число избирательных бюллетеней, содержащихся в переносных ящиках для голосования",18197,0,18197,снимок izbirkom
Смоленская область – Смоленский,67,2,8,"Число избирательных бюллетеней, содержащихся в стационарных ящиках для голосования",173896,101847,72049,снимок izbirkom
Смоленская область – Смоленский,67,2,9,Число недействительных избирательных бюллетеней,1713,0,1713,снимок izbirkom
Смоленская область – Смоленский,67,2,10,Число действительных избирательных бюллетеней,190380,101847,88533,снимок izbirkom
Смоленская область – Смоленский,67,2,11,Число утраченных избирательных бюллетеней,0,0,0,снимок izbirkom
Смоленская область – Смоленский,67,2,12,"Число избирательных бюллетеней, не учтенных при получении",0,0,0,снимок izbirkom
Смоленская область – Смоленский,67,2,13,"Всероссийская политическая партия ""ЕДИНАЯ РОССИЯ""",119271,55669,63602,снимок izbirkom
Смоленская область – Смоленский,67,2,14,Политическая партия ЛДПР – Либерально-демократическая партия России,16436,10097,6339,снимок izbirkom
Смоленская область – Смоленский,67,2,15,"Политическая партия ""Партия прямой демократии""",585,305,280,снимок izbirkom
Смоленская область – Смоленский,67,2,16,"Политическая партия ""Российская экологическая партия ""ЗЕЛЁНЫЕ""",2385,2025,360,снимок izbirkom
Смоленская область – Смоленский,67,2,17,Социалистическая политическая партия СПРАВЕДЛИВАЯ РОССИЯ,12550,5139,7411,снимок izbirkom
Смоленская область – Смоленский,67,2,18,"ВСЕРОССИЙСКАЯ ПОЛИТИЧЕСКАЯ ПАРТИЯ ""РОДИНА""",1305,782,523,снимок izbirkom
Смоленская область – Смоленский,67,2,19,КПРФ - политическая партия КОММУНИСТИЧЕСКАЯ ПАРТИЯ РОССИЙСКОЙ ФЕДЕРАЦИИ,15192,9746,5446,снимок izbirkom
Смоленская область – Смоленский,67,2,20,ПАРТИЯ ПЕНСИОНЕРОВ,3323,2083,1240,снимок izbirkom
Смоленская область – Смоленский,67,2,21,Политическая партия КОММУНИСТИЧЕСКАЯ ПАРТИЯ КОММУНИСТЫ РОССИИ,1644,1208,436,снимок izbirkom
Смоленская область – Смоленский,67,2,22,"Политическая партия ""НОВЫЕ ЛЮДИ""",17689,14793,2896,снимок izbirkom
Удмуртская Республика – Удмуртский,18,1,1,"Число избирателей, внесенных в списки избирателей на момент окончания голосования",552994,66612,486382,снимок izbirkom
Удмуртская Республика – Удмуртский,18,1,2,"Число избирательных бюллетеней, полученных участковыми избирательными комиссиями",578169,62089,516080,снимок izbirkom
Удмуртская Республика – Удмуртский,18,1,3,"Число избирательных бюллетеней, выданных избирателям, проголосовавшим досрочно",0,0,0,снимок izbirkom
Удмуртская Республика – Удмуртский,18,1,4,"Число избирательных бюллетеней, выданных участковыми избирательными комиссиями избирателям в помещениях для голосования в день голосования",244119,62089,182030,снимок izbirkom
Удмуртская Республика – Удмуртский,18,1,5,"Число избирательных бюллетеней, выданных избирателям, проголосовавшим вне помещений для голосования в день голосования",34149,0,34149,снимок izbirkom
Удмуртская Республика – Удмуртский,18,1,6,Число погашенных избирательных бюллетеней,299901,0,299901,снимок izbirkom
Удмуртская Республика – Удмуртский,18,1,7,"Число избирательных бюллетеней, содержащихся в переносных ящиках для голосования",34148,0,34148,снимок izbirkom
Удмуртская Республика – Удмуртский,18,1,8,"Число избирательных бюллетеней, содержащихся в стационарных ящиках для голосования",243390,61506,181884,снимок izbirkom
Удмуртская Республика – Удмуртский,18,1,9,Число недействительных избирательных бюллетеней,6748,0,6748,снимок izbirkom
Удмуртская Республика – Удмуртский,18,1,10,Число действительных избирательных бюллетеней,270790,61506,209284,снимок izbirkom
Удмуртская Республика – Удмуртский,18,1,11,Число утраченных избирательных бюллетеней,0,0,0,снимок izbirkom
Удмуртская Республика – Удмуртский,18,1,12,"Число избирательных бюллетеней, не учтенных при получении",0,0,0,снимок izbirkom
Удмуртская Республика – Удмуртский,18,1,13,Гвоздак Иван Михайлович,44290,8644,35646,снимок izbirkom
Удмуртская Республика – Удмуртский,18,1,14,Журавлева Татьяна Сергеевна,43325,11474,31851,снимок izbirkom
Удмуртская Республика – Удмуртский,18,1,15,Залялов Альберт Милсович,15549,3388,12161,снимок izbirkom
Удмуртская Республика – Удмуртский,18,1,16,Исаев Андрей Константинович,124488,28202,96286,снимок izbirkom
Удмуртская Республика – Удмуртский,18,1,17,Мишкин Юрий Алексеевич,17128,2416,14712,снимок izbirkom
Удмуртская Республика – Удмуртский,18,1,18,Тенсин Максим Владимирович,26010,7382,18628,снимок izbirkom
Удмуртская Республика – Удмуртский,18,2,1,"Число избирателей, внесенных в списки избирателей на момент окончания голосования",554198,66612,487586,снимок izbirkom
Удмуртская Республика – Удмуртский,18,2,2,"Число избирательных бюллетеней, полученных участковыми избирательными комиссиями",578169,62089,516080,снимок izbirkom
Удмуртская Республика – Удмуртский,18,2,3,"Число избирательных бюллетеней, выданных избирателям, проголосовавшим досрочно",0,0,0,снимок izbirkom
Удмуртская Республика – Удмуртский,18,2,4,"Число избирательных бюллетеней, выданных участковыми избирательными комиссиями избирателям в помещениях для голосования в день голосования",245167,62089,183078,снимок izbirkom
Удмуртская Республика – Удмуртский,18,2,5,"Число избирательных бюллетеней, выданных избирателям, проголосовавшим вне помещений для голосования в день голосования",34783,0,34783,снимок izbirkom
Удмуртская Республика – Удмуртский,18,2,6,Число погашенных избирательных бюллетеней,298219,0,298219,снимок izbirkom
Удмуртская Республика – Удмуртский,18,2,7,"Число избирательных бюллетеней, содержащихся в переносных ящиках для голосования",34782,0,34782,снимок izbirkom
Удмуртская Республика – Удмуртский,18,2,8,"Число избирательных бюллетеней, содержащихся в стационарных ящиках для голосования",244805,61872,182933,снимок izbirkom
Удмуртская Республика – Удмуртский,18,2,9,Число недействительных избирательных бюллетеней,4494,0,4494,снимок izbirkom
Удмуртская Республика – Удмуртский,18,2,10,Число действительных избирательных бюллетеней,275093,61872,213221,снимок izbirkom
Удмуртская Республика – Удмуртский,18,2,11,Число утраченных избирательных бюллетеней,0,0,0,снимок izbirkom
Удмуртская Республика – Удмуртский,18,2,12,"Число избирательных бюллетеней, не учтенных при получении",0,0,0,снимок izbirkom
Удмуртская Республика – Удмуртский,18,2,13,"Всероссийская политическая партия ""ЕДИНАЯ РОССИЯ""",127260,32267,94993,снимок izbirkom
Удмуртская Республика – Удмуртский,18,2,14,Политическая партия ЛДПР – Либерально-демократическая партия России,30311,6083,24228,снимок izbirkom
Удмуртская Республика – Удмуртский,18,2,15,"Политическая партия ""Партия прямой демократии""",799,192,607,снимок izbirkom
Удмуртская Республика – Удмуртский,18,2,16,"Политическая партия ""Российская экологическая партия ""ЗЕЛЁНЫЕ""",3270,1289,1981,снимок izbirkom
Удмуртская Республика – Удмуртский,18,2,17,Социалистическая политическая партия СПРАВЕДЛИВАЯ РОССИЯ,14716,2693,12023,снимок izbirkom
Удмуртская Республика – Удмуртский,18,2,18,"ВСЕРОССИЙСКАЯ ПОЛИТИЧЕСКАЯ ПАРТИЯ ""РОДИНА""",1818,321,1497,снимок izbirkom
Удмуртская Республика – Удмуртский,18,2,19,КПРФ - политическая партия КОММУНИСТИЧЕСКАЯ ПАРТИЯ РОССИЙСКОЙ ФЕДЕРАЦИИ,53008,7426,45582,снимок izbirkom
Удмуртская Республика – Удмуртский,18,2,20,ПАРТИЯ ПЕНСИОНЕРОВ,7893,898,6995,снимок izbirkom
Удмуртская Республика – Удмуртский,18,2,21,Политическая партия КОММУНИСТИЧЕСКАЯ ПАРТИЯ КОММУНИСТЫ РОССИИ,2722,610,2112,снимок izbirkom
Удмуртская Республика – Удмуртский,18,2,22,"Политическая партия ""НОВЫЕ ЛЮДИ""",33296,10093,23203,снимок izbirkom
Чувашская Республика – Чувашия – Канашский,21,1,1,"Число избирателей, внесенных в списки избирателей на момент окончания голосования",447557,84683,362874,снимок izbirkom
Чувашская Республика – Чувашия – Канашский,21,1,2,"Число избирательных бюллетеней, полученных участковыми избирательными комиссиями",476839,79801,397038,снимок izbirkom
Чувашская Республика – Чувашия – Канашский,21,1,3,"Число избирательных бюллетеней, выданных избирателям, проголосовавшим досрочно",0,0,0,снимок izbirkom
Чувашская Республика – Чувашия – Канашский,21,1,4,"Число избирательных бюллетеней, выданных участковыми избирательными комиссиями избирателям в помещениях для голосования в день голосования",225946,79801,146145,снимок izbirkom
Чувашская Республика – Чувашия – Канашский,21,1,5,"Число избирательных бюллетеней, выданных избирателям, проголосовавшим вне помещений для голосования в день голосования",51077,0,51077,снимок izbirkom
Чувашская Республика – Чувашия – Канашский,21,1,6,Число погашенных избирательных бюллетеней,199815,0,199815,снимок izbirkom
Чувашская Республика – Чувашия – Канашский,21,1,7,"Число избирательных бюллетеней, содержащихся в переносных ящиках для голосования",51077,0,51077,снимок izbirkom
Чувашская Республика – Чувашия – Канашский,21,1,8,"Число избирательных бюллетеней, содержащихся в стационарных ящиках для голосования",225258,79146,146112,снимок izbirkom
Чувашская Республика – Чувашия – Канашский,21,1,9,Число недействительных избирательных бюллетеней,6423,0,6423,снимок izbirkom
Чувашская Республика – Чувашия – Канашский,21,1,10,Число действительных избирательных бюллетеней,269912,79146,190766,снимок izbirkom
Чувашская Республика – Чувашия – Канашский,21,1,11,Число утраченных избирательных бюллетеней,1,0,1,снимок izbirkom
Чувашская Республика – Чувашия – Канашский,21,1,12,"Число избирательных бюллетеней, не учтенных при получении",0,0,0,снимок izbirkom
Чувашская Республика – Чувашия – Канашский,21,1,13,Аксаков Анатолий Геннадьевич,125203,34036,91167,снимок izbirkom
Чувашская Республика – Чувашия – Канашский,21,1,14,Андреев Александр Михайлович,38416,9234,29182,снимок izbirkom
Чувашская Республика – Чувашия – Канашский,21,1,15,Егоров Радимир Федорович,42432,15312,27120,снимок izbirkom
Чувашская Республика – Чувашия – Канашский,21,1,16,Ильин Владимир Дмитриевич,10364,1655,8709,снимок izbirkom
Чувашская Республика – Чувашия – Канашский,21,1,17,Макаров Виктор Николаевич,9815,1419,8396,снимок izbirkom
Чувашская Республика – Чувашия – Канашский,21,1,18,Михайлов Григорий Александрович,6489,2483,4006,снимок izbirkom
Чувашская Республика – Чувашия – Канашский,21,1,19,Морозов Максим Викторович,21910,9186,12724,снимок izbirkom
Чувашская Республика – Чувашия – Канашский,21,1,20,Петров Эдуард Геннадьевич,15283,5821,9462,снимок izbirkom
Чувашская Республика – Чувашия – Канашский,21,2,1,"Число избирателей, внесенных в списки избирателей на момент окончания голосования",447770,84683,363087,снимок izbirkom
Чувашская Республика – Чувашия – Канашский,21,2,2,"Число избирательных бюллетеней, полученных участковыми избирательными комиссиями",476839,79801,397038,снимок izbirkom
Чувашская Республика – Чувашия – Канашский,21,2,3,"Число избирательных бюллетеней, выданных избирателям, проголосовавшим досрочно",0,0,0,снимок izbirkom
Чувашская Республика – Чувашия – Канашский,21,2,4,"Число избирательных бюллетеней, выданных участковыми избирательными комиссиями избирателям в помещениях для голосования в день голосования",226577,79801,146776,снимок izbirkom
Чувашская Республика – Чувашия – Канашский,21,2,5,"Число избирательных бюллетеней, выданных избирателям, проголосовавшим вне помещений для голосования в день голосования",51367,0,51367,снимок izbirkom
Чувашская Республика – Чувашия – Канашский,21,2,6,Число погашенных избирательных бюллетеней,198895,0,198895,снимок izbirkom
Чувашская Республика – Чувашия – Канашский,21,2,7,"Число избирательных бюллетеней, содержащихся в переносных ящиках для голосования",51367,0,51367,снимок izbirkom
Чувашская Республика – Чувашия – Канашский,21,2,8,"Число избирательных бюллетеней, содержащихся в стационарных ящиках для голосования",226234,79496,146738,снимок izbirkom
Чувашская Республика – Чувашия – Канашский,21,2,9,Число недействительных избирательных бюллетеней,4772,0,4772,снимок izbirkom
Чувашская Республика – Чувашия – Канашский,21,2,10,Число действительных избирательных бюллетеней,272829,79496,193333,снимок izbirkom
Чувашская Республика – Чувашия – Канашский,21,2,11,Число утраченных избирательных бюллетеней,0,0,0,снимок izbirkom
Чувашская Республика – Чувашия – Канашский,21,2,12,"Число избирательных бюллетеней, не учтенных при получении",0,0,0,снимок izbirkom
Чувашская Республика – Чувашия – Канашский,21,2,13,"Всероссийская политическая партия ""ЕДИНАЯ РОССИЯ""",145809,46692,99117,снимок izbirkom
Чувашская Республика – Чувашия – Канашский,21,2,14,Политическая партия ЛДПР – Либерально-демократическая партия России,21329,5878,15451,снимок izbirkom
Чувашская Республика – Чувашия – Канашский,21,2,15,"Политическая партия ""Партия прямой демократии""",798,233,565,снимок izbirkom
Чувашская Республика – Чувашия – Канашский,21,2,16,"Политическая партия ""Российская экологическая партия ""ЗЕЛЁНЫЕ""",2742,1161,1581,снимок izbirkom
Чувашская Республика – Чувашия – Канашский,21,2,17,Социалистическая политическая партия СПРАВЕДЛИВАЯ РОССИЯ,17000,4438,12562,снимок izbirkom
Чувашская Республика – Чувашия – Канашский,21,2,18,"ВСЕРОССИЙСКАЯ ПОЛИТИЧЕСКАЯ ПАРТИЯ ""РОДИНА""",1620,359,1261,снимок izbirkom
Чувашская Республика – Чувашия – Канашский,21,2,19,КПРФ - политическая партия КОММУНИСТИЧЕСКАЯ ПАРТИЯ РОССИЙСКОЙ ФЕДЕРАЦИИ,48167,8578,39589,снимок izbirkom
Чувашская Республика – Чувашия – Канашский,21,2,20,ПАРТИЯ ПЕНСИОНЕРОВ,9501,1136,8365,снимок izbirkom
Чувашская Республика – Чувашия – Канашский,21,2,21,Политическая партия КОММУНИСТИЧЕСКАЯ ПАРТИЯ КОММУНИСТЫ РОССИИ,2247,821,1426,снимок izbirkom
Чувашская Республика – Чувашия – Канашский,21,2,22,"Политическая партия ""НОВЫЕ ЛЮДИ""",23616,10200,13416,снимок izbirkom
Чувашская Республика – Чувашия – Чебоксарский,21,1,1,"Число избирателей, внесенных в списки избирателей на момент окончания голосования",458048,86100,371948,снимок izbirkom
Чувашская Республика – Чувашия – Чебоксарский,21,1,2,"Число избирательных бюллетеней, полученных участковыми избирательными комиссиями",466313,81141,385172,снимок izbirkom
Чувашская Республика – Чувашия – Чебоксарский,21,1,3,"Число избирательных бюллетеней, выданных избирателям, проголосовавшим досрочно",0,0,0,снимок izbirkom
Чувашская Республика – Чувашия – Чебоксарский,21,1,4,"Число избирательных бюллетеней, выданных участковыми избирательными комиссиями избирателям в помещениях для голосования в день голосования",225974,81141,144833,снимок izbirkom
Чувашская Республика – Чувашия – Чебоксарский,21,1,5,"Число избирательных бюллетеней, выданных избирателям, проголосовавшим вне помещений для голосования в день голосования",45674,0,45674,снимок izbirkom
Чувашская Республика – Чувашия – Чебоксарский,21,1,6,Число погашенных избирательных бюллетеней,194665,0,194665,снимок izbirkom
Чувашская Республика – Чувашия – Чебоксарский,21,1,7,"Число избирательных бюллетеней, содержащихся в переносных ящиках для голосования",45674,0,45674,снимок izbirkom
Чувашская Республика – Чувашия – Чебоксарский,21,1,8,"Число избирательных бюллетеней, содержащихся в стационарных ящиках для голосования",225336,80586,144750,снимок izbirkom
Чувашская Республика – Чувашия – Чебоксарский,21,1,9,Число недействительных избирательных бюллетеней,7671,0,7671,снимок izbirkom
Чувашская Республика – Чувашия – Чебоксарский,21,1,10,Число действительных избирательных бюллетеней,263339,80586,182753,снимок izbirkom
Чувашская Республика – Чувашия – Чебоксарский,21,1,11,Число утраченных избирательных бюллетеней,0,0,0,снимок izbirkom
Чувашская Республика – Чувашия – Чебоксарский,21,1,12,"Число избирательных бюллетеней, не учтенных при получении",0,0,0,снимок izbirkom
Чувашская Республика – Чувашия – Чебоксарский,21,1,13,Воронкова Наталья Юрьевна,14318,2979,11339,снимок izbirkom
Чувашская Республика – Чувашия – Чебоксарский,21,1,14,Киргизов Николай Александрович,19573,6722,12851,снимок izbirkom
Чувашская Республика – Чувашия – Чебоксарский,21,1,15,Коновалов Константин Евгеньевич,6208,2079,4129,снимок izbirkom
Чувашская Республика – Чувашия – Чебоксарский,21,1,16,Салаева Алла Леонидовна,137113,45910,91203,снимок izbirkom
Чувашская Республика – Чувашия – Чебоксарский,21,1,17,Степанов Константин Олегович,26950,7991,18959,снимок izbirkom
Чувашская Республика – Чувашия – Чебоксарский,21,1,18,Степанов Федор Михайлович,16076,4820,11256,снимок izbirkom
Чувашская Республика – Чувашия – Чебоксарский,21,1,19,Филиппов Александр Владимирович,43101,10085,33016,снимок izbirkom
Чувашская Республика – Чувашия – Чебоксарский,21,2,1,"Число избирателей, внесенных в списки избирателей на момент окончания голосования",458756,86100,372656,снимок izbirkom
Чувашская Республика – Чувашия – Чебоксарский,21,2,2,"Число избирательных бюллетеней, полученных участковыми избирательными комиссиями",466770,81141,385629,снимок izbirkom
Чувашская Республика – Чувашия – Чебоксарский,21,2,3,"Число избирательных бюллетеней, выданных избирателям, проголосовавшим досрочно",0,0,0,снимок izbirkom
Чувашская Республика – Чувашия – Чебоксарский,21,2,4,"Число избирательных бюллетеней, выданных участковыми избирательными комиссиями избирателям в помещениях для голосования в день голосования",227309,81141,146168,снимок izbirkom
Чувашская Республика – Чувашия – Чебоксарский,21,2,5,"Число избирательных бюллетеней, выданных избирателям, проголосовавшим вне помещений для голосования в день голосования",45913,0,45913,снимок izbirkom
Чувашская Республика – Чувашия – Чебоксарский,21,2,6,Число погашенных избирательных бюллетеней,193548,0,193548,снимок izbirkom
Чувашская Республика – Чувашия – Чебоксарский,21,2,7,"Число избирательных бюллетеней, содержащихся в переносных ящиках для голосования",45913,0,45913,снимок izbirkom
Чувашская Республика – Чувашия – Чебоксарский,21,2,8,"Число избирательных бюллетеней, содержащихся в стационарных ящиках для голосования",226906,80844,146062,снимок izbirkom
Чувашская Республика – Чувашия – Чебоксарский,21,2,9,Число недействительных избирательных бюллетеней,4948,0,4948,снимок izbirkom
Чувашская Республика – Чувашия – Чебоксарский,21,2,10,Число действительных избирательных бюллетеней,267871,80844,187027,снимок izbirkom
Чувашская Республика – Чувашия – Чебоксарский,21,2,11,Число утраченных избирательных бюллетеней,0,0,0,снимок izbirkom
Чувашская Республика – Чувашия – Чебоксарский,21,2,12,"Число избирательных бюллетеней, не учтенных при получении",0,0,0,снимок izbirkom
Чувашская Республика – Чувашия – Чебоксарский,21,2,13,"Всероссийская политическая партия ""ЕДИНАЯ РОССИЯ""",130390,47333,83057,снимок izbirkom
Чувашская Республика – Чувашия – Чебоксарский,21,2,14,Политическая партия ЛДПР – Либерально-демократическая партия России,23837,6335,17502,снимок izbirkom
Чувашская Республика – Чувашия – Чебоксарский,21,2,15,"Политическая партия ""Партия прямой демократии""",793,254,539,снимок izbirkom
Чувашская Республика – Чувашия – Чебоксарский,21,2,16,"Политическая партия ""Российская экологическая партия ""ЗЕЛЁНЫЕ""",3077,1282,1795,снимок izbirkom
Чувашская Республика – Чувашия – Чебоксарский,21,2,17,Социалистическая политическая партия СПРАВЕДЛИВАЯ РОССИЯ,16578,4134,12444,снимок izbirkom
Чувашская Республика – Чувашия – Чебоксарский,21,2,18,"ВСЕРОССИЙСКАЯ ПОЛИТИЧЕСКАЯ ПАРТИЯ ""РОДИНА""",1869,349,1520,снимок izbirkom
Чувашская Республика – Чувашия – Чебоксарский,21,2,19,КПРФ - политическая партия КОММУНИСТИЧЕСКАЯ ПАРТИЯ РОССИЙСКОЙ ФЕДЕРАЦИИ,51852,8774,43078,снимок izbirkom
Чувашская Республика – Чувашия – Чебоксарский,21,2,20,ПАРТИЯ ПЕНСИОНЕРОВ,10545,1245,9300,снимок izbirkom
Чувашская Республика – Чувашия – Чебоксарский,21,2,21,Политическая партия КОММУНИСТИЧЕСКАЯ ПАРТИЯ КОММУНИСТЫ РОССИИ,2969,823,2146,снимок izbirkom
Чувашская Республика – Чувашия – Чебоксарский,21,2,22,"Политическая партия ""НОВЫЕ ЛЮДИ""",25961,10315,15646,снимок izbirkom
Ярославская область – Ростовский,76,1,1,"Число избирателей, внесенных в списки избирателей на момент окончания голосования",466668,39121,427547,снимок izbirkom
Ярославская область – Ростовский,76,1,2,"Число избирательных бюллетеней, полученных участковыми избирательными комиссиями",405439,36076,369363,снимок izbirkom
Ярославская область – Ростовский,76,1,3,"Число избирательных бюллетеней, выданных избирателям, проголосовавшим досрочно",0,0,0,снимок izbirkom
Ярославская область – Ростовский,76,1,4,"Число избирательных бюллетеней, выданных участковыми избирательными комиссиями избирателям в помещениях для голосования в день голосования",188308,36076,152232,снимок izbirkom
Ярославская область – Ростовский,76,1,5,"Число избирательных бюллетеней, выданных избирателям, проголосовавшим вне помещений для голосования в день голосования",17691,0,17691,снимок izbirkom
Ярославская область – Ростовский,76,1,6,Число погашенных избирательных бюллетеней,199439,0,199439,снимок izbirkom
Ярославская область – Ростовский,76,1,7,"Число избирательных бюллетеней, содержащихся в переносных ящиках для голосования",17691,0,17691,снимок izbirkom
Ярославская область – Ростовский,76,1,8,"Число избирательных бюллетеней, содержащихся в стационарных ящиках для голосования",187902,35744,152158,снимок izbirkom
Ярославская область – Ростовский,76,1,9,Число недействительных избирательных бюллетеней,4947,0,4947,снимок izbirkom
Ярославская область – Ростовский,76,1,10,Число действительных избирательных бюллетеней,200646,35744,164902,снимок izbirkom
Ярославская область – Ростовский,76,1,11,Число утраченных избирательных бюллетеней,1,0,1,снимок izbirkom
Ярославская область – Ростовский,76,1,12,"Число избирательных бюллетеней, не учтенных при получении",0,0,0,снимок izbirkom
Ярославская область – Ростовский,76,1,13,Балабаев Сергей Анатольевич,16046,2513,13533,снимок izbirkom
Ярославская область – Ростовский,76,1,14,Бурцева Мария Михайловна,3902,551,3351,снимок izbirkom
Ярославская область – Ростовский,76,1,15,Бурьяноватый Андрей Гаврилович,7193,786,6407,снимок izbirkom
Ярославская область – Ростовский,76,1,16,Горохов Алексей Владимирович,16941,4396,12545,снимок izbirkom
Ярославская область – Ростовский,76,1,17,Грешневиков Анатолий Николаевич,46929,5737,41192,снимок izbirkom
Ярославская область – Ростовский,76,1,18,Казинец Александр Михайлович,12058,2198,9860,снимок izbirkom
Ярославская область – Ростовский,76,1,19,Молчанов Артём Владимирович,68423,15443,52980,снимок izbirkom
Ярославская область – Ростовский,76,1,20,Парамонов Михаил Константинович,25287,3099,22188,снимок izbirkom
Ярославская область – Ростовский,76,1,21,Шубин Денис Евгеньевич,3867,1021,2846,снимок izbirkom
Ярославская область – Ростовский,76,2,1,"Число избирателей, внесенных в списки избирателей на момент окончания голосования",468452,39121,429331,снимок izbirkom
Ярославская область – Ростовский,76,2,2,"Число избирательных бюллетеней, полученных участковыми избирательными комиссиями",405436,36076,369360,снимок izbirkom
Ярославская область – Ростовский,76,2,3,"Число избирательных бюллетеней, выданных избирателям, проголосовавшим досрочно",0,0,0,снимок izbirkom
Ярославская область – Ростовский,76,2,4,"Число избирательных бюллетеней, выданных участковыми избирательными комиссиями избирателям в помещениях для голосования в день голосования",190322,36076,154246,снимок izbirkom
Ярославская область – Ростовский,76,2,5,"Число избирательных бюллетеней, выданных избирателям, проголосовавшим вне помещений для голосования в день голосования",17866,0,17866,снимок izbirkom
Ярославская область – Ростовский,76,2,6,Число погашенных избирательных бюллетеней,197248,0,197248,снимок izbirkom
Ярославская область – Ростовский,76,2,7,"Число избирательных бюллетеней, содержащихся в переносных ящиках для голосования",17863,0,17863,снимок izbirkom
Ярославская область – Ростовский,76,2,8,"Число избирательных бюллетеней, содержащихся в стационарных ящиках для голосования",190108,35932,154176,снимок izbirkom
Ярославская область – Ростовский,76,2,9,Число недействительных избирательных бюллетеней,3916,0,3916,снимок izbirkom
Ярославская область – Ростовский,76,2,10,Число действительных избирательных бюллетеней,204055,35932,168123,снимок izbirkom
Ярославская область – Ростовский,76,2,11,Число утраченных избирательных бюллетеней,0,0,0,снимок izbirkom
Ярославская область – Ростовский,76,2,12,"Число избирательных бюллетеней, не учтенных при получении",0,0,0,снимок izbirkom
Ярославская область – Ростовский,76,2,13,"Всероссийская политическая партия ""ЕДИНАЯ РОССИЯ""",77536,16803,60733,снимок izbirkom
Ярославская область – Ростовский,76,2,14,Политическая партия ЛДПР – Либерально-демократическая партия России,23203,3809,19394,снимок izbirkom
Ярославская область – Ростовский,76,2,15,"Политическая партия ""Партия прямой демократии""",511,95,416,снимок izbirkom
Ярославская область – Ростовский,76,2,16,"Политическая партия ""Российская экологическая партия ""ЗЕЛЁНЫЕ""",3235,840,2395,снимок izbirkom
Ярославская область – Ростовский,76,2,17,Социалистическая политическая партия СПРАВЕДЛИВАЯ РОССИЯ,24733,3625,21108,снимок izbirkom
Ярославская область – Ростовский,76,2,18,"ВСЕРОССИЙСКАЯ ПОЛИТИЧЕСКАЯ ПАРТИЯ ""РОДИНА""",1879,259,1620,снимок izbirkom
Ярославская область – Ростовский,76,2,19,КПРФ - политическая партия КОММУНИСТИЧЕСКАЯ ПАРТИЯ РОССИЙСКОЙ ФЕДЕРАЦИИ,38015,3991,34024,снимок izbirkom
Ярославская область – Ростовский,76,2,20,ПАРТИЯ ПЕНСИОНЕРОВ,7609,671,6938,снимок izbirkom
Ярославская область – Ростовский,76,2,21,Политическая партия КОММУНИСТИЧЕСКАЯ ПАРТИЯ КОММУНИСТЫ РОССИИ,2137,313,1824,снимок izbirkom
Ярославская область – Ростовский,76,2,22,"Политическая партия ""НОВЫЕ ЛЮДИ""",25197,5526,19671,снимок izbirkom
Ярославская область – Ярославский,76,1,1,"Число избирателей, внесенных в списки избирателей на момент окончания голосования",513393,51050,462343,снимок izbirkom
Ярославская область – Ярославский,76,1,2,"Число избирательных бюллетеней, полученных участковыми избирательными комиссиями",444176,47211,396965,снимок izbirkom
Ярославская область – Ярославский,76,1,3,"Число избирательных бюллетеней, выданных избирателям, проголосовавшим досрочно",0,0,0,снимок izbirkom
Ярославская область – Ярославский,76,1,4,"Число избирательных бюллетеней, выданных участковыми избирательными комиссиями избирателям в помещениях для голосования в день голосования",193806,47211,146595,снимок izbirkom
Ярославская область – Ярославский,76,1,5,"Число избирательных бюллетеней, выданных избирателям, проголосовавшим вне помещений для голосования в день голосования",12340,0,12340,снимок izbirkom
Ярославская область – Ярославский,76,1,6,Число погашенных избирательных бюллетеней,238030,0,238030,снимок izbirkom
Ярославская область – Ярославский,76,1,7,"Число избирательных бюллетеней, содержащихся в переносных ящиках для голосования",12339,0,12339,снимок izbirkom
Ярославская область – Ярославский,76,1,8,"Число избирательных бюллетеней, содержащихся в стационарных ящиках для голосования",193281,46782,146499,снимок izbirkom
Ярославская область – Ярославский,76,1,9,Число недействительных избирательных бюллетеней,5663,0,5663,снимок izbirkom
Ярославская область – Ярославский,76,1,10,Число действительных избирательных бюллетеней,199957,46782,153175,снимок izbirkom
Ярославская область – Ярославский,76,1,11,Число утраченных избирательных бюллетеней,0,0,0,снимок izbirkom
Ярославская область – Ярославский,76,1,12,"Число избирательных бюллетеней, не учтенных при получении",0,0,0,снимок izbirkom
Ярославская область – Ярославский,76,1,13,Голубятников Дмитрий Олегович,3411,701,2710,снимок izbirkom
Ярославская область – Ярославский,76,1,14,Гурьев Алексей Константинович,19023,5094,13929,снимок izbirkom
Ярославская область – Ярославский,76,1,15,Каширин Анатолий Анатольевич,19497,3529,15968,снимок izbirkom
Ярославская область – Ярославский,76,1,16,Кузнецова Елена Дмитриевна,38209,5562,32647,снимок izbirkom
Ярославская область – Ярославский,76,1,17,Лисицын Анатолий Иванович,68582,19411,49171,снимок izbirkom
Ярославская область – Ярославский,76,1,18,Овчинникова Юлия Александровна,8911,1040,7871,снимок izbirkom
Ярославская область – Ярославский,76,1,19,Скрозникова Анна Валерьевна,35994,9172,26822,снимок izbirkom
Ярославская область – Ярославский,76,1,20,Трусов Дмитрий Геннадьевич,6330,2273,4057,снимок izbirkom
Ярославская область – Ярославский,76,2,1,"Число избирателей, внесенных в списки избирателей на момент окончания голосования",515360,51050,464310,снимок izbirkom
Ярославская область – Ярославский,76,2,2,"Число избирательных бюллетеней, полученных участковыми избирательными комиссиями",444176,47211,396965,снимок izbirkom
Ярославская область – Ярославский,76,2,3,"Число избирательных бюллетеней, выданных избирателям, проголосовавшим досрочно",0,0,0,снимок izbirkom
Ярославская область – Ярославский,76,2,4,"Число избирательных бюллетеней, выданных участковыми избирательными комиссиями избирателям в помещениях для голосования в день голосования",196024,47211,148813,снимок izbirkom
Ярославская область – Ярославский,76,2,5,"Число избирательных бюллетеней, выданных избирателям, проголосовавшим вне помещений для голосования в день голосования",12542,0,12542,снимок izbirkom
Ярославская область – Ярославский,76,2,6,Число погашенных избирательных бюллетеней,235610,0,235610,снимок izbirkom
Ярославская область – Ярославский,76,2,7,"Число избирательных бюллетеней, содержащихся в переносных ящиках для голосования",12542,0,12542,снимок izbirkom
Ярославская область – Ярославский,76,2,8,"Число избирательных бюллетеней, содержащихся в стационарных ящиках для голосования",195806,47070,148736,снимок izbirkom
Ярославская область – Ярославский,76,2,9,Число недействительных избирательных бюллетеней,3435,0,3435,снимок izbirkom
Ярославская область – Ярославский,76,2,10,Число действительных избирательных бюллетеней,204913,47070,157843,снимок izbirkom
Ярославская область – Ярославский,76,2,11,Число утраченных избирательных бюллетеней,0,0,0,снимок izbirkom
Ярославская область – Ярославский,76,2,12,"Число избирательных бюллетеней, не учтенных при получении",0,0,0,снимок izbirkom
Ярославская область – Ярославский,76,2,13,"Всероссийская политическая партия ""ЕДИНАЯ РОССИЯ""",74159,22097,52062,снимок izbirkom
Ярославская область – Ярославский,76,2,14,Политическая партия ЛДПР – Либерально-демократическая партия России,23107,4884,18223,снимок izbirkom
Ярославская область – Ярославский,76,2,15,"Политическая партия ""Партия прямой демократии""",529,135,394,снимок izbirkom
Ярославская область – Ярославский,76,2,16,"Политическая партия ""Российская экологическая партия ""ЗЕЛЁНЫЕ""",4005,1265,2740,снимок izbirkom
Ярославская область – Ярославский,76,2,17,Социалистическая политическая партия СПРАВЕДЛИВАЯ РОССИЯ,17304,3130,14174,снимок izbirkom
Ярославская область – Ярославский,76,2,18,"ВСЕРОССИЙСКАЯ ПОЛИТИЧЕСКАЯ ПАРТИЯ ""РОДИНА""",1783,319,1464,снимок izbirkom
Ярославская область – Ярославский,76,2,19,КПРФ - политическая партия КОММУНИСТИЧЕСКАЯ ПАРТИЯ РОССИЙСКОЙ ФЕДЕРАЦИИ,41497,5372,36125,снимок izbirkom
Ярославская область – Ярославский,76,2,20,ПАРТИЯ ПЕНСИОНЕРОВ,7700,930,6770,снимок izbirkom
Ярославская область – Ярославский,76,2,21,Политическая партия КОММУНИСТИЧЕСКАЯ ПАРТИЯ КОММУНИСТЫ РОССИИ,1756,396,1360,снимок izbirkom
Ярославская область – Ярославский,76,2,22,"Политическая партия ""НОВЫЕ ЛЮДИ""",33073,8542,24531,снимок izbirkom
Белгородская область – Белгородский,31,1,1,"Число избирателей, внесенных в списки избирателей на момент окончания голосования",600733,66631,534102,наша запись HAR
Белгородская область – Белгородский,31,1,2,"Число избирательных бюллетеней, полученных участковыми избирательными комиссиями",574721,60695,514026,наша запись HAR
Белгородская область – Белгородский,31,1,3,"Число избирательных бюллетеней, выданных избирателям, проголосовавшим досрочно",137524,0,137524,наша запись HAR
Белгородская область – Белгородский,31,1,4,"Число избирательных бюллетеней, выданных участковыми избирательными комиссиями избирателям в помещениях для голосования в день голосования",212897,60695,152202,наша запись HAR
Белгородская область – Белгородский,31,1,5,"Число избирательных бюллетеней, выданных избирателям, проголосовавшим вне помещений для голосования в день голосования",29863,0,29863,наша запись HAR
Белгородская область – Белгородский,31,1,6,Число погашенных избирательных бюллетеней,194437,0,194437,наша запись HAR
Белгородская область – Белгородский,31,1,7,"Число избирательных бюллетеней, содержащихся в переносных ящиках для голосования",166373,0,166373,наша запись HAR
Белгородская область – Белгородский,31,1,8,"Число избирательных бюллетеней, содержащихся в стационарных ящиках для голосования",212375,60235,152140,наша запись HAR
Белгородская область – Белгородский,31,1,9,Число недействительных избирательных бюллетеней,7379,0,7379,наша запись HAR
Белгородская область – Белгородский,31,1,10,Число действительных избирательных бюллетеней,371369,60235,311134,наша запись HAR
Белгородская область – Белгородский,31,1,11,Число утраченных избирательных бюллетеней,0,0,0,наша запись HAR
Белгородская область – Белгородский,31,1,12,"Число избирательных бюллетеней, не учтенных при получении",0,0,0,наша запись HAR
Белгородская область – Белгородский,31,1,13,Абельмазов Владимир Викторович,33002,6095,26907,наша запись HAR
Белгородская область – Белгородский,31,1,14,Гукова Ирина Николаевна,54296,11314,42982,наша запись HAR
Белгородская область – Белгородский,31,1,15,Дремов Евгений Александрович,42198,8759,33439,наша запись HAR
Белгородская область – Белгородский,31,1,16,Костюков Илья Романович,18638,4370,14268,наша запись HAR
Белгородская область – Белгородский,31,1,17,Румянцев Никита Геннадьевич,193892,19274,174618,наша запись HAR
Белгородская область – Белгородский,31,1,18,Харыбин Александр Владимирович,29343,10423,18920,наша запись HAR
Белгородская область – Старооскольский,31,1,1,"Число избирателей, внесенных в списки избирателей на момент окончания голосования",581073,61284,519789,наша запись HAR
Белгородская область – Старооскольский,31,1,2,"Число избирательных бюллетеней, полученных участковыми избирательными комиссиями",531510,54983,476527,наша запись HAR
Белгородская область – Старооскольский,31,1,3,"Число избирательных бюллетеней, выданных избирателям, проголосовавшим досрочно",65902,0,65902,наша запись HAR
Белгородская область – Старооскольский,31,1,4,"Число избирательных бюллетеней, выданных участковыми избирательными комиссиями избирателям в помещениях для голосования в день голосования",252208,54983,197225,наша запись HAR
Белгородская область – Старооскольский,31,1,5,"Число избирательных бюллетеней, выданных избирателям, проголосовавшим вне помещений для голосования в день голосования",51793,0,51793,наша запись HAR
Белгородская область – Старооскольский,31,1,6,Число погашенных избирательных бюллетеней,161607,0,161607,наша запись HAR
Белгородская область – Старооскольский,31,1,7,"Число избирательных бюллетеней, содержащихся в переносных ящиках для голосования",117688,0,117688,наша запись HAR
Белгородская область – Старооскольский,31,1,8,"Число избирательных бюллетеней, содержащихся в стационарных ящиках для голосования",251777,54623,197154,наша запись HAR
Белгородская область – Старооскольский,31,1,9,Число недействительных избирательных бюллетеней,4720,0,4720,наша запись HAR
Белгородская область – Старооскольский,31,1,10,Число действительных избирательных бюллетеней,364745,54623,310122,наша запись HAR
Белгородская область – Старооскольский,31,1,11,Число утраченных избирательных бюллетеней,0,0,0,наша запись HAR
Белгородская область – Старооскольский,31,1,12,"Число избирательных бюллетеней, не учтенных при получении",0,0,0,наша запись HAR
Белгородская область – Старооскольский,31,1,13,Корчагин Олег Витальевич,18254,4466,13788,наша запись HAR
Белгородская область – Старооскольский,31,1,14,Криводеров Юрий Николаевич,26805,4817,21988,наша запись HAR
Белгородская область – Старооскольский,31,1,15,Москвитин Александр Анатольевич,8108,1042,7066,наша запись HAR
Белгородская область – Старооскольский,31,1,16,Скоч Андрей Владимирович,274693,32794,241899,наша запись HAR
Белгородская область – Старооскольский,31,1,17,Хатунцев Антон Алексеевич,16576,6147,10429,наша запись HAR
Белгородская область – Старооскольский,31,1,18,Червинский Богдан Александрович,20309,5357,14952,наша запись HAR
Республика Карелия – Карельский,10,2,1,"Число избирателей, внесенных в списки избирателей на момент окончания голосования",501699,35920,465779,наша запись HAR
Республика Карелия – Карельский,10,2,2,"Число избирательных бюллетеней, полученных участковыми избирательными комиссиями",437166,32102,405064,наша запись HAR
Республика Карелия – Карельский,10,2,3,"Число избирательных бюллетеней, выданных избирателям, проголосовавшим досрочно",4810,0,4810,наша запись HAR
Республика Карелия – Карельский,10,2,4,"Число избирательных бюллетеней, выданных участковыми избирательными комиссиями избирателям в помещениях для голосования в день голосования",203880,32102,171778,наша запись HAR
Республика Карелия – Карельский,10,2,5,"Число избирательных бюллетеней, выданных избирателям, проголосовавшим вне помещений для голосования в день голосования",10644,0,10644,наша запись HAR
Республика Карелия – Карельский,10,2,6,Число погашенных избирательных бюллетеней,217829,0,217829,наша запись HAR
Республика Карелия – Карельский,10,2,7,"Число избирательных бюллетеней, содержащихся в переносных ящиках для голосования",15441,0,15441,наша запись HAR
Республика Карелия – Карельский,10,2,8,"Число избирательных бюллетеней, содержащихся в стационарных ящиках для голосования",203474,31932,171542,наша запись HAR
Республика Карелия – Карельский,10,2,9,Число недействительных избирательных бюллетеней,9192,0,9192,наша запись HAR
Республика Карелия – Карельский,10,2,10,Число действительных избирательных бюллетеней,209723,31932,177791,наша запись HAR
Республика Карелия – Карельский,10,2,11,Число утраченных избирательных бюллетеней,3,0,3,наша запись HAR
Республика Карелия – Карельский,10,2,12,"Число избирательных бюллетеней, не учтенных при получении",0,0,0,наша запись HAR
Республика Карелия – Карельский,10,2,13,"Всероссийская политическая партия ""ЕДИНАЯ РОССИЯ""",68821,11727,57094,наша запись HAR
Республика Карелия – Карельский,10,2,14,Политическая партия ЛДПР – Либерально-демократическая партия России,30084,4138,25946,наша запись HAR
Республика Карелия – Карельский,10,2,15,"Политическая партия ""Партия прямой демократии""",661,103,558,наша запись HAR
Республика Карелия – Карельский,10,2,16,"Политическая партия ""Российская экологическая партия ""ЗЕЛЁНЫЕ""",5462,1059,4403,наша запись HAR
Республика Карелия – Карельский,10,2,17,Социалистическая политическая партия СПРАВЕДЛИВАЯ РОССИЯ,27482,4907,22575,наша запись HAR
Республика Карелия – Карельский,10,2,18,"ВСЕРОССИЙСКАЯ ПОЛИТИЧЕСКАЯ ПАРТИЯ ""РОДИНА""",1931,232,1699,наша запись HAR
Республика Карелия – Карельский,10,2,19,КПРФ - политическая партия КОММУНИСТИЧЕСКАЯ ПАРТИЯ РОССИЙСКОЙ ФЕДЕРАЦИИ,36023,3559,32464,наша запись HAR
Республика Карелия – Карельский,10,2,20,ПАРТИЯ ПЕНСИОНЕРОВ,10246,698,9548,наша запись HAR
Республика Карелия – Карельский,10,2,21,Политическая партия КОММУНИСТИЧЕСКАЯ ПАРТИЯ КОММУНИСТЫ РОССИИ,2160,358,1802,наша запись HAR
Республика Карелия – Карельский,10,2,22,"Политическая партия ""НОВЫЕ ЛЮДИ""",26853,5151,21702,наша запись HAR
Магаданская область – Магаданский,49,1,1,"Число избирателей, внесенных в списки избирателей на момент окончания голосования",90965,8110,82855,наша запись HAR
Магаданская область – Магаданский,49,1,2,"Число избирательных бюллетеней, полученных участковыми избирательными комиссиями",101041,7228,93813,наша запись HAR
Магаданская область – Магаданский,49,1,3,"Число избирательных бюллетеней, выданных избирателям, проголосовавшим досрочно",8281,0,8281,наша запись HAR
Магаданская область – Магаданский,49,1,4,"Число избирательных бюллетеней, выданных участковыми избирательными комиссиями избирателям в помещениях для голосования в день голосования",35049,7228,27821,наша запись HAR
Магаданская область – Магаданский,49,1,5,"Число избирательных бюллетеней, выданных избирателям, проголосовавшим вне помещений для голосования в день голосования",3652,0,3652,наша запись HAR
Магаданская область – Магаданский,49,1,6,Число погашенных избирательных бюллетеней,54059,0,54059,наша запись HAR
Магаданская область – Магаданский,49,1,7,"Число избирательных бюллетеней, содержащихся в переносных ящиках для голосования",11933,0,11933,наша запись HAR
Магаданская область – Магаданский,49,1,8,"Число избирательных бюллетеней, содержащихся в стационарных ящиках для голосования",34755,6956,27799,наша запись HAR
Магаданская область – Магаданский,49,1,9,Число недействительных избирательных бюллетеней,1123,0,1123,наша запись HAR
Магаданская область – Магаданский,49,1,10,Число действительных избирательных бюллетеней,45565,6956,38609,наша запись HAR
Магаданская область – Магаданский,49,1,11,Число утраченных избирательных бюллетеней,0,0,0,наша запись HAR
Магаданская область – Магаданский,49,1,12,"Число избирательных бюллетеней, не учтенных при получении",0,0,0,наша запись HAR
Магаданская область – Магаданский,49,1,13,Булычёв Богдан Юрьевич,23004,2804,20200,наша запись HAR
Магаданская область – Магаданский,49,1,14,Гончаренко Сергей Александрович,8789,1431,7358,наша запись HAR
Магаданская область – Магаданский,49,1,15,Исаев Роман Вадимович,5667,889,4778,наша запись HAR
Магаданская область – Магаданский,49,1,16,Прикоки Олег Валерьевич,3241,742,2499,наша запись HAR
Магаданская область – Магаданский,49,1,17,Эттенко Кирилл Геннадьевич,4864,1090,3774,наша запись HAR
Архангельская область – Архангельский,29,1,1,"Число избирателей, внесенных в списки избирателей на момент окончания голосования",404341,43880,360461,наша запись HAR; ДЭГ — журнал
Архангельская область – Архангельский,29,1,2,"Число избирательных бюллетеней, полученных участковыми избирательными комиссиями",383353,40292,343061,наша запись HAR; ДЭГ — журнал
Архангельская область – Архангельский,29,1,3,"Число избирательных бюллетеней, выданных избирателям, проголосовавшим досрочно",801,0,801,наша запись HAR; ДЭГ — журнал
Архангельская область – Архангельский,29,1,4,"Число избирательных бюллетеней, выданных участковыми избирательными комиссиями избирателям в помещениях для голосования в день голосования",160512,40292,120220,наша запись HAR; ДЭГ — журнал
Архангельская область – Архангельский,29,1,5,"Число избирательных бюллетеней, выданных избирателям, проголосовавшим вне помещений для голосования в день голосования",13346,0,13346,наша запись HAR; ДЭГ — журнал
Архангельская область – Архангельский,29,1,6,Число погашенных избирательных бюллетеней,208693,0,208693,наша запись HAR; ДЭГ — журнал
Архангельская область – Архангельский,29,1,7,"Число избирательных бюллетеней, содержащихся в переносных ящиках для голосования",14145,0,14145,наша запись HAR; ДЭГ — журнал
Архангельская область – Архангельский,29,1,8,"Число избирательных бюллетеней, содержащихся в стационарных ящиках для голосования",159986,39836,120150,наша запись HAR; ДЭГ — журнал
Архангельская область – Архангельский,29,1,9,Число недействительных избирательных бюллетеней,4661,0,4661,наша запись HAR; ДЭГ — журнал
Архангельская область – Архангельский,29,1,10,Число действительных избирательных бюллетеней,169470,39836,129634,наша запись HAR; ДЭГ — журнал
Архангельская область – Архангельский,29,1,11,Число утраченных избирательных бюллетеней,1,0,1,наша запись HAR; ДЭГ — журнал
Архангельская область – Архангельский,29,1,12,"Число избирательных бюллетеней, не учтенных при получении",0,0,0,наша запись HAR; ДЭГ — журнал
Архангельская область – Архангельский,29,1,13,Алескеров Кирилл Гамидович,19464,4520,14944,наша запись HAR; ДЭГ — журнал
Архангельская область – Архангельский,29,1,14,Арсентьев Игорь Валентинович,66064,18131,47933,наша запись HAR; ДЭГ — журнал
Архангельская область – Архангельский,29,1,15,Виривский Владислав Дмитриевич,12031,3440,8591,наша запись HAR; ДЭГ — журнал
Архангельская область – Архангельский,29,1,16,Гревцов Александр Викторович,28247,4577,23670,наша запись HAR; ДЭГ — журнал
Архангельская область – Архангельский,29,1,17,Жданова Юлия Сергеевна,15353,3323,12030,наша запись HAR; ДЭГ — журнал
Архангельская область – Архангельский,29,1,18,Лаптев Вадим Геннадьевич,14398,3097,11301,наша запись HAR; ДЭГ — журнал
Архангельская область – Архангельский,29,1,19,Соловьев Степан Геннадьевич,1819,423,1396,наша запись HAR; ДЭГ — журнал
Архангельская область – Архангельский,29,1,20,Тихонов Виктор Николаевич,9918,1777,8141,наша запись HAR; ДЭГ — журнал
Архангельская область – Архангельский,29,1,21,Яценко Инга Александровна,2176,548,1628,наша запись HAR; ДЭГ — журнал
Архангельская область – Архангельский,29,2,1,"Число избирателей, внесенных в списки избирателей на момент окончания голосования",405682,43880,361802,наша запись HAR; ДЭГ — журнал
Архангельская область – Архангельский,29,2,2,"Число избирательных бюллетеней, полученных участковыми избирательными комиссиями",383892,40292,343600,наша запись HAR; ДЭГ — журнал
Архангельская область – Архангельский,29,2,3,"Число избирательных бюллетеней, выданных избирателям, проголосовавшим досрочно",814,0,814,наша запись HAR; ДЭГ — журнал
Архангельская область – Архангельский,29,2,4,"Число избирательных бюллетеней, выданных участковыми избирательными комиссиями избирателям в помещениях для голосования в день голосования",162776,40292,122484,наша запись HAR; ДЭГ — журнал
Архангельская область – Архангельский,29,2,5,"Число избирательных бюллетеней, выданных избирателям, проголосовавшим вне помещений для голосования в день голосования",13707,0,13707,наша запись HAR; ДЭГ — журнал
Архангельская область – Архангельский,29,2,6,Число погашенных избирательных бюллетеней,206594,0,206594,наша запись HAR; ДЭГ — журнал
Архангельская область – Архангельский,29,2,7,"Число избирательных бюллетеней, содержащихся в переносных ящиках для голосования",14519,0,14519,наша запись HAR; ДЭГ — журнал
Архангельская область – Архангельский,29,2,8,"Число избирательных бюллетеней, содержащихся в стационарных ящиках для голосования",162572,40149,122423,наша запись HAR; ДЭГ — журнал
Архангельская область – Архангельский,29,2,9,Число недействительных избирательных бюллетеней,3402,0,3402,наша запись HAR; ДЭГ — журнал
Архангельская область – Архангельский,29,2,10,Число действительных избирательных бюллетеней,173689,40149,133540,наша запись HAR; ДЭГ — журнал
Архангельская область – Архангельский,29,2,11,Число утраченных избирательных бюллетеней,1,0,1,наша запись HAR; ДЭГ — журнал
Архангельская область – Архангельский,29,2,12,"Число избирательных бюллетеней, не учтенных при получении",0,0,0,наша запись HAR; ДЭГ — журнал
Архангельская область – Архангельский,29,2,13,"Всероссийская политическая партия ""ЕДИНАЯ РОССИЯ""",65221,17723,47498,наша запись HAR; ДЭГ — журнал
Архангельская область – Архангельский,29,2,14,Политическая партия ЛДПР – Либерально-демократическая партия России,27131,6044,21087,наша запись HAR; ДЭГ — журнал
Архангельская область – Архангельский,29,2,15,"Политическая партия ""Партия прямой демократии""",617,209,408,наша запись HAR; ДЭГ — журнал
Архангельская область – Архангельский,29,2,16,"Политическая партия ""Российская экологическая партия ""ЗЕЛЁНЫЕ""",2616,821,1795,наша запись HAR; ДЭГ — журнал
Архангельская область – Архангельский,29,2,17,Социалистическая политическая партия СПРАВЕДЛИВАЯ РОССИЯ,11516,2208,9308,наша запись HAR; ДЭГ — журнал
Архангельская область – Архангельский,29,2,18,"ВСЕРОССИЙСКАЯ ПОЛИТИЧЕСКАЯ ПАРТИЯ ""РОДИНА""",1409,207,1202,наша запись HAR; ДЭГ — журнал
Архангельская область – Архангельский,29,2,19,КПРФ - политическая партия КОММУНИСТИЧЕСКАЯ ПАРТИЯ РОССИЙСКОЙ ФЕДЕРАЦИИ,34179,4941,29238,наша запись HAR; ДЭГ — журнал
Архангельская область – Архангельский,29,2,20,ПАРТИЯ ПЕНСИОНЕРОВ,8937,1536,7401,наша запись HAR; ДЭГ — журнал
Архангельская область – Архангельский,29,2,21,Политическая партия КОММУНИСТИЧЕСКАЯ ПАРТИЯ КОММУНИСТЫ РОССИИ,1690,424,1266,наша запись HAR; ДЭГ — журнал
Архангельская область – Архангельский,29,2,22,"Политическая партия ""НОВЫЕ ЛЮДИ""",20373,6036,14337,наша запись HAR; ДЭГ — журнал
Московская область – Люберецкий,50,2,1,"Число избирателей, внесенных в списки избирателей на момент окончания голосования",541294,67978,473316,наша запись HAR; ДЭГ — журнал
Московская область – Люберецкий,50,2,2,"Число избирательных бюллетеней, полученных участковыми избирательными комиссиями",476186,61438,414748,наша запись HAR; ДЭГ — журнал
Московская область – Люберецкий,50,2,3,"Число избирательных бюллетеней, выданных избирателям, проголосовавшим досрочно",0,0,0,наша запись HAR; ДЭГ — журнал
Московская область – Люберецкий,50,2,4,"Число избирательных бюллетеней, выданных участковыми избирательными комиссиями избирателям в помещениях для голосования в день голосования",270623,61438,209185,наша запись HAR; ДЭГ — журнал
Московская область – Люберецкий,50,2,5,"Число избирательных бюллетеней, выданных избирателям, проголосовавшим вне помещений для голосования в день голосования",24902,0,24902,наша запись HAR; ДЭГ — журнал
Московская область – Люберецкий,50,2,6,Число погашенных избирательных бюллетеней,180661,0,180661,наша запись HAR; ДЭГ — журнал
Московская область – Люберецкий,50,2,7,"Число избирательных бюллетеней, содержащихся в переносных ящиках для голосования",24853,0,24853,наша запись HAR; ДЭГ — журнал
Московская область – Люберецкий,50,2,8,"Число избирательных бюллетеней, содержащихся в стационарных ящиках для голосования",270047,61110,208937,наша запись HAR; ДЭГ — журнал
Московская область – Люберецкий,50,2,9,Число недействительных избирательных бюллетеней,1511,0,1511,наша запись HAR; ДЭГ — журнал
Московская область – Люберецкий,50,2,10,Число действительных избирательных бюллетеней,293389,61110,232279,наша запись HAR; ДЭГ — журнал
Московская область – Люберецкий,50,2,11,Число утраченных избирательных бюллетеней,0,0,0,наша запись HAR; ДЭГ — журнал
Московская область – Люберецкий,50,2,12,"Число избирательных бюллетеней, не учтенных при получении",0,0,0,наша запись HAR; ДЭГ — журнал
Московская область – Люберецкий,50,2,13,"Всероссийская политическая партия ""ЕДИНАЯ РОССИЯ""",157988,32788,125200,наша запись HAR; ДЭГ — журнал
Московская область – Люберецкий,50,2,14,Политическая партия ЛДПР – Либерально-демократическая партия России,27296,5995,21301,наша запись HAR; ДЭГ — журнал
Московская область – Люберецкий,50,2,15,"Политическая партия ""Партия прямой демократии""",631,244,387,наша запись HAR; ДЭГ — журнал
Московская область – Люберецкий,50,2,16,"Политическая партия ""Российская экологическая партия ""ЗЕЛЁНЫЕ""",3046,1549,1497,наша запись HAR; ДЭГ — журнал
Московская область – Люберецкий,50,2,17,Социалистическая политическая партия СПРАВЕДЛИВАЯ РОССИЯ,32501,2664,29837,наша запись HAR; ДЭГ — журнал
Московская область – Люберецкий,50,2,18,"ВСЕРОССИЙСКАЯ ПОЛИТИЧЕСКАЯ ПАРТИЯ ""РОДИНА""",1128,588,540,наша запись HAR; ДЭГ — журнал
Московская область – Люберецкий,50,2,19,КПРФ - политическая партия КОММУНИСТИЧЕСКАЯ ПАРТИЯ РОССИЙСКОЙ ФЕДЕРАЦИИ,37703,6584,31119,наша запись HAR; ДЭГ — журнал
Московская область – Люберецкий,50,2,20,ПАРТИЯ ПЕНСИОНЕРОВ,2109,1311,798,наша запись HAR; ДЭГ — журнал
Московская область – Люберецкий,50,2,21,Политическая партия КОММУНИСТИЧЕСКАЯ ПАРТИЯ КОММУНИСТЫ РОССИИ,1545,713,832,наша запись HAR; ДЭГ — журнал
Московская область – Люберецкий,50,2,22,"Политическая партия ""НОВЫЕ ЛЮДИ""",29442,8674,20768,наша запись HAR; ДЭГ — журнал
Челябинская область – Коркинский,74,1,1,"Число избирателей, внесенных в списки избирателей на момент окончания голосования",508303,38640,469663,наша запись HAR; ДЭГ — журнал
Челябинская область – Коркинский,74,1,2,"Число избирательных бюллетеней, полученных участковыми избирательными комиссиями",468990,33930,435060,наша запись HAR; ДЭГ — журнал
Челябинская область – Коркинский,74,1,3,"Число избирательных бюллетеней, выданных избирателям, проголосовавшим досрочно",0,0,0,наша запись HAR; ДЭГ — журнал
Челябинская область – Коркинский,74,1,4,"Число избирательных бюллетеней, выданных участковыми избирательными комиссиями избирателям в помещениях для голосования в день голосования",212863,33930,178933,наша запись HAR; ДЭГ — журнал
Челябинская область – Коркинский,74,1,5,"Число избирательных бюллетеней, выданных избирателям, проголосовавшим вне помещений для голосования в день голосования",45780,0,45780,наша запись HAR; ДЭГ — журнал
Челябинская область – Коркинский,74,1,6,Число погашенных избирательных бюллетеней,210347,0,210347,наша запись HAR; ДЭГ — журнал
Челябинская область – Коркинский,74,1,7,"Число избирательных бюллетеней, содержащихся в переносных ящиках для голосования",45780,0,45780,наша запись HAR; ДЭГ — журнал
Челябинская область – Коркинский,74,1,8,"Число избирательных бюллетеней, содержащихся в стационарных ящиках для голосования",212484,33591,178893,наша запись HAR; ДЭГ — журнал
Челябинская область – Коркинский,74,1,9,Число недействительных избирательных бюллетеней,7196,0,7196,наша запись HAR; ДЭГ — журнал
Челябинская область – Коркинский,74,1,10,Число действительных избирательных бюллетеней,251068,33591,217477,наша запись HAR; ДЭГ — журнал
Челябинская область – Коркинский,74,1,11,Число утраченных избирательных бюллетеней,0,0,0,наша запись HAR; ДЭГ — журнал
Челябинская область – Коркинский,74,1,12,"Число избирательных бюллетеней, не учтенных при получении",0,0,0,наша запись HAR; ДЭГ — журнал
Челябинская область – Коркинский,74,1,13,Гартунг Валерий Карлович,123960,14122,109838,наша запись HAR; ДЭГ — журнал
Челябинская область – Коркинский,74,1,14,Гертье Владимир Иванович,3370,337,3033,наша запись HAR; ДЭГ — журнал
Челябинская область – Коркинский,74,1,15,Крепак Полина Игоревна,21761,4882,16879,наша запись HAR; ДЭГ — журнал
Челябинская область – Коркинский,74,1,16,Нациевский Константин Олегович,20598,2712,17886,наша запись HAR; ДЭГ — журнал
Челябинская область – Коркинский,74,1,17,Рыжий Антон Петрович,60212,7673,52539,наша запись HAR; ДЭГ — журнал
Челябинская область – Коркинский,74,1,18,Суворин Алексей Владимирович,13207,2705,10502,наша запись HAR; ДЭГ — журнал
Челябинская область – Коркинский,74,1,19,Фирстов Степан Владимирович,7960,1160,6800,наша запись HAR; ДЭГ — журнал
Челябинская область – Коркинский,74,2,1,"Число избирателей, внесенных в списки избирателей на момент окончания голосования",510446,38640,471806,наша запись HAR; ДЭГ — журнал
Челябинская область – Коркинский,74,2,2,"Число избирательных бюллетеней, полученных участковыми избирательными комиссиями",469490,33930,435560,наша запись HAR; ДЭГ — журнал
Челябинская область – Коркинский,74,2,3,"Число избирательных бюллетеней, выданных избирателям, проголосовавшим досрочно",0,0,0,наша запись HAR; ДЭГ — журнал
Челябинская область – Коркинский,74,2,4,"Число избирательных бюллетеней, выданных участковыми избирательными комиссиями избирателям в помещениях для голосования в день голосования",214322,33930,180392,наша запись HAR; ДЭГ — журнал
Челябинская область – Коркинский,74,2,5,"Число избирательных бюллетеней, выданных избирателям, проголосовавшим вне помещений для голосования в день голосования",46342,0,46342,наша запись HAR; ДЭГ — журнал
Челябинская область – Коркинский,74,2,6,Число погашенных избирательных бюллетеней,208826,0,208826,наша запись HAR; ДЭГ — журнал
Челябинская область – Коркинский,74,2,7,"Число избирательных бюллетеней, содержащихся в переносных ящиках для голосования",46342,0,46342,наша запись HAR; ДЭГ — журнал
Челябинская область – Коркинский,74,2,8,"Число избирательных бюллетеней, содержащихся в стационарных ящиках для голосования",214191,33807,180384,наша запись HAR; ДЭГ — журнал
Челябинская область – Коркинский,74,2,9,Число недействительных избирательных бюллетеней,5032,0,5032,наша запись HAR; ДЭГ — журнал
Челябинская область – Коркинский,74,2,10,Число действительных избирательных бюллетеней,255501,33807,221694,наша запись HAR; ДЭГ — журнал
Челябинская область – Коркинский,74,2,11,Число утраченных избирательных бюллетеней,0,0,0,наша запись HAR; ДЭГ — журнал
Челябинская область – Коркинский,74,2,12,"Число избирательных бюллетеней, не учтенных при получении",0,0,0,наша запись HAR; ДЭГ — журнал
Челябинская область – Коркинский,74,2,13,"Всероссийская политическая партия ""ЕДИНАЯ РОССИЯ""",120419,11863,108556,наша запись HAR; ДЭГ — журнал
Челябинская область – Коркинский,74,2,14,Политическая партия ЛДПР – Либерально-демократическая партия России,19209,3601,15608,наша запись HAR; ДЭГ — журнал
Челябинская область – Коркинский,74,2,15,"Политическая партия ""Партия прямой демократии""",742,170,572,наша запись HAR; ДЭГ — журнал
Челябинская область – Коркинский,74,2,16,"Политическая партия ""Российская экологическая партия ""ЗЕЛЁНЫЕ""",2150,460,1690,наша запись HAR; ДЭГ — журнал
Челябинская область – Коркинский,74,2,17,Социалистическая политическая партия СПРАВЕДЛИВАЯ РОССИЯ,51650,6672,44978,наша запись HAR; ДЭГ — журнал
Челябинская область – Коркинский,74,2,18,"ВСЕРОССИЙСКАЯ ПОЛИТИЧЕСКАЯ ПАРТИЯ ""РОДИНА""",1643,213,1430,наша запись HAR; ДЭГ — журнал
Челябинская область – Коркинский,74,2,19,КПРФ - политическая партия КОММУНИСТИЧЕСКАЯ ПАРТИЯ РОССИЙСКОЙ ФЕДЕРАЦИИ,26267,3570,22697,наша запись HAR; ДЭГ — журнал
Челябинская область – Коркинский,74,2,20,ПАРТИЯ ПЕНСИОНЕРОВ,7567,747,6820,наша запись HAR; ДЭГ — журнал
Челябинская область – Коркинский,74,2,21,Политическая партия КОММУНИСТИЧЕСКАЯ ПАРТИЯ КОММУНИСТЫ РОССИИ,1670,324,1346,наша запись HAR; ДЭГ — журнал
Челябинская область – Коркинский,74,2,22,"Политическая партия ""НОВЫЕ ЛЮДИ""",24184,6187,17997,наша запись HAR; ДЭГ — журнал
Республика Крым – Евпаторийский,93,1,1,"Число избирателей, внесенных в списки избирателей на момент окончания голосования",511794,25255,486539,наша запись HAR; ДЭГ — журнал
Республика Крым – Евпаторийский,93,1,2,"Число избирательных бюллетеней, полученных участковыми избирательными комиссиями",395368,22153,373215,наша запись HAR; ДЭГ — журнал
Республика Крым – Евпаторийский,93,1,3,"Число избирательных бюллетеней, выданных избирателям, проголосовавшим досрочно",5682,0,5682,наша запись HAR; ДЭГ — журнал
Республика Крым – Евпаторийский,93,1,4,"Число избирательных бюллетеней, выданных участковыми избирательными комиссиями избирателям в помещениях для голосования в день голосования",185581,22153,163428,наша запись HAR; ДЭГ — журнал
Республика Крым – Евпаторийский,93,1,5,"Число избирательных бюллетеней, выданных избирателям, проголосовавшим вне помещений для голосования в день голосования",64442,0,64442,наша запись HAR; ДЭГ — журнал
Республика Крым – Евпаторийский,93,1,6,Число погашенных избирательных бюллетеней,139663,0,139663,наша запись HAR; ДЭГ — журнал
Республика Крым – Евпаторийский,93,1,7,"Число избирательных бюллетеней, содержащихся в переносных ящиках для голосования",70004,0,70004,наша запись HAR; ДЭГ — журнал
Республика Крым – Евпаторийский,93,1,8,"Число избирательных бюллетеней, содержащихся в стационарных ящиках для голосования",184878,21809,163069,наша запись HAR; ДЭГ — журнал
Республика Крым – Евпаторийский,93,1,9,Число недействительных избирательных бюллетеней,9958,0,9958,наша запись HAR; ДЭГ — журнал
Республика Крым – Евпаторийский,93,1,10,Число действительных избирательных бюллетеней,244924,21809,223115,наша запись HAR; ДЭГ — журнал
Республика Крым – Евпаторийский,93,1,11,Число утраченных избирательных бюллетеней,0,0,0,наша запись HAR; ДЭГ — журнал
Республика Крым – Евпаторийский,93,1,12,"Число избирательных бюллетеней, не учтенных при получении",0,0,0,наша запись HAR; ДЭГ — журнал
Республика Крым – Евпаторийский,93,1,13,Бабашов Леонид Иванович,160540,10860,149680,наша запись HAR; ДЭГ — журнал
Республика Крым – Евпаторийский,93,1,14,Боровских Андрей Владимирович,21475,3937,17538,наша запись HAR; ДЭГ — журнал
Республика Крым – Евпаторийский,93,1,15,Буянов Александр Владимирович,7543,806,6737,наша запись HAR; ДЭГ — журнал
Республика Крым – Евпаторийский,93,1,16,Вакуленко Петр Владимирович,18086,1771,16315,наша запись HAR; ДЭГ — журнал
Республика Крым – Евпаторийский,93,1,17,Данилин Петр Николаевич,8818,606,8212,наша запись HAR; ДЭГ — журнал
Республика Крым – Евпаторийский,93,1,18,Попов Николай Георгиевич,16704,2261,14443,наша запись HAR; ДЭГ — журнал
Республика Крым – Евпаторийский,93,1,19,Юхненко Роман Анатольевич,11758,1568,10190,наша запись HAR; ДЭГ — журнал
Республика Крым – Евпаторийский,93,2,1,"Число избирателей, внесенных в списки избирателей на момент окончания голосования",519195,25255,493940,наша запись HAR; ДЭГ — журнал
Республика Крым – Евпаторийский,93,2,2,"Число избирательных бюллетеней, полученных участковыми избирательными комиссиями",395368,22153,373215,наша запись HAR; ДЭГ — журнал
Республика Крым – Евпаторийский,93,2,3,"Число избирательных бюллетеней, выданных избирателям, проголосовавшим досрочно",9838,0,9838,наша запись HAR; ДЭГ — журнал
Республика Крым – Евпаторийский,93,2,4,"Число избирательных бюллетеней, выданных участковыми избирательными комиссиями избирателям в помещениях для голосования в день голосования",188161,22153,166008,наша запись HAR; ДЭГ — журнал
Республика Крым – Евпаторийский,93,2,5,"Число избирательных бюллетеней, выданных избирателям, проголосовавшим вне помещений для голосования в день голосования",64774,0,64774,наша запись HAR; ДЭГ — журнал
Республика Крым – Евпаторийский,93,2,6,Число погашенных избирательных бюллетеней,132595,0,132595,наша запись HAR; ДЭГ — журнал
Республика Крым – Евпаторийский,93,2,7,"Число избирательных бюллетеней, содержащихся в переносных ящиках для голосования",74499,0,74499,наша запись HAR; ДЭГ — журнал
Республика Крым – Евпаторийский,93,2,8,"Число избирательных бюллетеней, содержащихся в стационарных ящиках для голосования",187588,22048,165540,наша запись HAR; ДЭГ — журнал
Республика Крым – Евпаторийский,93,2,9,Число недействительных избирательных бюллетеней,7675,0,7675,наша запись HAR; ДЭГ — журнал
Республика Крым – Евпаторийский,93,2,10,Число действительных избирательных бюллетеней,254412,22048,232364,наша запись HAR; ДЭГ — журнал
Республика Крым – Евпаторийский,93,2,11,Число утраченных избирательных бюллетеней,0,0,0,наша запись HAR; ДЭГ — журнал
Республика Крым – Евпаторийский,93,2,12,"Число избирательных бюллетеней, не учтенных при получении",0,0,0,наша запись HAR; ДЭГ — журнал
Республика Крым – Евпаторийский,93,2,13,"Всероссийская политическая партия ""ЕДИНАЯ РОССИЯ""",160320,12424,147896,наша запись HAR; ДЭГ — журнал
Республика Крым – Евпаторийский,93,2,14,Политическая партия ЛДПР – Либерально-демократическая партия России,20207,2049,18158,наша запись HAR; ДЭГ — журнал
Республика Крым – Евпаторийский,93,2,15,"Политическая партия ""Партия прямой демократии""",1503,105,1398,наша запись HAR; ДЭГ — журнал
Республика Крым – Евпаторийский,93,2,16,"Политическая партия ""Российская экологическая партия ""ЗЕЛЁНЫЕ""",3882,520,3362,наша запись HAR; ДЭГ — журнал
Республика Крым – Евпаторийский,93,2,17,Социалистическая политическая партия СПРАВЕДЛИВАЯ РОССИЯ,10947,797,10150,наша запись HAR; ДЭГ — журнал
Республика Крым – Евпаторийский,93,2,18,"ВСЕРОССИЙСКАЯ ПОЛИТИЧЕСКАЯ ПАРТИЯ ""РОДИНА""",2678,221,2457,наша запись HAR; ДЭГ — журнал
Республика Крым – Евпаторийский,93,2,19,КПРФ - политическая партия КОММУНИСТИЧЕСКАЯ ПАРТИЯ РОССИЙСКОЙ ФЕДЕРАЦИИ,24550,2154,22396,наша запись HAR; ДЭГ — журнал
Республика Крым – Евпаторийский,93,2,20,ПАРТИЯ ПЕНСИОНЕРОВ,6283,354,5929,наша запись HAR; ДЭГ — журнал
Республика Крым – Евпаторийский,93,2,21,Политическая партия КОММУНИСТИЧЕСКАЯ ПАРТИЯ КОММУНИСТЫ РОССИИ,3370,225,3145,наша запись HAR; ДЭГ — журнал
Республика Крым – Евпаторийский,93,2,22,"Политическая партия ""НОВЫЕ ЛЮДИ""",20672,3199,17473,наша запись HAR; ДЭГ — журнал
Ростовская область – Ростовский,61,1,1,"Число избирателей, внесенных в списки избирателей на момент окончания голосования",540202,55375,484827,наша запись HAR; ДЭГ — журнал
Ростовская область – Ростовский,61,1,2,"Число избирательных бюллетеней, полученных участковыми избирательными комиссиями",514829,48231,466598,наша запись HAR; ДЭГ — журнал
Ростовская область – Ростовский,61,1,3,"Число избирательных бюллетеней, выданных избирателям, проголосовавшим досрочно",71576,0,71576,наша запись HAR; ДЭГ — журнал
Ростовская область – Ростовский,61,1,4,"Число избирательных бюллетеней, выданных участковыми избирательными комиссиями избирателям в помещениях для голосования в день голосования",267171,48231,218940,наша запись HAR; ДЭГ — журнал
Ростовская область – Ростовский,61,1,5,"Число избирательных бюллетеней, выданных избирателям, проголосовавшим вне помещений для голосования в день голосования",11392,0,11392,наша запись HAR; ДЭГ — журнал
Ростовская область – Ростовский,61,1,6,Число погашенных избирательных бюллетеней,164690,0,164690,наша запись HAR; ДЭГ — журнал
Ростовская область – Ростовский,61,1,7,"Число избирательных бюллетеней, содержащихся в переносных ящиках для голосования",82768,0,82768,наша запись HAR; ДЭГ — журнал
Ростовская область – Ростовский,61,1,8,"Число избирательных бюллетеней, содержащихся в стационарных ящиках для голосования",266283,47701,218582,наша запись HAR; ДЭГ — журнал
Ростовская область – Ростовский,61,1,9,Число недействительных избирательных бюллетеней,2190,0,2190,наша запись HAR; ДЭГ — журнал
Ростовская область – Ростовский,61,1,10,Число действительных избирательных бюллетеней,346861,47701,299160,наша запись HAR; ДЭГ — журнал
Ростовская область – Ростовский,61,1,11,Число утраченных избирательных бюллетеней,0,0,0,наша запись HAR; ДЭГ — журнал
Ростовская область – Ростовский,61,1,12,"Число избирательных бюллетеней, не учтенных при получении",0,0,0,наша запись HAR; ДЭГ — журнал
Ростовская область – Ростовский,61,1,13,Белоусова Наталья Викторовна,26695,8010,18685,наша запись HAR; ДЭГ — журнал
Ростовская область – Ростовский,61,1,14,Сизякин Дмитрий Владимирович,194802,20776,174026,наша запись HAR; ДЭГ — журнал
Ростовская область – Ростовский,61,1,15,Синонян Тарас Олегович,18915,3244,15671,наша запись HAR; ДЭГ — журнал
Ростовская область – Ростовский,61,1,16,Черкашин Лавр Александрович,46827,5968,40859,наша запись HAR; ДЭГ — журнал
Ростовская область – Ростовский,61,1,17,Чухлебов Александр Александрович,51265,7455,43810,наша запись HAR; ДЭГ — журнал
Ростовская область – Ростовский,61,1,18,Шелудько Андрей Юрьевич,8357,2248,6109,наша запись HAR; ДЭГ — журнал
Ростовская область – Ростовский,61,2,1,"Число избирателей, внесенных в списки избирателей на момент окончания голосования",552237,55375,496862,наша запись HAR; ДЭГ — журнал
Ростовская область – Ростовский,61,2,2,"Число избирательных бюллетеней, полученных участковыми избирательными комиссиями",515379,48231,467148,наша запись HAR; ДЭГ — журнал
Ростовская область – Ростовский,61,2,3,"Число избирательных бюллетеней, выданных избирателям, проголосовавшим досрочно",71712,0,71712,наша запись HAR; ДЭГ — журнал
Ростовская область – Ростовский,61,2,4,"Число избирательных бюллетеней, выданных участковыми избирательными комиссиями избирателям в помещениях для голосования в день голосования",279089,48231,230858,наша запись HAR; ДЭГ — журнал
Ростовская область – Ростовский,61,2,5,"Число избирательных бюллетеней, выданных избирателям, проголосовавшим вне помещений для голосования в день голосования",11913,0,11913,наша запись HAR; ДЭГ — журнал
Ростовская область – Ростовский,61,2,6,Число погашенных избирательных бюллетеней,152665,0,152665,наша запись HAR; ДЭГ — журнал
Ростовская область – Ростовский,61,2,7,"Число избирательных бюллетеней, содержащихся в переносных ящиках для голосования",83592,0,83592,наша запись HAR; ДЭГ — журнал
Ростовская область – Ростовский,61,2,8,"Число избирательных бюллетеней, содержащихся в стационарных ящиках для голосования",278582,48037,230545,наша запись HAR; ДЭГ — журнал
Ростовская область – Ростовский,61,2,9,Число недействительных избирательных бюллетеней,2145,0,2145,наша запись HAR; ДЭГ — журнал
Ростовская область – Ростовский,61,2,10,Число действительных избирательных бюллетеней,360029,48037,311992,наша запись HAR; ДЭГ — журнал
Ростовская область – Ростовский,61,2,11,Число утраченных избирательных бюллетеней,0,0,0,наша запись HAR; ДЭГ — журнал
Ростовская область – Ростовский,61,2,12,"Число избирательных бюллетеней, не учтенных при получении",0,0,0,наша запись HAR; ДЭГ — журнал
Ростовская область – Ростовский,61,2,13,"Всероссийская политическая партия ""ЕДИНАЯ РОССИЯ""",201816,22537,179279,наша запись HAR; ДЭГ — журнал
Ростовская область – Ростовский,61,2,14,Политическая партия ЛДПР – Либерально-демократическая партия России,44967,4976,39991,наша запись HAR; ДЭГ — журнал
Ростовская область – Ростовский,61,2,15,"Политическая партия ""Партия прямой демократии""",1682,294,1388,наша запись HAR; ДЭГ — журнал
Ростовская область – Ростовский,61,2,16,"Политическая партия ""Российская экологическая партия ""ЗЕЛЁНЫЕ""",3397,1487,1910,наша запись HAR; ДЭГ — журнал
Ростовская область – Ростовский,61,2,17,Социалистическая политическая партия СПРАВЕДЛИВАЯ РОССИЯ,13469,2011,11458,наша запись HAR; ДЭГ — журнал
Ростовская область – Ростовский,61,2,18,"ВСЕРОССИЙСКАЯ ПОЛИТИЧЕСКАЯ ПАРТИЯ ""РОДИНА""",2649,629,2020,наша запись HAR; ДЭГ — журнал
Ростовская область – Ростовский,61,2,19,КПРФ - политическая партия КОММУНИСТИЧЕСКАЯ ПАРТИЯ РОССИЙСКОЙ ФЕДЕРАЦИИ,57048,6201,50847,наша запись HAR; ДЭГ — журнал
Ростовская область – Ростовский,61,2,20,ПАРТИЯ ПЕНСИОНЕРОВ,3630,977,2653,наша запись HAR; ДЭГ — журнал
Ростовская область – Ростовский,61,2,21,Политическая партия КОММУНИСТИЧЕСКАЯ ПАРТИЯ КОММУНИСТЫ РОССИИ,3538,612,2926,наша запись HAR; ДЭГ — журнал
Ростовская область – Ростовский,61,2,22,"Политическая партия ""НОВЫЕ ЛЮДИ""",27833,8313,19520,наша запись HAR; ДЭГ — журнал
Новосибирская область – Новосибирский,54,1,1,"Число избирателей, внесенных в списки избирателей на момент окончания голосования",538737,50830,487907,наша запись HAR; ДЭГ — журнал
Новосибирская область – Новосибирский,54,1,2,"Число избирательных бюллетеней, полученных участковыми избирательными комиссиями",563129,45922,517207,наша запись HAR; ДЭГ — журнал
Новосибирская область – Новосибирский,54,1,3,"Число избирательных бюллетеней, выданных избирателям, проголосовавшим досрочно",0,0,0,наша запись HAR; ДЭГ — журнал
Новосибирская область – Новосибирский,54,1,4,"Число избирательных бюллетеней, выданных участковыми избирательными комиссиями избирателям в помещениях для голосования в день голосования",209350,45922,163428,наша запись HAR; ДЭГ — журнал
Новосибирская область – Новосибирский,54,1,5,"Число избирательных бюллетеней, выданных избирателям, проголосовавшим вне помещений для голосования в день голосования",19922,0,19922,наша запись HAR; ДЭГ — журнал
Новосибирская область – Новосибирский,54,1,6,Число погашенных избирательных бюллетеней,333857,0,333857,наша запись HAR; ДЭГ — журнал
Новосибирская область – Новосибирский,54,1,7,"Число избирательных бюллетеней, содержащихся в переносных ящиках для голосования",19921,0,19921,наша запись HAR; ДЭГ — журнал
Новосибирская область – Новосибирский,54,1,8,"Число избирательных бюллетеней, содержащихся в стационарных ящиках для голосования",208796,45439,163357,наша запись HAR; ДЭГ — журнал
Новосибирская область – Новосибирский,54,1,9,Число недействительных избирательных бюллетеней,7111,0,7111,наша запись HAR; ДЭГ — журнал
Новосибирская область – Новосибирский,54,1,10,Число действительных избирательных бюллетеней,221606,45439,176167,наша запись HAR; ДЭГ — журнал
Новосибирская область – Новосибирский,54,1,11,Число утраченных избирательных бюллетеней,0,0,0,наша запись HAR; ДЭГ — журнал
Новосибирская область – Новосибирский,54,1,12,"Число избирательных бюллетеней, не учтенных при получении",0,0,0,наша запись HAR; ДЭГ — журнал
Новосибирская область – Новосибирский,54,1,13,Большаков Сергей Владимирович,10548,2143,8405,наша запись HAR; ДЭГ — журнал
Новосибирская область – Новосибирский,54,1,14,Жирнов Андрей Геннадьевич,50090,6140,43950,наша запись HAR; ДЭГ — журнал
Новосибирская область – Новосибирский,54,1,15,Иванинский Олег Иванович,83426,19889,63537,наша запись HAR; ДЭГ — журнал
Новосибирская область – Новосибирский,54,1,16,Кондратьев Сергей Александрович,11360,1489,9871,наша запись HAR; ДЭГ — журнал
Новосибирская область – Новосибирский,54,1,17,Левшенков Сергей Владимирович,21989,5938,16051,наша запись HAR; ДЭГ — журнал
Новосибирская область – Новосибирский,54,1,18,Радкевич Алексей Владимирович,17375,4211,13164,наша запись HAR; ДЭГ — журнал
Новосибирская область – Новосибирский,54,1,19,Сахаров Дмитрий Сергеевич,12407,2687,9720,наша запись HAR; ДЭГ — журнал
Новосибирская область – Новосибирский,54,1,20,Чубыкина Наталья Леонидовна,14411,2942,11469,наша запись HAR; ДЭГ — журнал
Новосибирская область – Новосибирский,54,2,1,"Число избирателей, внесенных в списки избирателей на момент окончания голосования",541014,50830,490184,наша запись HAR; ДЭГ — журнал
Новосибирская область – Новосибирский,54,2,2,"Число избирательных бюллетеней, полученных участковыми избирательными комиссиями",563129,45922,517207,наша запись HAR; ДЭГ — журнал
Новосибирская область – Новосибирский,54,2,3,"Число избирательных бюллетеней, выданных избирателям, проголосовавшим досрочно",0,0,0,наша запись HAR; ДЭГ — журнал
Новосибирская область – Новосибирский,54,2,4,"Число избирательных бюллетеней, выданных участковыми избирательными комиссиями избирателям в помещениях для голосования в день голосования",212950,45922,167028,наша запись HAR; ДЭГ — журнал
Новосибирская область – Новосибирский,54,2,5,"Число избирательных бюллетеней, выданных избирателям, проголосовавшим вне помещений для голосования в день голосования",20696,0,20696,наша запись HAR; ДЭГ — журнал
Новосибирская область – Новосибирский,54,2,6,Число погашенных избирательных бюллетеней,329481,0,329481,наша запись HAR; ДЭГ — журнал
Новосибирская область – Новосибирский,54,2,7,"Число избирательных бюллетеней, содержащихся в переносных ящиках для голосования",20696,0,20696,наша запись HAR; ДЭГ — журнал
Новосибирская область – Новосибирский,54,2,8,"Число избирательных бюллетеней, содержащихся в стационарных ящиках для голосования",212714,45775,166939,наша запись HAR; ДЭГ — журнал
Новосибирская область – Новосибирский,54,2,9,Число недействительных избирательных бюллетеней,5625,0,5625,наша запись HAR; ДЭГ — журнал
Новосибирская область – Новосибирский,54,2,10,Число действительных избирательных бюллетеней,227785,45775,182010,наша запись HAR; ДЭГ — журнал
Новосибирская область – Новосибирский,54,2,11,Число утраченных избирательных бюллетеней,2,0,2,наша запись HAR; ДЭГ — журнал
Новосибирская область – Новосибирский,54,2,12,"Число избирательных бюллетеней, не учтенных при получении",0,0,0,наша запись HAR; ДЭГ — журнал
Новосибирская область – Новосибирский,54,2,13,"Всероссийская политическая партия ""ЕДИНАЯ РОССИЯ""",94122,22754,71368,наша запись HAR; ДЭГ — журнал
Новосибирская область – Новосибирский,54,2,14,Политическая партия ЛДПР – Либерально-демократическая партия России,24386,4610,19776,наша запись HAR; ДЭГ — журнал
Новосибирская область – Новосибирский,54,2,15,"Политическая партия ""Партия прямой демократии""",817,207,610,наша запись HAR; ДЭГ — журнал
Новосибирская область – Новосибирский,54,2,16,"Политическая партия ""Российская экологическая партия ""ЗЕЛЁНЫЕ""",3193,1029,2164,наша запись HAR; ДЭГ — журнал
Новосибирская область – Новосибирский,54,2,17,Социалистическая политическая партия СПРАВЕДЛИВАЯ РОССИЯ,11454,2054,9400,наша запись HAR; ДЭГ — журнал
Новосибирская область – Новосибирский,54,2,18,"ВСЕРОССИЙСКАЯ ПОЛИТИЧЕСКАЯ ПАРТИЯ ""РОДИНА""",3994,756,3238,наша запись HAR; ДЭГ — журнал
Новосибирская область – Новосибирский,54,2,19,КПРФ - политическая партия КОММУНИСТИЧЕСКАЯ ПАРТИЯ РОССИЙСКОЙ ФЕДЕРАЦИИ,48536,5431,43105,наша запись HAR; ДЭГ — журнал
Новосибирская область – Новосибирский,54,2,20,ПАРТИЯ ПЕНСИОНЕРОВ,8811,912,7899,наша запись HAR; ДЭГ — журнал
Новосибирская область – Новосибирский,54,2,21,Политическая партия КОММУНИСТИЧЕСКАЯ ПАРТИЯ КОММУНИСТЫ РОССИИ,2635,521,2114,наша запись HAR; ДЭГ — журнал
Новосибирская область – Новосибирский,54,2,22,"Политическая партия ""НОВЫЕ ЛЮДИ""",29837,7501,22336,наша запись HAR; ДЭГ — журнал
Свердловская область – Нижнетагильский,66,1,1,"Число избирателей, внесенных в списки избирателей на момент окончания голосования",462481,49057,413424,наша запись HAR; ДЭГ — журнал
Свердловская область – Нижнетагильский,66,1,2,"Число избирательных бюллетеней, полученных участковыми избирательными комиссиями",399896,44407,355489,наша запись HAR; ДЭГ — журнал
Свердловская область – Нижнетагильский,66,1,3,"Число избирательных бюллетеней, выданных избирателям, проголосовавшим досрочно",891,0,891,наша запись HAR; ДЭГ — журнал
Свердловская область – Нижнетагильский,66,1,4,"Число избирательных бюллетеней, выданных участковыми избирательными комиссиями избирателям в помещениях для голосования в день голосования",207746,44407,163339,наша запись HAR; ДЭГ — журнал
Свердловская область – Нижнетагильский,66,1,5,"Число избирательных бюллетеней, выданных избирателям, проголосовавшим вне помещений для голосования в день голосования",22366,0,22366,наша запись HAR; ДЭГ — журнал
Свердловская область – Нижнетагильский,66,1,6,Число погашенных избирательных бюллетеней,168893,0,168893,наша запись HAR; ДЭГ — журнал
Свердловская область – Нижнетагильский,66,1,7,"Число избирательных бюллетеней, содержащихся в переносных ящиках для голосования",23256,0,23256,наша запись HAR; ДЭГ — журнал
Свердловская область – Нижнетагильский,66,1,8,"Число избирательных бюллетеней, содержащихся в стационарных ящиках для голосования",207214,44039,163175,наша запись HAR; ДЭГ — журнал
Свердловская область – Нижнетагильский,66,1,9,Число недействительных избирательных бюллетеней,8890,0,8890,наша запись HAR; ДЭГ — журнал
Свердловская область – Нижнетагильский,66,1,10,Число действительных избирательных бюллетеней,221580,44039,177541,наша запись HAR; ДЭГ — журнал
Свердловская область – Нижнетагильский,66,1,11,Число утраченных избирательных бюллетеней,0,0,0,наша запись HAR; ДЭГ — журнал
Свердловская область – Нижнетагильский,66,1,12,"Число избирательных бюллетеней, не учтенных при получении",0,0,0,наша запись HAR; ДЭГ — журнал
Свердловская область – Нижнетагильский,66,1,13,Бояркин Михаил Валентинович,52304,9336,42968,наша запись HAR; ДЭГ — журнал
Свердловская область – Нижнетагильский,66,1,14,Горшкалева Татьяна Рудольфовна,12000,2468,9532,наша запись HAR; ДЭГ — журнал
Свердловская область – Нижнетагильский,66,1,15,Грехова Наталья Владимировна,21500,3882,17618,наша запись HAR; ДЭГ — журнал
Свердловская область – Нижнетагильский,66,1,16,Дымшаков Дмитрий Сергеевич,18401,4638,13763,наша запись HAR; ДЭГ — журнал
Свердловская область – Нижнетагильский,66,1,17,Козин Сергей Сергеевич,23801,4709,19092,наша запись HAR; ДЭГ — журнал
Свердловская область – Нижнетагильский,66,1,18,Свалов Алексей Германович,93574,19006,74568,наша запись HAR; ДЭГ — журнал
Свердловская область – Нижнетагильский,66,2,1,"Число избирателей, внесенных в списки избирателей на момент окончания голосования",463522,49057,414465,наша запись HAR; ДЭГ — журнал
Свердловская область – Нижнетагильский,66,2,2,"Число избирательных бюллетеней, полученных участковыми избирательными комиссиями",399958,44407,355551,наша запись HAR; ДЭГ — журнал
Свердловская область – Нижнетагильский,66,2,3,"Число избирательных бюллетеней, выданных избирателям, проголосовавшим досрочно",891,0,891,наша запись HAR; ДЭГ — журнал
Свердловская область – Нижнетагильский,66,2,4,"Число избирательных бюллетеней, выданных участковыми избирательными комиссиями избирателям в помещениях для голосования в день голосования",208430,44407,164023,наша запись HAR; ДЭГ — журнал
Свердловская область – Нижнетагильский,66,2,5,"Число избирательных бюллетеней, выданных избирателям, проголосовавшим вне помещений для голосования в день голосования",22947,0,22947,наша запись HAR; ДЭГ — журнал
Свердловская область – Нижнетагильский,66,2,6,Число погашенных избирательных бюллетеней,167690,0,167690,наша запись HAR; ДЭГ — журнал
Свердловская область – Нижнетагильский,66,2,7,"Число избирательных бюллетеней, содержащихся в переносных ящиках для голосования",23837,0,23837,наша запись HAR; ДЭГ — журнал
Свердловская область – Нижнетагильский,66,2,8,"Число избирательных бюллетеней, содержащихся в стационарных ящиках для голосования",208183,44249,163934,наша запись HAR; ДЭГ — журнал
Свердловская область – Нижнетагильский,66,2,9,Число недействительных избирательных бюллетеней,5539,0,5539,наша запись HAR; ДЭГ — журнал
Свердловская область – Нижнетагильский,66,2,10,Число действительных избирательных бюллетеней,226481,44249,182232,наша запись HAR; ДЭГ — журнал
Свердловская область – Нижнетагильский,66,2,11,Число утраченных избирательных бюллетеней,0,0,0,наша запись HAR; ДЭГ — журнал
Свердловская область – Нижнетагильский,66,2,12,"Число избирательных бюллетеней, не учтенных при получении",0,0,0,наша запись HAR; ДЭГ — журнал
Свердловская область – Нижнетагильский,66,2,13,"Всероссийская политическая партия ""ЕДИНАЯ РОССИЯ""",102442,20432,82010,наша запись HAR; ДЭГ — журнал
Свердловская область – Нижнетагильский,66,2,14,Политическая партия ЛДПР – Либерально-демократическая партия России,25900,5226,20674,наша запись HAR; ДЭГ — журнал
Свердловская область – Нижнетагильский,66,2,15,"Политическая партия ""Партия прямой демократии""",652,208,444,наша запись HAR; ДЭГ — журнал
Свердловская область – Нижнетагильский,66,2,16,"Политическая партия ""Российская экологическая партия ""ЗЕЛЁНЫЕ""",2574,1019,1555,наша запись HAR; ДЭГ — журнал
Свердловская область – Нижнетагильский,66,2,17,Социалистическая политическая партия СПРАВЕДЛИВАЯ РОССИЯ,19619,3141,16478,наша запись HAR; ДЭГ — журнал
Свердловская область – Нижнетагильский,66,2,18,"ВСЕРОССИЙСКАЯ ПОЛИТИЧЕСКАЯ ПАРТИЯ ""РОДИНА""",1582,300,1282,наша запись HAR; ДЭГ — журнал
Свердловская область – Нижнетагильский,66,2,19,КПРФ - политическая партия КОММУНИСТИЧЕСКАЯ ПАРТИЯ РОССИЙСКОЙ ФЕДЕРАЦИИ,41010,5432,35578,наша запись HAR; ДЭГ — журнал
Свердловская область – Нижнетагильский,66,2,20,ПАРТИЯ ПЕНСИОНЕРОВ,5452,832,4620,наша запись HAR; ДЭГ — журнал
Свердловская область – Нижнетагильский,66,2,21,Политическая партия КОММУНИСТИЧЕСКАЯ ПАРТИЯ КОММУНИСТЫ РОССИИ,2363,611,1752,наша запись HAR; ДЭГ — журнал
Свердловская область – Нижнетагильский,66,2,22,"Политическая партия ""НОВЫЕ ЛЮДИ""",24887,7048,17839,наша запись HAR; ДЭГ — журнал
Курганская область – Курганский,45,1,1,"Число избирателей, внесенных в списки избирателей на момент окончания голосования",622853,34748,588105,наша запись HAR; ДЭГ — журнал
Курганская область – Курганский,45,1,2,"Число избирательных бюллетеней, полученных участковыми избирательными комиссиями",632826,31010,601816,наша запись HAR; ДЭГ — журнал
Курганская область – Курганский,45,1,3,"Число избирательных бюллетеней, выданных избирателям, проголосовавшим досрочно",0,0,0,наша запись HAR; ДЭГ — журнал
Курганская область – Курганский,45,1,4,"Число избирательных бюллетеней, выданных участковыми избирательными комиссиями избирателям в помещениях для голосования в день голосования",291977,31010,260967,наша запись HAR; ДЭГ — журнал
Курганская область – Курганский,45,1,5,"Число избирательных бюллетеней, выданных избирателям, проголосовавшим вне помещений для голосования в день голосования",74507,0,74507,наша запись HAR; ДЭГ — журнал
Курганская область – Курганский,45,1,6,Число погашенных избирательных бюллетеней,266342,0,266342,наша запись HAR; ДЭГ — журнал
Курганская область – Курганский,45,1,7,"Число избирательных бюллетеней, содержащихся в переносных ящиках для голосования",74505,0,74505,наша запись HAR; ДЭГ — журнал
Курганская область – Курганский,45,1,8,"Число избирательных бюллетеней, содержащихся в стационарных ящиках для голосования",291455,30709,260746,наша запись HAR; ДЭГ — журнал
Курганская область – Курганский,45,1,9,Число недействительных избирательных бюллетеней,10087,0,10087,наша запись HAR; ДЭГ — журнал
Курганская область – Курганский,45,1,10,Число действительных избирательных бюллетеней,355873,30709,325164,наша запись HAR; ДЭГ — журнал
Курганская область – Курганский,45,1,11,Число утраченных избирательных бюллетеней,0,0,0,наша запись HAR; ДЭГ — журнал
Курганская область – Курганский,45,1,12,"Число избирательных бюллетеней, не учтенных при получении",0,0,0,наша запись HAR; ДЭГ — журнал
Курганская область – Курганский,45,1,13,Вагин Павел Юрьевич,45079,4785,40294,наша запись HAR; ДЭГ — журнал
Курганская область – Курганский,45,1,14,Державин Валерий Владимирович,22878,1281,21597,наша запись HAR; ДЭГ — журнал
Курганская область – Курганский,45,1,15,Зырянов Виктор Леонидович,53905,3336,50569,наша запись HAR; ДЭГ — журнал
Курганская область – Курганский,45,1,16,Ильтяков Александр Владимирович,162283,11603,150680,наша запись HAR; ДЭГ — журнал
Курганская область – Курганский,45,1,17,Климко Ярослав Олегович,19342,1736,17606,наша запись HAR; ДЭГ — журнал
Курганская область – Курганский,45,1,18,Панова Елена Валерьевна,19502,2479,17023,наша запись HAR; ДЭГ — журнал
Курганская область – Курганский,45,1,19,Тропина Ксения Владимировна,32884,5489,27395,наша запись HAR; ДЭГ — журнал
Курганская область – Курганский,45,2,1,"Число избирателей, внесенных в списки избирателей на момент окончания голосования",623606,34748,588858,наша запись HAR; ДЭГ — журнал
Курганская область – Курганский,45,2,2,"Число избирательных бюллетеней, полученных участковыми избирательными комиссиями",632842,31010,601832,наша запись HAR; ДЭГ — журнал
Курганская область – Курганский,45,2,3,"Число избирательных бюллетеней, выданных избирателям, проголосовавшим досрочно",0,0,0,наша запись HAR; ДЭГ — журнал
Курганская область – Курганский,45,2,4,"Число избирательных бюллетеней, выданных участковыми избирательными комиссиями избирателям в помещениях для голосования в день голосования",293627,31010,262617,наша запись HAR; ДЭГ — журнал
Курганская область – Курганский,45,2,5,"Число избирательных бюллетеней, выданных избирателям, проголосовавшим вне помещений для голосования в день голосования",74684,0,74684,наша запись HAR; ДЭГ — журнал
Курганская область – Курганский,45,2,6,Число погашенных избирательных бюллетеней,264531,0,264531,наша запись HAR; ДЭГ — журнал
Курганская область – Курганский,45,2,7,"Число избирательных бюллетеней, содержащихся в переносных ящиках для голосования",74684,0,74684,наша запись HAR; ДЭГ — журнал
Курганская область – Курганский,45,2,8,"Число избирательных бюллетеней, содержащихся в стационарных ящиках для голосования",293324,30908,262416,наша запись HAR; ДЭГ — журнал
Курганская область – Курганский,45,2,9,Число недействительных избирательных бюллетеней,7201,0,7201,наша запись HAR; ДЭГ — журнал
Курганская область – Курганский,45,2,10,Число действительных избирательных бюллетеней,360807,30908,329899,наша запись HAR; ДЭГ — журнал
Курганская область – Курганский,45,2,11,Число утраченных избирательных бюллетеней,0,0,0,наша запись HAR; ДЭГ — журнал
Курганская область – Курганский,45,2,12,"Число избирательных бюллетеней, не учтенных при получении",0,0,0,наша запись HAR; ДЭГ — журнал
Курганская область – Курганский,45,2,13,"Всероссийская политическая партия ""ЕДИНАЯ РОССИЯ""",210562,13131,197431,наша запись HAR; ДЭГ — журнал
Курганская область – Курганский,45,2,14,Политическая партия ЛДПР – Либерально-демократическая партия России,36384,4416,31968,наша запись HAR; ДЭГ — журнал
Курганская область – Курганский,45,2,15,"Политическая партия ""Партия прямой демократии""",968,133,835,наша запись HAR; ДЭГ — журнал
Курганская область – Курганский,45,2,16,"Политическая партия ""Российская экологическая партия ""ЗЕЛЁНЫЕ""",2721,664,2057,наша запись HAR; ДЭГ — журнал
Курганская область – Курганский,45,2,17,Социалистическая политическая партия СПРАВЕДЛИВАЯ РОССИЯ,16805,1601,15204,наша запись HAR; ДЭГ — журнал
Курганская область – Курганский,45,2,18,"ВСЕРОССИЙСКАЯ ПОЛИТИЧЕСКАЯ ПАРТИЯ ""РОДИНА""",2739,230,2509,наша запись HAR; ДЭГ — журнал
Курганская область – Курганский,45,2,19,КПРФ - политическая партия КОММУНИСТИЧЕСКАЯ ПАРТИЯ РОССИЙСКОЙ ФЕДЕРАЦИИ,48604,3601,45003,наша запись HAR; ДЭГ — журнал
Курганская область – Курганский,45,2,20,ПАРТИЯ ПЕНСИОНЕРОВ,11276,658,10618,наша запись HAR; ДЭГ — журнал
Курганская область – Курганский,45,2,21,Политическая партия КОММУНИСТИЧЕСКАЯ ПАРТИЯ КОММУНИСТЫ РОССИИ,2927,377,2550,наша запись HAR; ДЭГ — журнал
Курганская область – Курганский,45,2,22,"Политическая партия ""НОВЫЕ ЛЮДИ""",27821,6097,21724,наша запись HAR; ДЭГ — журнал
Московская область – Сергиево-Посадский,50,1,1,"Число избирателей, внесенных в списки избирателей на момент окончания голосования",507289,55595,451694,наша запись HAR; ДЭГ — журнал
Московская область – Сергиево-Посадский,50,1,2,"Число избирательных бюллетеней, полученных участковыми избирательными комиссиями",457496,50672,406824,наша запись HAR; ДЭГ — журнал
Московская область – Сергиево-Посадский,50,1,3,"Число избирательных бюллетеней, выданных избирателям, проголосовавшим досрочно",0,0,0,наша запись HAR; ДЭГ — журнал
Московская область – Сергиево-Посадский,50,1,4,"Число избирательных бюллетеней, выданных участковыми избирательными комиссиями избирателям в помещениях для голосования в день голосования",231128,50672,180456,наша запись HAR; ДЭГ — журнал
Московская область – Сергиево-Посадский,50,1,5,"Число избирательных бюллетеней, выданных избирателям, проголосовавшим вне помещений для голосования в день голосования",24299,0,24299,наша запись HAR; ДЭГ — журнал
Московская область – Сергиево-Посадский,50,1,6,Число погашенных избирательных бюллетеней,202069,0,202069,наша запись HAR; ДЭГ — журнал
Московская область – Сергиево-Посадский,50,1,7,"Число избирательных бюллетеней, содержащихся в переносных ящиках для голосования",24291,0,24291,наша запись HAR; ДЭГ — журнал
Московская область – Сергиево-Посадский,50,1,8,"Число избирательных бюллетеней, содержащихся в стационарных ящиках для голосования",228169,50141,178028,наша запись HAR; ДЭГ — журнал
Московская область – Сергиево-Посадский,50,1,9,Число недействительных избирательных бюллетеней,5752,0,5752,наша запись HAR; ДЭГ — журнал
Московская область – Сергиево-Посадский,50,1,10,Число действительных избирательных бюллетеней,246708,50141,196567,наша запись HAR; ДЭГ — журнал
Московская область – Сергиево-Посадский,50,1,11,Число утраченных избирательных бюллетеней,0,0,0,наша запись HAR; ДЭГ — журнал
Московская область – Сергиево-Посадский,50,1,12,"Число избирательных бюллетеней, не учтенных при получении",0,0,0,наша запись HAR; ДЭГ — журнал
Московская область – Сергиево-Посадский,50,1,13,Ахромкин Денис Александрович,35407,5858,29549,наша запись HAR; ДЭГ — журнал
Московская область – Сергиево-Посадский,50,1,14,Баташев Анатолий Геннадьевич,9933,1381,8552,наша запись HAR; ДЭГ — журнал
Московская область – Сергиево-Посадский,50,1,15,Пахомов Сергей Александрович,135275,27090,108185,наша запись HAR; ДЭГ — журнал
Московская область – Сергиево-Посадский,50,1,16,Перепелкин Сергей Владимирович,19737,4297,15440,наша запись HAR; ДЭГ — журнал
Московская область – Сергиево-Посадский,50,1,17,Самсонов Константин Владимирович,24799,6826,17973,наша запись HAR; ДЭГ — журнал
Московская область – Сергиево-Посадский,50,1,18,Туманов Андрей Владимирович,21557,4689,16868,наша запись HAR; ДЭГ — журнал
Московская область – Сергиево-Посадский,50,2,1,"Число избирателей, внесенных в списки избирателей на момент окончания голосования",507728,55595,452133,наша запись HAR; ДЭГ — журнал
Московская область – Сергиево-Посадский,50,2,2,"Число избирательных бюллетеней, полученных участковыми избирательными комиссиями",457496,50672,406824,наша запись HAR; ДЭГ — журнал
Московская область – Сергиево-Посадский,50,2,3,"Число избирательных бюллетеней, выданных избирателям, проголосовавшим досрочно",0,0,0,наша запись HAR; ДЭГ — журнал
Московская область – Сергиево-Посадский,50,2,4,"Число избирательных бюллетеней, выданных участковыми избирательными комиссиями избирателям в помещениях для голосования в день голосования",232377,50672,181705,наша запись HAR; ДЭГ — журнал
Московская область – Сергиево-Посадский,50,2,5,"Число избирательных бюллетеней, выданных избирателям, проголосовавшим вне помещений для голосования в день голосования",24518,0,24518,наша запись HAR; ДЭГ — журнал
Московская область – Сергиево-Посадский,50,2,6,Число погашенных избирательных бюллетеней,200601,0,200601,наша запись HAR; ДЭГ — журнал
Московская область – Сергиево-Посадский,50,2,7,"Число избирательных бюллетеней, содержащихся в переносных ящиках для голосования",24510,0,24510,наша запись HAR; ДЭГ — журнал
Московская область – Сергиево-Посадский,50,2,8,"Число избирательных бюллетеней, содержащихся в стационарных ящиках для голосования",229677,50454,179223,наша запись HAR; ДЭГ — журнал
Московская область – Сергиево-Посадский,50,2,9,Число недействительных избирательных бюллетеней,4826,0,4826,наша запись HAR; ДЭГ — журнал
Московская область – Сергиево-Посадский,50,2,10,Число действительных избирательных бюллетеней,249361,50454,198907,наша запись HAR; ДЭГ — журнал
Московская область – Сергиево-Посадский,50,2,11,Число утраченных избирательных бюллетеней,0,0,0,наша запись HAR; ДЭГ — журнал
Московская область – Сергиево-Посадский,50,2,12,"Число избирательных бюллетеней, не учтенных при получении",0,0,0,наша запись HAR; ДЭГ — журнал
Московская область – Сергиево-Посадский,50,2,13,"Всероссийская политическая партия ""ЕДИНАЯ РОССИЯ""",143253,27599,115654,наша запись HAR; ДЭГ — журнал
Московская область – Сергиево-Посадский,50,2,14,Политическая партия ЛДПР – Либерально-демократическая партия России,19096,4328,14768,наша запись HAR; ДЭГ — журнал
Московская область – Сергиево-Посадский,50,2,15,"Политическая партия ""Партия прямой демократии""",1648,176,1472,наша запись HAR; ДЭГ — журнал
Московская область – Сергиево-Посадский,50,2,16,"Политическая партия ""Российская экологическая партия ""ЗЕЛЁНЫЕ""",4150,1078,3072,наша запись HAR; ДЭГ — журнал
Московская область – Сергиево-Посадский,50,2,17,Социалистическая политическая партия СПРАВЕДЛИВАЯ РОССИЯ,15285,2788,12497,наша запись HAR; ДЭГ — журнал
Московская область – Сергиево-Посадский,50,2,18,"ВСЕРОССИЙСКАЯ ПОЛИТИЧЕСКАЯ ПАРТИЯ ""РОДИНА""",2786,432,2354,наша запись HAR; ДЭГ — журнал
Московская область – Сергиево-Посадский,50,2,19,КПРФ - политическая партия КОММУНИСТИЧЕСКАЯ ПАРТИЯ РОССИЙСКОЙ ФЕДЕРАЦИИ,32017,5261,26756,наша запись HAR; ДЭГ — журнал
Московская область – Сергиево-Посадский,50,2,20,ПАРТИЯ ПЕНСИОНЕРОВ,5797,1090,4707,наша запись HAR; ДЭГ — журнал
Московская область – Сергиево-Посадский,50,2,21,Политическая партия КОММУНИСТИЧЕСКАЯ ПАРТИЯ КОММУНИСТЫ РОССИИ,3109,554,2555,наша запись HAR; ДЭГ — журнал
Московская область – Сергиево-Посадский,50,2,22,"Политическая партия ""НОВЫЕ ЛЮДИ""",22220,7148,15072,наша запись HAR; ДЭГ — журнал
Алтайский край – Барнаульский,22,1,1,"Число избирателей, внесенных в списки избирателей на момент окончания голосования",558513,76891,481622,наша запись HAR; ДЭГ — журнал
Алтайский край – Барнаульский,22,1,2,"Число избирательных бюллетеней, полученных участковыми избирательными комиссиями",525385,69501,455884,наша запись HAR; ДЭГ — журнал
Алтайский край – Барнаульский,22,1,3,"Число избирательных бюллетеней, выданных избирателям, проголосовавшим досрочно",16,0,16,наша запись HAR; ДЭГ — журнал
Алтайский край – Барнаульский,22,1,4,"Число избирательных бюллетеней, выданных участковыми избирательными комиссиями избирателям в помещениях для голосования в день голосования",202315,69501,132814,наша запись HAR; ДЭГ — журнал
Алтайский край – Барнаульский,22,1,5,"Число избирательных бюллетеней, выданных избирателям, проголосовавшим вне помещений для голосования в день голосования",43420,0,43420,наша запись HAR; ДЭГ — журнал
Алтайский край – Барнаульский,22,1,6,Число погашенных избирательных бюллетеней,279634,0,279634,наша запись HAR; ДЭГ — журнал
Алтайский край – Барнаульский,22,1,7,"Число избирательных бюллетеней, содержащихся в переносных ящиках для голосования",43432,0,43432,наша запись HAR; ДЭГ — журнал
Алтайский край – Барнаульский,22,1,8,"Число избирательных бюллетеней, содержащихся в стационарных ящиках для голосования",201472,68726,132746,наша запись HAR; ДЭГ — журнал
Алтайский край – Барнаульский,22,1,9,Число недействительных избирательных бюллетеней,6686,0,6686,наша запись HAR; ДЭГ — журнал
Алтайский край – Барнаульский,22,1,10,Число действительных избирательных бюллетеней,238218,68726,169492,наша запись HAR; ДЭГ — журнал
Алтайский край – Барнаульский,22,1,11,Число утраченных избирательных бюллетеней,0,0,0,наша запись HAR; ДЭГ — журнал
Алтайский край – Барнаульский,22,1,12,"Число избирательных бюллетеней, не учтенных при получении",0,0,0,наша запись HAR; ДЭГ — журнал
Алтайский край – Барнаульский,22,1,13,Бессарабов Даниил Владимирович,103310,34112,69198,наша запись HAR; ДЭГ — журнал
Алтайский край – Барнаульский,22,1,14,Гуляев Владимир Георгиевич,14627,1968,12659,наша запись HAR; ДЭГ — журнал
Алтайский край – Барнаульский,22,1,15,Молотов Александр Владимирович,16817,4003,12814,наша запись HAR; ДЭГ — журнал
Алтайский край – Барнаульский,22,1,16,Писанова Ольга Анатольевна,19179,7136,12043,наша запись HAR; ДЭГ — журнал
Алтайский край – Барнаульский,22,1,17,Река Артем Александрович,9640,3430,6210,наша запись HAR; ДЭГ — журнал
Алтайский край – Барнаульский,22,1,18,Хрусталева Елена Викторовна,12146,2766,9380,наша запись HAR; ДЭГ — журнал
Алтайский край – Барнаульский,22,1,19,Чернобай Андрей Борисович,43238,9143,34095,наша запись HAR; ДЭГ — журнал
Алтайский край – Барнаульский,22,1,20,Шудра Ирина Павловна,19261,6168,13093,наша запись HAR; ДЭГ — журнал
Алтайский край – Барнаульский,22,2,1,"Число избирателей, внесенных в списки избирателей на момент окончания голосования",559397,76891,482506,наша запись HAR; ДЭГ — журнал
Алтайский край – Барнаульский,22,2,2,"Число избирательных бюллетеней, полученных участковыми избирательными комиссиями",525385,69501,455884,наша запись HAR; ДЭГ — журнал
Алтайский край – Барнаульский,22,2,3,"Число избирательных бюллетеней, выданных избирателям, проголосовавшим досрочно",16,0,16,наша запись HAR; ДЭГ — журнал
Алтайский край – Барнаульский,22,2,4,"Число избирательных бюллетеней, выданных участковыми избирательными комиссиями избирателям в помещениях для голосования в день голосования",204475,69501,134974,наша запись HAR; ДЭГ — журнал
Алтайский край – Барнаульский,22,2,5,"Число избирательных бюллетеней, выданных избирателям, проголосовавшим вне помещений для голосования в день голосования",43827,0,43827,наша запись HAR; ДЭГ — журнал
Алтайский край – Барнаульский,22,2,6,Число погашенных избирательных бюллетеней,277067,0,277067,наша запись HAR; ДЭГ — журнал
Алтайский край – Барнаульский,22,2,7,"Число избирательных бюллетеней, содержащихся в переносных ящиках для голосования",43839,0,43839,наша запись HAR; ДЭГ — журнал
Алтайский край – Барнаульский,22,2,8,"Число избирательных бюллетеней, содержащихся в стационарных ящиках для голосования",204005,69117,134888,наша запись HAR; ДЭГ — журнал
Алтайский край – Барнаульский,22,2,9,Число недействительных избирательных бюллетеней,5117,0,5117,наша запись HAR; ДЭГ — журнал
Алтайский край – Барнаульский,22,2,10,Число действительных избирательных бюллетеней,242727,69117,173610,наша запись HAR; ДЭГ — журнал
Алтайский край – Барнаульский,22,2,11,Число утраченных избирательных бюллетеней,0,0,0,наша запись HAR; ДЭГ — журнал
Алтайский край – Барнаульский,22,2,12,"Число избирательных бюллетеней, не учтенных при получении",0,0,0,наша запись HAR; ДЭГ — журнал
Алтайский край – Барнаульский,22,2,13,"Всероссийская политическая партия ""ЕДИНАЯ РОССИЯ""",102234,36062,66172,наша запись HAR; ДЭГ — журнал
Алтайский край – Барнаульский,22,2,14,Политическая партия ЛДПР – Либерально-демократическая партия России,28972,7137,21835,наша запись HAR; ДЭГ — журнал
Алтайский край – Барнаульский,22,2,15,"Политическая партия ""Партия прямой демократии""",718,215,503,наша запись HAR; ДЭГ — журнал
Алтайский край – Барнаульский,22,2,16,"Политическая партия ""Российская экологическая партия ""ЗЕЛЁНЫЕ""",2426,1140,1286,наша запись HAR; ДЭГ — журнал
Алтайский край – Барнаульский,22,2,17,Социалистическая политическая партия СПРАВЕДЛИВАЯ РОССИЯ,15608,3390,12218,наша запись HAR; ДЭГ — журнал
Алтайский край – Барнаульский,22,2,18,"ВСЕРОССИЙСКАЯ ПОЛИТИЧЕСКАЯ ПАРТИЯ ""РОДИНА""",1747,355,1392,наша запись HAR; ДЭГ — журнал
Алтайский край – Барнаульский,22,2,19,КПРФ - политическая партия КОММУНИСТИЧЕСКАЯ ПАРТИЯ РОССИЙСКОЙ ФЕДЕРАЦИИ,53911,8742,45169,наша запись HAR; ДЭГ — журнал
Алтайский край – Барнаульский,22,2,20,ПАРТИЯ ПЕНСИОНЕРОВ,8736,1111,7625,наша запись HAR; ДЭГ — журнал
Алтайский край – Барнаульский,22,2,21,Политическая партия КОММУНИСТИЧЕСКАЯ ПАРТИЯ КОММУНИСТЫ РОССИИ,4130,1044,3086,наша запись HAR; ДЭГ — журнал
Алтайский край – Барнаульский,22,2,22,"Политическая партия ""НОВЫЕ ЛЮДИ""",24245,9921,14324,наша запись HAR; ДЭГ — журнал
Пермский край – Чусовской,90,1,1,"Число избирателей, внесенных в списки избирателей на момент окончания голосования",487688,37968,449720,наша запись HAR; ДЭГ — журнал
Пермский край – Чусовской,90,1,2,"Число избирательных бюллетеней, полученных участковыми избирательными комиссиями",380010,33305,346705,наша запись HAR; ДЭГ — журнал
Пермский край – Чусовской,90,1,3,"Число избирательных бюллетеней, выданных избирателям, проголосовавшим досрочно",0,0,0,наша запись HAR; ДЭГ — журнал
Пермский край – Чусовской,90,1,4,"Число избирательных бюллетеней, выданных участковыми избирательными комиссиями избирателям в помещениях для голосования в день голосования",184956,33305,151651,наша запись HAR; ДЭГ — журнал
Пермский край – Чусовской,90,1,5,"Число избирательных бюллетеней, выданных избирателям, проголосовавшим вне помещений для голосования в день голосования",29470,0,29470,наша запись HAR; ДЭГ — журнал
Пермский край – Чусовской,90,1,6,Число погашенных избирательных бюллетеней,165584,0,165584,наша запись HAR; ДЭГ — журнал
Пермский край – Чусовской,90,1,7,"Число избирательных бюллетеней, содержащихся в переносных ящиках для голосования",29465,0,29465,наша запись HAR; ДЭГ — журнал
Пермский край – Чусовской,90,1,8,"Число избирательных бюллетеней, содержащихся в стационарных ящиках для голосования",183897,32830,151067,наша запись HAR; ДЭГ — журнал
Пермский край – Чусовской,90,1,9,Число недействительных избирательных бюллетеней,11035,0,11035,наша запись HAR; ДЭГ — журнал
Пермский край – Чусовской,90,1,10,Число действительных избирательных бюллетеней,202327,32830,169497,наша запись HAR; ДЭГ — журнал
Пермский край – Чусовской,90,1,11,Число утраченных избирательных бюллетеней,0,0,0,наша запись HAR; ДЭГ — журнал
Пермский край – Чусовской,90,1,12,"Число избирательных бюллетеней, не учтенных при получении",0,0,0,наша запись HAR; ДЭГ — журнал
Пермский край – Чусовской,90,1,13,Автухович Галина Эдуардовна,11492,1448,10044,наша запись HAR; ДЭГ — журнал
Пермский край – Чусовской,90,1,14,Айтакова Ксения Алексеевна,33588,5510,28078,наша запись HAR; ДЭГ — журнал
Пермский край – Чусовской,90,1,15,Водянов Роман Михайлович,90659,11217,79442,наша запись HAR; ДЭГ — журнал
Пермский край – Чусовской,90,1,16,Ермаков Егор Сергеевич,14018,2711,11307,наша запись HAR; ДЭГ — журнал
Пермский край – Чусовской,90,1,17,Исаев Сергей Юрьевич,18612,4047,14565,наша запись HAR; ДЭГ — журнал
Пермский край – Чусовской,90,1,18,Кобелев Андрей Геннадьевич,13311,2625,10686,наша запись HAR; ДЭГ — журнал
Пермский край – Чусовской,90,1,19,Ляшков Андрей Владимирович,14852,3985,10867,наша запись HAR; ДЭГ — журнал
Пермский край – Чусовской,90,1,20,Сирдюченко Юрий Петрович,5795,1287,4508,наша запись HAR; ДЭГ — журнал
Пермский край – Чусовской,90,2,1,"Число избирателей, внесенных в списки избирателей на момент окончания голосования",488047,37968,450079,наша запись HAR; ДЭГ — журнал
Пермский край – Чусовской,90,2,2,"Число избирательных бюллетеней, полученных участковыми избирательными комиссиями",380010,33305,346705,наша запись HAR; ДЭГ — журнал
Пермский край – Чусовской,90,2,3,"Число избирательных бюллетеней, выданных избирателям, проголосовавшим досрочно",0,0,0,наша запись HAR; ДЭГ — журнал
Пермский край – Чусовской,90,2,4,"Число избирательных бюллетеней, выданных участковыми избирательными комиссиями избирателям в помещениях для голосования в день голосования",185684,33305,152379,наша запись HAR; ДЭГ — журнал
Пермский край – Чусовской,90,2,5,"Число избирательных бюллетеней, выданных избирателям, проголосовавшим вне помещений для голосования в день голосования",29948,0,29948,наша запись HAR; ДЭГ — журнал
Пермский край – Чусовской,90,2,6,Число погашенных избирательных бюллетеней,164378,0,164378,наша запись HAR; ДЭГ — журнал
Пермский край – Чусовской,90,2,7,"Число избирательных бюллетеней, содержащихся в переносных ящиках для голосования",29944,0,29944,наша запись HAR; ДЭГ — журнал
Пермский край – Чусовской,90,2,8,"Число избирательных бюллетеней, содержащихся в стационарных ящиках для голосования",184920,33103,151817,наша запись HAR; ДЭГ — журнал
Пермский край – Чусовской,90,2,9,Число недействительных избирательных бюллетеней,6710,0,6710,наша запись HAR; ДЭГ — журнал
Пермский край – Чусовской,90,2,10,Число действительных избирательных бюллетеней,208154,33103,175051,наша запись HAR; ДЭГ — журнал
Пермский край – Чусовской,90,2,11,Число утраченных избирательных бюллетеней,0,0,0,наша запись HAR; ДЭГ — журнал
Пермский край – Чусовской,90,2,12,"Число избирательных бюллетеней, не учтенных при получении",0,0,0,наша запись HAR; ДЭГ — журнал
Пермский край – Чусовской,90,2,13,"Всероссийская политическая партия ""ЕДИНАЯ РОССИЯ""",97839,12505,85334,наша запись HAR; ДЭГ — журнал
Пермский край – Чусовской,90,2,14,Политическая партия ЛДПР – Либерально-демократическая партия России,23665,4698,18967,наша запись HAR; ДЭГ — журнал
Пермский край – Чусовской,90,2,15,"Политическая партия ""Партия прямой демократии""",822,137,685,наша запись HAR; ДЭГ — журнал
Пермский край – Чусовской,90,2,16,"Политическая партия ""Российская экологическая партия ""ЗЕЛЁНЫЕ""",2282,703,1579,наша запись HAR; ДЭГ — журнал
Пермский край – Чусовской,90,2,17,Социалистическая политическая партия СПРАВЕДЛИВАЯ РОССИЯ,9975,1824,8151,наша запись HAR; ДЭГ — журнал
Пермский край – Чусовской,90,2,18,"ВСЕРОССИЙСКАЯ ПОЛИТИЧЕСКАЯ ПАРТИЯ ""РОДИНА""",1558,223,1335,наша запись HAR; ДЭГ — журнал
Пермский край – Чусовской,90,2,19,КПРФ - политическая партия КОММУНИСТИЧЕСКАЯ ПАРТИЯ РОССИЙСКОЙ ФЕДЕРАЦИИ,37131,5341,31790,наша запись HAR; ДЭГ — журнал
Пермский край – Чусовской,90,2,20,ПАРТИЯ ПЕНСИОНЕРОВ,9458,1046,8412,наша запись HAR; ДЭГ — журнал
Пермский край – Чусовской,90,2,21,Политическая партия КОММУНИСТИЧЕСКАЯ ПАРТИЯ КОММУНИСТЫ РОССИИ,1994,439,1555,наша запись HAR; ДЭГ — журнал
Пермский край – Чусовской,90,2,22,"Политическая партия ""НОВЫЕ ЛЮДИ""",23430,6187,17243,наша запись HAR; ДЭГ — журнал
Пермский край – Кудымкарский,90,1,1,"Число избирателей, внесенных в списки избирателей на момент окончания голосования",455273,33435,421838,наша запись HAR; ДЭГ — журнал
Пермский край – Кудымкарский,90,1,2,"Число избирательных бюллетеней, полученных участковыми избирательными комиссиями",356806,29382,327424,наша запись HAR; ДЭГ — журнал
Пермский край – Кудымкарский,90,1,3,"Число избирательных бюллетеней, выданных избирателям, проголосовавшим досрочно",0,0,0,наша запись HAR; ДЭГ — журнал
Пермский край – Кудымкарский,90,1,4,"Число избирательных бюллетеней, выданных участковыми избирательными комиссиями избирателям в помещениях для голосования в день голосования",180574,29382,151192,наша запись HAR; ДЭГ — журнал
Пермский край – Кудымкарский,90,1,5,"Число избирательных бюллетеней, выданных избирателям, проголосовавшим вне помещений для голосования в день голосования",49716,0,49716,наша запись HAR; ДЭГ — журнал
Пермский край – Кудымкарский,90,1,6,Число погашенных избирательных бюллетеней,126516,0,126516,наша запись HAR; ДЭГ — журнал
Пермский край – Кудымкарский,90,1,7,"Число избирательных бюллетеней, содержащихся в переносных ящиках для голосования",49669,0,49669,наша запись HAR; ДЭГ — журнал
Пермский край – Кудымкарский,90,1,8,"Число избирательных бюллетеней, содержащихся в стационарных ящиках для голосования",179974,28930,151044,наша запись HAR; ДЭГ — журнал
Пермский край – Кудымкарский,90,1,9,Число недействительных избирательных бюллетеней,11637,0,11637,наша запись HAR; ДЭГ — журнал
Пермский край – Кудымкарский,90,1,10,Число действительных избирательных бюллетеней,218006,28930,189076,наша запись HAR; ДЭГ — журнал
Пермский край – Кудымкарский,90,1,11,Число утраченных избирательных бюллетеней,0,0,0,наша запись HAR; ДЭГ — журнал
Пермский край – Кудымкарский,90,1,12,"Число избирательных бюллетеней, не учтенных при получении",0,0,0,наша запись HAR; ДЭГ — журнал
Пермский край – Кудымкарский,90,1,13,Веклич Ядвига Валерьевна,13487,1574,11913,наша запись HAR; ДЭГ — журнал
Пермский край – Кудымкарский,90,1,14,Грибанов Алексей Анатольевич,15984,1388,14596,наша запись HAR; ДЭГ — журнал
Пермский край – Кудымкарский,90,1,15,Калинский Олег Игоревич,100631,8457,92174,наша запись HAR; ДЭГ — журнал
Пермский край – Кудымкарский,90,1,16,Колоколова Ольга Аркадьевна,17626,3221,14405,наша запись HAR; ДЭГ — журнал
Пермский край – Кудымкарский,90,1,17,Постников Олег Сергеевич,25241,4536,20705,наша запись HAR; ДЭГ — журнал
Пермский край – Кудымкарский,90,1,18,Тютюнников Антон Владимирович,23791,4231,19560,наша запись HAR; ДЭГ — журнал
Пермский край – Кудымкарский,90,1,19,Уточкин Юрий Анатольевич,21246,5523,15723,наша запись HAR; ДЭГ — журнал
Пермский край – Кудымкарский,90,2,1,"Число избирателей, внесенных в списки избирателей на момент окончания голосования",455451,33435,422016,наша запись HAR; ДЭГ — журнал
Пермский край – Кудымкарский,90,2,2,"Число избирательных бюллетеней, полученных участковыми избирательными комиссиями",356930,29382,327548,наша запись HAR; ДЭГ — журнал
Пермский край – Кудымкарский,90,2,3,"Число избирательных бюллетеней, выданных избирателям, проголосовавшим досрочно",0,0,0,наша запись HAR; ДЭГ — журнал
Пермский край – Кудымкарский,90,2,4,"Число избирательных бюллетеней, выданных участковыми избирательными комиссиями избирателям в помещениях для голосования в день голосования",181054,29382,151672,наша запись HAR; ДЭГ — журнал
Пермский край – Кудымкарский,90,2,5,"Число избирательных бюллетеней, выданных избирателям, проголосовавшим вне помещений для голосования в день голосования",49948,0,49948,наша запись HAR; ДЭГ — журнал
Пермский край – Кудымкарский,90,2,6,Число погашенных избирательных бюллетеней,125928,0,125928,наша запись HAR; ДЭГ — журнал
Пермский край – Кудымкарский,90,2,7,"Число избирательных бюллетеней, содержащихся в переносных ящиках для голосования",49904,0,49904,наша запись HAR; ДЭГ — журнал
Пермский край – Кудымкарский,90,2,8,"Число избирательных бюллетеней, содержащихся в стационарных ящиках для голосования",180689,29175,151514,наша запись HAR; ДЭГ — журнал
Пермский край – Кудымкарский,90,2,9,Число недействительных избирательных бюллетеней,5952,0,5952,наша запись HAR; ДЭГ — журнал
Пермский край – Кудымкарский,90,2,10,Число действительных избирательных бюллетеней,224641,29175,195466,наша запись HAR; ДЭГ — журнал
Пермский край – Кудымкарский,90,2,11,Число утраченных избирательных бюллетеней,0,0,0,наша запись HAR; ДЭГ — журнал
Пермский край – Кудымкарский,90,2,12,"Число избирательных бюллетеней, не учтенных при получении",0,0,0,наша запись HAR; ДЭГ — журнал
Пермский край – Кудымкарский,90,2,13,"Всероссийская политическая партия ""ЕДИНАЯ РОССИЯ""",123299,11114,112185,наша запись HAR; ДЭГ — журнал
Пермский край – Кудымкарский,90,2,14,Политическая партия ЛДПР – Либерально-демократическая партия России,25398,4464,20934,наша запись HAR; ДЭГ — журнал
Пермский край – Кудымкарский,90,2,15,"Политическая партия ""Партия прямой демократии""",608,104,504,наша запись HAR; ДЭГ — журнал
Пермский край – Кудымкарский,90,2,16,"Политическая партия ""Российская экологическая партия ""ЗЕЛЁНЫЕ""",1765,563,1202,наша запись HAR; ДЭГ — журнал
Пермский край – Кудымкарский,90,2,17,Социалистическая политическая партия СПРАВЕДЛИВАЯ РОССИЯ,10156,1751,8405,наша запись HAR; ДЭГ — журнал
Пермский край – Кудымкарский,90,2,18,"ВСЕРОССИЙСКАЯ ПОЛИТИЧЕСКАЯ ПАРТИЯ ""РОДИНА""",1398,214,1184,наша запись HAR; ДЭГ — журнал
Пермский край – Кудымкарский,90,2,19,КПРФ - политическая партия КОММУНИСТИЧЕСКАЯ ПАРТИЯ РОССИЙСКОЙ ФЕДЕРАЦИИ,31758,4395,27363,наша запись HAR; ДЭГ — журнал
Пермский край – Кудымкарский,90,2,20,ПАРТИЯ ПЕНСИОНЕРОВ,10097,931,9166,наша запись HAR; ДЭГ — журнал
Пермский край – Кудымкарский,90,2,21,Политическая партия КОММУНИСТИЧЕСКАЯ ПАРТИЯ КОММУНИСТЫ РОССИИ,2060,385,1675,наша запись HAR; ДЭГ — журнал
Пермский край – Кудымкарский,90,2,22,"Политическая партия ""НОВЫЕ ЛЮДИ""",18102,5254,12848,наша запись HAR; ДЭГ — журнал
Московская область – Мытищинский,50,1,1,"Число избирателей, внесенных в списки избирателей на момент окончания голосования",471355,55861,415494,наша запись HAR; ДЭГ — журнал
Московская область – Мытищинский,50,1,2,"Число избирательных бюллетеней, полученных участковыми избирательными комиссиями",393862,50298,343564,наша запись HAR; ДЭГ — журнал
Московская область – Мытищинский,50,1,3,"Число избирательных бюллетеней, выданных избирателям, проголосовавшим досрочно",0,0,0,наша запись HAR; ДЭГ — журнал
Московская область – Мытищинский,50,1,4,"Число избирательных бюллетеней, выданных участковыми избирательными комиссиями избирателям в помещениях для голосования в день голосования",252981,50298,202683,наша запись HAR; ДЭГ — журнал
Московская область – Мытищинский,50,1,5,"Число избирательных бюллетеней, выданных избирателям, проголосовавшим вне помещений для голосования в день голосования",4970,0,4970,наша запись HAR; ДЭГ — журнал
Московская область – Мытищинский,50,1,6,Число погашенных избирательных бюллетеней,135911,0,135911,наша запись HAR; ДЭГ — журнал
Московская область – Мытищинский,50,1,7,"Число избирательных бюллетеней, содержащихся в переносных ящиках для голосования",4965,0,4965,наша запись HAR; ДЭГ — журнал
Московская область – Мытищинский,50,1,8,"Число избирательных бюллетеней, содержащихся в стационарных ящиках для голосования",251980,49713,202267,наша запись HAR; ДЭГ — журнал
Московская область – Мытищинский,50,1,9,Число недействительных избирательных бюллетеней,3597,0,3597,наша запись HAR; ДЭГ — журнал
Московская область – Мытищинский,50,1,10,Число действительных избирательных бюллетеней,253348,49713,203635,наша запись HAR; ДЭГ — журнал
Московская область – Мытищинский,50,1,11,Число утраченных избирательных бюллетеней,0,0,0,наша запись HAR; ДЭГ — журнал
Московская область – Мытищинский,50,1,12,"Число избирательных бюллетеней, не учтенных при получении",0,0,0,наша запись HAR; ДЭГ — журнал
Московская область – Мытищинский,50,1,13,Васильев Артем Николаевич,34618,7286,27332,наша запись HAR; ДЭГ — журнал
Московская область – Мытищинский,50,1,14,Владимиров Максим Павлович,8812,2432,6380,наша запись HAR; ДЭГ — журнал
Московская область – Мытищинский,50,1,15,Легков Александр Геннадьевич,131386,17680,113706,наша запись HAR; ДЭГ — журнал
Московская область – Мытищинский,50,1,16,Лишин Андрей Андреевич,5865,2160,3705,наша запись HAR; ДЭГ — журнал
Московская область – Мытищинский,50,1,17,Овсянников Даниил Игоревич,4394,1149,3245,наша запись HAR; ДЭГ — журнал
Московская область – Мытищинский,50,1,18,Синицына Наталья Сергеевна,27920,11086,16834,наша запись HAR; ДЭГ — журнал
Московская область – Мытищинский,50,1,19,Скворцов Кирилл Игоревич,25305,3772,21533,наша запись HAR; ДЭГ — журнал
Московская область – Мытищинский,50,1,20,Сошин Виктор Михайлович,15048,4148,10900,наша запись HAR; ДЭГ — журнал
Московская область – Мытищинский,50,2,1,"Число избирателей, внесенных в списки избирателей на момент окончания голосования",471836,55861,415975,наша запись HAR; ДЭГ — журнал
Московская область – Мытищинский,50,2,2,"Число избирательных бюллетеней, полученных участковыми избирательными комиссиями",394118,50298,343820,наша запись HAR; ДЭГ — журнал
Московская область – Мытищинский,50,2,3,"Число избирательных бюллетеней, выданных избирателям, проголосовавшим досрочно",0,0,0,наша запись HAR; ДЭГ — журнал
Московская область – Мытищинский,50,2,4,"Число избирательных бюллетеней, выданных участковыми избирательными комиссиями избирателям в помещениях для голосования в день голосования",256117,50298,205819,наша запись HAR; ДЭГ — журнал
Московская область – Мытищинский,50,2,5,"Число избирательных бюллетеней, выданных избирателям, проголосовавшим вне помещений для голосования в день голосования",5110,0,5110,наша запись HAR; ДЭГ — журнал
Московская область – Мытищинский,50,2,6,Число погашенных избирательных бюллетеней,132890,0,132890,наша запись HAR; ДЭГ — журнал
Московская область – Мытищинский,50,2,7,"Число избирательных бюллетеней, содержащихся в переносных ящиках для голосования",5105,0,5105,наша запись HAR; ДЭГ — журнал
Московская область – Мытищинский,50,2,8,"Число избирательных бюллетеней, содержащихся в стационарных ящиках для голосования",255637,50040,205597,наша запись HAR; ДЭГ — журнал
Московская область – Мытищинский,50,2,9,Число недействительных избирательных бюллетеней,3549,0,3549,наша запись HAR; ДЭГ — журнал
Московская область – Мытищинский,50,2,10,Число действительных избирательных бюллетеней,257193,50040,207153,наша запись HAR; ДЭГ — журнал
Московская область – Мытищинский,50,2,11,Число утраченных избирательных бюллетеней,1,0,1,наша запись HAR; ДЭГ — журнал
Московская область – Мытищинский,50,2,12,"Число избирательных бюллетеней, не учтенных при получении",0,0,0,наша запись HAR; ДЭГ — журнал
Московская область – Мытищинский,50,2,13,"Всероссийская политическая партия ""ЕДИНАЯ РОССИЯ""",142470,24808,117662,наша запись HAR; ДЭГ — журнал
Московская область – Мытищинский,50,2,14,Политическая партия ЛДПР – Либерально-демократическая партия России,24996,4980,20016,наша запись HAR; ДЭГ — журнал
Московская область – Мытищинский,50,2,15,"Политическая партия ""Партия прямой демократии""",1481,244,1237,наша запись HAR; ДЭГ — журнал
Московская область – Мытищинский,50,2,16,"Политическая партия ""Российская экологическая партия ""ЗЕЛЁНЫЕ""",5130,1372,3758,наша запись HAR; ДЭГ — журнал
Московская область – Мытищинский,50,2,17,Социалистическая политическая партия СПРАВЕДЛИВАЯ РОССИЯ,14585,2696,11889,наша запись HAR; ДЭГ — журнал
Московская область – Мытищинский,50,2,18,"ВСЕРОССИЙСКАЯ ПОЛИТИЧЕСКАЯ ПАРТИЯ ""РОДИНА""",2709,501,2208,наша запись HAR; ДЭГ — журнал
Московская область – Мытищинский,50,2,19,КПРФ - политическая партия КОММУНИСТИЧЕСКАЯ ПАРТИЯ РОССИЙСКОЙ ФЕДЕРАЦИИ,35042,5513,29529,наша запись HAR; ДЭГ — журнал
Московская область – Мытищинский,50,2,20,ПАРТИЯ ПЕНСИОНЕРОВ,4615,1356,3259,наша запись HAR; ДЭГ — журнал
Московская область – Мытищинский,50,2,21,Политическая партия КОММУНИСТИЧЕСКАЯ ПАРТИЯ КОММУНИСТЫ РОССИИ,1885,575,1310,наша запись HAR; ДЭГ — журнал
Московская область – Мытищинский,50,2,22,"Политическая партия ""НОВЫЕ ЛЮДИ""",24280,7995,16285,наша запись HAR; ДЭГ — журнал
Республика Карелия – Карельский,10,1,1,"Число избирателей, внесенных в списки избирателей на момент окончания голосования",497491,35920,461571,наша запись HAR; ДЭГ — журнал
Республика Карелия – Карельский,10,1,2,"Число избирательных бюллетеней, полученных участковыми избирательными комиссиями",434106,32102,402004,наша запись HAR; ДЭГ — журнал
Республика Карелия – Карельский,10,1,3,"Число избирательных бюллетеней, выданных избирателям, проголосовавшим досрочно",1931,0,1931,наша запись HAR; ДЭГ — журнал
Республика Карелия – Карельский,10,1,4,"Число избирательных бюллетеней, выданных участковыми избирательными комиссиями избирателям в помещениях для голосования в день голосования",202241,32102,170139,наша запись HAR; ДЭГ — журнал
Республика Карелия – Карельский,10,1,5,"Число избирательных бюллетеней, выданных избирателям, проголосовавшим вне помещений для голосования в день голосования",10181,0,10181,наша запись HAR; ДЭГ — журнал
Республика Карелия – Карельский,10,1,6,Число погашенных избирательных бюллетеней,219753,0,219753,наша запись HAR; ДЭГ — журнал
Республика Карелия – Карельский,10,1,7,"Число избирательных бюллетеней, содержащихся в переносных ящиках для голосования",12109,0,12109,наша запись HAR; ДЭГ — журнал
Республика Карелия – Карельский,10,1,8,"Число избирательных бюллетеней, содержащихся в стационарных ящиках для голосования",201530,31765,169765,наша запись HAR; ДЭГ — журнал
Республика Карелия – Карельский,10,1,9,Число недействительных избирательных бюллетеней,8274,0,8274,наша запись HAR; ДЭГ — журнал
Республика Карелия – Карельский,10,1,10,Число действительных избирательных бюллетеней,205365,31765,173600,наша запись HAR; ДЭГ — журнал
Республика Карелия – Карельский,10,1,11,Число утраченных избирательных бюллетеней,0,0,0,наша запись HAR; ДЭГ — журнал
Республика Карелия – Карельский,10,1,12,"Число избирательных бюллетеней, не учтенных при получении",0,0,0,наша запись HAR; ДЭГ — журнал
Республика Карелия – Карельский,10,1,13,Глушков Алексей Алексеевич,8669,1628,7041,наша запись HAR; ДЭГ — журнал
Республика Карелия – Карельский,10,1,14,Изюмов Ройне Лауревич,41187,7557,33630,наша запись HAR; ДЭГ — журнал
Республика Карелия – Карельский,10,1,15,Монастыршин Андрей Иувинальевич,22013,2541,19472,наша запись HAR; ДЭГ — журнал
Республика Карелия – Карельский,10,1,16,Павлова Анна Валерьевна,18269,2743,15526,наша запись HAR; ДЭГ — журнал
Республика Карелия – Карельский,10,1,17,Пивненко Валентина Николаевна,52919,7582,45337,наша запись HAR; ДЭГ — журнал
Республика Карелия – Карельский,10,1,18,Позднякова Анна Валерьевна,23334,3954,19380,наша запись HAR; ДЭГ — журнал
Республика Карелия – Карельский,10,1,19,Самолётов Алексей Викторович,6841,819,6022,наша запись HAR; ДЭГ — журнал
Республика Карелия – Карельский,10,1,20,Титов Дмитрий Александрович,2933,363,2570,наша запись HAR; ДЭГ — журнал
Республика Карелия – Карельский,10,1,21,Фандеев Григорий Васильевич,10870,1236,9634,наша запись HAR; ДЭГ — журнал
Республика Карелия – Карельский,10,1,22,Чаженгин Александр Валентинович,16236,2786,13450,наша запись HAR; ДЭГ — журнал
Республика Карелия – Карельский,10,1,23,Чубуков Глеб Олегович,2094,556,1538,наша запись HAR; ДЭГ — журнал
Республика Крым – Керченский,93,1,1,"Число избирателей, внесенных в списки избирателей на момент окончания голосования",490555,27316,463239,наша запись HAR; ДЭГ — журнал
Республика Крым – Керченский,93,1,2,"Число избирательных бюллетеней, полученных участковыми избирательными комиссиями",374347,24009,350338,наша запись HAR; ДЭГ — журнал
Республика Крым – Керченский,93,1,3,"Число избирательных бюллетеней, выданных избирателям, проголосовавшим досрочно",3345,0,3345,наша запись HAR; ДЭГ — журнал
Республика Крым – Керченский,93,1,4,"Число избирательных бюллетеней, выданных участковыми избирательными комиссиями избирателям в помещениях для голосования в день голосования",170862,24009,146853,наша запись HAR; ДЭГ — журнал
Республика Крым – Керченский,93,1,5,"Число избирательных бюллетеней, выданных избирателям, проголосовавшим вне помещений для голосования в день голосования",46770,0,46770,наша запись HAR; ДЭГ — журнал
Республика Крым – Керченский,93,1,6,Число погашенных избирательных бюллетеней,153370,0,153370,наша запись HAR; ДЭГ — журнал
Республика Крым – Керченский,93,1,7,"Число избирательных бюллетеней, содержащихся в переносных ящиках для голосования",50075,0,50075,наша запись HAR; ДЭГ — журнал
Республика Крым – Керченский,93,1,8,"Число избирательных бюллетеней, содержащихся в стационарных ящиках для голосования",170378,23675,146703,наша запись HAR; ДЭГ — журнал
Республика Крым – Керченский,93,1,9,Число недействительных избирательных бюллетеней,7215,0,7215,наша запись HAR; ДЭГ — журнал
Республика Крым – Керченский,93,1,10,Число действительных избирательных бюллетеней,213238,23675,189563,наша запись HAR; ДЭГ — журнал
Республика Крым – Керченский,93,1,11,Число утраченных избирательных бюллетеней,0,0,0,наша запись HAR; ДЭГ — журнал
Республика Крым – Керченский,93,1,12,"Число избирательных бюллетеней, не учтенных при получении",0,0,0,наша запись HAR; ДЭГ — журнал
Республика Крым – Керченский,93,1,13,Баранов Александр Павлович,9177,1303,7874,наша запись HAR; ДЭГ — журнал
Республика Крым – Керченский,93,1,14,Кабанов Максим Юрьевич,16592,2440,14152,наша запись HAR; ДЭГ — журнал
Республика Крым – Керченский,93,1,15,Павленко Янина Петровна,124466,10227,114239,наша запись HAR; ДЭГ — журнал
Республика Крым – Керченский,93,1,16,Павличенко Иван Петрович,22183,2584,19599,наша запись HAR; ДЭГ — журнал
Республика Крым – Керченский,93,1,17,Туров Александр Владимирович,14494,1848,12646,наша запись HAR; ДЭГ — журнал
Республика Крым – Керченский,93,1,18,Шупеня Даниил Сергеевич,14413,3205,11208,наша запись HAR; ДЭГ — журнал
Республика Крым – Керченский,93,1,19,Юрьев Юрий Юрьевич,11913,2068,9845,наша запись HAR; ДЭГ — журнал
Республика Крым – Керченский,93,2,1,"Число избирателей, внесенных в списки избирателей на момент окончания голосования",499547,27316,472231,наша запись HAR; ДЭГ — журнал
Республика Крым – Керченский,93,2,2,"Число избирательных бюллетеней, полученных участковыми избирательными комиссиями",374347,24009,350338,наша запись HAR; ДЭГ — журнал
Республика Крым – Керченский,93,2,3,"Число избирательных бюллетеней, выданных избирателям, проголосовавшим досрочно",5044,0,5044,наша запись HAR; ДЭГ — журнал
Республика Крым – Керченский,93,2,4,"Число избирательных бюллетеней, выданных участковыми избирательными комиссиями избирателям в помещениях для голосования в день голосования",173913,24009,149904,наша запись HAR; ДЭГ — журнал
Республика Крым – Керченский,93,2,5,"Число избирательных бюллетеней, выданных избирателям, проголосовавшим вне помещений для голосования в день голосования",46962,0,46962,наша запись HAR; ДЭГ — журнал
Республика Крым – Керченский,93,2,6,Число погашенных избирательных бюллетеней,148428,0,148428,наша запись HAR; ДЭГ — журнал
Республика Крым – Керченский,93,2,7,"Число избирательных бюллетеней, содержащихся в переносных ящиках для голосования",51868,0,51868,наша запись HAR; ДЭГ — журнал
Республика Крым – Керченский,93,2,8,"Число избирательных бюллетеней, содержащихся в стационарных ящиках для голосования",173657,23882,149775,наша запись HAR; ДЭГ — журнал
Республика Крым – Керченский,93,2,9,Число недействительных избирательных бюллетеней,5351,0,5351,наша запись HAR; ДЭГ — журнал
Республика Крым – Керченский,93,2,10,Число действительных избирательных бюллетеней,220174,23882,196292,наша запись HAR; ДЭГ — журнал
Республика Крым – Керченский,93,2,11,Число утраченных избирательных бюллетеней,0,0,0,наша запись HAR; ДЭГ — журнал
Республика Крым – Керченский,93,2,12,"Число избирательных бюллетеней, не учтенных при получении",0,0,0,наша запись HAR; ДЭГ — журнал
Республика Крым – Керченский,93,2,13,"Всероссийская политическая партия ""ЕДИНАЯ РОССИЯ""",133301,12810,120491,наша запись HAR; ДЭГ — журнал
Республика Крым – Керченский,93,2,14,Политическая партия ЛДПР – Либерально-демократическая партия России,17760,2186,15574,наша запись HAR; ДЭГ — журнал
Республика Крым – Керченский,93,2,15,"Политическая партия ""Партия прямой демократии""",1159,112,1047,наша запись HAR; ДЭГ — журнал
Республика Крым – Керченский,93,2,16,"Политическая партия ""Российская экологическая партия ""ЗЕЛЁНЫЕ""",3363,671,2692,наша запись HAR; ДЭГ — журнал
Республика Крым – Керченский,93,2,17,Социалистическая политическая партия СПРАВЕДЛИВАЯ РОССИЯ,15995,1016,14979,наша запись HAR; ДЭГ — журнал
Республика Крым – Керченский,93,2,18,"ВСЕРОССИЙСКАЯ ПОЛИТИЧЕСКАЯ ПАРТИЯ ""РОДИНА""",2458,250,2208,наша запись HAR; ДЭГ — журнал
Республика Крым – Керченский,93,2,19,КПРФ - политическая партия КОММУНИСТИЧЕСКАЯ ПАРТИЯ РОССИЙСКОЙ ФЕДЕРАЦИИ,22791,2568,20223,наша запись HAR; ДЭГ — журнал
Республика Крым – Керченский,93,2,20,ПАРТИЯ ПЕНСИОНЕРОВ,5053,384,4669,наша запись HAR; ДЭГ — журнал
Республика Крым – Керченский,93,2,21,Политическая партия КОММУНИСТИЧЕСКАЯ ПАРТИЯ КОММУНИСТЫ РОССИИ,3174,336,2838,наша запись HAR; ДЭГ — журнал
Республика Крым – Керченский,93,2,22,"Политическая партия ""НОВЫЕ ЛЮДИ""",15120,3549,11571,наша запись HAR; ДЭГ — журнал
Магаданская область – Магаданский,49,2,1,"Число избирателей, внесенных в списки избирателей на момент окончания голосования",98756,8110,90646,наша запись HAR; ДЭГ — журнал
Магаданская область – Магаданский,49,2,2,"Число избирательных бюллетеней, полученных участковыми избирательными комиссиями",101401,7228,94173,наша запись HAR; ДЭГ — журнал
Магаданская область – Магаданский,49,2,3,"Число избирательных бюллетеней, выданных избирателям, проголосовавшим досрочно",15160,0,15160,наша запись HAR; ДЭГ — журнал
Магаданская область – Магаданский,49,2,4,"Число избирательных бюллетеней, выданных участковыми избирательными комиссиями избирателям в помещениях для голосования в день голосования",36001,7228,28773,наша запись HAR; ДЭГ — журнал
Магаданская область – Магаданский,49,2,5,"Число избирательных бюллетеней, выданных избирателям, проголосовавшим вне помещений для голосования в день голосования",3815,0,3815,наша запись HAR; ДЭГ — журнал
Магаданская область – Магаданский,49,2,6,Число погашенных избирательных бюллетеней,46425,0,46425,наша запись HAR; ДЭГ — журнал
Магаданская область – Магаданский,49,2,7,"Число избирательных бюллетеней, содержащихся в переносных ящиках для голосования",18975,0,18975,наша запись HAR; ДЭГ — журнал
Магаданская область – Магаданский,49,2,8,"Число избирательных бюллетеней, содержащихся в стационарных ящиках для голосования",35765,7003,28762,наша запись HAR; ДЭГ — журнал
Магаданская область – Магаданский,49,2,9,Число недействительных избирательных бюллетеней,833,0,833,наша запись HAR; ДЭГ — журнал
Магаданская область – Магаданский,49,2,10,Число действительных избирательных бюллетеней,53907,7003,46904,наша запись HAR; ДЭГ — журнал
Магаданская область – Магаданский,49,2,11,Число утраченных избирательных бюллетеней,0,0,0,наша запись HAR; ДЭГ — журнал
Магаданская область – Магаданский,49,2,12,"Число избирательных бюллетеней, не учтенных при получении",0,0,0,наша запись HAR; ДЭГ — журнал
Магаданская область – Магаданский,49,2,13,"Всероссийская политическая партия ""ЕДИНАЯ РОССИЯ""",33508,3303,30205,наша запись HAR; ДЭГ — журнал
Магаданская область – Магаданский,49,2,14,Политическая партия ЛДПР – Либерально-демократическая партия России,5257,887,4370,наша запись HAR; ДЭГ — журнал
Магаданская область – Магаданский,49,2,15,"Политическая партия ""Партия прямой демократии""",165,28,137,наша запись HAR; ДЭГ — журнал
Магаданская область – Магаданский,49,2,16,"Политическая партия ""Российская экологическая партия ""ЗЕЛЁНЫЕ""",539,157,382,наша запись HAR; ДЭГ — журнал
Магаданская область – Магаданский,49,2,17,Социалистическая политическая партия СПРАВЕДЛИВАЯ РОССИЯ,1829,353,1476,наша запись HAR; ДЭГ — журнал
Магаданская область – Магаданский,49,2,18,"ВСЕРОССИЙСКАЯ ПОЛИТИЧЕСКАЯ ПАРТИЯ ""РОДИНА""",320,59,261,наша запись HAR; ДЭГ — журнал
Магаданская область – Магаданский,49,2,19,КПРФ - политическая партия КОММУНИСТИЧЕСКАЯ ПАРТИЯ РОССИЙСКОЙ ФЕДЕРАЦИИ,6407,923,5484,наша запись HAR; ДЭГ — журнал
Магаданская область – Магаданский,49,2,20,ПАРТИЯ ПЕНСИОНЕРОВ,999,136,863,наша запись HAR; ДЭГ — журнал
Магаданская область – Магаданский,49,2,21,Политическая партия КОММУНИСТИЧЕСКАЯ ПАРТИЯ КОММУНИСТЫ РОССИИ,489,114,375,наша запись HAR; ДЭГ — журнал
Магаданская область – Магаданский,49,2,22,"Политическая партия ""НОВЫЕ ЛЮДИ""",4394,1043,3351,наша запись HAR; ДЭГ — журнал
Пермский край – Кунгурский,90,1,1,"Число избирателей, внесенных в списки избирателей на момент окончания голосования",507284,40401,466883,наша запись HAR; ДЭГ — журнал
Пермский край – Кунгурский,90,1,2,"Число избирательных бюллетеней, полученных участковыми избирательными комиссиями",394615,35481,359134,наша запись HAR; ДЭГ — журнал
Пермский край – Кунгурский,90,1,3,"Число избирательных бюллетеней, выданных избирателям, проголосовавшим досрочно",0,0,0,наша запись HAR; ДЭГ — журнал
Пермский край – Кунгурский,90,1,4,"Число избирательных бюллетеней, выданных участковыми избирательными комиссиями избирателям в помещениях для голосования в день голосования",201665,35481,166184,наша запись HAR; ДЭГ — журнал
Пермский край – Кунгурский,90,1,5,"Число избирательных бюллетеней, выданных избирателям, проголосовавшим вне помещений для голосования в день голосования",29440,0,29440,наша запись HAR; ДЭГ — журнал
Пермский край – Кунгурский,90,1,6,Число погашенных избирательных бюллетеней,163510,0,163510,наша запись HAR; ДЭГ — журнал
Пермский край – Кунгурский,90,1,7,"Число избирательных бюллетеней, содержащихся в переносных ящиках для голосования",29434,0,29434,наша запись HAR; ДЭГ — журнал
Пермский край – Кунгурский,90,1,8,"Число избирательных бюллетеней, содержащихся в стационарных ящиках для голосования",200867,34966,165901,наша запись HAR; ДЭГ — журнал
Пермский край – Кунгурский,90,1,9,Число недействительных избирательных бюллетеней,9325,0,9325,наша запись HAR; ДЭГ — журнал
Пермский край – Кунгурский,90,1,10,Число действительных избирательных бюллетеней,220976,34966,186010,наша запись HAR; ДЭГ — журнал
Пермский край – Кунгурский,90,1,11,Число утраченных избирательных бюллетеней,0,0,0,наша запись HAR; ДЭГ — журнал
Пермский край – Кунгурский,90,1,12,"Число избирательных бюллетеней, не учтенных при получении",0,0,0,наша запись HAR; ДЭГ — журнал
Пермский край – Кунгурский,90,1,13,Балыкина Екатерина Михайловна,20535,4440,16095,наша запись HAR; ДЭГ — журнал
Пермский край – Кунгурский,90,1,14,Баранова Анна Михайловна,27610,3894,23716,наша запись HAR; ДЭГ — журнал
Пермский край – Кунгурский,90,1,15,Вшивкова Ольга Витальевна,19754,3258,16496,наша запись HAR; ДЭГ — журнал
Пермский край – Кунгурский,90,1,16,Дьячков Михаил Сергеевич,8622,1113,7509,наша запись HAR; ДЭГ — журнал
Пермский край – Кунгурский,90,1,17,Ивенских Ирина Валентиновна,93950,10758,83192,наша запись HAR; ДЭГ — журнал
Пермский край – Кунгурский,90,1,18,Казанцева Ирина Владиславовна,13092,1654,11438,наша запись HAR; ДЭГ — журнал
Пермский край – Кунгурский,90,1,19,Куликова Вероника Дмитриевна,12180,2501,9679,наша запись HAR; ДЭГ — журнал
Пермский край – Кунгурский,90,1,20,Овчинников Алексей Александрович,25233,7348,17885,наша запись HAR; ДЭГ — журнал
Пермский край – Кунгурский,90,2,1,"Число избирателей, внесенных в списки избирателей на момент окончания голосования",507856,40401,467455,наша запись HAR; ДЭГ — журнал
Пермский край – Кунгурский,90,2,2,"Число избирательных бюллетеней, полученных участковыми избирательными комиссиями",394715,35481,359234,наша запись HAR; ДЭГ — журнал
Пермский край – Кунгурский,90,2,3,"Число избирательных бюллетеней, выданных избирателям, проголосовавшим досрочно",0,0,0,наша запись HAR; ДЭГ — журнал
Пермский край – Кунгурский,90,2,4,"Число избирательных бюллетеней, выданных участковыми избирательными комиссиями избирателям в помещениях для голосования в день голосования",203363,35481,167882,наша запись HAR; ДЭГ — журнал
Пермский край – Кунгурский,90,2,5,"Число избирательных бюллетеней, выданных избирателям, проголосовавшим вне помещений для голосования в день голосования",29736,0,29736,наша запись HAR; ДЭГ — журнал
Пермский край – Кунгурский,90,2,6,Число погашенных избирательных бюллетеней,161616,0,161616,наша запись HAR; ДЭГ — журнал
Пермский край – Кунгурский,90,2,7,"Число избирательных бюллетеней, содержащихся в переносных ящиках для голосования",29734,0,29734,наша запись HAR; ДЭГ — журнал
Пермский край – Кунгурский,90,2,8,"Число избирательных бюллетеней, содержащихся в стационарных ящиках для голосования",202914,35274,167640,наша запись HAR; ДЭГ — журнал
Пермский край – Кунгурский,90,2,9,Число недействительных избирательных бюллетеней,5043,0,5043,наша запись HAR; ДЭГ — журнал
Пермский край – Кунгурский,90,2,10,Число действительных избирательных бюллетеней,227605,35274,192331,наша запись HAR; ДЭГ — журнал
Пермский край – Кунгурский,90,2,11,Число утраченных избирательных бюллетеней,0,0,0,наша запись HAR; ДЭГ — журнал
Пермский край – Кунгурский,90,2,12,"Число избирательных бюллетеней, не учтенных при получении",0,0,0,наша запись HAR; ДЭГ — журнал
Пермский край – Кунгурский,90,2,13,"Всероссийская политическая партия ""ЕДИНАЯ РОССИЯ""",110014,13460,96554,наша запись HAR; ДЭГ — журнал
Пермский край – Кунгурский,90,2,14,Политическая партия ЛДПР – Либерально-демократическая партия России,25153,5039,20114,наша запись HAR; ДЭГ — журнал
Пермский край – Кунгурский,90,2,15,"Политическая партия ""Партия прямой демократии""",820,174,646,наша запись HAR; ДЭГ — журнал
Пермский край – Кунгурский,90,2,16,"Политическая партия ""Российская экологическая партия ""ЗЕЛЁНЫЕ""",2569,739,1830,наша запись HAR; ДЭГ — журнал
Пермский край – Кунгурский,90,2,17,Социалистическая политическая партия СПРАВЕДЛИВАЯ РОССИЯ,10461,2021,8440,наша запись HAR; ДЭГ — журнал
Пермский край – Кунгурский,90,2,18,"ВСЕРОССИЙСКАЯ ПОЛИТИЧЕСКАЯ ПАРТИЯ ""РОДИНА""",1471,258,1213,наша запись HAR; ДЭГ — журнал
Пермский край – Кунгурский,90,2,19,КПРФ - политическая партия КОММУНИСТИЧЕСКАЯ ПАРТИЯ РОССИЙСКОЙ ФЕДЕРАЦИИ,38806,5160,33646,наша запись HAR; ДЭГ — журнал
Пермский край – Кунгурский,90,2,20,ПАРТИЯ ПЕНСИОНЕРОВ,9932,1035,8897,наша запись HAR; ДЭГ — журнал
Пермский край – Кунгурский,90,2,21,Политическая партия КОММУНИСТИЧЕСКАЯ ПАРТИЯ КОММУНИСТЫ РОССИИ,2320,496,1824,наша запись HAR; ДЭГ — журнал
Пермский край – Кунгурский,90,2,22,"Политическая партия ""НОВЫЕ ЛЮДИ""",26059,6892,19167,наша запись HAR; ДЭГ — журнал
Калининградская область – Центральный,39,1,1,"Число избирателей, внесенных в списки избирателей на момент окончания голосования",417903,35642,382261,наша запись HAR; ДЭГ — журнал
Калининградская область – Центральный,39,1,2,"Число избирательных бюллетеней, полученных участковыми избирательными комиссиями",381880,32180,349700,наша запись HAR; ДЭГ — журнал
Калининградская область – Центральный,39,1,3,"Число избирательных бюллетеней, выданных избирателям, проголосовавшим досрочно",0,0,0,наша запись HAR; ДЭГ — журнал
Калининградская область – Центральный,39,1,4,"Число избирательных бюллетеней, выданных участковыми избирательными комиссиями избирателям в помещениях для голосования в день голосования",176038,32180,143858,наша запись HAR; ДЭГ — журнал
Калининградская область – Центральный,39,1,5,"Число избирательных бюллетеней, выданных избирателям, проголосовавшим вне помещений для голосования в день голосования",26076,0,26076,наша запись HAR; ДЭГ — журнал
Калининградская область – Центральный,39,1,6,Число погашенных избирательных бюллетеней,179759,0,179759,наша запись HAR; ДЭГ — журнал
Калининградская область – Центральный,39,1,7,"Число избирательных бюллетеней, содержащихся в переносных ящиках для голосования",26058,0,26058,наша запись HAR; ДЭГ — журнал
Калининградская область – Центральный,39,1,8,"Число избирательных бюллетеней, содержащихся в стационарных ящиках для голосования",175471,31841,143630,наша запись HAR; ДЭГ — журнал
Калининградская область – Центральный,39,1,9,Число недействительных избирательных бюллетеней,7099,0,7099,наша запись HAR; ДЭГ — журнал
Калининградская область – Центральный,39,1,10,Число действительных избирательных бюллетеней,194430,31841,162589,наша запись HAR; ДЭГ — журнал
Калининградская область – Центральный,39,1,11,Число утраченных избирательных бюллетеней,8,0,8,наша запись HAR; ДЭГ — журнал
Калининградская область – Центральный,39,1,12,"Число избирательных бюллетеней, не учтенных при получении",1,0,1,наша запись HAR; ДЭГ — журнал
Калининградская область – Центральный,39,1,13,Алешкин Андрей Владимирович,15618,2848,12770,наша запись HAR; ДЭГ — журнал
Калининградская область – Центральный,39,1,14,Колобов Алексей Владимирович,7438,1117,6321,наша запись HAR; ДЭГ — журнал
Калининградская область – Центральный,39,1,15,Любимова Елена Валерьевна,8360,1381,6979,наша запись HAR; ДЭГ — журнал
Калининградская область – Центральный,39,1,16,Мишин Евгений Викторович,19606,4276,15330,наша запись HAR; ДЭГ — журнал
Калининградская область – Центральный,39,1,17,Морозов Роман Владимирович,14869,2314,12555,наша запись HAR; ДЭГ — журнал
Калининградская область – Центральный,39,1,18,Оргеева Марина Эдуардовна,93906,14027,79879,наша запись HAR; ДЭГ — журнал
Калининградская область – Центральный,39,1,19,Рябцев Владислав Альбертович,18145,2435,15710,наша запись HAR; ДЭГ — журнал
Калининградская область – Центральный,39,1,20,Соловьева Ольга Александровна,2740,548,2192,наша запись HAR; ДЭГ — журнал
Калининградская область – Центральный,39,1,21,Черепанов Артём Евгеньевич,2310,416,1894,наша запись HAR; ДЭГ — журнал
Калининградская область – Центральный,39,1,22,Шитиков Юрий Владимирович,11438,2479,8959,наша запись HAR; ДЭГ — журнал
Калининградская область – Центральный,39,2,1,"Число избирателей, внесенных в списки избирателей на момент окончания голосования",420817,35642,385175,наша запись HAR; ДЭГ — журнал
Калининградская область – Центральный,39,2,2,"Число избирательных бюллетеней, полученных участковыми избирательными комиссиями",382936,32180,350756,наша запись HAR; ДЭГ — журнал
Калининградская область – Центральный,39,2,3,"Число избирательных бюллетеней, выданных избирателям, проголосовавшим досрочно",0,0,0,наша запись HAR; ДЭГ — журнал
Калининградская область – Центральный,39,2,4,"Число избирательных бюллетеней, выданных участковыми избирательными комиссиями избирателям в помещениях для голосования в день голосования",179537,32180,147357,наша запись HAR; ДЭГ — журнал
Калининградская область – Центральный,39,2,5,"Число избирательных бюллетеней, выданных избирателям, проголосовавшим вне помещений для голосования в день голосования",27404,0,27404,наша запись HAR; ДЭГ — журнал
Калининградская область – Центральный,39,2,6,Число погашенных избирательных бюллетеней,175981,0,175981,наша запись HAR; ДЭГ — журнал
Калининградская область – Центральный,39,2,7,"Число избирательных бюллетеней, содержащихся в переносных ящиках для голосования",27386,0,27386,наша запись HAR; ДЭГ — журнал
Калининградская область – Центральный,39,2,8,"Число избирательных бюллетеней, содержащихся в стационарных ящиках для голосования",179202,32051,147151,наша запись HAR; ДЭГ — журнал
Калининградская область – Центральный,39,2,9,Число недействительных избирательных бюллетеней,4902,0,4902,наша запись HAR; ДЭГ — журнал
Калининградская область – Центральный,39,2,10,Число действительных избирательных бюллетеней,201686,32051,169635,наша запись HAR; ДЭГ — журнал
Калининградская область – Центральный,39,2,11,Число утраченных избирательных бюллетеней,14,0,14,наша запись HAR; ДЭГ — журнал
Калининградская область – Центральный,39,2,12,"Число избирательных бюллетеней, не учтенных при получении",0,0,0,наша запись HAR; ДЭГ — журнал
Калининградская область – Центральный,39,2,13,"Всероссийская политическая партия ""ЕДИНАЯ РОССИЯ""",107085,17086,89999,наша запись HAR; ДЭГ — журнал
Калининградская область – Центральный,39,2,14,Политическая партия ЛДПР – Либерально-демократическая партия России,20592,3515,17077,наша запись HAR; ДЭГ — журнал
Калининградская область – Центральный,39,2,15,"Политическая партия ""Партия прямой демократии""",781,145,636,наша запись HAR; ДЭГ — журнал
Калининградская область – Центральный,39,2,16,"Политическая партия ""Российская экологическая партия ""ЗЕЛЁНЫЕ""",2433,639,1794,наша запись HAR; ДЭГ — журнал
Калининградская область – Центральный,39,2,17,Социалистическая политическая партия СПРАВЕДЛИВАЯ РОССИЯ,9147,1421,7726,наша запись HAR; ДЭГ — журнал
Калининградская область – Центральный,39,2,18,"ВСЕРОССИЙСКАЯ ПОЛИТИЧЕСКАЯ ПАРТИЯ ""РОДИНА""",1524,217,1307,наша запись HAR; ДЭГ — журнал
Калининградская область – Центральный,39,2,19,КПРФ - политическая партия КОММУНИСТИЧЕСКАЯ ПАРТИЯ РОССИЙСКОЙ ФЕДЕРАЦИИ,29425,3384,26041,наша запись HAR; ДЭГ — журнал
Калининградская область – Центральный,39,2,20,ПАРТИЯ ПЕНСИОНЕРОВ,5085,520,4565,наша запись HAR; ДЭГ — журнал
Калининградская область – Центральный,39,2,21,Политическая партия КОММУНИСТИЧЕСКАЯ ПАРТИЯ КОММУНИСТЫ РОССИИ,2484,380,2104,наша запись HAR; ДЭГ — журнал
Калининградская область – Центральный,39,2,22,"Политическая партия ""НОВЫЕ ЛЮДИ""",23130,4744,18386,наша запись HAR; ДЭГ — журнал
Удмуртская Республика – Ижевский,18,1,1,"Число избирателей, внесенных в списки избирателей на момент окончания голосования",598826,69938,528888,наша запись HAR; ДЭГ — журнал
Удмуртская Республика – Ижевский,18,1,2,"Число избирательных бюллетеней, полученных участковыми избирательными комиссиями",597609,65229,532380,наша запись HAR; ДЭГ — журнал
Удмуртская Республика – Ижевский,18,1,3,"Число избирательных бюллетеней, выданных избирателям, проголосовавшим досрочно",0,0,0,наша запись HAR; ДЭГ — журнал
Удмуртская Республика – Ижевский,18,1,4,"Число избирательных бюллетеней, выданных участковыми избирательными комиссиями избирателям в помещениях для голосования в день голосования",268513,65229,203284,наша запись HAR; ДЭГ — журнал
Удмуртская Республика – Ижевский,18,1,5,"Число избирательных бюллетеней, выданных избирателям, проголосовавшим вне помещений для голосования в день голосования",44117,0,44117,наша запись HAR; ДЭГ — журнал
Удмуртская Республика – Ижевский,18,1,6,Число погашенных избирательных бюллетеней,284979,0,284979,наша запись HAR; ДЭГ — журнал
Удмуртская Республика – Ижевский,18,1,7,"Число избирательных бюллетеней, содержащихся в переносных ящиках для голосования",44116,0,44116,наша запись HAR; ДЭГ — журнал
Удмуртская Республика – Ижевский,18,1,8,"Число избирательных бюллетеней, содержащихся в стационарных ящиках для голосования",267807,64657,203150,наша запись HAR; ДЭГ — журнал
Удмуртская Республика – Ижевский,18,1,9,Число недействительных избирательных бюллетеней,8099,0,8099,наша запись HAR; ДЭГ — журнал
Удмуртская Республика – Ижевский,18,1,10,Число действительных избирательных бюллетеней,303824,64657,239167,наша запись HAR; ДЭГ — журнал
Удмуртская Республика – Ижевский,18,1,11,Число утраченных избирательных бюллетеней,0,0,0,наша запись HAR; ДЭГ — журнал
Удмуртская Республика – Ижевский,18,1,12,"Число избирательных бюллетеней, не учтенных при получении",0,0,0,наша запись HAR; ДЭГ — журнал
Удмуртская Республика – Ижевский,18,1,13,Балахонцев Юрий Анатольевич,59466,9643,49823,наша запись HAR; ДЭГ — журнал
Удмуртская Республика – Ижевский,18,1,14,Бузанов Константин Владимирович,16714,1695,15019,наша запись HAR; ДЭГ — журнал
Удмуртская Республика – Ижевский,18,1,15,Володоманов Владимир Олегович,23323,4986,18337,наша запись HAR; ДЭГ — журнал
Удмуртская Республика – Ижевский,18,1,16,Гарин Олег Владимирович,137344,32328,105016,наша запись HAR; ДЭГ — журнал
Удмуртская Республика – Ижевский,18,1,17,Головков Антон Владимирович,13956,2299,11657,наша запись HAR; ДЭГ — журнал
Удмуртская Республика – Ижевский,18,1,18,Садыкова Юлия Андреевна,14647,3463,11184,наша запись HAR; ДЭГ — журнал
Удмуртская Республика – Ижевский,18,1,19,Салтыков Андрей Владимирович,7414,1896,5518,наша запись HAR; ДЭГ — журнал
Удмуртская Республика – Ижевский,18,1,20,Шестаков Станислав Семенович,30960,8347,22613,наша запись HAR; ДЭГ — журнал
Вологодская область – Череповецкий,35,1,1,"Число избирателей, внесенных в списки избирателей на момент окончания голосования",414077,27528,386549,наша запись HAR; ДЭГ — журнал
Вологодская область – Череповецкий,35,1,2,"Число избирательных бюллетеней, полученных участковыми избирательными комиссиями",373833,24854,348979,наша запись HAR; ДЭГ — журнал
Вологодская область – Череповецкий,35,1,3,"Число избирательных бюллетеней, выданных избирателям, проголосовавшим досрочно",0,0,0,наша запись HAR; ДЭГ — журнал
Вологодская область – Череповецкий,35,1,4,"Число избирательных бюллетеней, выданных участковыми избирательными комиссиями избирателям в помещениях для голосования в день голосования",181282,24854,156428,наша запись HAR; ДЭГ — журнал
Вологодская область – Череповецкий,35,1,5,"Число избирательных бюллетеней, выданных избирателям, проголосовавшим вне помещений для голосования в день голосования",14989,0,14989,наша запись HAR; ДЭГ — журнал
Вологодская область – Череповецкий,35,1,6,Число погашенных избирательных бюллетеней,177562,0,177562,наша запись HAR; ДЭГ — журнал
Вологодская область – Череповецкий,35,1,7,"Число избирательных бюллетеней, содержащихся в переносных ящиках для голосования",14989,0,14989,наша запись HAR; ДЭГ — журнал
Вологодская область – Череповецкий,35,1,8,"Число избирательных бюллетеней, содержащихся в стационарных ящиках для голосования",180957,24608,156349,наша запись HAR; ДЭГ — журнал
Вологодская область – Череповецкий,35,1,9,Число недействительных избирательных бюллетеней,5999,0,5999,наша запись HAR; ДЭГ — журнал
Вологодская область – Череповецкий,35,1,10,Число действительных избирательных бюллетеней,189947,24608,165339,наша запись HAR; ДЭГ — журнал
Вологодская область – Череповецкий,35,1,11,Число утраченных избирательных бюллетеней,0,0,0,наша запись HAR; ДЭГ — журнал
Вологодская область – Череповецкий,35,1,12,"Число избирательных бюллетеней, не учтенных при получении",0,0,0,наша запись HAR; ДЭГ — журнал
Вологодская область – Череповецкий,35,1,13,Борисов Валерий Анатольевич,15404,1876,13528,наша запись HAR; ДЭГ — журнал
Вологодская область – Череповецкий,35,1,14,Грачева Светлана Анатольевна,49809,5960,43849,наша запись HAR; ДЭГ — журнал
Вологодская область – Череповецкий,35,1,15,Долженко Денис Евгеньевич,15780,2975,12805,наша запись HAR; ДЭГ — журнал
Вологодская область – Череповецкий,35,1,16,Мозалевская Ирина Валерьевна,20606,3100,17506,наша запись HAR; ДЭГ — журнал
Вологодская область – Череповецкий,35,1,17,Морозов Александр Александрович,13106,1060,12046,наша запись HAR; ДЭГ — журнал
Вологодская область – Череповецкий,35,1,18,Морозов Александр Николаевич,47787,5182,42605,наша запись HAR; ДЭГ — журнал
Вологодская область – Череповецкий,35,1,19,Николаев Владимир Валериевич,11744,1684,10060,наша запись HAR; ДЭГ — журнал
Вологодская область – Череповецкий,35,1,20,Стародубцев Алексей Витальевич,3633,782,2851,наша запись HAR; ДЭГ — журнал
Вологодская область – Череповецкий,35,1,21,Трофимов Игорь Анатольевич,12078,1989,10089,наша запись HAR; ДЭГ — журнал
Вологодская область – Череповецкий,35,2,1,"Число избирателей, внесенных в списки избирателей на момент окончания голосования",414876,27528,387348,наша запись HAR; ДЭГ — журнал
Вологодская область – Череповецкий,35,2,2,"Число избирательных бюллетеней, полученных участковыми избирательными комиссиями",373863,24854,349009,наша запись HAR; ДЭГ — журнал
Вологодская область – Череповецкий,35,2,3,"Число избирательных бюллетеней, выданных избирателям, проголосовавшим досрочно",0,0,0,наша запись HAR; ДЭГ — журнал
Вологодская область – Череповецкий,35,2,4,"Число избирательных бюллетеней, выданных участковыми избирательными комиссиями избирателям в помещениях для голосования в день голосования",183380,24854,158526,наша запись HAR; ДЭГ — журнал
Вологодская область – Череповецкий,35,2,5,"Число избирательных бюллетеней, выданных избирателям, проголосовавшим вне помещений для голосования в день голосования",15185,0,15185,наша запись HAR; ДЭГ — журнал
Вологодская область – Череповецкий,35,2,6,Число погашенных избирательных бюллетеней,175298,0,175298,наша запись HAR; ДЭГ — журнал
Вологодская область – Череповецкий,35,2,7,"Число избирательных бюллетеней, содержащихся в переносных ящиках для голосования",15185,0,15185,наша запись HAR; ДЭГ — журнал
Вологодская область – Череповецкий,35,2,8,"Число избирательных бюллетеней, содержащихся в стационарных ящиках для голосования",183201,24754,158447,наша запись HAR; ДЭГ — журнал
Вологодская область – Череповецкий,35,2,9,Число недействительных избирательных бюллетеней,4219,0,4219,наша запись HAR; ДЭГ — журнал
Вологодская область – Череповецкий,35,2,10,Число действительных избирательных бюллетеней,194167,24754,169413,наша запись HAR; ДЭГ — журнал
Вологодская область – Череповецкий,35,2,11,Число утраченных избирательных бюллетеней,0,0,0,наша запись HAR; ДЭГ — журнал
Вологодская область – Череповецкий,35,2,12,"Число избирательных бюллетеней, не учтенных при получении",0,0,0,наша запись HAR; ДЭГ — журнал
Вологодская область – Череповецкий,35,2,13,"Всероссийская политическая партия ""ЕДИНАЯ РОССИЯ""",53038,7141,45897,наша запись HAR; ДЭГ — журнал
Вологодская область – Череповецкий,35,2,14,Политическая партия ЛДПР – Либерально-демократическая партия России,28302,4194,24108,наша запись HAR; ДЭГ — журнал
Вологодская область – Череповецкий,35,2,15,"Политическая партия ""Партия прямой демократии""",498,96,402,наша запись HAR; ДЭГ — журнал
Вологодская область – Череповецкий,35,2,16,"Политическая партия ""Российская экологическая партия ""ЗЕЛЁНЫЕ""",2393,477,1916,наша запись HAR; ДЭГ — журнал
Вологодская область – Череповецкий,35,2,17,Социалистическая политическая партия СПРАВЕДЛИВАЯ РОССИЯ,11827,1393,10434,наша запись HAR; ДЭГ — журнал
Вологодская область – Череповецкий,35,2,18,"ВСЕРОССИЙСКАЯ ПОЛИТИЧЕСКАЯ ПАРТИЯ ""РОДИНА""",1391,150,1241,наша запись HAR; ДЭГ — журнал
Вологодская область – Череповецкий,35,2,19,КПРФ - политическая партия КОММУНИСТИЧЕСКАЯ ПАРТИЯ РОССИЙСКОЙ ФЕДЕРАЦИИ,63570,6183,57387,наша запись HAR; ДЭГ — журнал
Вологодская область – Череповецкий,35,2,20,ПАРТИЯ ПЕНСИОНЕРОВ,10296,722,9574,наша запись HAR; ДЭГ — журнал
Вологодская область – Череповецкий,35,2,21,Политическая партия КОММУНИСТИЧЕСКАЯ ПАРТИЯ КОММУНИСТЫ РОССИИ,2635,446,2189,наша запись HAR; ДЭГ — журнал
Вологодская область – Череповецкий,35,2,22,"Политическая партия ""НОВЫЕ ЛЮДИ""",20217,3952,16265,наша запись HAR; ДЭГ — журнал
Белгородская область – Белгородский,31,2,1,"Число избирателей, внесенных в списки избирателей на момент окончания голосования",635004,66631,568373,наша запись HAR; ДЭГ — журнал
Белгородская область – Белгородский,31,2,2,"Число избирательных бюллетеней, полученных участковыми избирательными комиссиями",608603,60695,547908,наша запись HAR; ДЭГ — журнал
Белгородская область – Белгородский,31,2,3,"Число избирательных бюллетеней, выданных избирателям, проголосовавшим досрочно",137564,0,137564,наша запись HAR; ДЭГ — журнал
Белгородская область – Белгородский,31,2,4,"Число избирательных бюллетеней, выданных участковыми избирательными комиссиями избирателям в помещениях для голосования в день голосования",247244,60695,186549,наша запись HAR; ДЭГ — журнал
Белгородская область – Белгородский,31,2,5,"Число избирательных бюллетеней, выданных избирателям, проголосовавшим вне помещений для голосования в день голосования",30050,0,30050,наша запись HAR; ДЭГ — журнал
Белгородская область – Белгородский,31,2,6,Число погашенных избирательных бюллетеней,193745,0,193745,наша запись HAR; ДЭГ — журнал
Белгородская область – Белгородский,31,2,7,"Число избирательных бюллетеней, содержащихся в переносных ящиках для голосования",166597,0,166597,наша запись HAR; ДЭГ — журнал
Белгородская область – Белгородский,31,2,8,"Число избирательных бюллетеней, содержащихся в стационарных ящиках для голосования",246990,60472,186518,наша запись HAR; ДЭГ — журнал
Белгородская область – Белгородский,31,2,9,Число недействительных избирательных бюллетеней,4867,0,4867,наша запись HAR; ДЭГ — журнал
Белгородская область – Белгородский,31,2,10,Число действительных избирательных бюллетеней,408720,60472,348248,наша запись HAR; ДЭГ — журнал
Белгородская область – Белгородский,31,2,11,Число утраченных избирательных бюллетеней,0,0,0,наша запись HAR; ДЭГ — журнал
Белгородская область – Белгородский,31,2,12,"Число избирательных бюллетеней, не учтенных при получении",0,0,0,наша запись HAR; ДЭГ — журнал
Белгородская область – Белгородский,31,2,13,"Всероссийская политическая партия ""ЕДИНАЯ РОССИЯ""",231062,24976,206086,наша запись HAR; ДЭГ — журнал
Белгородская область – Белгородский,31,2,14,Политическая партия ЛДПР – Либерально-демократическая партия России,41750,8148,33602,наша запись HAR; ДЭГ — журнал
Белгородская область – Белгородский,31,2,15,"Политическая партия ""Партия прямой демократии""",1785,280,1505,наша запись HAR; ДЭГ — журнал
Белгородская область – Белгородский,31,2,16,"Политическая партия ""Российская экологическая партия ""ЗЕЛЁНЫЕ""",4712,1202,3510,наша запись HAR; ДЭГ — журнал
Белгородская область – Белгородский,31,2,17,Социалистическая политическая партия СПРАВЕДЛИВАЯ РОССИЯ,23183,4421,18762,наша запись HAR; ДЭГ — журнал
Белгородская область – Белгородский,31,2,18,"ВСЕРОССИЙСКАЯ ПОЛИТИЧЕСКАЯ ПАРТИЯ ""РОДИНА""",3175,526,2649,наша запись HAR; ДЭГ — журнал
Белгородская область – Белгородский,31,2,19,КПРФ - политическая партия КОММУНИСТИЧЕСКАЯ ПАРТИЯ РОССИЙСКОЙ ФЕДЕРАЦИИ,54859,7995,46864,наша запись HAR; ДЭГ — журнал
Белгородская область – Белгородский,31,2,20,ПАРТИЯ ПЕНСИОНЕРОВ,12030,1935,10095,наша запись HAR; ДЭГ — журнал
Белгородская область – Белгородский,31,2,21,Политическая партия КОММУНИСТИЧЕСКАЯ ПАРТИЯ КОММУНИСТЫ РОССИИ,4323,991,3332,наша запись HAR; ДЭГ — журнал
Белгородская область – Белгородский,31,2,22,"Политическая партия ""НОВЫЕ ЛЮДИ""",31841,9998,21843,наша запись HAR; ДЭГ — журнал
Новгородская область – Новгородский,53,1,1,"Число избирателей, внесенных в списки избирателей на момент окончания голосования",465156,52583,412573,наша запись HAR; ДЭГ — журнал
Новгородская область – Новгородский,53,1,2,"Число избирательных бюллетеней, полученных участковыми избирательными комиссиями",437701,49650,388051,наша запись HAR; ДЭГ — журнал
Новгородская область – Новгородский,53,1,3,"Число избирательных бюллетеней, выданных избирателям, проголосовавшим досрочно",0,0,0,наша запись HAR; ДЭГ — журнал
Новгородская область – Новгородский,53,1,4,"Число избирательных бюллетеней, выданных участковыми избирательными комиссиями избирателям в помещениях для голосования в день голосования",185519,49650,135869,наша запись HAR; ДЭГ — журнал
Новгородская область – Новгородский,53,1,5,"Число избирательных бюллетеней, выданных избирателям, проголосовавшим вне помещений для голосования в день голосования",17946,0,17946,наша запись HAR; ДЭГ — журнал
Новгородская область – Новгородский,53,1,6,Число погашенных избирательных бюллетеней,234236,0,234236,наша запись HAR; ДЭГ — журнал
Новгородская область – Новгородский,53,1,7,"Число избирательных бюллетеней, содержащихся в переносных ящиках для голосования",17943,0,17943,наша запись HAR; ДЭГ — журнал
Новгородская область – Новгородский,53,1,8,"Число избирательных бюллетеней, содержащихся в стационарных ящиках для голосования",185037,49328,135709,наша запись HAR; ДЭГ — журнал
Новгородская область – Новгородский,53,1,9,Число недействительных избирательных бюллетеней,6454,0,6454,наша запись HAR; ДЭГ — журнал
Новгородская область – Новгородский,53,1,10,Число действительных избирательных бюллетеней,196526,49328,147198,наша запись HAR; ДЭГ — журнал
Новгородская область – Новгородский,53,1,11,Число утраченных избирательных бюллетеней,0,0,0,наша запись HAR; ДЭГ — журнал
Новгородская область – Новгородский,53,1,12,"Число избирательных бюллетеней, не учтенных при получении",0,0,0,наша запись HAR; ДЭГ — журнал
Новгородская область – Новгородский,53,1,13,Базыльников Владислав Валерьевич,9416,1201,8215,наша запись HAR; ДЭГ — журнал
Новгородская область – Новгородский,53,1,14,Безверхов Николай Евгеньевич,19347,5600,13747,наша запись HAR; ДЭГ — журнал
Новгородская область – Новгородский,53,1,15,Ефимова Ольга Анатольевна,34421,6179,28242,наша запись HAR; ДЭГ — журнал
Новгородская область – Новгородский,53,1,16,Зубарев Сергей Александрович,11183,1626,9557,наша запись HAR; ДЭГ — журнал
Новгородская область – Новгородский,53,1,17,Кирьянов Артем Юрьевич,66459,20339,46120,наша запись HAR; ДЭГ — журнал
Новгородская область – Новгородский,53,1,18,Максимова Елена Юрьевна,6405,2065,4340,наша запись HAR; ДЭГ — журнал
Новгородская область – Новгородский,53,1,19,Приходько Илья Викторович,18263,5758,12505,наша запись HAR; ДЭГ — журнал
Новгородская область – Новгородский,53,1,20,Хорошевская Алла Ильинична,17721,3434,14287,наша запись HAR; ДЭГ — журнал
Новгородская область – Новгородский,53,1,21,Шалякин Виктор Владимирович,13311,3126,10185,наша запись HAR; ДЭГ — журнал
Новгородская область – Новгородский,53,2,1,"Число избирателей, внесенных в списки избирателей на момент окончания голосования",465627,52583,413044,наша запись HAR; ДЭГ — журнал
Новгородская область – Новгородский,53,2,2,"Число избирательных бюллетеней, полученных участковыми избирательными комиссиями",437906,49650,388256,наша запись HAR; ДЭГ — журнал
Новгородская область – Новгородский,53,2,3,"Число избирательных бюллетеней, выданных избирателям, проголосовавшим досрочно",0,0,0,наша запись HAR; ДЭГ — журнал
Новгородская область – Новгородский,53,2,4,"Число избирательных бюллетеней, выданных участковыми избирательными комиссиями избирателям в помещениях для голосования в день голосования",187281,49650,137631,наша запись HAR; ДЭГ — журнал
Новгородская область – Новгородский,53,2,5,"Число избирательных бюллетеней, выданных избирателям, проголосовавшим вне помещений для голосования в день голосования",18524,0,18524,наша запись HAR; ДЭГ — журнал
Новгородская область – Новгородский,53,2,6,Число погашенных избирательных бюллетеней,232101,0,232101,наша запись HAR; ДЭГ — журнал
Новгородская область – Новгородский,53,2,7,"Число избирательных бюллетеней, содержащихся в переносных ящиках для голосования",18524,0,18524,наша запись HAR; ДЭГ — журнал
Новгородская область – Новгородский,53,2,8,"Число избирательных бюллетеней, содержащихся в стационарных ящиках для голосования",187009,49513,137496,наша запись HAR; ДЭГ — журнал
Новгородская область – Новгородский,53,2,9,Число недействительных избирательных бюллетеней,4937,0,4937,наша запись HAR; ДЭГ — журнал
Новгородская область – Новгородский,53,2,10,Число действительных избирательных бюллетеней,200596,49513,151083,наша запись HAR; ДЭГ — журнал
Новгородская область – Новгородский,53,2,11,Число утраченных избирательных бюллетеней,0,0,0,наша запись HAR; ДЭГ — журнал
Новгородская область – Новгородский,53,2,12,"Число избирательных бюллетеней, не учтенных при получении",0,0,0,наша запись HAR; ДЭГ — журнал
Новгородская область – Новгородский,53,2,13,"Всероссийская политическая партия ""ЕДИНАЯ РОССИЯ""",82420,25217,57203,наша запись HAR; ДЭГ — журнал
Новгородская область – Новгородский,53,2,14,Политическая партия ЛДПР – Либерально-демократическая партия России,23799,5152,18647,наша запись HAR; ДЭГ — журнал
Новгородская область – Новгородский,53,2,15,"Политическая партия ""Партия прямой демократии""",767,197,570,наша запись HAR; ДЭГ — журнал
Новгородская область – Новгородский,53,2,16,"Политическая партия ""Российская экологическая партия ""ЗЕЛЁНЫЕ""",3271,1144,2127,наша запись HAR; ДЭГ — журнал
Новгородская область – Новгородский,53,2,17,Социалистическая политическая партия СПРАВЕДЛИВАЯ РОССИЯ,15703,2854,12849,наша запись HAR; ДЭГ — журнал
Новгородская область – Новгородский,53,2,18,"ВСЕРОССИЙСКАЯ ПОЛИТИЧЕСКАЯ ПАРТИЯ ""РОДИНА""",1788,327,1461,наша запись HAR; ДЭГ — журнал
Новгородская область – Новгородский,53,2,19,КПРФ - политическая партия КОММУНИСТИЧЕСКАЯ ПАРТИЯ РОССИЙСКОЙ ФЕДЕРАЦИИ,36565,5224,31341,наша запись HAR; ДЭГ — журнал
Новгородская область – Новгородский,53,2,20,ПАРТИЯ ПЕНСИОНЕРОВ,9796,1320,8476,наша запись HAR; ДЭГ — журнал
Новгородская область – Новгородский,53,2,21,Политическая партия КОММУНИСТИЧЕСКАЯ ПАРТИЯ КОММУНИСТЫ РОССИИ,2455,658,1797,наша запись HAR; ДЭГ — журнал
Новгородская область – Новгородский,53,2,22,"Политическая партия ""НОВЫЕ ЛЮДИ""",24032,7420,16612,наша запись HAR; ДЭГ — журнал
Челябинская область – Металлургический,74,1,1,"Число избирателей, внесенных в списки избирателей на момент окончания голосования",514621,41674,472947,наша запись HAR; ДЭГ — журнал
Челябинская область – Металлургический,74,1,2,"Число избирательных бюллетеней, полученных участковыми избирательными комиссиями",485523,36866,448657,наша запись HAR; ДЭГ — журнал
Челябинская область – Металлургический,74,1,3,"Число избирательных бюллетеней, выданных избирателям, проголосовавшим досрочно",0,0,0,наша запись HAR; ДЭГ — журнал
Челябинская область – Металлургический,74,1,4,"Число избирательных бюллетеней, выданных участковыми избирательными комиссиями избирателям в помещениях для голосования в день голосования",241084,36866,204218,наша запись HAR; ДЭГ — журнал
Челябинская область – Металлургический,74,1,5,"Число избирательных бюллетеней, выданных избирателям, проголосовавшим вне помещений для голосования в день голосования",37786,0,37786,наша запись HAR; ДЭГ — журнал
Челябинская область – Металлургический,74,1,6,Число погашенных избирательных бюллетеней,206645,0,206645,наша запись HAR; ДЭГ — журнал
Челябинская область – Металлургический,74,1,7,"Число избирательных бюллетеней, содержащихся в переносных ящиках для голосования",37712,0,37712,наша запись HAR; ДЭГ — журнал
Челябинская область – Металлургический,74,1,8,"Число избирательных бюллетеней, содержащихся в стационарных ящиках для голосования",240464,36431,204033,наша запись HAR; ДЭГ — журнал
Челябинская область – Металлургический,74,1,9,Число недействительных избирательных бюллетеней,8492,0,8492,наша запись HAR; ДЭГ — журнал
Челябинская область – Металлургический,74,1,10,Число действительных избирательных бюллетеней,269684,36431,233253,наша запись HAR; ДЭГ — журнал
Челябинская область – Металлургический,74,1,11,Число утраченных избирательных бюллетеней,8,0,8,наша запись HAR; ДЭГ — журнал
Челябинская область – Металлургический,74,1,12,"Число избирательных бюллетеней, не учтенных при получении",0,0,0,наша запись HAR; ДЭГ — журнал
Челябинская область – Металлургический,74,1,13,Бабкин Егор Васильевич,44331,7122,37209,наша запись HAR; ДЭГ — журнал
Челябинская область – Металлургический,74,1,14,Борсук Денис Александрович,18332,2489,15843,наша запись HAR; ДЭГ — журнал
Челябинская область – Металлургический,74,1,15,Валиева Анна Сергеевна,11549,1639,9910,наша запись HAR; ДЭГ — журнал
Челябинская область – Металлургический,74,1,16,Горшков Евгений Анатольевич,35720,6253,29467,наша запись HAR; ДЭГ — журнал
Челябинская область – Металлургический,74,1,17,Денисенко Алексей Владимирович,110875,10380,100495,наша запись HAR; ДЭГ — журнал
Челябинская область – Металлургический,74,1,18,Кудинов Антон Геннадьевич,19506,4625,14881,наша запись HAR; ДЭГ — журнал
Челябинская область – Металлургический,74,1,19,Новрузов Турал Айдамирович,29371,3923,25448,наша запись HAR; ДЭГ — журнал
Челябинская область – Металлургический,74,2,1,"Число избирателей, внесенных в списки избирателей на момент окончания голосования",515605,41674,473931,наша запись HAR; ДЭГ — журнал
Челябинская область – Металлургический,74,2,2,"Число избирательных бюллетеней, полученных участковыми избирательными комиссиями",485523,36866,448657,наша запись HAR; ДЭГ — журнал
Челябинская область – Металлургический,74,2,3,"Число избирательных бюллетеней, выданных избирателям, проголосовавшим досрочно",0,0,0,наша запись HAR; ДЭГ — журнал
Челябинская область – Металлургический,74,2,4,"Число избирательных бюллетеней, выданных участковыми избирательными комиссиями избирателям в помещениях для голосования в день голосования",242766,36866,205900,наша запись HAR; ДЭГ — журнал
Челябинская область – Металлургический,74,2,5,"Число избирательных бюллетеней, выданных избирателям, проголосовавшим вне помещений для голосования в день голосования",38010,0,38010,наша запись HAR; ДЭГ — журнал
Челябинская область – Металлургический,74,2,6,Число погашенных избирательных бюллетеней,204747,0,204747,наша запись HAR; ДЭГ — журнал
Челябинская область – Металлургический,74,2,7,"Число избирательных бюллетеней, содержащихся в переносных ящиках для голосования",37936,0,37936,наша запись HAR; ДЭГ — журнал
Челябинская область – Металлургический,74,2,8,"Число избирательных бюллетеней, содержащихся в стационарных ящиках для голосования",242458,36723,205735,наша запись HAR; ДЭГ — журнал
Челябинская область – Металлургический,74,2,9,Число недействительных избирательных бюллетеней,5220,0,5220,наша запись HAR; ДЭГ — журнал
Челябинская область – Металлургический,74,2,10,Число действительных избирательных бюллетеней,275174,36723,238451,наша запись HAR; ДЭГ — журнал
Челябинская область – Металлургический,74,2,11,Число утраченных избирательных бюллетеней,0,0,0,наша запись HAR; ДЭГ — журнал
Челябинская область – Металлургический,74,2,12,"Число избирательных бюллетеней, не учтенных при получении",0,0,0,наша запись HAR; ДЭГ — журнал
Челябинская область – Металлургический,74,2,13,"Всероссийская политическая партия ""ЕДИНАЯ РОССИЯ""",130589,14108,116481,наша запись HAR; ДЭГ — журнал
Челябинская область – Металлургический,74,2,14,Политическая партия ЛДПР – Либерально-демократическая партия России,24288,4647,19641,наша запись HAR; ДЭГ — журнал
Челябинская область – Металлургический,74,2,15,"Политическая партия ""Партия прямой демократии""",889,220,669,наша запись HAR; ДЭГ — журнал
Челябинская область – Металлургический,74,2,16,"Политическая партия ""Российская экологическая партия ""ЗЕЛЁНЫЕ""",3017,601,2416,наша запись HAR; ДЭГ — журнал
Челябинская область – Металлургический,74,2,17,Социалистическая политическая партия СПРАВЕДЛИВАЯ РОССИЯ,32457,4063,28394,наша запись HAR; ДЭГ — журнал
Челябинская область – Металлургический,74,2,18,"ВСЕРОССИЙСКАЯ ПОЛИТИЧЕСКАЯ ПАРТИЯ ""РОДИНА""",1858,302,1556,наша запись HAR; ДЭГ — журнал
Челябинская область – Металлургический,74,2,19,КПРФ - политическая партия КОММУНИСТИЧЕСКАЯ ПАРТИЯ РОССИЙСКОЙ ФЕДЕРАЦИИ,35902,4381,31521,наша запись HAR; ДЭГ — журнал
Челябинская область – Металлургический,74,2,20,ПАРТИЯ ПЕНСИОНЕРОВ,9169,942,8227,наша запись HAR; ДЭГ — журнал
Челябинская область – Металлургический,74,2,21,Политическая партия КОММУНИСТИЧЕСКАЯ ПАРТИЯ КОММУНИСТЫ РОССИИ,2449,408,2041,наша запись HAR; ДЭГ — журнал
Челябинская область – Металлургический,74,2,22,"Политическая партия ""НОВЫЕ ЛЮДИ""",34556,7051,27505,наша запись HAR; ДЭГ — журнал
Московская область – Балашихинский,50,1,1,"Число избирателей, внесенных в списки избирателей на момент окончания голосования",458814,48384,410430,наша запись HAR; ДЭГ — журнал
Московская область – Балашихинский,50,1,2,"Число избирательных бюллетеней, полученных участковыми избирательными комиссиями",380756,43464,337292,наша запись HAR; ДЭГ — журнал
Московская область – Балашихинский,50,1,3,"Число избирательных бюллетеней, выданных избирателям, проголосовавшим досрочно",0,0,0,наша запись HAR; ДЭГ — журнал
Московская область – Балашихинский,50,1,4,"Число избирательных бюллетеней, выданных участковыми избирательными комиссиями избирателям в помещениях для голосования в день голосования",230240,43464,186776,наша запись HAR; ДЭГ — журнал
Московская область – Балашихинский,50,1,5,"Число избирательных бюллетеней, выданных избирателям, проголосовавшим вне помещений для голосования в день голосования",4228,0,4228,наша запись HAR; ДЭГ — журнал
Московская область – Балашихинский,50,1,6,Число погашенных избирательных бюллетеней,146288,0,146288,наша запись HAR; ДЭГ — журнал
Московская область – Балашихинский,50,1,7,"Число избирательных бюллетеней, содержащихся в переносных ящиках для голосования",4228,0,4228,наша запись HAR; ДЭГ — журнал
Московская область – Балашихинский,50,1,8,"Число избирательных бюллетеней, содержащихся в стационарных ящиках для голосования",229490,43055,186435,наша запись HAR; ДЭГ — журнал
Московская область – Балашихинский,50,1,9,Число недействительных избирательных бюллетеней,466,0,466,наша запись HAR; ДЭГ — журнал
Московская область – Балашихинский,50,1,10,Число действительных избирательных бюллетеней,233252,43055,190197,наша запись HAR; ДЭГ — журнал
Московская область – Балашихинский,50,1,11,Число утраченных избирательных бюллетеней,0,0,0,наша запись HAR; ДЭГ — журнал
Московская область – Балашихинский,50,1,12,"Число избирательных бюллетеней, не учтенных при получении",0,0,0,наша запись HAR; ДЭГ — журнал
Московская область – Балашихинский,50,1,13,Волков Юрий Игоревич,2729,1657,1072,наша запись HAR; ДЭГ — журнал
Московская область – Балашихинский,50,1,14,Зверев Олег Михайлович,35949,4845,31104,наша запись HAR; ДЭГ — журнал
Московская область – Балашихинский,50,1,15,Попов Петр Петрович,3638,1921,1717,наша запись HAR; ДЭГ — журнал
Московская область – Балашихинский,50,1,16,Синякин Владимир Владимирович,20075,3297,16778,наша запись HAR; ДЭГ — журнал
Московская область – Балашихинский,50,1,17,Фатигаров Василий Юрьевич,2492,1524,968,наша запись HAR; ДЭГ — журнал
Московская область – Балашихинский,50,1,18,Хвастунова Алла Сергеевна,23252,5528,17724,наша запись HAR; ДЭГ — журнал
Московская область – Балашихинский,50,1,19,Шинкарев Дмитрий Николаевич,14286,2269,12017,наша запись HAR; ДЭГ — журнал
Московская область – Балашихинский,50,1,20,Юров Сергей Геннадиевич,130831,22014,108817,наша запись HAR; ДЭГ — журнал
Архангельская область – Котласский,29,1,1,"Число избирателей, внесенных в списки избирателей на момент окончания голосования",427552,42111,385441,наша запись HAR; ДЭГ — журнал
Архангельская область – Котласский,29,1,2,"Число избирательных бюллетеней, полученных участковыми избирательными комиссиями",408183,38684,369499,наша запись HAR; ДЭГ — журнал
Архангельская область – Котласский,29,1,3,"Число избирательных бюллетеней, выданных избирателям, проголосовавшим досрочно",982,0,982,наша запись HAR; ДЭГ — журнал
Архангельская область – Котласский,29,1,4,"Число избирательных бюллетеней, выданных участковыми избирательными комиссиями избирателям в помещениях для голосования в день голосования",163352,38684,124668,наша запись HAR; ДЭГ — журнал
Архангельская область – Котласский,29,1,5,"Число избирательных бюллетеней, выданных избирателям, проголосовавшим вне помещений для голосования в день голосования",17047,0,17047,наша запись HAR; ДЭГ — журнал
Архангельская область – Котласский,29,1,6,Число погашенных избирательных бюллетеней,226805,0,226805,наша запись HAR; ДЭГ — журнал
Архангельская область – Котласский,29,1,7,"Число избирательных бюллетеней, содержащихся в переносных ящиках для голосования",18029,0,18029,наша запись HAR; ДЭГ — журнал
Архангельская область – Котласский,29,1,8,"Число избирательных бюллетеней, содержащихся в стационарных ящиках для голосования",162815,38215,124600,наша запись HAR; ДЭГ — журнал
Архангельская область – Котласский,29,1,9,Число недействительных избирательных бюллетеней,5998,0,5998,наша запись HAR; ДЭГ — журнал
Архангельская область – Котласский,29,1,10,Число действительных избирательных бюллетеней,174846,38215,136631,наша запись HAR; ДЭГ — журнал
Архангельская область – Котласский,29,1,11,Число утраченных избирательных бюллетеней,0,0,0,наша запись HAR; ДЭГ — журнал
Архангельская область – Котласский,29,1,12,"Число избирательных бюллетеней, не учтенных при получении",3,0,3,наша запись HAR; ДЭГ — журнал
Архангельская область – Котласский,29,1,13,Ивашина Наталья Вячеславовна,36952,5765,31187,наша запись HAR; ДЭГ — журнал
Архангельская область – Котласский,29,1,14,Каракин Андрей Евгеньевич,17920,4473,13447,наша запись HAR; ДЭГ — журнал
Архангельская область – Котласский,29,1,15,Кислов Владимир Александрович,27603,6567,21036,наша запись HAR; ДЭГ — журнал
Архангельская область – Котласский,29,1,16,Кудзагова Александра Андреевна,4101,825,3276,наша запись HAR; ДЭГ — журнал
Архангельская область – Котласский,29,1,17,Пискунов Максим Владимирович,8000,2062,5938,наша запись HAR; ДЭГ — журнал
Архангельская область – Котласский,29,1,18,Харченко Мария Борисовна,48015,11728,36287,наша запись HAR; ДЭГ — журнал
Архангельская область – Котласский,29,1,19,Черненко Олег Витальевич,32255,6795,25460,наша запись HAR; ДЭГ — журнал
Архангельская область – Котласский,29,2,1,"Число избирателей, внесенных в списки избирателей на момент окончания голосования",431210,42111,389099,наша запись HAR; ДЭГ — журнал
Архангельская область – Котласский,29,2,2,"Число избирательных бюллетеней, полученных участковыми избирательными комиссиями",408923,38684,370239,наша запись HAR; ДЭГ — журнал
Архангельская область – Котласский,29,2,3,"Число избирательных бюллетеней, выданных избирателям, проголосовавшим досрочно",1803,0,1803,наша запись HAR; ДЭГ — журнал
Архангельская область – Котласский,29,2,4,"Число избирательных бюллетеней, выданных участковыми избирательными комиссиями избирателям в помещениях для голосования в день голосования",166435,38684,127751,наша запись HAR; ДЭГ — журнал
Архангельская область – Котласский,29,2,5,"Число избирательных бюллетеней, выданных избирателям, проголосовавшим вне помещений для голосования в день голосования",17824,0,17824,наша запись HAR; ДЭГ — журнал
Архангельская область – Котласский,29,2,6,Число погашенных избирательных бюллетеней,222862,0,222862,наша запись HAR; ДЭГ — журнал
Архангельская область – Котласский,29,2,7,"Число избирательных бюллетеней, содержащихся в переносных ящиках для голосования",19627,0,19627,наша запись HAR; ДЭГ — журнал
Архангельская область – Котласский,29,2,8,"Число избирательных бюллетеней, содержащихся в стационарных ящиках для голосования",166194,38527,127667,наша запись HAR; ДЭГ — журнал
Архангельская область – Котласский,29,2,9,Число недействительных избирательных бюллетеней,3865,0,3865,наша запись HAR; ДЭГ — журнал
Архангельская область – Котласский,29,2,10,Число действительных избирательных бюллетеней,181956,38527,143429,наша запись HAR; ДЭГ — журнал
Архангельская область – Котласский,29,2,11,Число утраченных избирательных бюллетеней,0,0,0,наша запись HAR; ДЭГ — журнал
Архангельская область – Котласский,29,2,12,"Число избирательных бюллетеней, не учтенных при получении",1,0,1,наша запись HAR; ДЭГ — журнал
Архангельская область – Котласский,29,2,13,"Всероссийская политическая партия ""ЕДИНАЯ РОССИЯ""",62981,15998,46983,наша запись HAR; ДЭГ — журнал
Архангельская область – Котласский,29,2,14,Политическая партия ЛДПР – Либерально-демократическая партия России,28034,5728,22306,наша запись HAR; ДЭГ — журнал
Архангельская область – Котласский,29,2,15,"Политическая партия ""Партия прямой демократии""",560,182,378,наша запись HAR; ДЭГ — журнал
Архангельская область – Котласский,29,2,16,"Политическая партия ""Российская экологическая партия ""ЗЕЛЁНЫЕ""",3032,846,2186,наша запись HAR; ДЭГ — журнал
Архангельская область – Котласский,29,2,17,Социалистическая политическая партия СПРАВЕДЛИВАЯ РОССИЯ,16333,2788,13545,наша запись HAR; ДЭГ — журнал
Архангельская область – Котласский,29,2,18,"ВСЕРОССИЙСКАЯ ПОЛИТИЧЕСКАЯ ПАРТИЯ ""РОДИНА""",1508,207,1301,наша запись HAR; ДЭГ — журнал
Архангельская область – Котласский,29,2,19,КПРФ - политическая партия КОММУНИСТИЧЕСКАЯ ПАРТИЯ РОССИЙСКОЙ ФЕДЕРАЦИИ,35125,4652,30473,наша запись HAR; ДЭГ — журнал
Архангельская область – Котласский,29,2,20,ПАРТИЯ ПЕНСИОНЕРОВ,11041,1711,9330,наша запись HAR; ДЭГ — журнал
Архангельская область – Котласский,29,2,21,Политическая партия КОММУНИСТИЧЕСКАЯ ПАРТИЯ КОММУНИСТЫ РОССИИ,2054,454,1600,наша запись HAR; ДЭГ — журнал
Архангельская область – Котласский,29,2,22,"Политическая партия ""НОВЫЕ ЛЮДИ""",21288,5961,15327,наша запись HAR; ДЭГ — журнал
Псковская область – Псковский,60,1,1,"Число избирателей, внесенных в списки избирателей на момент окончания голосования",490388,53732,436656,наша запись HAR; ДЭГ — журнал
Псковская область – Псковский,60,1,2,"Число избирательных бюллетеней, полученных участковыми избирательными комиссиями",444223,49667,394556,наша запись HAR; ДЭГ — журнал
Псковская область – Псковский,60,1,3,"Число избирательных бюллетеней, выданных избирателям, проголосовавшим досрочно",0,0,0,наша запись HAR; ДЭГ — журнал
Псковская область – Псковский,60,1,4,"Число избирательных бюллетеней, выданных участковыми избирательными комиссиями избирателям в помещениях для голосования в день голосования",201367,49667,151700,наша запись HAR; ДЭГ — журнал
Псковская область – Псковский,60,1,5,"Число избирательных бюллетеней, выданных избирателям, проголосовавшим вне помещений для голосования в день голосования",54048,0,54048,наша запись HAR; ДЭГ — журнал
Псковская область – Псковский,60,1,6,Число погашенных избирательных бюллетеней,188808,0,188808,наша запись HAR; ДЭГ — журнал
Псковская область – Псковский,60,1,7,"Число избирательных бюллетеней, содержащихся в переносных ящиках для голосования",54024,0,54024,наша запись HAR; ДЭГ — журнал
Псковская область – Псковский,60,1,8,"Число избирательных бюллетеней, содержащихся в стационарных ящиках для голосования",200246,49213,151033,наша запись HAR; ДЭГ — журнал
Псковская область – Псковский,60,1,9,Число недействительных избирательных бюллетеней,5612,0,5612,наша запись HAR; ДЭГ — журнал
Псковская область – Псковский,60,1,10,Число действительных избирательных бюллетеней,248658,49213,199445,наша запись HAR; ДЭГ — журнал
Псковская область – Псковский,60,1,11,Число утраченных избирательных бюллетеней,0,0,0,наша запись HAR; ДЭГ — журнал
Псковская область – Псковский,60,1,12,"Число избирательных бюллетеней, не учтенных при получении",0,0,0,наша запись HAR; ДЭГ — журнал
Псковская область – Псковский,60,1,13,Бикташев Павел Фанавиевич,5805,987,4818,наша запись HAR; ДЭГ — журнал
Псковская область – Псковский,60,1,14,Васильев Евгений Геннадьевич,15619,3020,12599,наша запись HAR; ДЭГ — журнал
Псковская область – Псковский,60,1,15,Иванов Михаил Александрович,10261,1846,8415,наша запись HAR; ДЭГ — журнал
Псковская область – Псковский,60,1,16,Козловский Александр Николаевич,129563,20578,108985,наша запись HAR; ДЭГ — журнал
Псковская область – Псковский,60,1,17,Минаков Антон Александрович,17223,5430,11793,наша запись HAR; ДЭГ — журнал
Псковская область – Псковский,60,1,18,Михайлов Дмитрий Юрьевич,31850,5574,26276,наша запись HAR; ДЭГ — журнал
Псковская область – Псковский,60,1,19,Романов Игорь Павлович,15155,5029,10126,наша запись HAR; ДЭГ — журнал
Псковская область – Псковский,60,1,20,Сорокин Кирилл Михайлович,4968,1541,3427,наша запись HAR; ДЭГ — журнал
Псковская область – Псковский,60,1,21,Тудакова Наталья Викторовна,18214,5208,13006,наша запись HAR; ДЭГ — журнал
Костромская область – Костромской,44,1,1,"Число избирателей, внесенных в списки избирателей на момент окончания голосования",491307,35639,455668,наша запись HAR; ДЭГ — журнал
Костромская область – Костромской,44,1,2,"Число избирательных бюллетеней, полученных участковыми избирательными комиссиями",417975,33072,384903,наша запись HAR; ДЭГ — журнал
Костромская область – Костромской,44,1,3,"Число избирательных бюллетеней, выданных избирателям, проголосовавшим досрочно",0,0,0,наша запись HAR; ДЭГ — журнал
Костромская область – Костромской,44,1,4,"Число избирательных бюллетеней, выданных участковыми избирательными комиссиями избирателям в помещениях для голосования в день голосования",186961,33072,153889,наша запись HAR; ДЭГ — журнал
Костромская область – Костромской,44,1,5,"Число избирательных бюллетеней, выданных избирателям, проголосовавшим вне помещений для голосования в день голосования",42767,0,42767,наша запись HAR; ДЭГ — журнал
Костромская область – Костромской,44,1,6,Число погашенных избирательных бюллетеней,188247,0,188247,наша запись HAR; ДЭГ — журнал
Костромская область – Костромской,44,1,7,"Число избирательных бюллетеней, содержащихся в переносных ящиках для голосования",42766,0,42766,наша запись HAR; ДЭГ — журнал
Костромская область – Костромской,44,1,8,"Число избирательных бюллетеней, содержащихся в стационарных ящиках для голосования",186656,32836,153820,наша запись HAR; ДЭГ — журнал
Костромская область – Костромской,44,1,9,Число недействительных избирательных бюллетеней,4417,0,4417,наша запись HAR; ДЭГ — журнал
Костромская область – Костромской,44,1,10,Число действительных избирательных бюллетеней,225005,32836,192169,наша запись HAR; ДЭГ — журнал
Костромская область – Костромской,44,1,11,Число утраченных избирательных бюллетеней,0,0,0,наша запись HAR; ДЭГ — журнал
Костромская область – Костромской,44,1,12,"Число избирательных бюллетеней, не учтенных при получении",0,0,0,наша запись HAR; ДЭГ — журнал
Костромская область – Костромской,44,1,13,Анохин Алексей Алексеевич,115067,16480,98587,наша запись HAR; ДЭГ — журнал
Костромская область – Костромской,44,1,14,Буй Анатолий Филиппович,9673,936,8737,наша запись HAR; ДЭГ — журнал
Костромская область – Костромской,44,1,15,Зайфиди Павел Кириллович,15930,3921,12009,наша запись HAR; ДЭГ — журнал
Костромская область – Костромской,44,1,16,Ижицкий Валерий Петрович,40827,4090,36737,наша запись HAR; ДЭГ — журнал
Костромская область – Костромской,44,1,17,Кудрявцев Юрий Петрович,10715,1067,9648,наша запись HAR; ДЭГ — журнал
Костромская область – Костромской,44,1,18,Миндолин Юрий Алексеевич,16257,2785,13472,наша запись HAR; ДЭГ — журнал
Костромская область – Костромской,44,1,19,Тарасов Андрей Леонидович,16536,3557,12979,наша запись HAR; ДЭГ — журнал
Костромская область – Костромской,44,2,1,"Число избирателей, внесенных в списки избирателей на момент окончания голосования",492164,35639,456525,наша запись HAR; ДЭГ — журнал
Костромская область – Костромской,44,2,2,"Число избирательных бюллетеней, полученных участковыми избирательными комиссиями",418036,33072,384964,наша запись HAR; ДЭГ — журнал
Костромская область – Костромской,44,2,3,"Число избирательных бюллетеней, выданных избирателям, проголосовавшим досрочно",0,0,0,наша запись HAR; ДЭГ — журнал
Костромская область – Костромской,44,2,4,"Число избирательных бюллетеней, выданных участковыми избирательными комиссиями избирателям в помещениях для голосования в день голосования",187575,33072,154503,наша запись HAR; ДЭГ — журнал
Костромская область – Костромской,44,2,5,"Число избирательных бюллетеней, выданных избирателям, проголосовавшим вне помещений для голосования в день голосования",43075,0,43075,наша запись HAR; ДЭГ — журнал
Костромская область – Костромской,44,2,6,Число погашенных избирательных бюллетеней,187386,0,187386,наша запись HAR; ДЭГ — журнал
Костромская область – Костромской,44,2,7,"Число избирательных бюллетеней, содержащихся в переносных ящиках для голосования",43075,0,43075,наша запись HAR; ДЭГ — журнал
Костромская область – Костромской,44,2,8,"Число избирательных бюллетеней, содержащихся в стационарных ящиках для голосования",187398,32974,154424,наша запись HAR; ДЭГ — журнал
Костромская область – Костромской,44,2,9,Число недействительных избирательных бюллетеней,3643,0,3643,наша запись HAR; ДЭГ — журнал
Костромская область – Костромской,44,2,10,Число действительных избирательных бюллетеней,226830,32974,193856,наша запись HAR; ДЭГ — журнал
Костромская область – Костромской,44,2,11,Число утраченных избирательных бюллетеней,0,0,0,наша запись HAR; ДЭГ — журнал
Костромская область – Костромской,44,2,12,"Число избирательных бюллетеней, не учтенных при получении",0,0,0,наша запись HAR; ДЭГ — журнал
Костромская область – Костромской,44,2,13,"Всероссийская политическая партия ""ЕДИНАЯ РОССИЯ""",110333,15874,94459,наша запись HAR; ДЭГ — журнал
Костромская область – Костромской,44,2,14,Политическая партия ЛДПР – Либерально-демократическая партия России,24157,3643,20514,наша запись HAR; ДЭГ — журнал
Костромская область – Костромской,44,2,15,"Политическая партия ""Партия прямой демократии""",612,124,488,наша запись HAR; ДЭГ — журнал
Костромская область – Костромской,44,2,16,"Политическая партия ""Российская экологическая партия ""ЗЕЛЁНЫЕ""",2380,723,1657,наша запись HAR; ДЭГ — журнал
Костромская область – Костромской,44,2,17,Социалистическая политическая партия СПРАВЕДЛИВАЯ РОССИЯ,11191,1439,9752,наша запись HAR; ДЭГ — журнал
Костромская область – Костромской,44,2,18,"ВСЕРОССИЙСКАЯ ПОЛИТИЧЕСКАЯ ПАРТИЯ ""РОДИНА""",1966,249,1717,наша запись HAR; ДЭГ — журнал
Костромская область – Костромской,44,2,19,КПРФ - политическая партия КОММУНИСТИЧЕСКАЯ ПАРТИЯ РОССИЙСКОЙ ФЕДЕРАЦИИ,42309,4146,38163,наша запись HAR; ДЭГ — журнал
Костромская область – Костромской,44,2,20,ПАРТИЯ ПЕНСИОНЕРОВ,8631,689,7942,наша запись HAR; ДЭГ — журнал
Костромская область – Костромской,44,2,21,Политическая партия КОММУНИСТИЧЕСКАЯ ПАРТИЯ КОММУНИСТЫ РОССИИ,2011,356,1655,наша запись HAR; ДЭГ — журнал
Костромская область – Костромской,44,2,22,"Политическая партия ""НОВЫЕ ЛЮДИ""",23240,5731,17509,наша запись HAR; ДЭГ — журнал
Пермский край – Пермский,90,1,1,"Число избирателей, внесенных в списки избирателей на момент окончания голосования",513137,41323,471814,наша запись HAR; ДЭГ — журнал
Пермский край – Пермский,90,1,2,"Число избирательных бюллетеней, полученных участковыми избирательными комиссиями",408279,36301,371978,наша запись HAR; ДЭГ — журнал
Пермский край – Пермский,90,1,3,"Число избирательных бюллетеней, выданных избирателям, проголосовавшим досрочно",0,0,0,наша запись HAR; ДЭГ — журнал
Пермский край – Пермский,90,1,4,"Число избирательных бюллетеней, выданных участковыми избирательными комиссиями избирателям в помещениях для голосования в день голосования",207177,36301,170876,наша запись HAR; ДЭГ — журнал
Пермский край – Пермский,90,1,5,"Число избирательных бюллетеней, выданных избирателям, проголосовавшим вне помещений для голосования в день голосования",30306,0,30306,наша запись HAR; ДЭГ — журнал
Пермский край – Пермский,90,1,6,Число погашенных избирательных бюллетеней,170796,0,170796,наша запись HAR; ДЭГ — журнал
Пермский край – Пермский,90,1,7,"Число избирательных бюллетеней, содержащихся в переносных ящиках для голосования",30287,0,30287,наша запись HAR; ДЭГ — журнал
Пермский край – Пермский,90,1,8,"Число избирательных бюллетеней, содержащихся в стационарных ящиках для голосования",206418,35831,170587,наша запись HAR; ДЭГ — журнал
Пермский край – Пермский,90,1,9,Число недействительных избирательных бюллетеней,8539,0,8539,наша запись HAR; ДЭГ — журнал
Пермский край – Пермский,90,1,10,Число действительных избирательных бюллетеней,228166,35831,192335,наша запись HAR; ДЭГ — журнал
Пермский край – Пермский,90,1,11,Число утраченных избирательных бюллетеней,0,0,0,наша запись HAR; ДЭГ — журнал
Пермский край – Пермский,90,1,12,"Число избирательных бюллетеней, не учтенных при получении",0,0,0,наша запись HAR; ДЭГ — журнал
Пермский край – Пермский,90,1,13,Алексеев Матвей Сергеевич,13757,1909,11848,наша запись HAR; ДЭГ — журнал
Пермский край – Пермский,90,1,14,Бежанян Армен Вруйрович,20189,5312,14877,наша запись HAR; ДЭГ — журнал
Пермский край – Пермский,90,1,15,Богданов Николай Михайлович,20822,5634,15188,наша запись HAR; ДЭГ — журнал
Пермский край – Пермский,90,1,16,Немкин Антон Игоревич,104772,10835,93937,наша запись HAR; ДЭГ — журнал
Пермский край – Пермский,90,1,17,Новокрещенов Дмитрий Владимирович,24308,4192,20116,наша запись HAR; ДЭГ — журнал
Пермский край – Пермский,90,1,18,Петухов Дмитрий Вадимович,11498,1467,10031,наша запись HAR; ДЭГ — журнал
Пермский край – Пермский,90,1,19,Пономарев Константин Эдуардович,16823,2734,14089,наша запись HAR; ДЭГ — журнал
Пермский край – Пермский,90,1,20,Романов Ян Георгиевич,15997,3748,12249,наша запись HAR; ДЭГ — журнал
Пермский край – Пермский,90,2,1,"Число избирателей, внесенных в списки избирателей на момент окончания голосования",515144,41323,473821,наша запись HAR; ДЭГ — журнал
Пермский край – Пермский,90,2,2,"Число избирательных бюллетеней, полученных участковыми избирательными комиссиями",408279,36301,371978,наша запись HAR; ДЭГ — журнал
Пермский край – Пермский,90,2,3,"Число избирательных бюллетеней, выданных избирателям, проголосовавшим досрочно",0,0,0,наша запись HAR; ДЭГ — журнал
Пермский край – Пермский,90,2,4,"Число избирательных бюллетеней, выданных участковыми избирательными комиссиями избирателям в помещениях для голосования в день голосования",209988,36301,173687,наша запись HAR; ДЭГ — журнал
Пермский край – Пермский,90,2,5,"Число избирательных бюллетеней, выданных избирателям, проголосовавшим вне помещений для голосования в день голосования",31189,0,31189,наша запись HAR; ДЭГ — журнал
Пермский край – Пермский,90,2,6,Число погашенных избирательных бюллетеней,167102,0,167102,наша запись HAR; ДЭГ — журнал
Пермский край – Пермский,90,2,7,"Число избирательных бюллетеней, содержащихся в переносных ящиках для голосования",31170,0,31170,наша запись HAR; ДЭГ — журнал
Пермский край – Пермский,90,2,8,"Число избирательных бюллетеней, содержащихся в стационарных ящиках для голосования",209598,36110,173488,наша запись HAR; ДЭГ — журнал
Пермский край – Пермский,90,2,9,Число недействительных избирательных бюллетеней,4950,0,4950,наша запись HAR; ДЭГ — журнал
Пермский край – Пермский,90,2,10,Число действительных избирательных бюллетеней,235818,36110,199708,наша запись HAR; ДЭГ — журнал
Пермский край – Пермский,90,2,11,Число утраченных избирательных бюллетеней,0,0,0,наша запись HAR; ДЭГ — журнал
Пермский край – Пермский,90,2,12,"Число избирательных бюллетеней, не учтенных при получении",0,0,0,наша запись HAR; ДЭГ — журнал
Пермский край – Пермский,90,2,13,"Всероссийская политическая партия ""ЕДИНАЯ РОССИЯ""",119062,13897,105165,наша запись HAR; ДЭГ — журнал
Пермский край – Пермский,90,2,14,Политическая партия ЛДПР – Либерально-демократическая партия России,23407,4778,18629,наша запись HAR; ДЭГ — журнал
Пермский край – Пермский,90,2,15,"Политическая партия ""Партия прямой демократии""",880,145,735,наша запись HAR; ДЭГ — журнал
Пермский край – Пермский,90,2,16,"Политическая партия ""Российская экологическая партия ""ЗЕЛЁНЫЕ""",2817,754,2063,наша запись HAR; ДЭГ — журнал
Пермский край – Пермский,90,2,17,Социалистическая политическая партия СПРАВЕДЛИВАЯ РОССИЯ,11404,2320,9084,наша запись HAR; ДЭГ — журнал
Пермский край – Пермский,90,2,18,"ВСЕРОССИЙСКАЯ ПОЛИТИЧЕСКАЯ ПАРТИЯ ""РОДИНА""",1521,294,1227,наша запись HAR; ДЭГ — журнал
Пермский край – Пермский,90,2,19,КПРФ - политическая партия КОММУНИСТИЧЕСКАЯ ПАРТИЯ РОССИЙСКОЙ ФЕДЕРАЦИИ,38012,5142,32870,наша запись HAR; ДЭГ — журнал
Пермский край – Пермский,90,2,20,ПАРТИЯ ПЕНСИОНЕРОВ,10528,1125,9403,наша запись HAR; ДЭГ — журнал
Пермский край – Пермский,90,2,21,Политическая партия КОММУНИСТИЧЕСКАЯ ПАРТИЯ КОММУНИСТЫ РОССИИ,2164,483,1681,наша запись HAR; ДЭГ — журнал
Пермский край – Пермский,90,2,22,"Политическая партия ""НОВЫЕ ЛЮДИ""",26023,7172,18851,наша запись HAR; ДЭГ — журнал
Московская область – Серпуховский,50,1,1,"Число избирателей, внесенных в списки избирателей на момент окончания голосования",546110,51636,494474,наша запись HAR; ДЭГ — журнал
Московская область – Серпуховский,50,1,2,"Число избирательных бюллетеней, полученных участковыми избирательными комиссиями",459503,47495,412008,наша запись HAR; ДЭГ — журнал
Московская область – Серпуховский,50,1,3,"Число избирательных бюллетеней, выданных избирателям, проголосовавшим досрочно",0,0,0,наша запись HAR; ДЭГ — журнал
Московская область – Серпуховский,50,1,4,"Число избирательных бюллетеней, выданных участковыми избирательными комиссиями избирателям в помещениях для голосования в день голосования",241933,47495,194438,наша запись HAR; ДЭГ — журнал
Московская область – Серпуховский,50,1,5,"Число избирательных бюллетеней, выданных избирателям, проголосовавшим вне помещений для голосования в день голосования",22690,0,22690,наша запись HAR; ДЭГ — журнал
Московская область – Серпуховский,50,1,6,Число погашенных избирательных бюллетеней,194875,0,194875,наша запись HAR; ДЭГ — журнал
Московская область – Серпуховский,50,1,7,"Число избирательных бюллетеней, содержащихся в переносных ящиках для голосования",22654,0,22654,наша запись HAR; ДЭГ — журнал
Московская область – Серпуховский,50,1,8,"Число избирательных бюллетеней, содержащихся в стационарных ящиках для голосования",240698,47004,193694,наша запись HAR; ДЭГ — журнал
Московская область – Серпуховский,50,1,9,Число недействительных избирательных бюллетеней,3822,1,3821,наша запись HAR; ДЭГ — журнал
Московская область – Серпуховский,50,1,10,Число действительных избирательных бюллетеней,259530,47003,212527,наша запись HAR; ДЭГ — журнал
Московская область – Серпуховский,50,1,11,Число утраченных избирательных бюллетеней,7,0,7,наша запись HAR; ДЭГ — журнал
Московская область – Серпуховский,50,1,12,"Число избирательных бюллетеней, не учтенных при получении",2,0,2,наша запись HAR; ДЭГ — журнал
Московская область – Серпуховский,50,1,13,Александрова Людмила Ивановна,11066,2593,8473,наша запись HAR; ДЭГ — журнал
Московская область – Серпуховский,50,1,14,Валиков Максим Александрович,28996,7223,21773,наша запись HAR; ДЭГ — журнал
Московская область – Серпуховский,50,1,15,Гусев Иван Львович,11259,3691,7568,наша запись HAR; ДЭГ — журнал
Московская область – Серпуховский,50,1,16,Коган Александр Борисович,137469,19813,117656,наша запись HAR; ДЭГ — журнал
Московская область – Серпуховский,50,1,17,Наумов Александр Анатольевич,42421,5545,36876,наша запись HAR; ДЭГ — журнал
Московская область – Серпуховский,50,1,18,Хомяков Олег Евгеньевич,18161,5371,12790,наша запись HAR; ДЭГ — журнал
Московская область – Серпуховский,50,1,19,Чувакова Анастасия Игоревна,10158,2767,7391,наша запись HAR; ДЭГ — журнал
Московская область – Серпуховский,50,2,1,"Число избирателей, внесенных в списки избирателей на момент окончания голосования",546966,51636,495330,наша запись HAR; ДЭГ — журнал
Московская область – Серпуховский,50,2,2,"Число избирательных бюллетеней, полученных участковыми избирательными комиссиями",461003,47495,413508,наша запись HAR; ДЭГ — журнал
Московская область – Серпуховский,50,2,3,"Число избирательных бюллетеней, выданных избирателям, проголосовавшим досрочно",0,0,0,наша запись HAR; ДЭГ — журнал
Московская область – Серпуховский,50,2,4,"Число избирательных бюллетеней, выданных участковыми избирательными комиссиями избирателям в помещениях для голосования в день голосования",242567,47495,195072,наша запись HAR; ДЭГ — журнал
Московская область – Серпуховский,50,2,5,"Число избирательных бюллетеней, выданных избирателям, проголосовавшим вне помещений для голосования в день голосования",24941,0,24941,наша запись HAR; ДЭГ — журнал
Московская область – Серпуховский,50,2,6,Число погашенных избирательных бюллетеней,193490,0,193490,наша запись HAR; ДЭГ — журнал
Московская область – Серпуховский,50,2,7,"Число избирательных бюллетеней, содержащихся в переносных ящиках для голосования",24905,0,24905,наша запись HAR; ДЭГ — журнал
Московская область – Серпуховский,50,2,8,"Число избирательных бюллетеней, содержащихся в стационарных ящиках для голосования",241699,47316,194383,наша запись HAR; ДЭГ — журнал
Московская область – Серпуховский,50,2,9,Число недействительных избирательных бюллетеней,3304,1,3303,наша запись HAR; ДЭГ — журнал
Московская область – Серпуховский,50,2,10,Число действительных избирательных бюллетеней,263300,47315,215985,наша запись HAR; ДЭГ — журнал
Московская область – Серпуховский,50,2,11,Число утраченных избирательных бюллетеней,7,0,7,наша запись HAR; ДЭГ — журнал
Московская область – Серпуховский,50,2,12,"Число избирательных бюллетеней, не учтенных при получении",2,0,2,наша запись HAR; ДЭГ — журнал
Московская область – Серпуховский,50,2,13,"Всероссийская политическая партия ""ЕДИНАЯ РОССИЯ""",145957,22749,123208,наша запись HAR; ДЭГ — журнал
Московская область – Серпуховский,50,2,14,Политическая партия ЛДПР – Либерально-демократическая партия России,24033,5077,18956,наша запись HAR; ДЭГ — журнал
Московская область – Серпуховский,50,2,15,"Политическая партия ""Партия прямой демократии""",869,204,665,наша запись HAR; ДЭГ — журнал
Московская область – Серпуховский,50,2,16,"Политическая партия ""Российская экологическая партия ""ЗЕЛЁНЫЕ""",4040,1113,2927,наша запись HAR; ДЭГ — журнал
Московская область – Серпуховский,50,2,17,Социалистическая политическая партия СПРАВЕДЛИВАЯ РОССИЯ,14520,2639,11881,наша запись HAR; ДЭГ — журнал
Московская область – Серпуховский,50,2,18,"ВСЕРОССИЙСКАЯ ПОЛИТИЧЕСКАЯ ПАРТИЯ ""РОДИНА""",1752,527,1225,наша запись HAR; ДЭГ — журнал
Московская область – Серпуховский,50,2,19,КПРФ - политическая партия КОММУНИСТИЧЕСКАЯ ПАРТИЯ РОССИЙСКОЙ ФЕДЕРАЦИИ,41184,5752,35432,наша запись HAR; ДЭГ — журнал
Московская область – Серпуховский,50,2,20,ПАРТИЯ ПЕНСИОНЕРОВ,4147,1305,2842,наша запись HAR; ДЭГ — журнал
Московская область – Серпуховский,50,2,21,Политическая партия КОММУНИСТИЧЕСКАЯ ПАРТИЯ КОММУНИСТЫ РОССИИ,2036,602,1434,наша запись HAR; ДЭГ — журнал
Московская область – Серпуховский,50,2,22,"Политическая партия ""НОВЫЕ ЛЮДИ""",24762,7347,17415,наша запись HAR; ДЭГ — журнал
Владимирская область – Владимирский,33,1,1,"Число избирателей, внесенных в списки избирателей на момент окончания голосования",522203,41400,480803,наша запись HAR; ДЭГ — журнал
Владимирская область – Владимирский,33,1,2,"Число избирательных бюллетеней, полученных участковыми избирательными комиссиями",475593,37620,437973,наша запись HAR; ДЭГ — журнал
Владимирская область – Владимирский,33,1,3,"Число избирательных бюллетеней, выданных избирателям, проголосовавшим досрочно",0,0,0,наша запись HAR; ДЭГ — журнал
Владимирская область – Владимирский,33,1,4,"Число избирательных бюллетеней, выданных участковыми избирательными комиссиями избирателям в помещениях для голосования в день голосования",217047,37620,179427,наша запись HAR; ДЭГ — журнал
Владимирская область – Владимирский,33,1,5,"Число избирательных бюллетеней, выданных избирателям, проголосовавшим вне помещений для голосования в день голосования",43696,0,43696,наша запись HAR; ДЭГ — журнал
Владимирская область – Владимирский,33,1,6,Число погашенных избирательных бюллетеней,214850,0,214850,наша запись HAR; ДЭГ — журнал
Владимирская область – Владимирский,33,1,7,"Число избирательных бюллетеней, содержащихся в переносных ящиках для голосования",43696,0,43696,наша запись HAR; ДЭГ — журнал
Владимирская область – Владимирский,33,1,8,"Число избирательных бюллетеней, содержащихся в стационарных ящиках для голосования",216444,37177,179267,наша запись HAR; ДЭГ — журнал
Владимирская область – Владимирский,33,1,9,Число недействительных избирательных бюллетеней,5334,0,5334,наша запись HAR; ДЭГ — журнал
Владимирская область – Владимирский,33,1,10,Число действительных избирательных бюллетеней,254806,37177,217629,наша запись HAR; ДЭГ — журнал
Владимирская область – Владимирский,33,1,11,Число утраченных избирательных бюллетеней,0,0,0,наша запись HAR; ДЭГ — журнал
Владимирская область – Владимирский,33,1,12,"Число избирательных бюллетеней, не учтенных при получении",0,0,0,наша запись HAR; ДЭГ — журнал
Владимирская область – Владимирский,33,1,13,Игошин Игорь Николаевич,163800,19200,144600,наша запись HAR; ДЭГ — журнал
Владимирская область – Владимирский,33,1,14,Корнишов Сергей Викторович,23201,5351,17850,наша запись HAR; ДЭГ — журнал
Владимирская область – Владимирский,33,1,15,Петросян Рафаэль Давитович,4717,1064,3653,наша запись HAR; ДЭГ — журнал
Владимирская область – Владимирский,33,1,16,Серебров Вадим Анатольевич,36093,4968,31125,наша запись HAR; ДЭГ — журнал
Владимирская область – Владимирский,33,1,17,Соловьев Егор Валерьевич,15272,4294,10978,наша запись HAR; ДЭГ — журнал
Владимирская область – Владимирский,33,1,18,Чернов Максим Дмитриевич,7270,1424,5846,наша запись HAR; ДЭГ — журнал
Владимирская область – Владимирский,33,1,19,Чернышев Борис Борисович,4453,876,3577,наша запись HAR; ДЭГ — журнал
Владимирская область – Владимирский,33,2,1,"Число избирателей, внесенных в списки избирателей на момент окончания голосования",523871,41400,482471,наша запись HAR; ДЭГ — журнал
Владимирская область – Владимирский,33,2,2,"Число избирательных бюллетеней, полученных участковыми избирательными комиссиями",475696,37620,438076,наша запись HAR; ДЭГ — журнал
Владимирская область – Владимирский,33,2,3,"Число избирательных бюллетеней, выданных избирателям, проголосовавшим досрочно",0,0,0,наша запись HAR; ДЭГ — журнал
Владимирская область – Владимирский,33,2,4,"Число избирательных бюллетеней, выданных участковыми избирательными комиссиями избирателям в помещениях для голосования в день голосования",218515,37620,180895,наша запись HAR; ДЭГ — журнал
Владимирская область – Владимирский,33,2,5,"Число избирательных бюллетеней, выданных избирателям, проголосовавшим вне помещений для голосования в день голосования",43950,0,43950,наша запись HAR; ДЭГ — журнал
Владимирская область – Владимирский,33,2,6,Число погашенных избирательных бюллетеней,213231,0,213231,наша запись HAR; ДЭГ — журнал
Владимирская область – Владимирский,33,2,7,"Число избирательных бюллетеней, содержащихся в переносных ящиках для голосования",43949,0,43949,наша запись HAR; ДЭГ — журнал
Владимирская область – Владимирский,33,2,8,"Число избирательных бюллетеней, содержащихся в стационарных ящиках для голосования",218208,37476,180732,наша запись HAR; ДЭГ — журнал
Владимирская область – Владимирский,33,2,9,Число недействительных избирательных бюллетеней,4347,0,4347,наша запись HAR; ДЭГ — журнал
Владимирская область – Владимирский,33,2,10,Число действительных избирательных бюллетеней,257810,37476,220334,наша запись HAR; ДЭГ — журнал
Владимирская область – Владимирский,33,2,11,Число утраченных избирательных бюллетеней,0,0,0,наша запись HAR; ДЭГ — журнал
Владимирская область – Владимирский,33,2,12,"Число избирательных бюллетеней, не учтенных при получении",0,0,0,наша запись HAR; ДЭГ — журнал
Владимирская область – Владимирский,33,2,13,"Всероссийская политическая партия ""ЕДИНАЯ РОССИЯ""",143099,18000,125099,наша запись HAR; ДЭГ — журнал
Владимирская область – Владимирский,33,2,14,Политическая партия ЛДПР – Либерально-демократическая партия России,27463,4785,22678,наша запись HAR; ДЭГ — журнал
Владимирская область – Владимирский,33,2,15,"Политическая партия ""Партия прямой демократии""",990,140,850,наша запись HAR; ДЭГ — журнал
Владимирская область – Владимирский,33,2,16,"Политическая партия ""Российская экологическая партия ""ЗЕЛЁНЫЕ""",3014,871,2143,наша запись HAR; ДЭГ — журнал
Владимирская область – Владимирский,33,2,17,Социалистическая политическая партия СПРАВЕДЛИВАЯ РОССИЯ,10211,1820,8391,наша запись HAR; ДЭГ — журнал
Владимирская область – Владимирский,33,2,18,"ВСЕРОССИЙСКАЯ ПОЛИТИЧЕСКАЯ ПАРТИЯ ""РОДИНА""",2352,336,2016,наша запись HAR; ДЭГ — журнал
Владимирская область – Владимирский,33,2,19,КПРФ - политическая партия КОММУНИСТИЧЕСКАЯ ПАРТИЯ РОССИЙСКОЙ ФЕДЕРАЦИИ,39959,4635,35324,наша запись HAR; ДЭГ — журнал
Владимирская область – Владимирский,33,2,20,ПАРТИЯ ПЕНСИОНЕРОВ,6186,709,5477,наша запись HAR; ДЭГ — журнал
Владимирская область – Владимирский,33,2,21,Политическая партия КОММУНИСТИЧЕСКАЯ ПАРТИЯ КОММУНИСТЫ РОССИИ,2279,457,1822,наша запись HAR; ДЭГ — журнал
Владимирская область – Владимирский,33,2,22,"Политическая партия ""НОВЫЕ ЛЮДИ""",22257,5723,16534,наша запись HAR; ДЭГ — журнал
Вологодская область – Вологодский,35,1,1,"Число избирателей, внесенных в списки избирателей на момент окончания голосования",477865,28259,449606,наша запись HAR; ДЭГ — журнал
Вологодская область – Вологодский,35,1,2,"Число избирательных бюллетеней, полученных участковыми избирательными комиссиями",410127,25466,384661,наша запись HAR; ДЭГ — журнал
Вологодская область – Вологодский,35,1,3,"Число избирательных бюллетеней, выданных избирателям, проголосовавшим досрочно",0,0,0,наша запись HAR; ДЭГ — журнал
Вологодская область – Вологодский,35,1,4,"Число избирательных бюллетеней, выданных участковыми избирательными комиссиями избирателям в помещениях для голосования в день голосования",212425,25466,186959,наша запись HAR; ДЭГ — журнал
Вологодская область – Вологодский,35,1,5,"Число избирательных бюллетеней, выданных избирателям, проголосовавшим вне помещений для голосования в день голосования",20344,0,20344,наша запись HAR; ДЭГ — журнал
Вологодская область – Вологодский,35,1,6,Число погашенных избирательных бюллетеней,177358,0,177358,наша запись HAR; ДЭГ — журнал
Вологодская область – Вологодский,35,1,7,"Число избирательных бюллетеней, содержащихся в переносных ящиках для голосования",20334,0,20334,наша запись HAR; ДЭГ — журнал
Вологодская область – Вологодский,35,1,8,"Число избирательных бюллетеней, содержащихся в стационарных ящиках для голосования",211862,25222,186640,наша запись HAR; ДЭГ — журнал
Вологодская область – Вологодский,35,1,9,Число недействительных избирательных бюллетеней,6380,0,6380,наша запись HAR; ДЭГ — журнал
Вологодская область – Вологодский,35,1,10,Число действительных избирательных бюллетеней,225816,25222,200594,наша запись HAR; ДЭГ — журнал
Вологодская область – Вологодский,35,1,11,Число утраченных избирательных бюллетеней,0,0,0,наша запись HAR; ДЭГ — журнал
Вологодская область – Вологодский,35,1,12,"Число избирательных бюллетеней, не учтенных при получении",0,0,0,наша запись HAR; ДЭГ — журнал
Вологодская область – Вологодский,35,1,13,Борисов Александр Игоревич,22635,3828,18807,наша запись HAR; ДЭГ — журнал
Вологодская область – Вологодский,35,1,14,Гримов Антон Юрьевич,24804,2877,21927,наша запись HAR; ДЭГ — журнал
Вологодская область – Вологодский,35,1,15,Егоров Николай Александрович,14826,1756,13070,наша запись HAR; ДЭГ — журнал
Вологодская область – Вологодский,35,1,16,Ершов Олег Александрович,40959,4349,36610,наша запись HAR; ДЭГ — журнал
Вологодская область – Вологодский,35,1,17,Зворыкин Владислав Валерианович,13092,1345,11747,наша запись HAR; ДЭГ — журнал
Вологодская область – Вологодский,35,1,18,Зуев Сергей Геннадьевич,13850,1198,12652,наша запись HAR; ДЭГ — журнал
Вологодская область – Вологодский,35,1,19,Крюков Михаил Алексеевич,9034,853,8181,наша запись HAR; ДЭГ — журнал
Вологодская область – Вологодский,35,1,20,Мосягин Дмитрий Александрович,2016,288,1728,наша запись HAR; ДЭГ — журнал
Вологодская область – Вологодский,35,1,21,Селянин Сергей Леонидович,79310,7468,71842,наша запись HAR; ДЭГ — журнал
Вологодская область – Вологодский,35,1,22,Шаталов Алексей Сергеевич,5290,1260,4030,наша запись HAR; ДЭГ — журнал
Вологодская область – Вологодский,35,2,1,"Число избирателей, внесенных в списки избирателей на момент окончания голосования",478586,28259,450327,наша запись HAR; ДЭГ — журнал
Вологодская область – Вологодский,35,2,2,"Число избирательных бюллетеней, полученных участковыми избирательными комиссиями",410127,25466,384661,наша запись HAR; ДЭГ — журнал
Вологодская область – Вологодский,35,2,3,"Число избирательных бюллетеней, выданных избирателям, проголосовавшим досрочно",0,0,0,наша запись HAR; ДЭГ — журнал
Вологодская область – Вологодский,35,2,4,"Число избирательных бюллетеней, выданных участковыми избирательными комиссиями избирателям в помещениях для голосования в день голосования",213987,25466,188521,наша запись HAR; ДЭГ — журнал
Вологодская область – Вологодский,35,2,5,"Число избирательных бюллетеней, выданных избирателям, проголосовавшим вне помещений для голосования в день голосования",20421,0,20421,наша запись HAR; ДЭГ — журнал
Вологодская область – Вологодский,35,2,6,Число погашенных избирательных бюллетеней,175719,0,175719,наша запись HAR; ДЭГ — журнал
Вологодская область – Вологодский,35,2,7,"Число избирательных бюллетеней, содержащихся в переносных ящиках для голосования",20411,0,20411,наша запись HAR; ДЭГ — журнал
Вологодская область – Вологодский,35,2,8,"Число избирательных бюллетеней, содержащихся в стационарных ящиках для голосования",213574,25353,188221,наша запись HAR; ДЭГ — журнал
Вологодская область – Вологодский,35,2,9,Число недействительных избирательных бюллетеней,4847,0,4847,наша запись HAR; ДЭГ — журнал
Вологодская область – Вологодский,35,2,10,Число действительных избирательных бюллетеней,229138,25353,203785,наша запись HAR; ДЭГ — журнал
Вологодская область – Вологодский,35,2,11,Число утраченных избирательных бюллетеней,0,0,0,наша запись HAR; ДЭГ — журнал
Вологодская область – Вологодский,35,2,12,"Число избирательных бюллетеней, не учтенных при получении",0,0,0,наша запись HAR; ДЭГ — журнал
Вологодская область – Вологодский,35,2,13,"Всероссийская политическая партия ""ЕДИНАЯ РОССИЯ""",81450,8945,72505,наша запись HAR; ДЭГ — журнал
Вологодская область – Вологодский,35,2,14,Политическая партия ЛДПР – Либерально-демократическая партия России,33509,3799,29710,наша запись HAR; ДЭГ — журнал
Вологодская область – Вологодский,35,2,15,"Политическая партия ""Партия прямой демократии""",653,91,562,наша запись HAR; ДЭГ — журнал
Вологодская область – Вологодский,35,2,16,"Политическая партия ""Российская экологическая партия ""ЗЕЛЁНЫЕ""",2759,575,2184,наша запись HAR; ДЭГ — журнал
Вологодская область – Вологодский,35,2,17,Социалистическая политическая партия СПРАВЕДЛИВАЯ РОССИЯ,13291,1493,11798,наша запись HAR; ДЭГ — журнал
Вологодская область – Вологодский,35,2,18,"ВСЕРОССИЙСКАЯ ПОЛИТИЧЕСКАЯ ПАРТИЯ ""РОДИНА""",1557,187,1370,наша запись HAR; ДЭГ — журнал
Вологодская область – Вологодский,35,2,19,КПРФ - политическая партия КОММУНИСТИЧЕСКАЯ ПАРТИЯ РОССИЙСКОЙ ФЕДЕРАЦИИ,53321,4196,49125,наша запись HAR; ДЭГ — журнал
Вологодская область – Вологодский,35,2,20,ПАРТИЯ ПЕНСИОНЕРОВ,13185,775,12410,наша запись HAR; ДЭГ — журнал
Вологодская область – Вологодский,35,2,21,Политическая партия КОММУНИСТИЧЕСКАЯ ПАРТИЯ КОММУНИСТЫ РОССИИ,2638,379,2259,наша запись HAR; ДЭГ — журнал
Вологодская область – Вологодский,35,2,22,"Политическая партия ""НОВЫЕ ЛЮДИ""",26775,4913,21862,наша запись HAR; ДЭГ — журнал
Челябинская область – Магнитогорский,74,1,1,"Число избирателей, внесенных в списки избирателей на момент окончания голосования",530577,45643,484934,наша запись HAR; ДЭГ — журнал
Челябинская область – Магнитогорский,74,1,2,"Число избирательных бюллетеней, полученных участковыми избирательными комиссиями",523091,40785,482306,наша запись HAR; ДЭГ — журнал
Челябинская область – Магнитогорский,74,1,3,"Число избирательных бюллетеней, выданных избирателям, проголосовавшим досрочно",0,0,0,наша запись HAR; ДЭГ — журнал
Челябинская область – Магнитогорский,74,1,4,"Число избирательных бюллетеней, выданных участковыми избирательными комиссиями избирателям в помещениях для голосования в день голосования",252519,40785,211734,наша запись HAR; ДЭГ — журнал
Челябинская область – Магнитогорский,74,1,5,"Число избирательных бюллетеней, выданных избирателям, проголосовавшим вне помещений для голосования в день голосования",72194,0,72194,наша запись HAR; ДЭГ — журнал
Челябинская область – Магнитогорский,74,1,6,Число погашенных избирательных бюллетеней,198378,0,198378,наша запись HAR; ДЭГ — журнал
Челябинская область – Магнитогорский,74,1,7,"Число избирательных бюллетеней, содержащихся в переносных ящиках для голосования",72193,0,72193,наша запись HAR; ДЭГ — журнал
Челябинская область – Магнитогорский,74,1,8,"Число избирательных бюллетеней, содержащихся в стационарных ящиках для голосования",252072,40415,211657,наша запись HAR; ДЭГ — журнал
Челябинская область – Магнитогорский,74,1,9,Число недействительных избирательных бюллетеней,10346,0,10346,наша запись HAR; ДЭГ — журнал
Челябинская область – Магнитогорский,74,1,10,Число действительных избирательных бюллетеней,313919,40415,273504,наша запись HAR; ДЭГ — журнал
Челябинская область – Магнитогорский,74,1,11,Число утраченных избирательных бюллетеней,0,0,0,наша запись HAR; ДЭГ — журнал
Челябинская область – Магнитогорский,74,1,12,"Число избирательных бюллетеней, не учтенных при получении",0,0,0,наша запись HAR; ДЭГ — журнал
Челябинская область – Магнитогорский,74,1,13,Агапов Аркадий Геннадьевич,35269,3868,31401,наша запись HAR; ДЭГ — журнал
Челябинская область – Магнитогорский,74,1,14,Ануфриев Антон Владимирович,8832,1353,7479,наша запись HAR; ДЭГ — журнал
Челябинская область – Магнитогорский,74,1,15,Беседин Алексей Александрович,27907,4415,23492,наша запись HAR; ДЭГ — журнал
Челябинская область – Магнитогорский,74,1,16,Дремов Владимир Владимирович,154115,15202,138913,наша запись HAR; ДЭГ — журнал
Челябинская область – Магнитогорский,74,1,17,Кагарманов Артур Азатович,30281,6953,23328,наша запись HAR; ДЭГ — журнал
Челябинская область – Магнитогорский,74,1,18,Сисина Екатерина Анатольевна,45002,6898,38104,наша запись HAR; ДЭГ — журнал
Челябинская область – Магнитогорский,74,1,19,Фролов Алексей Дмитриевич,12513,1726,10787,наша запись HAR; ДЭГ — журнал
Челябинская область – Магнитогорский,74,2,1,"Число избирателей, внесенных в списки избирателей на момент окончания голосования",531381,45643,485738,наша запись HAR; ДЭГ — журнал
Челябинская область – Магнитогорский,74,2,2,"Число избирательных бюллетеней, полученных участковыми избирательными комиссиями",523100,40785,482315,наша запись HAR; ДЭГ — журнал
Челябинская область – Магнитогорский,74,2,3,"Число избирательных бюллетеней, выданных избирателям, проголосовавшим досрочно",0,0,0,наша запись HAR; ДЭГ — журнал
Челябинская область – Магнитогорский,74,2,4,"Число избирательных бюллетеней, выданных участковыми избирательными комиссиями избирателям в помещениях для голосования в день голосования",253354,40785,212569,наша запись HAR; ДЭГ — журнал
Челябинская область – Магнитогорский,74,2,5,"Число избирательных бюллетеней, выданных избирателям, проголосовавшим вне помещений для голосования в день голосования",72334,0,72334,наша запись HAR; ДЭГ — журнал
Челябинская область – Магнитогорский,74,2,6,Число погашенных избирательных бюллетеней,197412,0,197412,наша запись HAR; ДЭГ — журнал
Челябинская область – Магнитогорский,74,2,7,"Число избирательных бюллетеней, содержащихся в переносных ящиках для голосования",72334,0,72334,наша запись HAR; ДЭГ — журнал
Челябинская область – Магнитогорский,74,2,8,"Число избирательных бюллетеней, содержащихся в стационарных ящиках для голосования",253149,40661,212488,наша запись HAR; ДЭГ — журнал
Челябинская область – Магнитогорский,74,2,9,Число недействительных избирательных бюллетеней,7496,0,7496,наша запись HAR; ДЭГ — журнал
Челябинская область – Магнитогорский,74,2,10,Число действительных избирательных бюллетеней,317987,40661,277326,наша запись HAR; ДЭГ — журнал
Челябинская область – Магнитогорский,74,2,11,Число утраченных избирательных бюллетеней,0,0,0,наша запись HAR; ДЭГ — журнал
Челябинская область – Магнитогорский,74,2,12,"Число избирательных бюллетеней, не учтенных при получении",0,0,0,наша запись HAR; ДЭГ — журнал
Челябинская область – Магнитогорский,74,2,13,"Всероссийская политическая партия ""ЕДИНАЯ РОССИЯ""",157092,15532,141560,наша запись HAR; ДЭГ — журнал
Челябинская область – Магнитогорский,74,2,14,Политическая партия ЛДПР – Либерально-демократическая партия России,35153,5463,29690,наша запись HAR; ДЭГ — журнал
Челябинская область – Магнитогорский,74,2,15,"Политическая партия ""Партия прямой демократии""",1339,223,1116,наша запись HAR; ДЭГ — журнал
Челябинская область – Магнитогорский,74,2,16,"Политическая партия ""Российская экологическая партия ""ЗЕЛЁНЫЕ""",3746,689,3057,наша запись HAR; ДЭГ — журнал
Челябинская область – Магнитогорский,74,2,17,Социалистическая политическая партия СПРАВЕДЛИВАЯ РОССИЯ,27563,3489,24074,наша запись HAR; ДЭГ — журнал
Челябинская область – Магнитогорский,74,2,18,"ВСЕРОССИЙСКАЯ ПОЛИТИЧЕСКАЯ ПАРТИЯ ""РОДИНА""",2410,280,2130,наша запись HAR; ДЭГ — журнал
Челябинская область – Магнитогорский,74,2,19,КПРФ - политическая партия КОММУНИСТИЧЕСКАЯ ПАРТИЯ РОССИЙСКОЙ ФЕДЕРАЦИИ,43077,4994,38083,наша запись HAR; ДЭГ — журнал
Челябинская область – Магнитогорский,74,2,20,ПАРТИЯ ПЕНСИОНЕРОВ,10639,1046,9593,наша запись HAR; ДЭГ — журнал
Челябинская область – Магнитогорский,74,2,21,Политическая партия КОММУНИСТИЧЕСКАЯ ПАРТИЯ КОММУНИСТЫ РОССИИ,3077,618,2459,наша запись HAR; ДЭГ — журнал
Челябинская область – Магнитогорский,74,2,22,"Политическая партия ""НОВЫЕ ЛЮДИ""",33891,8327,25564,наша запись HAR; ДЭГ — журнал
Алтайский край – Славгородский,22,1,1,"Число избирателей, внесенных в списки избирателей на момент окончания голосования",569203,84037,485166,наша запись HAR; ДЭГ — журнал
Алтайский край – Славгородский,22,1,2,"Число избирательных бюллетеней, полученных участковыми избирательными комиссиями",543188,77196,465992,наша запись HAR; ДЭГ — журнал
Алтайский край – Славгородский,22,1,3,"Число избирательных бюллетеней, выданных избирателям, проголосовавшим досрочно",0,0,0,наша запись HAR; ДЭГ — журнал
Алтайский край – Славгородский,22,1,4,"Число избирательных бюллетеней, выданных участковыми избирательными комиссиями избирателям в помещениях для голосования в день голосования",220401,77196,143205,наша запись HAR; ДЭГ — журнал
Алтайский край – Славгородский,22,1,5,"Число избирательных бюллетеней, выданных избирателям, проголосовавшим вне помещений для голосования в день голосования",46335,0,46335,наша запись HAR; ДЭГ — журнал
Алтайский край – Славгородский,22,1,6,Число погашенных избирательных бюллетеней,276452,0,276452,наша запись HAR; ДЭГ — журнал
Алтайский край – Славгородский,22,1,7,"Число избирательных бюллетеней, содержащихся в переносных ящиках для голосования",46334,0,46334,наша запись HAR; ДЭГ — журнал
Алтайский край – Славгородский,22,1,8,"Число избирательных бюллетеней, содержащихся в стационарных ящиках для голосования",219473,76385,143088,наша запись HAR; ДЭГ — журнал
Алтайский край – Славгородский,22,1,9,Число недействительных избирательных бюллетеней,7288,0,7288,наша запись HAR; ДЭГ — журнал
Алтайский край – Славгородский,22,1,10,Число действительных избирательных бюллетеней,258519,76385,182134,наша запись HAR; ДЭГ — журнал
Алтайский край – Славгородский,22,1,11,Число утраченных избирательных бюллетеней,0,0,0,наша запись HAR; ДЭГ — журнал
Алтайский край – Славгородский,22,1,12,"Число избирательных бюллетеней, не учтенных при получении",0,0,0,наша запись HAR; ДЭГ — журнал
Алтайский край – Славгородский,22,1,13,Боровикова Евгения Анатольевна,28008,6822,21186,наша запись HAR; ДЭГ — журнал
Алтайский край – Славгородский,22,1,14,Булаев Сергей Сергеевич,23887,6867,17020,наша запись HAR; ДЭГ — журнал
Алтайский край – Славгородский,22,1,15,Гаазе Юлия Сергеевна,12429,1982,10447,наша запись HAR; ДЭГ — журнал
Алтайский край – Славгородский,22,1,16,Голобородько Денис Александрович,110150,37501,72649,наша запись HAR; ДЭГ — журнал
Алтайский край – Славгородский,22,1,17,Клюшникова Людмила Викторовна,35249,6203,29046,наша запись HAR; ДЭГ — журнал
Алтайский край – Славгородский,22,1,18,Прусакова Галина Владимировна,15572,4372,11200,наша запись HAR; ДЭГ — журнал
Алтайский край – Славгородский,22,1,19,Странцов Игорь Алексеевич,18402,6985,11417,наша запись HAR; ДЭГ — журнал
Алтайский край – Славгородский,22,1,20,Ткаченко Андрей Сергеевич,14822,5653,9169,наша запись HAR; ДЭГ — журнал
Алтайский край – Славгородский,22,2,1,"Число избирателей, внесенных в списки избирателей на момент окончания голосования",569362,84037,485325,наша запись HAR; ДЭГ — журнал
Алтайский край – Славгородский,22,2,2,"Число избирательных бюллетеней, полученных участковыми избирательными комиссиями",543188,77196,465992,наша запись HAR; ДЭГ — журнал
Алтайский край – Славгородский,22,2,3,"Число избирательных бюллетеней, выданных избирателям, проголосовавшим досрочно",0,0,0,наша запись HAR; ДЭГ — журнал
Алтайский край – Славгородский,22,2,4,"Число избирательных бюллетеней, выданных участковыми избирательными комиссиями избирателям в помещениях для голосования в день голосования",221031,77196,143835,наша запись HAR; ДЭГ — журнал
Алтайский край – Славгородский,22,2,5,"Число избирательных бюллетеней, выданных избирателям, проголосовавшим вне помещений для голосования в день голосования",46430,0,46430,наша запись HAR; ДЭГ — журнал
Алтайский край – Славгородский,22,2,6,Число погашенных избирательных бюллетеней,275727,0,275727,наша запись HAR; ДЭГ — журнал
Алтайский край – Славгородский,22,2,7,"Число избирательных бюллетеней, содержащихся в переносных ящиках для голосования",46430,0,46430,наша запись HAR; ДЭГ — журнал
Алтайский край – Славгородский,22,2,8,"Число избирательных бюллетеней, содержащихся в стационарных ящиках для голосования",220574,76824,143750,наша запись HAR; ДЭГ — журнал
Алтайский край – Славгородский,22,2,9,Число недействительных избирательных бюллетеней,5089,0,5089,наша запись HAR; ДЭГ — журнал
Алтайский край – Славгородский,22,2,10,Число действительных избирательных бюллетеней,261915,76824,185091,наша запись HAR; ДЭГ — журнал
Алтайский край – Славгородский,22,2,11,Число утраченных избирательных бюллетеней,0,0,0,наша запись HAR; ДЭГ — журнал
Алтайский край – Славгородский,22,2,12,"Число избирательных бюллетеней, не учтенных при получении",0,0,0,наша запись HAR; ДЭГ — журнал
Алтайский край – Славгородский,22,2,13,"Всероссийская политическая партия ""ЕДИНАЯ РОССИЯ""",116963,41346,75617,наша запись HAR; ДЭГ — журнал
Алтайский край – Славгородский,22,2,14,Политическая партия ЛДПР – Либерально-демократическая партия России,30072,7957,22115,наша запись HAR; ДЭГ — журнал
Алтайский край – Славгородский,22,2,15,"Политическая партия ""Партия прямой демократии""",712,217,495,наша запись HAR; ДЭГ — журнал
Алтайский край – Славгородский,22,2,16,"Политическая партия ""Российская экологическая партия ""ЗЕЛЁНЫЕ""",2333,1090,1243,наша запись HAR; ДЭГ — журнал
Алтайский край – Славгородский,22,2,17,Социалистическая политическая партия СПРАВЕДЛИВАЯ РОССИЯ,16752,3869,12883,наша запись HAR; ДЭГ — журнал
Алтайский край – Славгородский,22,2,18,"ВСЕРОССИЙСКАЯ ПОЛИТИЧЕСКАЯ ПАРТИЯ ""РОДИНА""",1805,388,1417,наша запись HAR; ДЭГ — журнал
Алтайский край – Славгородский,22,2,19,КПРФ - политическая партия КОММУНИСТИЧЕСКАЯ ПАРТИЯ РОССИЙСКОЙ ФЕДЕРАЦИИ,54198,9206,44992,наша запись HAR; ДЭГ — журнал
Алтайский край – Славгородский,22,2,20,ПАРТИЯ ПЕНСИОНЕРОВ,9244,1150,8094,наша запись HAR; ДЭГ — журнал
Алтайский край – Славгородский,22,2,21,Политическая партия КОММУНИСТИЧЕСКАЯ ПАРТИЯ КОММУНИСТЫ РОССИИ,4171,1046,3125,наша запись HAR; ДЭГ — журнал
Алтайский край – Славгородский,22,2,22,"Политическая партия ""НОВЫЕ ЛЮДИ""",25665,10555,15110,наша запись HAR; ДЭГ — журнал
Белгородская область – Старооскольский,31,2,1,"Число избирателей, внесенных в списки избирателей на момент окончания голосования",621109,60930,560179,наша запись HAR; ДЭГ — журнал
Белгородская область – Старооскольский,31,2,2,"Число избирательных бюллетеней, полученных участковыми избирательными комиссиями",571426,54983,516443,наша запись HAR; ДЭГ — журнал
Белгородская область – Старооскольский,31,2,3,"Число избирательных бюллетеней, выданных избирателям, проголосовавшим досрочно",65912,0,65912,наша запись HAR; ДЭГ — журнал
Белгородская область – Старооскольский,31,2,4,"Число избирательных бюллетеней, выданных участковыми избирательными комиссиями избирателям в помещениях для голосования в день голосования",292399,54983,237416,наша запись HAR; ДЭГ — журнал
Белгородская область – Старооскольский,31,2,5,"Число избирательных бюллетеней, выданных избирателям, проголосовавшим вне помещений для голосования в день голосования",51859,0,51859,наша запись HAR; ДЭГ — журнал
Белгородская область – Старооскольский,31,2,6,Число погашенных избирательных бюллетеней,161256,0,161256,наша запись HAR; ДЭГ — журнал
Белгородская область – Старооскольский,31,2,7,"Число избирательных бюллетеней, содержащихся в переносных ящиках для голосования",117764,0,117764,наша запись HAR; ДЭГ — журнал
Белгородская область – Старооскольский,31,2,8,"Число избирательных бюллетеней, содержащихся в стационарных ящиках для голосования",292153,54819,237334,наша запись HAR; ДЭГ — журнал
Белгородская область – Старооскольский,31,2,9,Число недействительных избирательных бюллетеней,3632,0,3632,наша запись HAR; ДЭГ — журнал
Белгородская область – Старооскольский,31,2,10,Число действительных избирательных бюллетеней,406285,54819,351466,наша запись HAR; ДЭГ — журнал
Белгородская область – Старооскольский,31,2,11,Число утраченных избирательных бюллетеней,0,0,0,наша запись HAR; ДЭГ — журнал
Белгородская область – Старооскольский,31,2,12,"Число избирательных бюллетеней, не учтенных при получении",0,0,0,наша запись HAR; ДЭГ — журнал
Белгородская область – Старооскольский,31,2,13,"Всероссийская политическая партия ""ЕДИНАЯ РОССИЯ""",255834,27347,228487,наша запись HAR; ДЭГ — журнал
Белгородская область – Старооскольский,31,2,14,Политическая партия ЛДПР – Либерально-демократическая партия России,35622,6616,29006,наша запись HAR; ДЭГ — журнал
Белгородская область – Старооскольский,31,2,15,"Политическая партия ""Партия прямой демократии""",1924,211,1713,наша запись HAR; ДЭГ — журнал
Белгородская область – Старооскольский,31,2,16,"Политическая партия ""Российская экологическая партия ""ЗЕЛЁНЫЕ""",2961,835,2126,наша запись HAR; ДЭГ — журнал
Белгородская область – Старооскольский,31,2,17,Социалистическая политическая партия СПРАВЕДЛИВАЯ РОССИЯ,18457,2937,15520,наша запись HAR; ДЭГ — журнал
Белгородская область – Старооскольский,31,2,18,"ВСЕРОССИЙСКАЯ ПОЛИТИЧЕСКАЯ ПАРТИЯ ""РОДИНА""",3511,559,2952,наша запись HAR; ДЭГ — журнал
Белгородская область – Старооскольский,31,2,19,КПРФ - политическая партия КОММУНИСТИЧЕСКАЯ ПАРТИЯ РОССИЙСКОЙ ФЕДЕРАЦИИ,50267,6649,43618,наша запись HAR; ДЭГ — журнал
Белгородская область – Старооскольский,31,2,20,ПАРТИЯ ПЕНСИОНЕРОВ,10532,1262,9270,наша запись HAR; ДЭГ — журнал
Белгородская область – Старооскольский,31,2,21,Политическая партия КОММУНИСТИЧЕСКАЯ ПАРТИЯ КОММУНИСТЫ РОССИИ,3977,883,3094,наша запись HAR; ДЭГ — журнал
Белгородская область – Старооскольский,31,2,22,"Политическая партия ""НОВЫЕ ЛЮДИ""",23200,7520,15680,наша запись HAR; ДЭГ — журнал
Нижегородская область – Нижегородский,52,2,1,"Число избирателей, внесенных в списки избирателей на момент окончания голосования",477060,34597,442463,наша запись HAR; ДЭГ — журнал
Нижегородская область – Нижегородский,52,2,2,"Число избирательных бюллетеней, полученных участковыми избирательными комиссиями",417324,31084,386240,наша запись HAR; ДЭГ — журнал
Нижегородская область – Нижегородский,52,2,3,"Число избирательных бюллетеней, выданных избирателям, проголосовавшим досрочно",1295,0,1295,наша запись HAR; ДЭГ — журнал
Нижегородская область – Нижегородский,52,2,4,"Число избирательных бюллетеней, выданных участковыми избирательными комиссиями избирателям в помещениях для голосования в день голосования",238788,31084,207704,наша запись HAR; ДЭГ — журнал
Нижегородская область – Нижегородский,52,2,5,"Число избирательных бюллетеней, выданных избирателям, проголосовавшим вне помещений для голосования в день голосования",49360,0,49360,наша запись HAR; ДЭГ — журнал
Нижегородская область – Нижегородский,52,2,6,Число погашенных избирательных бюллетеней,127881,0,127881,наша запись HAR; ДЭГ — журнал
Нижегородская область – Нижегородский,52,2,7,"Число избирательных бюллетеней, содержащихся в переносных ящиках для голосования",50373,0,50373,наша запись HAR; ДЭГ — журнал
Нижегородская область – Нижегородский,52,2,8,"Число избирательных бюллетеней, содержащихся в стационарных ящиках для голосования",238033,30962,207071,наша запись HAR; ДЭГ — журнал
Нижегородская область – Нижегородский,52,2,9,Число недействительных избирательных бюллетеней,3179,0,3179,наша запись HAR; ДЭГ — журнал
Нижегородская область – Нижегородский,52,2,10,Число действительных избирательных бюллетеней,285227,30962,254265,наша запись HAR; ДЭГ — журнал
Нижегородская область – Нижегородский,52,2,11,Число утраченных избирательных бюллетеней,0,0,0,наша запись HAR; ДЭГ — журнал
Нижегородская область – Нижегородский,52,2,12,"Число избирательных бюллетеней, не учтенных при получении",0,0,0,наша запись HAR; ДЭГ — журнал
Нижегородская область – Нижегородский,52,2,13,"Всероссийская политическая партия ""ЕДИНАЯ РОССИЯ""",147162,14312,132850,наша запись HAR; ДЭГ — журнал
Нижегородская область – Нижегородский,52,2,14,Политическая партия ЛДПР – Либерально-демократическая партия России,31889,3111,28778,наша запись HAR; ДЭГ — журнал
Нижегородская область – Нижегородский,52,2,15,"Политическая партия ""Партия прямой демократии""",1034,165,869,наша запись HAR; ДЭГ — журнал
Нижегородская область – Нижегородский,52,2,16,"Политическая партия ""Российская экологическая партия ""ЗЕЛЁНЫЕ""",2813,664,2149,наша запись HAR; ДЭГ — журнал
Нижегородская область – Нижегородский,52,2,17,Социалистическая политическая партия СПРАВЕДЛИВАЯ РОССИЯ,18608,2039,16569,наша запись HAR; ДЭГ — журнал
Нижегородская область – Нижегородский,52,2,18,"ВСЕРОССИЙСКАЯ ПОЛИТИЧЕСКАЯ ПАРТИЯ ""РОДИНА""",2116,347,1769,наша запись HAR; ДЭГ — журнал
Нижегородская область – Нижегородский,52,2,19,КПРФ - политическая партия КОММУНИСТИЧЕСКАЯ ПАРТИЯ РОССИЙСКОЙ ФЕДЕРАЦИИ,45478,4346,41132,наша запись HAR; ДЭГ — журнал
Нижегородская область – Нижегородский,52,2,20,ПАРТИЯ ПЕНСИОНЕРОВ,6447,687,5760,наша запись HAR; ДЭГ — журнал
Нижегородская область – Нижегородский,52,2,21,Политическая партия КОММУНИСТИЧЕСКАЯ ПАРТИЯ КОММУНИСТЫ РОССИИ,2058,346,1712,наша запись HAR; ДЭГ — журнал
Нижегородская область – Нижегородский,52,2,22,"Политическая партия ""НОВЫЕ ЛЮДИ""",27622,4945,22677,наша запись HAR; ДЭГ — журнал
Калужская область – Калужский,40,1,1,"Число избирателей, внесенных в списки избирателей на момент окончания голосования",783767,77446,706321,наша запись HAR; ДЭГ — журнал
Калужская область – Калужский,40,1,2,"Число избирательных бюллетеней, полученных участковыми избирательными комиссиями",622702,70704,551998,наша запись HAR; ДЭГ — журнал
Калужская область – Калужский,40,1,3,"Число избирательных бюллетеней, выданных избирателям, проголосовавшим досрочно",0,0,0,наша запись HAR; ДЭГ — журнал
Калужская область – Калужский,40,1,4,"Число избирательных бюллетеней, выданных участковыми избирательными комиссиями избирателям в помещениях для голосования в день голосования",325463,70704,254759,наша запись HAR; ДЭГ — журнал
Калужская область – Калужский,40,1,5,"Число избирательных бюллетеней, выданных избирателям, проголосовавшим вне помещений для голосования в день голосования",63056,0,63056,наша запись HAR; ДЭГ — журнал
Калужская область – Калужский,40,1,6,Число погашенных избирательных бюллетеней,234183,0,234183,наша запись HAR; ДЭГ — журнал
Калужская область – Калужский,40,1,7,"Число избирательных бюллетеней, содержащихся в переносных ящиках для голосования",63055,0,63055,наша запись HAR; ДЭГ — журнал
Калужская область – Калужский,40,1,8,"Число избирательных бюллетеней, содержащихся в стационарных ящиках для голосования",324243,70035,254208,наша запись HAR; ДЭГ — журнал
Калужская область – Калужский,40,1,9,Число недействительных избирательных бюллетеней,11993,0,11993,наша запись HAR; ДЭГ — журнал
Калужская область – Калужский,40,1,10,Число действительных избирательных бюллетеней,375305,70035,305270,наша запись HAR; ДЭГ — журнал
Калужская область – Калужский,40,1,11,Число утраченных избирательных бюллетеней,0,0,0,наша запись HAR; ДЭГ — журнал
Калужская область – Калужский,40,1,12,"Число избирательных бюллетеней, не учтенных при получении",0,0,0,наша запись HAR; ДЭГ — журнал
Калужская область – Калужский,40,1,13,Андреева Маргарита Сергеевна,28943,4698,24245,наша запись HAR; ДЭГ — журнал
Калужская область – Калужский,40,1,14,Бурляй Анастасия Алексеевна,41931,10696,31235,наша запись HAR; ДЭГ — журнал
Калужская область – Калужский,40,1,15,Лепехин Андрей Александрович,33862,7165,26697,наша запись HAR; ДЭГ — журнал
Калужская область – Калужский,40,1,16,Мартынов Николай Валерьевич,18913,4262,14651,наша запись HAR; ДЭГ — журнал
Калужская область – Калужский,40,1,17,Скляр Геннадий Иванович,150869,27612,123257,наша запись HAR; ДЭГ — журнал
Калужская область – Калужский,40,1,18,Смоловик Андрей Евгеньевич,27520,5560,21960,наша запись HAR; ДЭГ — журнал
Калужская область – Калужский,40,1,19,Яшкин Николай Иванович,73267,10042,63225,наша запись HAR; ДЭГ — журнал
Калужская область – Калужский,40,2,1,"Число избирателей, внесенных в списки избирателей на момент окончания голосования",786487,77446,709041,наша запись HAR; ДЭГ — журнал
Калужская область – Калужский,40,2,2,"Число избирательных бюллетеней, полученных участковыми избирательными комиссиями",623516,70704,552812,наша запись HAR; ДЭГ — журнал
Калужская область – Калужский,40,2,3,"Число избирательных бюллетеней, выданных избирателям, проголосовавшим досрочно",0,0,0,наша запись HAR; ДЭГ — журнал
Калужская область – Калужский,40,2,4,"Число избирательных бюллетеней, выданных участковыми избирательными комиссиями избирателям в помещениях для голосования в день голосования",329019,70704,258315,наша запись HAR; ДЭГ — журнал
Калужская область – Калужский,40,2,5,"Число избирательных бюллетеней, выданных избирателям, проголосовавшим вне помещений для голосования в день голосования",63613,0,63613,наша запись HAR; ДЭГ — журнал
Калужская область – Калужский,40,2,6,Число погашенных избирательных бюллетеней,230883,0,230883,наша запись HAR; ДЭГ — журнал
Калужская область – Калужский,40,2,7,"Число избирательных бюллетеней, содержащихся в переносных ящиках для голосования",63597,0,63597,наша запись HAR; ДЭГ — журнал
Калужская область – Калужский,40,2,8,"Число избирательных бюллетеней, содержащихся в стационарных ящиках для голосования",328287,70498,257789,наша запись HAR; ДЭГ — журнал
Калужская область – Калужский,40,2,9,Число недействительных избирательных бюллетеней,8868,0,8868,наша запись HAR; ДЭГ — журнал
Калужская область – Калужский,40,2,10,Число действительных избирательных бюллетеней,383016,70498,312518,наша запись HAR; ДЭГ — журнал
Калужская область – Калужский,40,2,11,Число утраченных избирательных бюллетеней,1,0,1,наша запись HAR; ДЭГ — журнал
Калужская область – Калужский,40,2,12,"Число избирательных бюллетеней, не учтенных при получении",0,0,0,наша запись HAR; ДЭГ — журнал
Калужская область – Калужский,40,2,13,"Всероссийская политическая партия ""ЕДИНАЯ РОССИЯ""",175455,34804,140651,наша запись HAR; ДЭГ — журнал
Калужская область – Калужский,40,2,14,Политическая партия ЛДПР – Либерально-демократическая партия России,40199,7485,32714,наша запись HAR; ДЭГ — журнал
Калужская область – Калужский,40,2,15,"Политическая партия ""Партия прямой демократии""",1403,279,1124,наша запись HAR; ДЭГ — журнал
Калужская область – Калужский,40,2,16,"Политическая партия ""Российская экологическая партия ""ЗЕЛЁНЫЕ""",6279,1627,4652,наша запись HAR; ДЭГ — журнал
Калужская область – Калужский,40,2,17,Социалистическая политическая партия СПРАВЕДЛИВАЯ РОССИЯ,27120,4687,22433,наша запись HAR; ДЭГ — журнал
Калужская область – Калужский,40,2,18,"ВСЕРОССИЙСКАЯ ПОЛИТИЧЕСКАЯ ПАРТИЯ ""РОДИНА""",4805,603,4202,наша запись HAR; ДЭГ — журнал
Калужская область – Калужский,40,2,19,КПРФ - политическая партия КОММУНИСТИЧЕСКАЯ ПАРТИЯ РОССИЙСКОЙ ФЕДЕРАЦИИ,66686,7635,59051,наша запись HAR; ДЭГ — журнал
Калужская область – Калужский,40,2,20,ПАРТИЯ ПЕНСИОНЕРОВ,13371,1543,11828,наша запись HAR; ДЭГ — журнал
Калужская область – Калужский,40,2,21,Политическая партия КОММУНИСТИЧЕСКАЯ ПАРТИЯ КОММУНИСТЫ РОССИИ,4959,718,4241,наша запись HAR; ДЭГ — журнал
Калужская область – Калужский,40,2,22,"Политическая партия ""НОВЫЕ ЛЮДИ""",42739,11117,31622,наша запись HAR; ДЭГ — журнал
Новосибирская область – Искитимский,54,1,1,"Число избирателей, внесенных в списки избирателей на момент окончания голосования",520593,42910,477683,наша запись HAR; ДЭГ — журнал
Новосибирская область – Искитимский,54,1,2,"Число избирательных бюллетеней, полученных участковыми избирательными комиссиями",522686,38501,484185,наша запись HAR; ДЭГ — журнал
Новосибирская область – Искитимский,54,1,3,"Число избирательных бюллетеней, выданных избирателям, проголосовавшим досрочно",0,0,0,наша запись HAR; ДЭГ — журнал
Новосибирская область – Искитимский,54,1,4,"Число избирательных бюллетеней, выданных участковыми избирательными комиссиями избирателям в помещениях для голосования в день голосования",216814,38501,178313,наша запись HAR; ДЭГ — журнал
Новосибирская область – Искитимский,54,1,5,"Число избирательных бюллетеней, выданных избирателям, проголосовавшим вне помещений для голосования в день голосования",22288,0,22288,наша запись HAR; ДЭГ — журнал
Новосибирская область – Искитимский,54,1,6,Число погашенных избирательных бюллетеней,283584,0,283584,наша запись HAR; ДЭГ — журнал
Новосибирская область – Искитимский,54,1,7,"Число избирательных бюллетеней, содержащихся в переносных ящиках для голосования",22269,0,22269,наша запись HAR; ДЭГ — журнал
Новосибирская область – Искитимский,54,1,8,"Число избирательных бюллетеней, содержащихся в стационарных ящиках для голосования",216280,38122,178158,наша запись HAR; ДЭГ — журнал
Новосибирская область – Искитимский,54,1,9,Число недействительных избирательных бюллетеней,7264,0,7264,наша запись HAR; ДЭГ — журнал
Новосибирская область – Искитимский,54,1,10,Число действительных избирательных бюллетеней,231285,38122,193163,наша запись HAR; ДЭГ — журнал
Новосибирская область – Искитимский,54,1,11,Число утраченных избирательных бюллетеней,0,0,0,наша запись HAR; ДЭГ — журнал
Новосибирская область – Искитимский,54,1,12,"Число избирательных бюллетеней, не учтенных при получении",0,0,0,наша запись HAR; ДЭГ — журнал
Новосибирская область – Искитимский,54,1,13,Аксёненко Александр Сергеевич,109230,17495,91735,наша запись HAR; ДЭГ — журнал
Новосибирская область – Искитимский,54,1,14,Бабенко Дмитрий Евгеньевич,13617,2839,10778,наша запись HAR; ДЭГ — журнал
Новосибирская область – Искитимский,54,1,15,Гладышева Елена Владимировна,21104,3838,17266,наша запись HAR; ДЭГ — журнал
Новосибирская область – Искитимский,54,1,16,Кузнецова Юлия Никитична,5284,825,4459,наша запись HAR; ДЭГ — журнал
Новосибирская область – Искитимский,54,1,17,Селезнев Дмитрий Александрович,27832,5751,22081,наша запись HAR; ДЭГ — журнал
Новосибирская область – Искитимский,54,1,18,Черепанов Глеб Константинович,33659,3748,29911,наша запись HAR; ДЭГ — журнал
Новосибирская область – Искитимский,54,1,19,Шабанов Дмитрий Юрьевич,17429,2794,14635,наша запись HAR; ДЭГ — журнал
Новосибирская область – Искитимский,54,1,20,Языковский Игорь Игоревич,3130,832,2298,наша запись HAR; ДЭГ — журнал
Новосибирская область – Искитимский,54,2,1,"Число избирателей, внесенных в списки избирателей на момент окончания голосования",522226,42910,479316,наша запись HAR; ДЭГ — журнал
Новосибирская область – Искитимский,54,2,2,"Число избирательных бюллетеней, полученных участковыми избирательными комиссиями",522676,38501,484175,наша запись HAR; ДЭГ — журнал
Новосибирская область – Искитимский,54,2,3,"Число избирательных бюллетеней, выданных избирателям, проголосовавшим досрочно",0,0,0,наша запись HAR; ДЭГ — журнал
Новосибирская область – Искитимский,54,2,4,"Число избирательных бюллетеней, выданных участковыми избирательными комиссиями избирателям в помещениях для голосования в день голосования",220762,38501,182261,наша запись HAR; ДЭГ — журнал
Новосибирская область – Искитимский,54,2,5,"Число избирательных бюллетеней, выданных избирателям, проголосовавшим вне помещений для голосования в день голосования",22524,0,22524,наша запись HAR; ДЭГ — журнал
Новосибирская область – Искитимский,54,2,6,Число погашенных избирательных бюллетеней,279390,0,279390,наша запись HAR; ДЭГ — журнал
Новосибирская область – Искитимский,54,2,7,"Число избирательных бюллетеней, содержащихся в переносных ящиках для голосования",22509,0,22509,наша запись HAR; ДЭГ — журнал
Новосибирская область – Искитимский,54,2,8,"Число избирательных бюллетеней, содержащихся в стационарных ящиках для голосования",220462,38328,182134,наша запись HAR; ДЭГ — журнал
Новосибирская область – Искитимский,54,2,9,Число недействительных избирательных бюллетеней,5830,0,5830,наша запись HAR; ДЭГ — журнал
Новосибирская область – Искитимский,54,2,10,Число действительных избирательных бюллетеней,237141,38328,198813,наша запись HAR; ДЭГ — журнал
Новосибирская область – Искитимский,54,2,11,Число утраченных избирательных бюллетеней,0,0,0,наша запись HAR; ДЭГ — журнал
Новосибирская область – Искитимский,54,2,12,"Число избирательных бюллетеней, не учтенных при получении",0,0,0,наша запись HAR; ДЭГ — журнал
Новосибирская область – Искитимский,54,2,13,"Всероссийская политическая партия ""ЕДИНАЯ РОССИЯ""",106557,18809,87748,наша запись HAR; ДЭГ — журнал
Новосибирская область – Искитимский,54,2,14,Политическая партия ЛДПР – Либерально-демократическая партия России,25092,3989,21103,наша запись HAR; ДЭГ — журнал
Новосибирская область – Искитимский,54,2,15,"Политическая партия ""Партия прямой демократии""",799,172,627,наша запись HAR; ДЭГ — журнал
Новосибирская область – Искитимский,54,2,16,"Политическая партия ""Российская экологическая партия ""ЗЕЛЁНЫЕ""",2933,791,2142,наша запись HAR; ДЭГ — журнал
Новосибирская область – Искитимский,54,2,17,Социалистическая политическая партия СПРАВЕДЛИВАЯ РОССИЯ,17342,2339,15003,наша запись HAR; ДЭГ — журнал
Новосибирская область – Искитимский,54,2,18,"ВСЕРОССИЙСКАЯ ПОЛИТИЧЕСКАЯ ПАРТИЯ ""РОДИНА""",2211,290,1921,наша запись HAR; ДЭГ — журнал
Новосибирская область – Искитимский,54,2,19,КПРФ - политическая партия КОММУНИСТИЧЕСКАЯ ПАРТИЯ РОССИЙСКОЙ ФЕДЕРАЦИИ,46465,4771,41694,наша запись HAR; ДЭГ — журнал
Новосибирская область – Искитимский,54,2,20,ПАРТИЯ ПЕНСИОНЕРОВ,8013,683,7330,наша запись HAR; ДЭГ — журнал
Новосибирская область – Искитимский,54,2,21,Политическая партия КОММУНИСТИЧЕСКАЯ ПАРТИЯ КОММУНИСТЫ РОССИИ,2603,464,2139,наша запись HAR; ДЭГ — журнал
Новосибирская область – Искитимский,54,2,22,"Политическая партия ""НОВЫЕ ЛЮДИ""",25126,6020,19106,наша запись HAR; ДЭГ — журнал
Республика Алтай – Алтайский,2,2,1,"Число избирателей, внесенных в списки избирателей на момент окончания голосования",164464,31105,133359,наша запись HAR; ДЭГ — журнал
Республика Алтай – Алтайский,2,2,2,"Число избирательных бюллетеней, полученных участковыми избирательными комиссиями",131109,28213,102896,наша запись HAR; ДЭГ — журнал
Республика Алтай – Алтайский,2,2,3,"Число избирательных бюллетеней, выданных избирателям, проголосовавшим досрочно",450,0,450,наша запись HAR; ДЭГ — журнал
Республика Алтай – Алтайский,2,2,4,"Число избирательных бюллетеней, выданных участковыми избирательными комиссиями избирателям в помещениях для голосования в день голосования",71308,28213,43095,наша запись HAR; ДЭГ — журнал
Республика Алтай – Алтайский,2,2,5,"Число избирательных бюллетеней, выданных избирателям, проголосовавшим вне помещений для голосования в день голосования",3866,0,3866,наша запись HAR; ДЭГ — журнал
Республика Алтай – Алтайский,2,2,6,Число погашенных избирательных бюллетеней,55485,0,55485,наша запись HAR; ДЭГ — журнал
Республика Алтай – Алтайский,2,2,7,"Число избирательных бюллетеней, содержащихся в переносных ящиках для голосования",4316,0,4316,наша запись HAR; ДЭГ — журнал
Республика Алтай – Алтайский,2,2,8,"Число избирательных бюллетеней, содержащихся в стационарных ящиках для голосования",71174,28081,43093,наша запись HAR; ДЭГ — журнал
Республика Алтай – Алтайский,2,2,9,Число недействительных избирательных бюллетеней,1180,0,1180,наша запись HAR; ДЭГ — журнал
Республика Алтай – Алтайский,2,2,10,Число действительных избирательных бюллетеней,74310,28081,46229,наша запись HAR; ДЭГ — журнал
Республика Алтай – Алтайский,2,2,11,Число утраченных избирательных бюллетеней,0,0,0,наша запись HAR; ДЭГ — журнал
Республика Алтай – Алтайский,2,2,12,"Число избирательных бюллетеней, не учтенных при получении",0,0,0,наша запись HAR; ДЭГ — журнал
Республика Алтай – Алтайский,2,2,13,"Всероссийская политическая партия ""ЕДИНАЯ РОССИЯ""",33172,16951,16221,наша запись HAR; ДЭГ — журнал
Республика Алтай – Алтайский,2,2,14,Политическая партия ЛДПР – Либерально-демократическая партия России,7015,2255,4760,наша запись HAR; ДЭГ — журнал
Республика Алтай – Алтайский,2,2,15,"Политическая партия ""Партия прямой демократии""",143,66,77,наша запись HAR; ДЭГ — журнал
Республика Алтай – Алтайский,2,2,16,"Политическая партия ""Российская экологическая партия ""ЗЕЛЁНЫЕ""",668,376,292,наша запись HAR; ДЭГ — журнал
Республика Алтай – Алтайский,2,2,17,Социалистическая политическая партия СПРАВЕДЛИВАЯ РОССИЯ,2904,895,2009,наша запись HAR; ДЭГ — журнал
Республика Алтай – Алтайский,2,2,18,"ВСЕРОССИЙСКАЯ ПОЛИТИЧЕСКАЯ ПАРТИЯ ""РОДИНА""",489,136,353,наша запись HAR; ДЭГ — журнал
Республика Алтай – Алтайский,2,2,19,КПРФ - политическая партия КОММУНИСТИЧЕСКАЯ ПАРТИЯ РОССИЙСКОЙ ФЕДЕРАЦИИ,21336,3913,17423,наша запись HAR; ДЭГ — журнал
Республика Алтай – Алтайский,2,2,20,ПАРТИЯ ПЕНСИОНЕРОВ,1638,297,1341,наша запись HAR; ДЭГ — журнал
Республика Алтай – Алтайский,2,2,21,Политическая партия КОММУНИСТИЧЕСКАЯ ПАРТИЯ КОММУНИСТЫ РОССИИ,1133,412,721,наша запись HAR; ДЭГ — журнал
Республика Алтай – Алтайский,2,2,22,"Политическая партия ""НОВЫЕ ЛЮДИ""",5812,2780,3032,наша запись HAR; ДЭГ — журнал
Свердловская область – Каменск-Уральский,66,1,1,"Число избирателей, внесенных в списки избирателей на момент окончания голосования",475017,48692,426325,наша запись HAR; ДЭГ — журнал
Свердловская область – Каменск-Уральский,66,1,2,"Число избирательных бюллетеней, полученных участковыми избирательными комиссиями",442929,44319,398610,наша запись HAR; ДЭГ — журнал
Свердловская область – Каменск-Уральский,66,1,3,"Число избирательных бюллетеней, выданных избирателям, проголосовавшим досрочно",0,0,0,наша запись HAR; ДЭГ — журнал
Свердловская область – Каменск-Уральский,66,1,4,"Число избирательных бюллетеней, выданных участковыми избирательными комиссиями избирателям в помещениях для голосования в день голосования",194107,44319,149788,наша запись HAR; ДЭГ — журнал
Свердловская область – Каменск-Уральский,66,1,5,"Число избирательных бюллетеней, выданных избирателям, проголосовавшим вне помещений для голосования в день голосования",12973,0,12973,наша запись HAR; ДЭГ — журнал
Свердловская область – Каменск-Уральский,66,1,6,Число погашенных избирательных бюллетеней,235849,0,235849,наша запись HAR; ДЭГ — журнал
Свердловская область – Каменск-Уральский,66,1,7,"Число избирательных бюллетеней, содержащихся в переносных ящиках для голосования",12973,0,12973,наша запись HAR; ДЭГ — журнал
Свердловская область – Каменск-Уральский,66,1,8,"Число избирательных бюллетеней, содержащихся в стационарных ящиках для голосования",193612,43871,149741,наша запись HAR; ДЭГ — журнал
Свердловская область – Каменск-Уральский,66,1,9,Число недействительных избирательных бюллетеней,7955,0,7955,наша запись HAR; ДЭГ — журнал
Свердловская область – Каменск-Уральский,66,1,10,Число действительных избирательных бюллетеней,198630,43871,154759,наша запись HAR; ДЭГ — журнал
Свердловская область – Каменск-Уральский,66,1,11,Число утраченных избирательных бюллетеней,0,0,0,наша запись HAR; ДЭГ — журнал
Свердловская область – Каменск-Уральский,66,1,12,"Число избирательных бюллетеней, не учтенных при получении",0,0,0,наша запись HAR; ДЭГ — журнал
Свердловская область – Каменск-Уральский,66,1,13,Бондарев Дмитрий Игоревич,28017,5608,22409,наша запись HAR; ДЭГ — журнал
Свердловская область – Каменск-Уральский,66,1,14,Гордеев Олег Сергеевич,45670,6567,39103,наша запись HAR; ДЭГ — журнал
Свердловская область – Каменск-Уральский,66,1,15,Ковпак Лев Игоревич,71554,18287,53267,наша запись HAR; ДЭГ — журнал
Свердловская область – Каменск-Уральский,66,1,16,Коломытцев Евгений Константинович,19624,4253,15371,наша запись HAR; ДЭГ — журнал
Свердловская область – Каменск-Уральский,66,1,17,Кунцевич Любовь Андреевна,33765,9156,24609,наша запись HAR; ДЭГ — журнал
Свердловская область – Каменск-Уральский,66,2,1,"Число избирателей, внесенных в списки избирателей на момент окончания голосования",478080,48692,429388,наша запись HAR; ДЭГ — журнал
Свердловская область – Каменск-Уральский,66,2,2,"Число избирательных бюллетеней, полученных участковыми избирательными комиссиями",442929,44319,398610,наша запись HAR; ДЭГ — журнал
Свердловская область – Каменск-Уральский,66,2,3,"Число избирательных бюллетеней, выданных избирателям, проголосовавшим досрочно",0,0,0,наша запись HAR; ДЭГ — журнал
Свердловская область – Каменск-Уральский,66,2,4,"Число избирательных бюллетеней, выданных участковыми избирательными комиссиями избирателям в помещениях для голосования в день голосования",197131,44319,152812,наша запись HAR; ДЭГ — журнал
Свердловская область – Каменск-Уральский,66,2,5,"Число избирательных бюллетеней, выданных избирателям, проголосовавшим вне помещений для голосования в день голосования",13502,0,13502,наша запись HAR; ДЭГ — журнал
Свердловская область – Каменск-Уральский,66,2,6,Число погашенных избирательных бюллетеней,232296,0,232296,наша запись HAR; ДЭГ — журнал
Свердловская область – Каменск-Уральский,66,2,7,"Число избирательных бюллетеней, содержащихся в переносных ящиках для голосования",13502,0,13502,наша запись HAR; ДЭГ — журнал
Свердловская область – Каменск-Уральский,66,2,8,"Число избирательных бюллетеней, содержащихся в стационарных ящиках для голосования",196929,44146,152783,наша запись HAR; ДЭГ — журнал
Свердловская область – Каменск-Уральский,66,2,9,Число недействительных избирательных бюллетеней,4930,0,4930,наша запись HAR; ДЭГ — журнал
Свердловская область – Каменск-Уральский,66,2,10,Число действительных избирательных бюллетеней,205501,44146,161355,наша запись HAR; ДЭГ — журнал
Свердловская область – Каменск-Уральский,66,2,11,Число утраченных избирательных бюллетеней,0,0,0,наша запись HAR; ДЭГ — журнал
Свердловская область – Каменск-Уральский,66,2,12,"Число избирательных бюллетеней, не учтенных при получении",0,0,0,наша запись HAR; ДЭГ — журнал
Свердловская область – Каменск-Уральский,66,2,13,"Всероссийская политическая партия ""ЕДИНАЯ РОССИЯ""",79453,20795,58658,наша запись HAR; ДЭГ — журнал
Свердловская область – Каменск-Уральский,66,2,14,Политическая партия ЛДПР – Либерально-демократическая партия России,22689,4567,18122,наша запись HAR; ДЭГ — журнал
Свердловская область – Каменск-Уральский,66,2,15,"Политическая партия ""Партия прямой демократии""",704,215,489,наша запись HAR; ДЭГ — журнал
Свердловская область – Каменск-Уральский,66,2,16,"Политическая партия ""Российская экологическая партия ""ЗЕЛЁНЫЕ""",2913,1021,1892,наша запись HAR; ДЭГ — журнал
Свердловская область – Каменск-Уральский,66,2,17,Социалистическая политическая партия СПРАВЕДЛИВАЯ РОССИЯ,17051,2656,14395,наша запись HAR; ДЭГ — журнал
Свердловская область – Каменск-Уральский,66,2,18,"ВСЕРОССИЙСКАЯ ПОЛИТИЧЕСКАЯ ПАРТИЯ ""РОДИНА""",1588,308,1280,наша запись HAR; ДЭГ — журнал
Свердловская область – Каменск-Уральский,66,2,19,КПРФ - политическая партия КОММУНИСТИЧЕСКАЯ ПАРТИЯ РОССИЙСКОЙ ФЕДЕРАЦИИ,41788,5287,36501,наша запись HAR; ДЭГ — журнал
Свердловская область – Каменск-Уральский,66,2,20,ПАРТИЯ ПЕНСИОНЕРОВ,5755,785,4970,наша запись HAR; ДЭГ — журнал
Свердловская область – Каменск-Уральский,66,2,21,Политическая партия КОММУНИСТИЧЕСКАЯ ПАРТИЯ КОММУНИСТЫ РОССИИ,2012,529,1483,наша запись HAR; ДЭГ — журнал
Свердловская область – Каменск-Уральский,66,2,22,"Политическая партия ""НОВЫЕ ЛЮДИ""",31548,7983,23565,наша запись HAR; ДЭГ — журнал
Владимирская область – Суздальский,33,1,1,"Число избирателей, внесенных в списки избирателей на момент окончания голосования",531930,38841,493089,наша запись HAR; ДЭГ — журнал
Владимирская область – Суздальский,33,1,2,"Число избирательных бюллетеней, полученных участковыми избирательными комиссиями",535532,35175,500357,наша запись HAR; ДЭГ — журнал
Владимирская область – Суздальский,33,1,3,"Число избирательных бюллетеней, выданных избирателям, проголосовавшим досрочно",0,0,0,наша запись HAR; ДЭГ — журнал
Владимирская область – Суздальский,33,1,4,"Число избирательных бюллетеней, выданных участковыми избирательными комиссиями избирателям в помещениях для голосования в день голосования",204704,35175,169529,наша запись HAR; ДЭГ — журнал
Владимирская область – Суздальский,33,1,5,"Число избирательных бюллетеней, выданных избирателям, проголосовавшим вне помещений для голосования в день голосования",26022,0,26022,наша запись HAR; ДЭГ — журнал
Владимирская область – Суздальский,33,1,6,Число погашенных избирательных бюллетеней,304806,0,304806,наша запись HAR; ДЭГ — журнал
Владимирская область – Суздальский,33,1,7,"Число избирательных бюллетеней, содержащихся в переносных ящиках для голосования",26021,0,26021,наша запись HAR; ДЭГ — журнал
Владимирская область – Суздальский,33,1,8,"Число избирательных бюллетеней, содержащихся в стационарных ящиках для голосования",203896,34717,169179,наша запись HAR; ДЭГ — журнал
Владимирская область – Суздальский,33,1,9,Число недействительных избирательных бюллетеней,5552,0,5552,наша запись HAR; ДЭГ — журнал
Владимирская область – Суздальский,33,1,10,Число действительных избирательных бюллетеней,224365,34717,189648,наша запись HAR; ДЭГ — журнал
Владимирская область – Суздальский,33,1,11,Число утраченных избирательных бюллетеней,0,0,0,наша запись HAR; ДЭГ — журнал
Владимирская область – Суздальский,33,1,12,"Число избирательных бюллетеней, не учтенных при получении",0,0,0,наша запись HAR; ДЭГ — журнал
Владимирская область – Суздальский,33,1,13,Аникеев Григорий Викторович,130852,18515,112337,наша запись HAR; ДЭГ — журнал
Владимирская область – Суздальский,33,1,14,Бирюков Сергей Евгеньевич,9980,1406,8574,наша запись HAR; ДЭГ — журнал
Владимирская область – Суздальский,33,1,15,Бугаев Александр Петрович,14927,2991,11936,наша запись HAR; ДЭГ — журнал
Владимирская область – Суздальский,33,1,16,Канищева Ольга Николаевна,6301,1206,5095,наша запись HAR; ДЭГ — журнал
Владимирская область – Суздальский,33,1,17,Котлер Данил Дмитриевич,9292,2504,6788,наша запись HAR; ДЭГ — журнал
Владимирская область – Суздальский,33,1,18,Ростовцев Иван Александрович,34654,4844,29810,наша запись HAR; ДЭГ — журнал
Владимирская область – Суздальский,33,1,19,Саминь Анна Владимировна,2613,423,2190,наша запись HAR; ДЭГ — журнал
Владимирская область – Суздальский,33,1,20,Фирсов Алексей Александрович,15746,2828,12918,наша запись HAR; ДЭГ — журнал
Владимирская область – Суздальский,33,2,1,"Число избирателей, внесенных в списки избирателей на момент окончания голосования",534514,38841,495673,наша запись HAR; ДЭГ — журнал
Владимирская область – Суздальский,33,2,2,"Число избирательных бюллетеней, полученных участковыми избирательными комиссиями",535532,35175,500357,наша запись HAR; ДЭГ — журнал
Владимирская область – Суздальский,33,2,3,"Число избирательных бюллетеней, выданных избирателям, проголосовавшим досрочно",0,0,0,наша запись HAR; ДЭГ — журнал
Владимирская область – Суздальский,33,2,4,"Число избирательных бюллетеней, выданных участковыми избирательными комиссиями избирателям в помещениях для голосования в день голосования",207276,35175,172101,наша запись HAR; ДЭГ — журнал
Владимирская область – Суздальский,33,2,5,"Число избирательных бюллетеней, выданных избирателям, проголосовавшим вне помещений для голосования в день голосования",26980,0,26980,наша запись HAR; ДЭГ — журнал
Владимирская область – Суздальский,33,2,6,Число погашенных избирательных бюллетеней,301276,0,301276,наша запись HAR; ДЭГ — журнал
Владимирская область – Суздальский,33,2,7,"Число избирательных бюллетеней, содержащихся в переносных ящиках для голосования",26979,0,26979,наша запись HAR; ДЭГ — журнал
Владимирская область – Суздальский,33,2,8,"Число избирательных бюллетеней, содержащихся в стационарных ящиках для голосования",206727,34995,171732,наша запись HAR; ДЭГ — журнал
Владимирская область – Суздальский,33,2,9,Число недействительных избирательных бюллетеней,4865,0,4865,наша запись HAR; ДЭГ — журнал
Владимирская область – Суздальский,33,2,10,Число действительных избирательных бюллетеней,228841,34995,193846,наша запись HAR; ДЭГ — журнал
Владимирская область – Суздальский,33,2,11,Число утраченных избирательных бюллетеней,0,0,0,наша запись HAR; ДЭГ — журнал
Владимирская область – Суздальский,33,2,12,"Число избирательных бюллетеней, не учтенных при получении",0,0,0,наша запись HAR; ДЭГ — журнал
Владимирская область – Суздальский,33,2,13,"Всероссийская политическая партия ""ЕДИНАЯ РОССИЯ""",107933,16486,91447,наша запись HAR; ДЭГ — журнал
Владимирская область – Суздальский,33,2,14,Политическая партия ЛДПР – Либерально-демократическая партия России,25940,4303,21637,наша запись HAR; ДЭГ — журнал
Владимирская область – Суздальский,33,2,15,"Политическая партия ""Партия прямой демократии""",654,130,524,наша запись HAR; ДЭГ — журнал
Владимирская область – Суздальский,33,2,16,"Политическая партия ""Российская экологическая партия ""ЗЕЛЁНЫЕ""",3525,865,2660,наша запись HAR; ДЭГ — журнал
Владимирская область – Суздальский,33,2,17,Социалистическая политическая партия СПРАВЕДЛИВАЯ РОССИЯ,11246,1707,9539,наша запись HAR; ДЭГ — журнал
Владимирская область – Суздальский,33,2,18,"ВСЕРОССИЙСКАЯ ПОЛИТИЧЕСКАЯ ПАРТИЯ ""РОДИНА""",2320,293,2027,наша запись HAR; ДЭГ — журнал
Владимирская область – Суздальский,33,2,19,КПРФ - политическая партия КОММУНИСТИЧЕСКАЯ ПАРТИЯ РОССИЙСКОЙ ФЕДЕРАЦИИ,44922,4729,40193,наша запись HAR; ДЭГ — журнал
Владимирская область – Суздальский,33,2,20,ПАРТИЯ ПЕНСИОНЕРОВ,6926,649,6277,наша запись HAR; ДЭГ — журнал
Владимирская область – Суздальский,33,2,21,Политическая партия КОММУНИСТИЧЕСКАЯ ПАРТИЯ КОММУНИСТЫ РОССИИ,2195,364,1831,наша запись HAR; ДЭГ — журнал
Владимирская область – Суздальский,33,2,22,"Политическая партия ""НОВЫЕ ЛЮДИ""",23180,5469,17711,наша запись HAR; ДЭГ — журнал
Московская область – Орехово-Зуевский,50,1,1,"Число избирателей, внесенных в списки избирателей на момент окончания голосования",511812,78723,433089,наша запись HAR; ДЭГ — журнал
Московская область – Орехово-Зуевский,50,1,2,"Число избирательных бюллетеней, полученных участковыми избирательными комиссиями",452451,73664,378787,наша запись HAR; ДЭГ — журнал
Московская область – Орехово-Зуевский,50,1,3,"Число избирательных бюллетеней, выданных избирателям, проголосовавшим досрочно",0,0,0,наша запись HAR; ДЭГ — журнал
Московская область – Орехово-Зуевский,50,1,4,"Число избирательных бюллетеней, выданных участковыми избирательными комиссиями избирателям в помещениях для голосования в день голосования",225041,73664,151377,наша запись HAR; ДЭГ — журнал
Московская область – Орехово-Зуевский,50,1,5,"Число избирательных бюллетеней, выданных избирателям, проголосовавшим вне помещений для голосования в день голосования",41231,0,41231,наша запись HAR; ДЭГ — журнал
Московская область – Орехово-Зуевский,50,1,6,Число погашенных избирательных бюллетеней,186179,0,186179,наша запись HAR; ДЭГ — журнал
Московская область – Орехово-Зуевский,50,1,7,"Число избирательных бюллетеней, содержащихся в переносных ящиках для голосования",41231,0,41231,наша запись HAR; ДЭГ — журнал
Московская область – Орехово-Зуевский,50,1,8,"Число избирательных бюллетеней, содержащихся в стационарных ящиках для голосования",224065,73138,150927,наша запись HAR; ДЭГ — журнал
Московская область – Орехово-Зуевский,50,1,9,Число недействительных избирательных бюллетеней,2510,0,2510,наша запись HAR; ДЭГ — журнал
Московская область – Орехово-Зуевский,50,1,10,Число действительных избирательных бюллетеней,262786,73138,189648,наша запись HAR; ДЭГ — журнал
Московская область – Орехово-Зуевский,50,1,11,Число утраченных избирательных бюллетеней,0,0,0,наша запись HAR; ДЭГ — журнал
Московская область – Орехово-Зуевский,50,1,12,"Число избирательных бюллетеней, не учтенных при получении",0,0,0,наша запись HAR; ДЭГ — журнал
Московская область – Орехово-Зуевский,50,1,13,Ковалев Артем Алексеевич,21819,7846,13973,наша запись HAR; ДЭГ — журнал
Московская область – Орехово-Зуевский,50,1,14,Николаев Александр Юрьевич,14558,3724,10834,наша запись HAR; ДЭГ — журнал
Московская область – Орехово-Зуевский,50,1,15,Овчинников Владимир Владимирович,6292,1387,4905,наша запись HAR; ДЭГ — журнал
Московская область – Орехово-Зуевский,50,1,16,Панин Геннадий Олегович,155464,43585,111879,наша запись HAR; ДЭГ — журнал
Московская область – Орехово-Зуевский,50,1,17,Смирнова Светлана Александровна,8557,4448,4109,наша запись HAR; ДЭГ — журнал
Московская область – Орехово-Зуевский,50,1,18,Фондаринов Владимир Евгеньевич,33920,6264,27656,наша запись HAR; ДЭГ — журнал
Московская область – Орехово-Зуевский,50,1,19,Халезин Сергей Николаевич,22176,5884,16292,наша запись HAR; ДЭГ — журнал
Московская область – Орехово-Зуевский,50,2,1,"Число избирателей, внесенных в списки избирателей на момент окончания голосования",510876,78723,432153,наша запись HAR; ДЭГ — журнал
Московская область – Орехово-Зуевский,50,2,2,"Число избирательных бюллетеней, полученных участковыми избирательными комиссиями",452451,73664,378787,наша запись HAR; ДЭГ — журнал
Московская область – Орехово-Зуевский,50,2,3,"Число избирательных бюллетеней, выданных избирателям, проголосовавшим досрочно",0,0,0,наша запись HAR; ДЭГ — журнал
Московская область – Орехово-Зуевский,50,2,4,"Число избирательных бюллетеней, выданных участковыми избирательными комиссиями избирателям в помещениях для голосования в день голосования",227360,73664,153696,наша запись HAR; ДЭГ — журнал
Московская область – Орехово-Зуевский,50,2,5,"Число избирательных бюллетеней, выданных избирателям, проголосовавшим вне помещений для голосования в день голосования",42097,0,42097,наша запись HAR; ДЭГ — журнал
Московская область – Орехово-Зуевский,50,2,6,Число погашенных избирательных бюллетеней,182994,0,182994,наша запись HAR; ДЭГ — журнал
Московская область – Орехово-Зуевский,50,2,7,"Число избирательных бюллетеней, содержащихся в переносных ящиках для голосования",42097,0,42097,наша запись HAR; ДЭГ — журнал
Московская область – Орехово-Зуевский,50,2,8,"Число избирательных бюллетеней, содержащихся в стационарных ящиках для голосования",226863,73427,153436,наша запись HAR; ДЭГ — журнал
Московская область – Орехово-Зуевский,50,2,9,Число недействительных избирательных бюллетеней,1455,0,1455,наша запись HAR; ДЭГ — журнал
Московская область – Орехово-Зуевский,50,2,10,Число действительных избирательных бюллетеней,267505,73427,194078,наша запись HAR; ДЭГ — журнал
Московская область – Орехово-Зуевский,50,2,11,Число утраченных избирательных бюллетеней,0,0,0,наша запись HAR; ДЭГ — журнал
Московская область – Орехово-Зуевский,50,2,12,"Число избирательных бюллетеней, не учтенных при получении",0,0,0,наша запись HAR; ДЭГ — журнал
Московская область – Орехово-Зуевский,50,2,13,"Всероссийская политическая партия ""ЕДИНАЯ РОССИЯ""",131680,43921,87759,наша запись HAR; ДЭГ — журнал
Московская область – Орехово-Зуевский,50,2,14,Политическая партия ЛДПР – Либерально-демократическая партия России,39679,6479,33200,наша запись HAR; ДЭГ — журнал
Московская область – Орехово-Зуевский,50,2,15,"Политическая партия ""Партия прямой демократии""",540,224,316,наша запись HAR; ДЭГ — журнал
Московская область – Орехово-Зуевский,50,2,16,"Политическая партия ""Российская экологическая партия ""ЗЕЛЁНЫЕ""",3615,1339,2276,наша запись HAR; ДЭГ — журнал
Московская область – Орехово-Зуевский,50,2,17,Социалистическая политическая партия СПРАВЕДЛИВАЯ РОССИЯ,27844,2776,25068,наша запись HAR; ДЭГ — журнал
Московская область – Орехово-Зуевский,50,2,18,"ВСЕРОССИЙСКАЯ ПОЛИТИЧЕСКАЯ ПАРТИЯ ""РОДИНА""",1585,498,1087,наша запись HAR; ДЭГ — журнал
Московская область – Орехово-Зуевский,50,2,19,КПРФ - политическая партия КОММУНИСТИЧЕСКАЯ ПАРТИЯ РОССИЙСКОЙ ФЕДЕРАЦИИ,35892,7288,28604,наша запись HAR; ДЭГ — журнал
Московская область – Орехово-Зуевский,50,2,20,ПАРТИЯ ПЕНСИОНЕРОВ,3329,1361,1968,наша запись HAR; ДЭГ — журнал
Московская область – Орехово-Зуевский,50,2,21,Политическая партия КОММУНИСТИЧЕСКАЯ ПАРТИЯ КОММУНИСТЫ РОССИИ,1750,777,973,наша запись HAR; ДЭГ — журнал
Московская область – Орехово-Зуевский,50,2,22,"Политическая партия ""НОВЫЕ ЛЮДИ""",21591,8764,12827,наша запись HAR; ДЭГ — журнал
Томская область – Томский,70,1,1,"Число избирателей, внесенных в списки избирателей на момент окончания голосования",744955,96431,648524,наша запись HAR; ДЭГ — журнал
Томская область – Томский,70,1,2,"Число избирательных бюллетеней, полученных участковыми избирательными комиссиями",709829,87721,622108,наша запись HAR; ДЭГ — журнал
Томская область – Томский,70,1,3,"Число избирательных бюллетеней, выданных избирателям, проголосовавшим досрочно",389,0,389,наша запись HAR; ДЭГ — журнал
Томская область – Томский,70,1,4,"Число избирательных бюллетеней, выданных участковыми избирательными комиссиями избирателям в помещениях для голосования в день голосования",304895,87721,217174,наша запись HAR; ДЭГ — журнал
Томская область – Томский,70,1,5,"Число избирательных бюллетеней, выданных избирателям, проголосовавшим вне помещений для голосования в день голосования",21796,0,21796,наша запись HAR; ДЭГ — журнал
Томская область – Томский,70,1,6,Число погашенных избирательных бюллетеней,382749,0,382749,наша запись HAR; ДЭГ — журнал
Томская область – Томский,70,1,7,"Число избирательных бюллетеней, содержащихся в переносных ящиках для голосования",22151,0,22151,наша запись HAR; ДЭГ — журнал
Томская область – Томский,70,1,8,"Число избирательных бюллетеней, содержащихся в стационарных ящиках для голосования",303925,86977,216948,наша запись HAR; ДЭГ — журнал
Томская область – Томский,70,1,9,Число недействительных избирательных бюллетеней,10786,0,10786,наша запись HAR; ДЭГ — журнал
Томская область – Томский,70,1,10,Число действительных избирательных бюллетеней,315290,86977,228313,наша запись HAR; ДЭГ — журнал
Томская область – Томский,70,1,11,Число утраченных избирательных бюллетеней,0,0,0,наша запись HAR; ДЭГ — журнал
Томская область – Томский,70,1,12,"Число избирательных бюллетеней, не учтенных при получении",0,0,0,наша запись HAR; ДЭГ — журнал
Томская область – Томский,70,1,13,Ерёмин Василий Васильевич,34656,6670,27986,наша запись HAR; ДЭГ — журнал
Томская область – Томский,70,1,14,Кухальский Сергей Борисович,29681,9910,19771,наша запись HAR; ДЭГ — журнал
Томская область – Томский,70,1,15,Леонтьев Илья Алексеевич,104966,34446,70520,наша запись HAR; ДЭГ — журнал
Томская область – Томский,70,1,16,Немцева Галина Григорьевна,65572,17127,48445,наша запись HAR; ДЭГ — журнал
Томская область – Томский,70,1,17,Терехов Леонид Леонидович,30450,7952,22498,наша запись HAR; ДЭГ — журнал
Томская область – Томский,70,1,18,Чолахян Владимир Тамазович,49965,10872,39093,наша запись HAR; ДЭГ — журнал
Томская область – Томский,70,2,1,"Число избирателей, внесенных в списки избирателей на момент окончания голосования",747626,96431,651195,наша запись HAR; ДЭГ — журнал
Томская область – Томский,70,2,2,"Число избирательных бюллетеней, полученных участковыми избирательными комиссиями",709929,87721,622208,наша запись HAR; ДЭГ — журнал
Томская область – Томский,70,2,3,"Число избирательных бюллетеней, выданных избирателям, проголосовавшим досрочно",807,0,807,наша запись HAR; ДЭГ — журнал
Томская область – Томский,70,2,4,"Число избирательных бюллетеней, выданных участковыми избирательными комиссиями избирателям в помещениях для голосования в день голосования",307621,87721,219900,наша запись HAR; ДЭГ — журнал
Томская область – Томский,70,2,5,"Число избирательных бюллетеней, выданных избирателям, проголосовавшим вне помещений для голосования в день голосования",21848,0,21848,наша запись HAR; ДЭГ — журнал
Томская область – Томский,70,2,6,Число погашенных избирательных бюллетеней,379653,0,379653,наша запись HAR; ДЭГ — журнал
Томская область – Томский,70,2,7,"Число избирательных бюллетеней, содержащихся в переносных ящиках для голосования",22619,0,22619,наша запись HAR; ДЭГ — журнал
Томская область – Томский,70,2,8,"Число избирательных бюллетеней, содержащихся в стационарных ящиках для голосования",307066,87359,219707,наша запись HAR; ДЭГ — журнал
Томская область – Томский,70,2,9,Число недействительных избирательных бюллетеней,7373,0,7373,наша запись HAR; ДЭГ — журнал
Томская область – Томский,70,2,10,Число действительных избирательных бюллетеней,322312,87359,234953,наша запись HAR; ДЭГ — журнал
Томская область – Томский,70,2,11,Число утраченных избирательных бюллетеней,0,0,0,наша запись HAR; ДЭГ — журнал
Томская область – Томский,70,2,12,"Число избирательных бюллетеней, не учтенных при получении",0,0,0,наша запись HAR; ДЭГ — журнал
Томская область – Томский,70,2,13,"Всероссийская политическая партия ""ЕДИНАЯ РОССИЯ""",127563,43224,84339,наша запись HAR; ДЭГ — журнал
Томская область – Томский,70,2,14,Политическая партия ЛДПР – Либерально-демократическая партия России,36401,8309,28092,наша запись HAR; ДЭГ — журнал
Томская область – Томский,70,2,15,"Политическая партия ""Партия прямой демократии""",1071,325,746,наша запись HAR; ДЭГ — журнал
Томская область – Томский,70,2,16,"Политическая партия ""Российская экологическая партия ""ЗЕЛЁНЫЕ""",4254,1645,2609,наша запись HAR; ДЭГ — журнал
Томская область – Томский,70,2,17,Социалистическая политическая партия СПРАВЕДЛИВАЯ РОССИЯ,29183,7230,21953,наша запись HAR; ДЭГ — журнал
Томская область – Томский,70,2,18,"ВСЕРОССИЙСКАЯ ПОЛИТИЧЕСКАЯ ПАРТИЯ ""РОДИНА""",2402,467,1935,наша запись HAR; ДЭГ — журнал
Томская область – Томский,70,2,19,КПРФ - политическая партия КОММУНИСТИЧЕСКАЯ ПАРТИЯ РОССИЙСКОЙ ФЕДЕРАЦИИ,65011,10027,54984,наша запись HAR; ДЭГ — журнал
Томская область – Томский,70,2,20,ПАРТИЯ ПЕНСИОНЕРОВ,7559,1389,6170,наша запись HAR; ДЭГ — журнал
Томская область – Томский,70,2,21,Политическая партия КОММУНИСТИЧЕСКАЯ ПАРТИЯ КОММУНИСТЫ РОССИИ,3790,990,2800,наша запись HAR; ДЭГ — журнал
Томская область – Томский,70,2,22,"Политическая партия ""НОВЫЕ ЛЮДИ""",45078,13753,31325,наша запись HAR; ДЭГ — журнал
Нижегородская область – Автозаводский,52,1,1,"Число избирателей, внесенных в списки избирателей на момент окончания голосования",518799,31216,487583,наша запись HAR; ДЭГ — журнал
Нижегородская область – Автозаводский,52,1,2,"Число избирательных бюллетеней, полученных участковыми избирательными комиссиями",515756,27365,488391,наша запись HAR; ДЭГ — журнал
Нижегородская область – Автозаводский,52,1,3,"Число избирательных бюллетеней, выданных избирателям, проголосовавшим досрочно",0,0,0,наша запись HAR; ДЭГ — журнал
Нижегородская область – Автозаводский,52,1,4,"Число избирательных бюллетеней, выданных участковыми избирательными комиссиями избирателям в помещениях для голосования в день голосования",281673,27365,254308,наша запись HAR; ДЭГ — журнал
Нижегородская область – Автозаводский,52,1,5,"Число избирательных бюллетеней, выданных избирателям, проголосовавшим вне помещений для голосования в день голосования",46331,0,46331,наша запись HAR; ДЭГ — журнал
Нижегородская область – Автозаводский,52,1,6,Число погашенных избирательных бюллетеней,187752,0,187752,наша запись HAR; ДЭГ — журнал
Нижегородская область – Автозаводский,52,1,7,"Число избирательных бюллетеней, содержащихся в переносных ящиках для голосования",46331,0,46331,наша запись HAR; ДЭГ — журнал
Нижегородская область – Автозаводский,52,1,8,"Число избирательных бюллетеней, содержащихся в стационарных ящиках для голосования",281097,26996,254101,наша запись HAR; ДЭГ — журнал
Нижегородская область – Автозаводский,52,1,9,Число недействительных избирательных бюллетеней,5801,0,5801,наша запись HAR; ДЭГ — журнал
Нижегородская область – Автозаводский,52,1,10,Число действительных избирательных бюллетеней,321627,26996,294631,наша запись HAR; ДЭГ — журнал
Нижегородская область – Автозаводский,52,1,11,Число утраченных избирательных бюллетеней,0,0,0,наша запись HAR; ДЭГ — журнал
Нижегородская область – Автозаводский,52,1,12,"Число избирательных бюллетеней, не учтенных при получении",0,0,0,наша запись HAR; ДЭГ — журнал
Нижегородская область – Автозаводский,52,1,13,Амелин Дмитрий Иванович,21002,1719,19283,наша запись HAR; ДЭГ — журнал
Нижегородская область – Автозаводский,52,1,14,Грачёв Дмитрий Александрович,183034,11311,171723,наша запись HAR; ДЭГ — журнал
Нижегородская область – Автозаводский,52,1,15,Гусаровский Олег Николаевич,25674,4058,21616,наша запись HAR; ДЭГ — журнал
Нижегородская область – Автозаводский,52,1,16,Ризоватов Алексей Николаевич,9185,780,8405,наша запись HAR; ДЭГ — журнал
Нижегородская область – Автозаводский,52,1,17,Рыхтик Михаил Иванович,48009,5321,42688,наша запись HAR; ДЭГ — журнал
Нижегородская область – Автозаводский,52,1,18,Сидельников Александр Владимирович,30163,3154,27009,наша запись HAR; ДЭГ — журнал
Нижегородская область – Автозаводский,52,1,19,Чертановский Максим Евгеньевич,4560,653,3907,наша запись HAR; ДЭГ — журнал
Нижегородская область – Автозаводский,52,2,1,"Число избирателей, внесенных в списки избирателей на момент окончания голосования",519002,31216,487786,наша запись HAR; ДЭГ — журнал
Нижегородская область – Автозаводский,52,2,2,"Число избирательных бюллетеней, полученных участковыми избирательными комиссиями",515756,27365,488391,наша запись HAR; ДЭГ — журнал
Нижегородская область – Автозаводский,52,2,3,"Число избирательных бюллетеней, выданных избирателям, проголосовавшим досрочно",0,0,0,наша запись HAR; ДЭГ — журнал
Нижегородская область – Автозаводский,52,2,4,"Число избирательных бюллетеней, выданных участковыми избирательными комиссиями избирателям в помещениях для голосования в день голосования",282305,27365,254940,наша запись HAR; ДЭГ — журнал
Нижегородская область – Автозаводский,52,2,5,"Число избирательных бюллетеней, выданных избирателям, проголосовавшим вне помещений для голосования в день голосования",46384,0,46384,наша запись HAR; ДЭГ — журнал
Нижегородская область – Автозаводский,52,2,6,Число погашенных избирательных бюллетеней,187067,0,187067,наша запись HAR; ДЭГ — журнал
Нижегородская область – Автозаводский,52,2,7,"Число избирательных бюллетеней, содержащихся в переносных ящиках для голосования",46384,0,46384,наша запись HAR; ДЭГ — журнал
Нижегородская область – Автозаводский,52,2,8,"Число избирательных бюллетеней, содержащихся в стационарных ящиках для голосования",281980,27225,254755,наша запись HAR; ДЭГ — журнал
Нижегородская область – Автозаводский,52,2,9,Число недействительных избирательных бюллетеней,3675,0,3675,наша запись HAR; ДЭГ — журнал
Нижегородская область – Автозаводский,52,2,10,Число действительных избирательных бюллетеней,324689,27225,297464,наша запись HAR; ДЭГ — журнал
Нижегородская область – Автозаводский,52,2,11,Число утраченных избирательных бюллетеней,0,0,0,наша запись HAR; ДЭГ — журнал
Нижегородская область – Автозаводский,52,2,12,"Число избирательных бюллетеней, не учтенных при получении",0,0,0,наша запись HAR; ДЭГ — журнал
Нижегородская область – Автозаводский,52,2,13,"Всероссийская политическая партия ""ЕДИНАЯ РОССИЯ""",182370,12915,169455,наша запись HAR; ДЭГ — журнал
Нижегородская область – Автозаводский,52,2,14,Политическая партия ЛДПР – Либерально-демократическая партия России,37320,2962,34358,наша запись HAR; ДЭГ — журнал
Нижегородская область – Автозаводский,52,2,15,"Политическая партия ""Партия прямой демократии""",1105,124,981,наша запись HAR; ДЭГ — журнал
Нижегородская область – Автозаводский,52,2,16,"Политическая партия ""Российская экологическая партия ""ЗЕЛЁНЫЕ""",2104,519,1585,наша запись HAR; ДЭГ — журнал
Нижегородская область – Автозаводский,52,2,17,Социалистическая политическая партия СПРАВЕДЛИВАЯ РОССИЯ,19859,1492,18367,наша запись HAR; ДЭГ — журнал
Нижегородская область – Автозаводский,52,2,18,"ВСЕРОССИЙСКАЯ ПОЛИТИЧЕСКАЯ ПАРТИЯ ""РОДИНА""",2007,261,1746,наша запись HAR; ДЭГ — журнал
Нижегородская область – Автозаводский,52,2,19,КПРФ - политическая партия КОММУНИСТИЧЕСКАЯ ПАРТИЯ РОССИЙСКОЙ ФЕДЕРАЦИИ,46015,3815,42200,наша запись HAR; ДЭГ — журнал
Нижегородская область – Автозаводский,52,2,20,ПАРТИЯ ПЕНСИОНЕРОВ,5725,527,5198,наша запись HAR; ДЭГ — журнал
Нижегородская область – Автозаводский,52,2,21,Политическая партия КОММУНИСТИЧЕСКАЯ ПАРТИЯ КОММУНИСТЫ РОССИИ,1909,310,1599,наша запись HAR; ДЭГ — журнал
Нижегородская область – Автозаводский,52,2,22,"Политическая партия ""НОВЫЕ ЛЮДИ""",26275,4300,21975,наша запись HAR; ДЭГ — журнал
Челябинская область – Челябинский,74,1,1,"Число избирателей, внесенных в списки избирателей на момент окончания голосования",507387,38108,469279,наша запись HAR; ДЭГ — журнал
Челябинская область – Челябинский,74,1,2,"Число избирательных бюллетеней, полученных участковыми избирательными комиссиями",476611,33484,443127,наша запись HAR; ДЭГ — журнал
Челябинская область – Челябинский,74,1,3,"Число избирательных бюллетеней, выданных избирателям, проголосовавшим досрочно",0,0,0,наша запись HAR; ДЭГ — журнал
Челябинская область – Челябинский,74,1,4,"Число избирательных бюллетеней, выданных участковыми избирательными комиссиями избирателям в помещениях для голосования в день голосования",232550,33484,199066,наша запись HAR; ДЭГ — журнал
Челябинская область – Челябинский,74,1,5,"Число избирательных бюллетеней, выданных избирателям, проголосовавшим вне помещений для голосования в день голосования",33579,0,33579,наша запись HAR; ДЭГ — журнал
Челябинская область – Челябинский,74,1,6,Число погашенных избирательных бюллетеней,210482,0,210482,наша запись HAR; ДЭГ — журнал
Челябинская область – Челябинский,74,1,7,"Число избирательных бюллетеней, содержащихся в переносных ящиках для голосования",33578,0,33578,наша запись HAR; ДЭГ — журнал
Челябинская область – Челябинский,74,1,8,"Число избирательных бюллетеней, содержащихся в стационарных ящиках для голосования",231829,33049,198780,наша запись HAR; ДЭГ — журнал
Челябинская область – Челябинский,74,1,9,Число недействительных избирательных бюллетеней,7780,0,7780,наша запись HAR; ДЭГ — журнал
Челябинская область – Челябинский,74,1,10,Число действительных избирательных бюллетеней,257627,33049,224578,наша запись HAR; ДЭГ — журнал
Челябинская область – Челябинский,74,1,11,Число утраченных избирательных бюллетеней,0,0,0,наша запись HAR; ДЭГ — журнал
Челябинская область – Челябинский,74,1,12,"Число избирательных бюллетеней, не учтенных при получении",0,0,0,наша запись HAR; ДЭГ — журнал
Челябинская область – Челябинский,74,1,13,Гулин Максим Алексеевич,39850,7553,32297,наша запись HAR; ДЭГ — журнал
Челябинская область – Челябинский,74,1,14,Илле Евгений Георгиевич,117188,9269,107919,наша запись HAR; ДЭГ — журнал
Челябинская область – Челябинский,74,1,15,Кунгурцев Артём Николаевич,6021,883,5138,наша запись HAR; ДЭГ — журнал
Челябинская область – Челябинский,74,1,16,Курочкин Денис Алексеевич,25095,3102,21993,наша запись HAR; ДЭГ — журнал
Челябинская область – Челябинский,74,1,17,Никулин Олег Георгиевич,15479,2767,12712,наша запись HAR; ДЭГ — журнал
Челябинская область – Челябинский,74,1,18,Пашин Виталий Львович,22665,4589,18076,наша запись HAR; ДЭГ — журнал
Челябинская область – Челябинский,74,1,19,Швецов Василий Георгиевич,31329,4886,26443,наша запись HAR; ДЭГ — журнал
Челябинская область – Челябинский,74,2,1,"Число избирателей, внесенных в списки избирателей на момент окончания голосования",514156,38108,476048,наша запись HAR; ДЭГ — журнал
Челябинская область – Челябинский,74,2,2,"Число избирательных бюллетеней, полученных участковыми избирательными комиссиями",476661,33484,443177,наша запись HAR; ДЭГ — журнал
Челябинская область – Челябинский,74,2,3,"Число избирательных бюллетеней, выданных избирателям, проголосовавшим досрочно",0,0,0,наша запись HAR; ДЭГ — журнал
Челябинская область – Челябинский,74,2,4,"Число избирательных бюллетеней, выданных участковыми избирательными комиссиями избирателям в помещениях для голосования в день голосования",239480,33484,205996,наша запись HAR; ДЭГ — журнал
Челябинская область – Челябинский,74,2,5,"Число избирательных бюллетеней, выданных избирателям, проголосовавшим вне помещений для голосования в день голосования",34494,0,34494,наша запись HAR; ДЭГ — журнал
Челябинская область – Челябинский,74,2,6,Число погашенных избирательных бюллетеней,202687,0,202687,наша запись HAR; ДЭГ — журнал
Челябинская область – Челябинский,74,2,7,"Число избирательных бюллетеней, содержащихся в переносных ящиках для голосования",34494,0,34494,наша запись HAR; ДЭГ — журнал
Челябинская область – Челябинский,74,2,8,"Число избирательных бюллетеней, содержащихся в стационарных ящиках для голосования",239220,33344,205876,наша запись HAR; ДЭГ — журнал
Челябинская область – Челябинский,74,2,9,Число недействительных избирательных бюллетеней,4814,0,4814,наша запись HAR; ДЭГ — журнал
Челябинская область – Челябинский,74,2,10,Число действительных избирательных бюллетеней,268900,33344,235556,наша запись HAR; ДЭГ — журнал
Челябинская область – Челябинский,74,2,11,Число утраченных избирательных бюллетеней,0,0,0,наша запись HAR; ДЭГ — журнал
Челябинская область – Челябинский,74,2,12,"Число избирательных бюллетеней, не учтенных при получении",0,0,0,наша запись HAR; ДЭГ — журнал
Челябинская область – Челябинский,74,2,13,"Всероссийская политическая партия ""ЕДИНАЯ РОССИЯ""",145195,12575,132620,наша запись HAR; ДЭГ — журнал
Челябинская область – Челябинский,74,2,14,Политическая партия ЛДПР – Либерально-демократическая партия России,21854,3859,17995,наша запись HAR; ДЭГ — журнал
Челябинская область – Челябинский,74,2,15,"Политическая партия ""Партия прямой демократии""",978,184,794,наша запись HAR; ДЭГ — журнал
Челябинская область – Челябинский,74,2,16,"Политическая партия ""Российская экологическая партия ""ЗЕЛЁНЫЕ""",2858,537,2321,наша запись HAR; ДЭГ — журнал
Челябинская область – Челябинский,74,2,17,Социалистическая политическая партия СПРАВЕДЛИВАЯ РОССИЯ,30771,4292,26479,наша запись HAR; ДЭГ — журнал
Челябинская область – Челябинский,74,2,18,"ВСЕРОССИЙСКАЯ ПОЛИТИЧЕСКАЯ ПАРТИЯ ""РОДИНА""",1756,224,1532,наша запись HAR; ДЭГ — журнал
Челябинская область – Челябинский,74,2,19,КПРФ - политическая партия КОММУНИСТИЧЕСКАЯ ПАРТИЯ РОССИЙСКОЙ ФЕДЕРАЦИИ,28138,3716,24422,наша запись HAR; ДЭГ — журнал
Челябинская область – Челябинский,74,2,20,ПАРТИЯ ПЕНСИОНЕРОВ,6468,838,5630,наша запись HAR; ДЭГ — журнал
Челябинская область – Челябинский,74,2,21,Политическая партия КОММУНИСТИЧЕСКАЯ ПАРТИЯ КОММУНИСТЫ РОССИИ,1668,386,1282,наша запись HAR; ДЭГ — журнал
Челябинская область – Челябинский,74,2,22,"Политическая партия ""НОВЫЕ ЛЮДИ""",29214,6733,22481,наша запись HAR; ДЭГ — журнал
Нижегородская область – Борский,52,1,1,"Число избирателей, внесенных в списки избирателей на момент окончания голосования",482796,29812,452984,наша запись HAR; ДЭГ — журнал
Нижегородская область – Борский,52,1,2,"Число избирательных бюллетеней, полученных участковыми избирательными комиссиями",472785,26606,446179,наша запись HAR; ДЭГ — журнал
Нижегородская область – Борский,52,1,3,"Число избирательных бюллетеней, выданных избирателям, проголосовавшим досрочно",0,0,0,наша запись HAR; ДЭГ — журнал
Нижегородская область – Борский,52,1,4,"Число избирательных бюллетеней, выданных участковыми избирательными комиссиями избирателям в помещениях для голосования в день голосования",241007,26606,214401,наша запись HAR; ДЭГ — журнал
Нижегородская область – Борский,52,1,5,"Число избирательных бюллетеней, выданных избирателям, проголосовавшим вне помещений для голосования в день голосования",83191,0,83191,наша запись HAR; ДЭГ — журнал
Нижегородская область – Борский,52,1,6,Число погашенных избирательных бюллетеней,148587,0,148587,наша запись HAR; ДЭГ — журнал
Нижегородская область – Борский,52,1,7,"Число избирательных бюллетеней, содержащихся в переносных ящиках для голосования",83187,0,83187,наша запись HAR; ДЭГ — журнал
Нижегородская область – Борский,52,1,8,"Число избирательных бюллетеней, содержащихся в стационарных ящиках для голосования",240504,26258,214246,наша запись HAR; ДЭГ — журнал
Нижегородская область – Борский,52,1,9,Число недействительных избирательных бюллетеней,4502,0,4502,наша запись HAR; ДЭГ — журнал
Нижегородская область – Борский,52,1,10,Число действительных избирательных бюллетеней,319189,26258,292931,наша запись HAR; ДЭГ — журнал
Нижегородская область – Борский,52,1,11,Число утраченных избирательных бюллетеней,0,0,0,наша запись HAR; ДЭГ — журнал
Нижегородская область – Борский,52,1,12,"Число избирательных бюллетеней, не учтенных при получении",0,0,0,наша запись HAR; ДЭГ — журнал
Нижегородская область – Борский,52,1,13,Атмахов Владислав Олегович,34889,4417,30472,наша запись HAR; ДЭГ — журнал
Нижегородская область – Борский,52,1,14,Девонин Андрей Викторович,23706,4302,19404,наша запись HAR; ДЭГ — журнал
Нижегородская область – Борский,52,1,15,Кабешев Роман Владимирович,39584,3285,36299,наша запись HAR; ДЭГ — журнал
Нижегородская область – Борский,52,1,16,Кавинов Артем Александрович,188527,9903,178624,наша запись HAR; ДЭГ — журнал
Нижегородская область – Борский,52,1,17,Лепехин Евгений Вячеславович,15368,1728,13640,наша запись HAR; ДЭГ — журнал
Нижегородская область – Борский,52,1,18,Маслов Никита Иванович,8099,1744,6355,наша запись HAR; ДЭГ — журнал
Нижегородская область – Борский,52,1,19,Цопов Александр Владимирович,9016,879,8137,наша запись HAR; ДЭГ — журнал
Московская область – Одинцовский,50,1,1,"Число избирателей, внесенных в списки избирателей на момент окончания голосования",579916,74158,505758,наша запись HAR; ДЭГ — журнал
Московская область – Одинцовский,50,1,2,"Число избирательных бюллетеней, полученных участковыми избирательными комиссиями",546197,68612,477585,наша запись HAR; ДЭГ — журнал
Московская область – Одинцовский,50,1,3,"Число избирательных бюллетеней, выданных избирателям, проголосовавшим досрочно",0,0,0,наша запись HAR; ДЭГ — журнал
Московская область – Одинцовский,50,1,4,"Число избирательных бюллетеней, выданных участковыми избирательными комиссиями избирателям в помещениях для голосования в день голосования",272852,68612,204240,наша запись HAR; ДЭГ — журнал
Московская область – Одинцовский,50,1,5,"Число избирательных бюллетеней, выданных избирателям, проголосовавшим вне помещений для голосования в день голосования",42286,0,42286,наша запись HAR; ДЭГ — журнал
Московская область – Одинцовский,50,1,6,Число погашенных избирательных бюллетеней,231012,0,231012,наша запись HAR; ДЭГ — журнал
Московская область – Одинцовский,50,1,7,"Число избирательных бюллетеней, содержащихся в переносных ящиках для голосования",42284,0,42284,наша запись HAR; ДЭГ — журнал
Московская область – Одинцовский,50,1,8,"Число избирательных бюллетеней, содержащихся в стационарных ящиках для голосования",271157,68018,203139,наша запись HAR; ДЭГ — журнал
Московская область – Одинцовский,50,1,9,Число недействительных избирательных бюллетеней,6375,0,6375,наша запись HAR; ДЭГ — журнал
Московская область – Одинцовский,50,1,10,Число действительных избирательных бюллетеней,307066,68018,239048,наша запись HAR; ДЭГ — журнал
Московская область – Одинцовский,50,1,11,Число утраченных избирательных бюллетеней,47,0,47,наша запись HAR; ДЭГ — журнал
Московская область – Одинцовский,50,1,12,"Число избирательных бюллетеней, не учтенных при получении",0,0,0,наша запись HAR; ДЭГ — журнал
Московская область – Одинцовский,50,1,13,Зуев Михаил Анатольевич,33976,8975,25001,наша запись HAR; ДЭГ — журнал
Московская область – Одинцовский,50,1,14,Кравчук Константин Алексеевич,22914,6276,16638,наша запись HAR; ДЭГ — журнал
Московская область – Одинцовский,50,1,15,Майданов Денис Васильевич,180484,36768,143716,наша запись HAR; ДЭГ — журнал
Московская область – Одинцовский,50,1,16,Попов Вадим Александрович,18172,4373,13799,наша запись HAR; ДЭГ — журнал
Московская область – Одинцовский,50,1,17,Чмаров Константин Васильевич,38527,7847,30680,наша запись HAR; ДЭГ — журнал
Московская область – Одинцовский,50,1,18,Шаталов Дмитрий Владимирович,12993,3779,9214,наша запись HAR; ДЭГ — журнал
Московская область – Одинцовский,50,2,1,"Число избирателей, внесенных в списки избирателей на момент окончания голосования",580207,74158,506049,наша запись HAR; ДЭГ — журнал
Московская область – Одинцовский,50,2,2,"Число избирательных бюллетеней, полученных участковыми избирательными комиссиями",546238,68612,477626,наша запись HAR; ДЭГ — журнал
Московская область – Одинцовский,50,2,3,"Число избирательных бюллетеней, выданных избирателям, проголосовавшим досрочно",0,0,0,наша запись HAR; ДЭГ — журнал
Московская область – Одинцовский,50,2,4,"Число избирательных бюллетеней, выданных участковыми избирательными комиссиями избирателям в помещениях для голосования в день голосования",275202,68612,206590,наша запись HAR; ДЭГ — журнал
Московская область – Одинцовский,50,2,5,"Число избирательных бюллетеней, выданных избирателям, проголосовавшим вне помещений для голосования в день голосования",42575,0,42575,наша запись HAR; ДЭГ — журнал
Московская область – Одинцовский,50,2,6,Число погашенных избирательных бюллетеней,228306,0,228306,наша запись HAR; ДЭГ — журнал
Московская область – Одинцовский,50,2,7,"Число избирательных бюллетеней, содержащихся в переносных ящиках для голосования",42574,0,42574,наша запись HAR; ДЭГ — журнал
Московская область – Одинцовский,50,2,8,"Число избирательных бюллетеней, содержащихся в стационарных ящиках для голосования",273946,68377,205569,наша запись HAR; ДЭГ — журнал
Московская область – Одинцовский,50,2,9,Число недействительных избирательных бюллетеней,4299,0,4299,наша запись HAR; ДЭГ — журнал
Московская область – Одинцовский,50,2,10,Число действительных избирательных бюллетеней,312221,68377,243844,наша запись HAR; ДЭГ — журнал
Московская область – Одинцовский,50,2,11,Число утраченных избирательных бюллетеней,160,0,160,наша запись HAR; ДЭГ — журнал
Московская область – Одинцовский,50,2,12,"Число избирательных бюллетеней, не учтенных при получении",5,0,5,наша запись HAR; ДЭГ — журнал
Московская область – Одинцовский,50,2,13,"Всероссийская политическая партия ""ЕДИНАЯ РОССИЯ""",186214,37285,148929,наша запись HAR; ДЭГ — журнал
Московская область – Одинцовский,50,2,14,Политическая партия ЛДПР – Либерально-демократическая партия России,23208,6561,16647,наша запись HAR; ДЭГ — журнал
Московская область – Одинцовский,50,2,15,"Политическая партия ""Партия прямой демократии""",1674,280,1394,наша запись HAR; ДЭГ — журнал
Московская область – Одинцовский,50,2,16,"Политическая партия ""Российская экологическая партия ""ЗЕЛЁНЫЕ""",5000,1544,3456,наша запись HAR; ДЭГ — журнал
Московская область – Одинцовский,50,2,17,Социалистическая политическая партия СПРАВЕДЛИВАЯ РОССИЯ,12352,2969,9383,наша запись HAR; ДЭГ — журнал
Московская область – Одинцовский,50,2,18,"ВСЕРОССИЙСКАЯ ПОЛИТИЧЕСКАЯ ПАРТИЯ ""РОДИНА""",2902,651,2251,наша запись HAR; ДЭГ — журнал
Московская область – Одинцовский,50,2,19,КПРФ - политическая партия КОММУНИСТИЧЕСКАЯ ПАРТИЯ РОССИЙСКОЙ ФЕДЕРАЦИИ,38856,7078,31778,наша запись HAR; ДЭГ — журнал
Московская область – Одинцовский,50,2,20,ПАРТИЯ ПЕНСИОНЕРОВ,7689,1794,5895,наша запись HAR; ДЭГ — журнал
Московская область – Одинцовский,50,2,21,Политическая партия КОММУНИСТИЧЕСКАЯ ПАРТИЯ КОММУНИСТЫ РОССИИ,3832,818,3014,наша запись HAR; ДЭГ — журнал
Московская область – Одинцовский,50,2,22,"Политическая партия ""НОВЫЕ ЛЮДИ""",30494,9397,21097,наша запись HAR; ДЭГ — журнал
